Price,Close,High,Low,Open,Volume
Ticker,AAPL,AAPL,AAPL,AAPL,AAPL
Date,,,,,
2020-01-02,72.46826171875,72.52858156247073,71.22325926076245,71.4765996590847,135480400
2020-01-03,71.76372528076172,72.52375386627762,71.53933722124737,71.69616734789946,146322800
2020-01-06,72.33556365966797,72.37416924858576,70.63454677653742,70.88547942287144,118387200
2020-01-07,71.99535369873047,72.60095990158051,71.77578859164102,72.34520436217124,108872000
2020-01-08,73.15351104736328,73.4551103351791,71.69859637747034,71.69859637747034,132079200
2020-01-09,74.70732879638672,74.90034933748393,73.8797423656215,74.13066759639553,170108400
2020-01-10,74.87623596191406,75.4408362602049,74.37437802964394,74.94138611501243,140644800
2020-01-13,76.47590637207031,76.50245093143005,75.07407383392189,75.1923057311866,121532000
2020-01-14,75.4432373046875,76.62309704687446,75.3201898237738,76.41318515734736,161954400
2020-01-15,75.11991119384766,76.12363416339696,74.68801909995545,75.24296601736016,121923600
2020-01-16,76.06090545654297,76.17189926714461,75.3008769215495,75.66279597280943,108829200
2020-01-17,76.90299224853516,76.90540003571786,76.00301736044453,76.30943957331336,137816400
2020-01-21,76.38179779052734,76.97292771965752,76.24426680790016,76.53138979411735,110843200
2020-01-22,76.65445709228516,77.20698153576836,76.56035460570881,76.86677674803076,101832400
2020-01-23,77.02361297607422,77.1032319252794,76.15982874124028,76.70753760258107,104472000
2020-01-24,76.80162048339844,78.01284003043101,76.61100775709045,77.26970295766732,146537600
2020-01-27,74.54325866699219,75.223660842835,73.56124993820636,74.81107521306389,161940000
2020-01-28,76.65203857421875,76.82334485387435,75.32500212699546,75.42392754574348,162234000
2020-01-29,78.25656127929688,79.1034543464979,77.54237630271076,78.28310584272509,216229200
2020-01-30,78.1431655883789,78.19624735599628,76.90781612011679,77.33970834921887,126743200
2020-01-31,74.67839813232422,77.85604407632879,74.38403693557139,77.43380507723946,199588400
2020-02-03,74.47328186035156,75.6386578310323,72.91944232393651,73.42130011057627,173788400
2020-02-04,76.93192291259766,77.1225356625265,75.67244439973094,76.07779194419663,136616400
2020-02-05,77.55928802490234,78.35792247585813,76.95608935419465,78.05873092816691,118826800
2020-02-06,78.46646118164062,78.4688763315637,77.27213272836197,77.82948747921107,105425600
2020-02-07,77.39989471435547,78.2149347676415,76.90893545307632,77.96582750464246,117684000
2020-02-10,77.76750946044922,77.76750946044922,75.90525344548281,75.9850613598187,109348800
2020-02-11,77.2983169555664,78.33586413946524,77.08065162389036,78.26331148915241,94323200
2020-02-12,79.13397216796875,79.13880655058661,77.74815764169257,77.74815764169257,113730400
2020-02-13,78.57048034667969,78.89698211544386,78.20286785946678,78.40602271140597,94747600
2020-02-14,78.58984375,78.8389511206317,78.08195285801816,78.5390494942835,80113600
2020-02-18,77.15079498291016,77.33218399932765,76.08906106405882,76.27045008047632,152531200
2020-02-19,78.26814270019531,78.49790505143669,77.39263964512776,77.39263964512776,93984000
2020-02-20,77.4651870727539,78.51724467318775,76.95971731481961,78.0287063254119,100566000
2020-02-21,75.7117691040039,77.50147989029539,75.09504942814512,77.05888657687778,129554000
2020-02-24,72.11543273925781,73.56654484289926,69.950861613102,71.8929330165793,222195200
2020-02-25,69.6727294921875,73.16749427483839,69.20112246255476,72.78537131530702,230673600
2020-02-26,70.77798461914062,72.04287320574078,69.29059633111234,69.2978515957081,198054800
2020-02-27,66.15135192871094,69.16966734254164,66.01591540828939,67.98459409848462,320605600
2020-02-28,66.11266326904297,67.3340203730767,62.00359989656375,62.21885173263986,426510000
2020-03-02,72.26780700683594,72.90387904877242,67.16714840245746,68.26999310714803,341397200
2020-03-03,69.97261810302734,73.52300347304629,69.12129439177312,73.44319556548463,319475600
2020-03-04,73.21826171875,73.3778849017667,70.89406787161629,71.69459728745565,219178400
2020-03-05,70.84326934814453,72.44674141627438,70.47807057837562,71.47207845059465,187572800
2020-03-06,69.90249633789062,70.33541356546097,68.01605333738418,68.20227675514613,226176800
2020-03-09,64.3737564086914,67.2566283985615,63.60708224588359,63.788471263695044,286744800
2020-03-10,69.01005554199219,69.27609424415243,65.14767842910632,67.02687337652254,285290000
2020-03-11,66.6133041381836,68.0136294855381,65.74989060302927,67.08733944027128,255598800
2020-03-12,60.0349235534668,65.30004285714023,59.9792986243362,61.8996041788163,418474000
2020-03-13,67.22757720947266,67.69919139672994,61.17644125371641,64.06415740401071,370732000
2020-03-16,58.578975677490234,62.65901412516802,58.044481123383505,58.51609179443726,322423600
2020-03-17,61.15470504760742,62.30349851090025,57.65752303606562,59.86079519838787,324056000
2020-03-18,59.65762710571289,60.46299463712357,57.3479399725011,57.98884992987561,300233600
2020-03-19,59.20053482055664,61.149861434253346,58.67571640074359,59.83176871542281,271857200
2020-03-20,55.44215774536133,60.905593927619734,55.142259915533515,59.780979833542105,401693200
2020-03-23,54.264339447021484,55.26318952393012,51.420160868327166,55.16161211294488,336752800
2020-03-24,59.70842742919922,59.904326973466,56.66592859765041,57.1641431646422,287531200
2020-03-25,59.37950897216797,62.45828415286656,59.08444921259577,60.644394003218935,303602000
2020-03-26,62.50422668457031,62.56226879829015,59.58265430542807,59.62135150815354,252087200
2020-03-27,59.91640853881836,61.88266255080022,59.749530088606896,61.12808558327173,204216800
2020-03-30,61.62631607055664,61.798032638117675,60.317895683529414,60.64198021312565,167976400
2020-03-31,61.50054168701172,63.483727291886396,60.946702246706586,61.81737089780695,197002000
2020-04-01,58.26456832885742,60.15343192722889,57.83407204839957,59.61652017243426,176218400
2020-04-02,59.23680114746094,59.290008876006624,57.29473012664799,58.12670149259704,165934000
2020-04-03,58.385494232177734,59.423037724427395,57.79537474123642,58.721668376231186,129880000
2020-04-06,63.47889709472656,63.63367854249636,60.31305518274137,60.68066757934002,201820400
2020-04-07,62.74365234375,65.71118062287962,62.639657772107334,65.49350795383168,202887200
2020-04-08,64.34957122802734,64.6639759139237,63.17900829152558,63.54419983698464,168895200
2020-04-09,64.81391906738281,65.31697539124775,64.0182312530311,64.98563931197687,161834800
2020-04-13,66.08604431152344,66.19488063962808,64.29149962285975,64.89129510661289,131022800
2020-04-14,69.42362976074219,69.71385518039764,67.24696125554331,67.71857571729868,194994800
2020-04-15,68.78997802734375,69.24949545432703,67.8709431733772,68.29901865238591,131154400
2020-04-16,69.33655548095703,69.7017543891835,68.28691861079514,69.50343396347523,157125200
2020-04-17,68.395751953125,69.39944379426973,66.95915028721262,68.85285583806908,215250000
2020-04-20,66.97608947753906,68.12488676722366,66.9567445601854,67.22278330341808,130015200
2020-04-21,64.90582275390625,67.05346978399236,64.19477725392538,66.81887303902265,180991600
2020-04-22,66.77536010742188,67.21069089484456,65.83213848084627,66.17314341524155,116862400
2020-04-23,66.51654815673828,68.14179371829223,66.47785095518503,66.71970292934046,124814400
2020-04-24,68.4368667602539,68.44654290771221,66.99300989791057,67.04138325446418,126161200
2020-04-27,68.4852294921875,68.81656552903699,67.7064658092128,68.1538860746012,117087600
2020-04-28,67.3751220703125,69.12854894429597,67.2832245167364,68.94715995733218,112004800
2020-04-29,69.58808898925781,70.05728252965069,68.65937805652075,68.86253288111276,137280800
2020-04-30,71.05611419677734,71.23266881272234,69.73802523358442,70.1274034083595,183064000
2020-05-01,69.91217041015625,72.31375937660403,69.13340655240944,69.23014589148127,240616800
2020-05-04,70.90135192871094,71.02953322733046,69.24708469755467,69.93636455572125,133568000
2020-05-05,71.96549224853516,72.79746385447393,71.21574945029819,71.36086215007607,147751200
2020-05-06,72.70795440673828,73.33918446648443,72.28229260413691,72.66683632686777,142333600
2020-05-07,73.46013641357422,73.80599044082199,73.0320609589904,73.33437600959047,115215200
2020-05-08,75.20861053466797,75.26196230929314,73.79237217273885,74.119757726088,133838400
2020-05-11,76.39201354980469,76.88672173137039,74.50773235583524,74.71629189963298,145946400
2020-05-12,75.51902770996094,77.52698329873076,75.39777433527503,77.07591689652548,162301200
2020-05-13,74.607177734375,76.61998759486177,73.53044749592581,75.6984577813938,200622400
2020-05-14,75.06551361083984,75.12614027584165,73.12303289595279,73.84570540703209,158929200
2020-05-15,74.62174224853516,74.66781911832467,72.80294181174233,72.83689630557373,166348400
2020-05-18,76.3799057006836,76.75336807886046,75.25467849728416,75.94582405017557,135178400
2020-05-19,75.93856048583984,77.24324046806854,75.90703342703199,76.39689435415646,101729600
2020-05-20,77.41541290283203,77.48573451404336,76.75821444789756,76.79701640617802,111504800
2020-05-21,76.83824920654297,77.81797834459402,76.60058997680626,77.27718574052247,102688800
2020-05-22,77.33296203613281,77.41541342276373,76.47448628011443,76.57633494565745,81803200
2020-05-26,76.80915832519531,78.63037881290926,76.75337911371359,78.45092620311642,125522000
2020-05-27,77.14381408691406,77.28931960837535,75.92643293881503,76.66608292261066,112945200
2020-05-28,77.17776489257812,78.43637538186252,76.54239845998111,76.81885227689466,133560800
2020-05-29,77.10260009765625,77.88104472738917,76.74611486335854,77.42028336215132,153532400
2020-06-01,78.0508041381836,78.17205752121612,76.9255691912965,77.05652491717301,80791200
2020-06-02,78.41209411621094,78.43634625974367,77.3426389726388,77.7840028225032,87642800
2020-06-03,78.84378051757812,79.10569190926654,78.15990981793529,78.73222950297175,104491200
2020-06-04,78.16474151611328,78.96501046306783,77.79127922053404,78.66673203409954,87560400
2020-06-05,80.3909683227539,80.45159499569716,78.38544064604918,78.41454026494723,137250400
2020-06-08,80.86629486083984,80.90024935653804,79.37730733642842,80.0878503032951,95654400
2020-06-09,83.41988372802734,83.81274342787988,80.51465797687612,80.54618503439575,147712400
2020-06-10,85.56605529785156,86.0340914097843,83.92913522287401,84.36807171758845,166651600
2020-06-11,81.4580078125,85.134410668066,81.35615913194549,84.71002389741363,201662400
2020-06-12,82.1612548828125,84.34381486093497,81.05057761692748,83.59689759140369,200146000
2020-06-15,83.17735290527344,83.8296963810466,80.65285780920145,80.81534051982473,138808800
2020-06-16,85.38175964355469,85.65337337676685,83.596913801037,85.23140666668927,165428800
2020-06-17,85.262939453125,86.18688949305373,85.14168608934729,86.12626281116486,114406400
2020-06-18,85.29688262939453,85.71399444147255,84.6881884557675,85.21927871070163,96820400
2020-06-19,84.80943298339844,86.46817771918761,83.7011757246082,86.00256905688693,264476000
2020-06-22,87.02838134765625,87.17145941767127,85.15622926088085,85.20230612758097,135445200
2020-06-23,88.885986328125,90.30465209700697,87.85290534963454,88.27244463261384,212155600
2020-06-24,87.31696319580078,89.43404938466047,86.94350079967253,88.51494690487205,192623200
2020-06-25,88.47615814208984,88.51496010857981,86.71313680637758,87.47218408676609,137522400
2020-06-26,85.75764465332031,88.59254854021978,85.60971171941675,88.37186655732566,205256800
2020-06-29,87.73406982421875,87.82865098546023,85.18774958467372,85.66548805897895,130646000
2020-06-30,88.46643829345703,88.75260181460118,87.302409131984,87.32180641103123,140223200
2020-07-01,88.29911804199219,89.08726487998509,88.25062113854636,88.54405219679813,110737200
2020-07-02,88.29911804199219,89.84146462563768,88.18514698857149,89.20609820497056,114041600
2020-07-06,90.66112518310547,91.12916130648333,89.69594591770318,89.72747297069945,118655600
2020-07-07,90.37982177734375,91.81788471884249,90.2682707685785,91.03944029125856,112424400
2020-07-08,92.48477172851562,92.51629878115334,91.26981088874352,91.35711714225694,117092000
2020-07-09,92.88248443603516,93.430544491857,91.83485381849374,93.3771927270549,125642800
2020-07-10,93.04495239257812,93.10315902275178,91.86637359176252,92.47748770321701,90257200
2020-07-13,92.61573791503906,96.9590339515966,92.40233082748179,94.34965940036575,191649200
2020-07-14,94.14838409423828,94.33995906948405,91.063698400921,91.99734332779671,170989200
2020-07-15,94.79586029052734,96.27272509234513,93.59787669220981,96.02294350650172,153198000
2020-07-16,93.62942504882812,94.48547353302502,93.03043311337808,93.66822701477157,110577600
2020-07-17,93.44024658203125,94.23566818195913,92.9673556043315,94.0804677579499,92186800
2020-07-20,95.40940856933594,95.54763916358735,93.18319885433614,93.527561622358,90318000
2020-07-21,94.09259796142578,96.27515822341762,93.84281636080428,96.19998173978415,103433200
2020-07-22,94.35692596435547,95.0383691628231,93.70700981931506,93.79430867429807,89001600
2020-07-23,90.06211853027344,94.16775423234631,89.25214722832168,94.09015033018298,197004400
2020-07-24,89.83903503417969,90.18339782375423,86.47304066581674,88.26032136137546,185438800
2020-07-27,91.96823120117188,92.06038492393321,90.67810128466274,90.90120328645872,121214000
2020-07-28,90.45744323730469,91.7160538347521,90.4525883659493,91.5390212468066,103625600
2020-07-29,92.19133758544922,92.3756450249379,90.90362774541741,90.94000226618061,90329200
2020-07-30,93.30687713623047,93.41115323756709,90.95698669984957,91.36439616603701,158130000
2020-07-31,103.07504272460938,103.2253956841153,97.80294239807122,99.80120250061277,374336800
2020-08-03,105.67231750488281,108.29138747414834,104.65864105461719,104.95691962402294,308151200
2020-08-04,106.37798309326172,107.46926317333123,105.13877008729901,105.86144267124749,173071600
2020-08-05,106.76356506347656,107.08367565483033,105.63348305512756,106.09909913352544,121776800
2020-08-06,110.48846435546875,110.98318005233068,106.506508834704,107.095798287908,202428800
2020-08-07,107.97643280029297,110.46660808616394,107.17957700537667,110.009872310896,198045600
2020-08-10,109.5458755493164,110.56381146173757,106.89535572561428,109.4219717417709,212403600
2020-08-11,106.2879638671875,109.30775498122829,106.02801209618363,108.80972291616031,187902400
2020-08-12,109.82038116455078,110.07790114888351,107.18443792191327,107.37879010908718,165598000
2020-08-13,111.76396179199219,112.76732171580264,110.71201010170628,111.20032992275269,210082000
2020-08-14,111.66433715820312,111.75422524008118,109.85440163162504,111.58902512127496,165565200
2020-08-17,111.37277221679688,112.81100339176658,110.74598020618218,112.78670751853602,119561600
2020-08-18,112.30084228515625,112.72599420294755,110.78973060078705,111.12499444220938,105633600
2020-08-19,112.44174194335938,113.85567747183467,112.34699766084464,112.70898176363043,145538000
2020-08-20,114.9367904663086,115.05097442556867,112.46604709851567,112.48305495531345,126907200
2020-08-21,120.85975646972656,121.34321254794537,115.88426180533297,115.89640603696287,338054800
2020-08-24,122.3052749633789,125.15015404891105,120.43946714581988,125.06511476676067,345937600
2020-08-25,121.30191040039062,121.64689406910605,119.57943869691742,121.17801402833966,211495600
2020-08-26,122.95149993896484,123.40823574071352,121.5521404466388,122.61866792136692,163022400
2020-08-27,121.48169708251953,123.88684074922567,120.33742571871558,123.55400871781482,155552400
2020-08-28,121.28489685058594,122.87374476236184,121.06138518015679,122.45588091995438,187630000
2020-08-31,125.3979721069336,127.30265964585749,122.44377950670263,123.97918741005061,225702700
2020-09-01,130.39285278320312,130.99536378403553,126.84587750534726,129.01293310588505,151948100
2020-09-02,127.6913070678711,134.0855922531373,123.41550038727598,133.7066003647578,200119000
2020-09-03,117.46825408935547,125.20358843955071,117.09898196053354,123.3280682941128,257599600
2020-09-04,117.54598999023438,120.20865338231157,107.76020880398585,116.68111019411374,332607200
2020-09-08,109.6357421875,115.6315969151868,109.49969417268505,110.73384613966655,231366600
2020-09-09,114.00872802734375,115.77735955442189,112.00687240165654,113.95042385620658,176940500
2020-09-10,110.28681182861328,117.09896092605753,109.32475605129852,116.96291293387401,182274400
2020-09-11,108.8388900756836,111.97772918558881,106.89533846718923,111.33635359603639,180860300
2020-09-14,112.10405731201172,112.6579692235783,109.61631362694925,111.4821213907461,140150100
2020-09-15,112.27898406982422,115.4761275479022,110.40345635818763,114.99023961653583,184642000
2020-09-16,108.96520233154297,112.72597681325361,108.87774608069525,111.97771281555889,154679000
2020-09-17,107.22572326660156,109.03322659577087,105.64173160246284,106.6232270995851,178011000
2020-09-18,103.82451629638672,107.75049116786684,103.09568449283607,107.2840429654683,287104900
2020-09-21,106.97308349609375,107.07997942887015,100.19008504511055,101.58944459122996,195713800
2020-09-22,108.65425872802734,109.674626367255,106.07905857827852,109.49970641236058,183055400
2020-09-23,104.09663391113281,108.94579342871626,103.75650642522785,108.46962532813541,150718700
2020-09-24,105.16557312011719,107.13827671141094,102.03645401086756,102.20165410941537,167743300
2020-09-25,109.1109848022461,109.26647248780473,104.63109780542541,105.36964948370711,149981400
2020-09-28,111.71533966064453,112.06517952480382,109.59686822281799,111.76393141391246,137672400
2020-09-29,110.8698959350586,112.0554635809669,110.36457578821059,111.31691932127065,99382200
2020-09-30,112.54133605957031,113.95041520558416,110.41315241996158,110.57835250168256,142675200
2020-10-01,113.4936752319336,114.39742685256729,112.56077152903099,114.31968302381051,116120400
2020-10-02,109.83009338378906,112.11377235625194,109.05267722245038,109.70376520376246,144712000
2020-10-05,113.21188354492188,113.35765140139709,110.34514782850755,110.69498771842362,106243800
2020-10-06,109.96613311767578,112.84258807364455,109.08181374151268,112.43443667707562,161498200
2020-10-07,111.83196258544922,112.28869840481383,110.90877111263151,111.3849466001731,96849000
2020-10-08,111.72505950927734,113.11469913263745,111.35577997813651,112.96893128687452,83477200
2020-10-09,113.6686019897461,113.69775407377182,111.67645888864146,112.02629872507018,100506900
2020-10-12,120.88890075683594,121.64688463034302,115.91340641347355,116.67139028698064,240226800
2020-10-13,117.68203735351562,121.85095605169045,116.27296553538521,121.73434029707663,262330500
2020-10-14,117.76952362060547,119.5575877167491,116.24383575511227,117.58488382722,150712000
2020-10-15,117.30303955078125,117.7792075503629,114.81529622261273,115.36920805471462,112559200
2020-10-16,115.66075134277344,118.1193503209673,115.45667931642107,117.85696670561362,115393800
2020-10-19,112.70655822753906,117.02123764921416,112.39559027449886,116.57422168009768,120639300
2020-10-20,114.19336700439453,115.62187849993559,112.36642390465587,112.9203357688391,124423700
2020-10-21,113.5714340209961,115.35949783357893,113.16328257328865,113.37707442350195,89946000
2020-10-22,112.48303985595703,114.70840714970598,111.35577645934274,114.13505561823894,101988000
2020-10-23,111.79308319091797,113.2604666496336,111.05453154484074,113.10497897085499,82572600
2020-10-26,111.80281066894531,113.26047439389082,109.69405151217103,110.79216292996242,111850700
2020-10-27,113.30904388427734,113.96985164953288,111.30718833691205,112.23037227607989,92276800
2020-10-28,108.06147766113281,112.17209300111841,107.96430155345347,111.80282082631223,143937800
2020-10-29,112.06517028808594,113.62972971438177,109.03322751995996,109.19843501901767,146129200
2020-10-30,105.78750610351562,108.8291614562022,104.67968236923052,107.92540973464747,190272600
2020-11-02,105.70006561279297,107.55616121485627,104.29099346700175,106.0304732873338,122866900
2020-11-03,107.32290649414062,108.34326649090318,105.66117100164739,106.56492266395703,107624400
2020-11-04,111.70560455322266,112.32754035689703,109.17898942403805,110.91846867352281,138235500
2020-11-05,115.67048645019531,116.24383809770696,113.57145432050605,114.62096667831973,126387100
2020-11-06,115.53905487060547,116.03551019200556,113.04701195376393,115.1788748490344,114457900
2020-11-09,113.23197937011719,118.7514525250263,112.96915049805817,117.3010105733885,154515300
2020-11-10,112.8912582397461,114.46824612623837,111.10010224382926,112.48241007857042,138023400
2020-11-11,116.31781768798828,116.45410042104282,113.34879251575485,114.07888176862647,112295000
2020-11-12,116.04523468017578,117.33019127391833,115.4222258727158,116.44435364296932,103162300
2020-11-13,116.09393310546875,116.49304471994897,114.74083488923566,116.26915483122531,81581900
2020-11-16,117.10630798339844,117.77798498184063,115.01338417236556,115.7629391328116,91183000
2020-11-17,116.22046661376953,117.46648433849896,115.80188183810091,116.37622254278644,74271000
2020-11-18,114.89656829833984,116.63904872341847,114.86736591902952,115.4611723878438,76322100
2020-11-19,115.49039459228516,115.89924282651538,113.70897488004306,114.46826657985704,74113000
2020-11-20,114.22489929199219,115.61693649962824,114.17623112885316,115.49039036324399,73604300
2020-11-23,110.8275375366211,114.49745669006192,110.7301937966756,114.06913532208017,127959300
2020-11-24,112.11251068115234,112.77445860760254,109.60100171666315,110.885966009348,113874200
2020-11-25,112.94966888427734,113.6505557267342,112.11249931432629,112.48241594054053,76499200
2020-11-27,113.49480438232422,114.3709129708123,113.1346317708944,113.47533860340312,46691300
2020-11-30,115.8895034790039,117.75853018018704,113.70896490077166,113.86472083929621,169410200
2020-12-01,119.46207427978516,120.19216354656007,116.82401928706074,117.79747164276061,127728200
2020-12-02,119.81250762939453,120.0948096799896,117.68064477339988,118.78064316901394,89004200
2020-12-03,119.67621612548828,120.49391241051909,118.96559275000595,120.24081275840679,78967600
2020-12-04,119.00455474853516,119.5983613009378,118.29393123559595,119.34526159986807,78260400
2020-12-07,120.46472930908203,121.26295994561156,119.00455077200225,119.06295553689276,86712000
2020-12-08,121.0780029296875,121.66208029231422,119.82224848300353,121.06827375333532,82225500
2020-12-09,118.5470199584961,122.6063142688594,117.78772835245422,121.22401378468822,115089200
2020-12-10,119.96826171875,120.58154143292921,116.96029761781081,117.30100444410381,81312200
2020-12-11,119.16030883789062,119.50101568391099,117.34968682549408,119.17977461758369,86939800
2020-12-14,118.5470199584961,120.07533977310263,118.31339348591051,119.3452505477775,79184500
2020-12-15,124.48507690429688,124.50455010924838,120.83463079530905,121.03905488619017,157243700
2020-12-16,124.41691589355469,124.96204671648748,123.20010071604366,124.02754097823153,98208600
2020-12-17,125.28330993652344,126.13995272668132,124.64082784390504,125.47799742873109,94359800
2020-12-18,123.29747009277344,125.67269604688084,122.7718049671832,125.53641332100761,192541500
2020-12-21,124.82579803466797,124.90367600970008,120.17269671586064,121.70101669831642,121251600
2020-12-22,128.37890625,130.8417396142282,126.20809672049869,128.1160699450411,168904800
2020-12-23,127.48332214355469,128.91428338608608,127.30809300233021,128.65146195480474,88223700
2020-12-24,128.46649169921875,129.91694086606563,127.61959301416368,127.83375369258947,54930100
2020-12-28,133.0611572265625,133.69389508969545,129.9655721200734,130.43283977814272,124486200
2020-12-29,131.28948974609375,135.1054204796811,130.77356128298763,134.38507537843176,121047300
2020-12-30,130.1700439453125,132.37978484573765,129.85853207666074,131.98066583416636,96452100
2020-12-31,129.16737365722656,131.16295362039511,128.22312384324488,130.52047160916396,99116600
2021-01-04,125.9744644165039,130.0629610638514,123.39481436257799,129.97535392263828,143301900
2021-01-05,127.53197479248047,128.24260563447913,125.020466187956,125.46826076163048,97664900
2021-01-06,123.23905944824219,127.57092663069263,123.02489875437408,124.32932869572905,155088000
2021-01-07,127.44438934326172,128.1355470987152,124.46562730765885,124.95235351880193,109578200
2021-01-08,128.54437255859375,129.1089766459298,126.77268233415623,128.9142743130051,105158200
2021-01-11,125.55587768554688,126.7142883378028,125.08862472498865,125.76030921099948,100384500
2021-01-12,125.38067626953125,126.24704834025822,123.49217617399698,125.08863756905697,91951100
2021-01-13,127.4151611328125,127.96029200220607,125.07888173435367,125.34170314043133,88636800
2021-01-14,125.48775482177734,127.52226681135943,125.34172804679318,127.32757929841898,90221800
2021-01-15,123.76472473144531,126.76295959555424,123.6284420036996,125.36118590805361,111598500
2021-01-19,124.43641662597656,125.29305945365387,123.570044622059,124.38774103736687,90757300
2021-01-20,128.52490234375,128.97269692470792,125.13729259464834,125.24437293876636,104319500
2021-01-21,133.23641967773438,135.96208925479198,130.0434971272025,130.2479286583061,120150900
2021-01-22,135.3780517578125,136.1373435501003,131.43556600326772,132.6621108553387,114459400
2021-01-25,139.1258087158203,141.23819854253642,132.9151779412319,139.2718354812106,157611700
2021-01-26,139.3594207763672,140.46915569228537,137.6169330170498,139.787742121757,98390600
2021-01-27,138.28863525390625,140.46917381461645,136.6824448551771,139.6222601892596,140843800
2021-01-28,133.4506072998047,138.22053373509416,133.0709613972192,135.81610473415046,142621100
2021-01-29,128.4567413330078,133.10984102627805,126.7532002152796,132.22399608017142,177523800
2021-02-01,130.5789031982422,131.78598951100426,127.45411448597895,130.19925735971532,106239800
2021-02-02,131.40634155273438,132.6912909648265,131.03642489675576,132.12668680443446,83305400
2021-02-03,130.38418579101562,132.16560504134387,130.06294479305137,132.15586101329262,89880900
2021-02-04,133.7425994873047,133.75232866214105,131.01693030921246,132.68154013575978,84183100
2021-02-05,133.3282470703125,133.97168912108438,132.4508369108214,133.90345338134028,75693800
2021-02-08,133.47447204589844,133.52322035322103,131.53440247125988,132.61654943988424,71297200
2021-02-09,132.5970916748047,134.4201778248724,132.44111786524098,133.19178552172198,76774200
2021-02-10,131.99264526367188,133.5525022619222,131.0274820724659,133.05529021983176,73046600
2021-02-11,131.73919677734375,132.9675743269367,130.41332257065082,132.4898645085888,64280000
2021-02-12,131.97314453125,132.1291332081116,130.33530805190028,130.9787501870301,60145100
2021-02-16,129.8478546142578,132.5970843838598,129.4578829220419,132.0901434978276,80576300
2021-02-17,127.55681610107422,128.90219239259375,126.22119839919687,127.95653150303275,97918500
2021-02-18,126.45519256591797,126.73790904839909,124.21290350757396,125.95798047907508,96856700
2021-02-19,126.61117553710938,127.43010877587982,125.5680327149572,126.9719012661051,87668800
2021-02-22,122.83827209472656,126.46492703235708,122.44830783858197,124.7978296513902,103916400
2021-02-23,122.7017822265625,123.5304515985531,115.41922654111875,120.6544792375418,158273000
2021-02-24,122.20458221435547,122.40931177714582,119.16287735238498,121.80487424070276,111039900
2021-02-25,117.95399475097656,123.28673718148006,117.51528958023444,121.55140392768223,148199500
2021-02-26,118.21721649169922,121.71712880247114,118.15871701805524,119.51383705660506,164560400
2021-03-01,124.58335876464844,124.71984514122286,119.70882406427694,120.64473383419431,116307900
2021-03-02,121.98036193847656,125.49002551913253,121.87312157746639,125.18780674062197,102260900
2021-03-03,118.99712371826172,122.55553508836154,118.78264302842219,121.67811746535834,112966300
2021-03-04,117.1155776977539,120.49850624904042,115.64347345208853,118.6949297486631,178155000
2021-03-05,118.37319946289062,118.88015523948293,114.61980921267136,117.9442454649468,153766600
2021-03-08,113.44017028808594,117.96373782106434,113.29393276187487,117.89549463389245,154376600
2021-03-09,118.05147552490234,118.99713642859442,115.80919406877891,116.04316964725494,129525800
2021-03-10,116.96932983398438,119.10437082693089,116.45262294368767,118.63641969338748,111943300
2021-03-11,118.8996353149414,120.11826884445411,118.21720351359382,119.46508305774302,103026500
2021-03-12,117.99298095703125,118.12946732804168,116.16990981369923,117.37879228748427,88105100
2021-03-15,120.87870025634766,120.88845140763532,117.39828304156515,118.36344619441722,92403800
2021-03-16,122.4190444946289,124.02764217483661,121.59037521632449,122.5457796988101,115227900
2021-03-17,121.62939453125,122.70179070070945,119.27011403289939,120.93721148152662,111932600
2021-03-18,117.50553894042969,120.08904396527872,117.30080936399335,119.79656889154106,121229700
2021-03-19,116.97908020019531,118.38294855656439,116.67686143267959,116.89134214689703,185549500
2021-03-22,120.29377746582031,120.76173611147584,117.24232114898952,117.31056434336112,111912300
2021-03-23,119.46509552001953,121.1224343178664,119.07513126230569,120.23527288356823,95467100
2021-03-24,117.07657623291016,119.81606991796893,117.05708136591241,119.73807557407793,88530500
2021-03-25,117.56401062011719,118.60716806474952,116.01391233642575,116.54036291521213,98844700
2021-03-26,118.1684799194336,118.4317089821302,115.93594193373995,117.33005928068575,94071200
2021-03-29,118.34397888183594,119.50412077575808,117.70054402764349,118.59745682461542,80819200
2021-03-30,116.891357421875,117.3788109495409,115.87745319177584,117.09608701094061,85671900
2021-03-31,119.08487701416016,120.42049468098195,118.10997013305847,118.5974235736093,118323800
2021-04-01,119.9135513305664,121.06394179532072,119.41634671803331,120.55699346889742,75089100
2021-04-05,122.74079895019531,122.99427686554803,119.98181021656318,120.7617388309021,88651200
2021-04-06,123.04298400878906,123.9398964627214,122.49703859125606,123.32570786799678,80171300
2021-04-07,124.69061279296875,124.71010766120962,121.99986726075039,122.67255550329261,83466700
2021-04-08,127.0888442993164,127.11809031169274,125.29501945271753,125.71422221404269,88844600
2021-04-09,129.6626434326172,129.70163317095958,126.22122258271084,126.54294370866688,106686700
2021-04-12,127.94677734375,129.51637793041473,127.35208358418392,129.19465689236446,91420000
2021-04-13,131.05674743652344,131.28098676840776,128.6194798143975,129.11669192988782,91266500
2021-04-14,128.71693420410156,131.61240837850028,128.35622347475837,131.55391635491986,87222800
2021-04-15,131.1249542236328,131.61240758505895,130.286533846944,130.46202479252335,89347100
2021-04-16,130.79354858398438,131.29074588188703,129.935625520087,130.93003499179508,84922400
2021-04-19,131.45643615722656,132.07063223335706,129.99407588140957,130.1598082608944,94264200
2021-04-20,129.76986694335938,132.12914001786334,128.5024849113631,131.63194282012853,94812300
2021-04-21,130.15008544921875,130.3938122009963,128.00529300875627,129.03869205614907,68847100
2021-04-22,128.6292266845703,130.78376273570044,128.11252718583415,129.7016154150474,84566500
2021-04-23,130.94952392578125,131.72943767595572,128.8437210981472,128.8437210981472,78657500
2021-04-26,131.33946228027344,131.67092706494682,130.2085666757299,131.44670263718533,66905100
2021-04-27,131.01771545410156,132.01212448854008,130.74474275851392,131.6221528692033,66015800
2021-04-28,130.2280731201172,131.6319415185454,129.74061964154626,130.93975103357886,107760100
2021-04-29,130.1305694580078,133.630496551131,129.12641653636294,133.0455464580238,151101000
2021-04-30,128.1613006591797,130.20859675143018,127.78108746519726,128.4732632121358,109839500
2021-05-03,129.2141571044922,130.70577838338053,128.5219815192614,128.7267036427075,75135100
2021-05-04,124.64186096191406,128.19052935599137,123.52071640184118,127.89805427494618,137564700
2021-05-05,124.8855972290039,127.17661983745883,124.75885455406909,125.95798604278042,84000900
2021-05-06,126.48444366455078,126.49418737954478,123.93992827849607,124.68085970531065,78128300
2021-05-07,127.15824127197266,128.18362023078294,126.44533974102744,127.7832408311975,78973300
2021-05-10,123.87699890136719,126.50394796231055,123.83793549239249,126.3770049216638,88071200
2021-05-11,122.95903015136719,123.31058591748854,119.892615994426,120.60551014234991,126142800
2021-05-12,119.89263916015625,121.71881469697152,119.38482966600999,120.50787863355768,112172300
2021-05-13,122.04106903076172,123.19341357180042,121.34771025318693,121.66021008886267,105861300
2021-05-14,124.46292877197266,124.8926187981441,122.90042974578068,123.29105636497444,81918000
2021-05-17,123.31059265136719,123.95512773405065,122.23637496414497,123.84770522027007,74244600
2021-05-18,121.92388153076172,124.01372562566158,121.85552242300645,123.59380326356951,63342900
2021-05-19,121.76764678955078,121.99225211448245,119.9805346536535,120.27350654335572,92612000
2021-05-20,124.32621765136719,124.72661200774762,122.16801458440843,122.29497252696002,76857100
2021-05-21,122.49028015136719,125.00004641017311,122.27543512950636,124.82426479688547,79295400
2021-05-24,124.12114715576172,124.94146389287052,122.98833802904868,123.05669713625909,63092900
2021-05-25,123.92582702636719,125.31255193436976,123.35941878581565,124.8242630592938,72009500
2021-05-26,123.87699890136719,124.40434374665045,123.45707656811848,123.98442141340175,56575900
2021-05-27,122.34379577636719,124.64848475719648,122.14848618161899,123.47661228754039,94625600
2021-05-28,121.68950653076172,122.85161879427051,121.63091513952054,122.62700604353964,71311100
2021-06-01,121.36725616455078,122.41217834296454,121.03522829972066,122.14850959445738,67637100
2021-06-02,122.12894439697266,122.30472600333286,121.14262130905783,121.36722658627286,59278900
2021-06-03,120.64457702636719,121.92387199310579,120.24418267613345,121.7578580944845,76229200
2021-06-04,122.93950653076172,123.20318269390796,120.94731726161271,121.16216229807738,75169300
2021-06-07,122.94925689697266,123.35941148111935,121.90433500845637,123.21292557232901,71057600
2021-06-08,123.76959991455078,125.44929701739356,123.25202268577976,123.63288168244466,74403800
2021-06-09,124.15043640136719,124.75590806990476,123.55473244780471,124.22856322000109,56877900
2021-06-10,123.15436553955078,125.18561845038153,122.98835161093277,124.04303403142379,71186400
2021-06-11,124.36528015136719,124.45317468407444,123.14457656242446,123.5644988950441,53522400
2021-06-14,127.42192077636719,127.4805121651489,124.09184522029778,124.82426738240325,96906500
2021-06-15,126.60163116455078,127.53913823394846,126.35749040598746,126.89460305506064,62746300
2021-06-16,127.09965515136719,127.82231705994997,125.449276371544,127.31450018091431,91815000
2021-06-17,128.7012176513672,129.44341498990488,126.61137364763495,126.75786702289925,96721700
2021-06-18,127.40239715576172,128.42777623689193,127.18755213466459,127.64653787053875,108953300
2021-06-21,129.19927978515625,129.30670230447237,126.18170388050524,127.24615390753081,79663300
2021-06-22,130.83987426757812,130.93753650393603,128.5351855604838,129.03324210427792,74783600
2021-06-23,130.5664520263672,131.171931135257,130.10746628787817,130.63481857945425,60214200
2021-06-24,130.2832489013672,131.48441699311277,129.81448802069463,131.29886767382567,68711000
2021-06-25,129.99024963378906,130.75196727761698,129.69727787050996,130.3320525078085,70783700
2021-06-28,131.62112426757812,132.08010994524813,130.22464670870133,130.28323808863115,62111300
2021-06-29,133.13482666015625,133.29108030597018,131.20123622200433,131.64068656233414,64556100
2021-06-30,133.75003051757812,134.18948074107257,132.68556587699877,132.97853765971635,63261400
2021-07-01,134.05279541015625,134.11138680082388,132.5781758729055,133.39850004575504,52485800
2021-07-02,136.6797332763672,136.71878923106325,134.521522975564,134.66800143213112,78852600
2021-07-06,138.6914825439453,139.79498860999516,136.78718765891608,136.78718765891608,108181800
2021-07-07,141.1817169189453,141.49420932337944,139.31647805419703,140.17584334226723,104911600
2021-07-08,139.88291931152344,140.68369339366396,137.37314471380554,138.2618208095776,105575500
2021-07-09,141.70899963378906,142.23633688184213,139.30664907870502,139.40431129927467,99890800
2021-07-12,141.1133575439453,142.89070940744068,140.62507602995242,142.78328687831547,76299700
2021-07-13,142.22662353515625,144.00397520789517,140.2637374239949,140.65435663279786,100827100
2021-07-14,145.6543426513672,146.0645121600824,144.2187940743634,144.62896358307862,127050800
2021-07-15,145.00006103515625,146.48444087501676,143.64263914576114,145.74225840567044,106820300
2021-07-16,142.95904541015625,146.25005768557594,142.46100368486307,144.98053780920102,93251400
2021-07-19,139.1113739013672,140.69341583864048,138.3496560764886,140.38090857655365,121434600
2021-07-20,142.72462463378906,143.65237106764857,139.609402312616,140.09768363521007,96350000
2021-07-21,141.9922332763672,142.7051348899588,141.24029060622254,142.11919121599766,74993500
2021-07-22,143.3594512939453,144.7266335326549,142.39264856010647,142.51960651840406,77338200
2021-07-23,145.07818603515625,145.23443967973952,143.47662343109712,144.09186284341388,71447400
2021-07-26,145.4980926513672,146.31840180292855,144.23831833181586,144.79496626398165,72434100
2021-07-27,143.33010864257812,145.712923964745,142.1387009814947,145.62502199870536,104818600
2021-07-28,141.5821075439453,143.52547338784896,139.19929130551824,141.41609361273288,118931200
2021-07-29,142.22662353515625,143.1152993715257,141.1914692207776,141.29889173837356,56699500
2021-07-30,142.44146728515625,142.90045304700064,140.73248218501953,140.99615834422465,70440600
2021-08-02,142.1094512939453,143.50592922511103,141.84577511280253,142.9297606339798,62880000
2021-08-03,143.9063262939453,144.57038199069586,141.7774111754852,142.39265064248633,64786600
2021-08-04,143.50592041015625,144.32622969980267,142.8516250314263,143.81842770211748,56368300
2021-08-05,143.61337280273438,144.37509085887814,142.7442322052795,143.53524596349257,46397700
2021-08-06,142.92872619628906,143.87741265764788,142.42993828378326,143.1341182329051,54126800
2021-08-09,142.87982177734375,143.47641826359128,142.3223546901742,142.9874052395685,48908700
2021-08-10,142.4005889892578,144.46422440880676,142.1071782098756,143.22212723273427,69023100
2021-08-11,142.65489196777344,143.49599503680233,142.33214155394316,142.84071932029642,48493500
2021-08-12,145.6182861328125,145.77477386971125,142.6353039384577,142.97761899748718,72282600
2021-08-13,145.82369995117188,146.15622524916978,145.01193648359285,145.6965517804986,59375000
2021-08-16,147.79930114746094,147.8677701385214,143.25148569982673,145.27599198977236,103296000
2021-08-17,146.88973999023438,148.34698930481986,145.8139053280962,146.92885446726953,92229700
2021-08-18,143.14389038085938,147.4080844695857,142.938498348175,146.50830231259667,86326000
2021-08-19,143.4763946533203,144.74783129125242,141.32474068639172,141.8430932126771,86960300
2021-08-20,144.93368530273438,145.23687099584217,143.55466496618592,144.2001657522503,60549600
2021-08-23,146.42027282714844,146.8897211086949,144.6402584192349,145.05102753102452,60131800
2021-08-24,146.332275390625,147.54503325209566,145.87260188236166,146.16601272730568,48606400
2021-08-25,145.09996032714844,147.01689814902136,144.55226807046895,146.51809526108525,58991300
2021-08-26,144.29794311523438,145.8432259179612,144.2686035304066,145.09015667605945,48597200
2021-08-27,145.33465576171875,145.48135367838458,143.60354572760687,144.2392565978135,55802400
2021-08-30,149.7553253173828,150.11720505871097,145.34443375463215,145.72586326960624,90956700
2021-08-31,148.4936981201172,149.4423845898935,147.9655556918431,149.30546153876566,86453100
2021-09-01,149.15872192382812,151.57444704677317,148.9924593146708,149.47169736941174,80313700
2021-09-02,150.27371215820312,151.32020730323478,149.05117946923792,150.48887910534057,71115500
2021-09-03,150.90940856933594,151.2321589268622,149.72599059173956,150.38126619393228,57808700
2021-09-07,153.24691772460938,153.80438486222874,150.99745462583329,151.5647115758547,82278300
2021-09-08,151.70162963867188,153.58921285674052,150.59645536526742,153.53053367824012,74420200
2021-09-09,150.68446350097656,152.6796298490877,150.56709024038778,152.0732585427631,57305700
2021-09-10,145.69651794433594,152.06346111215902,145.43244677560867,151.59401286380336,140893200
2021-09-13,146.26382446289062,148.09272872223804,145.48140050070867,147.3200945733119,102404300
2021-09-14,144.8651885986328,147.7503768839939,143.68178564075433,147.0461970563759,109296300
2021-09-15,145.7552490234375,146.156243362569,143.15369564928645,145.29557549779818,83281300
2021-09-16,145.52049255371094,145.69654500672686,143.98499938228917,145.1781923829195,68034100
2021-09-17,142.85052490234375,145.54988715309938,142.55711401550107,145.54988715309938,129868800
2021-09-20,139.79901123046875,141.65725429424177,138.1657099237128,140.64011402136896,123478900
2021-09-21,140.2782745361328,141.42257819093177,139.64256354879453,140.76728757977574,75834000
2021-09-22,142.64511108398438,143.21235308306478,140.54234603803783,141.27586560496235,76404300
2021-09-23,143.60353088378906,143.84803733528565,142.43967778690703,143.427478478497,64838200
2021-09-24,143.69158935546875,144.22950668219346,142.3614732946102,142.45928187164873,53477900
2021-09-27,142.17564392089844,142.75269063959104,140.65971546291632,142.27345249653945,74150700
2021-09-28,138.79165649414062,141.5692464173405,138.57648960622467,140.10220759436288,108972300
2021-09-29,139.69146728515625,141.2758647647725,138.90904343372455,139.33937729818666,74602000
2021-09-30,138.3906707763672,141.20739026450596,138.17550387527373,140.50321039247126,89056700
2021-10-01,139.515380859375,139.77945201617703,136.05317593342988,138.78186147541723,94639600
2021-10-04,136.08253479003906,139.08508172360442,135.23165695964403,138.64495809209728,98322000
2021-10-05,138.00924682617188,139.11442096062234,136.2977013587978,136.42484951189164,80861100
2021-10-06,138.8797149658203,139.02641292068202,135.32947522321794,136.40530997052016,83221100
2021-10-07,140.14134216308594,141.0509141240026,139.5838750906148,139.91640035654444,61732700
2021-10-08,139.75990295410156,141.01177498221017,139.42737771114903,140.86507705840515,58773200
2021-10-11,139.67189025878906,141.62794225299882,138.69386426168418,139.14376278668908,64452200
2021-10-12,138.4004669189453,140.1022376916366,137.94079346178435,140.08267299121655,73035900
2021-10-13,137.8136444091797,138.29286758829517,136.1412134172162,138.13639477336537,78762700
2021-10-14,140.60101318359375,140.71838645223315,138.4004546711347,138.98727624385413,69907100
2021-10-15,141.65728759765625,141.71596677210917,140.35651117780878,140.61080749842878,67940300
2021-10-18,143.32968139648438,143.6133023070473,140.01417459106327,140.29779550162618,85589200
2021-10-19,145.4911651611328,145.89215946553824,143.32973571996214,143.77961939322623,76378900
2021-10-20,145.98019409179688,146.45943233131632,144.86524475312603,145.43250177434402,58418800
2021-10-21,146.19534301757812,146.35183078139093,144.62072033751141,145.54006729554342,61421000
2021-10-22,145.42266845703125,146.87991744687585,145.3737641790151,146.40069432339263,58883400
2021-10-25,145.37379455566406,146.08774940871533,144.3762037849461,145.41290903215594,50720600
2021-10-26,146.03884887695312,147.52543764586656,145.7356482824783,146.04862376445527,60893400
2021-10-27,145.57916259765625,146.4398152500375,145.22707267329858,146.07795043904167,56094900
2021-10-28,149.21743774414062,149.804244404835,146.43005760449074,146.5278661763529,100077900
2021-10-29,146.50828552246094,146.64520855406127,143.19277825689716,143.98497686283406,124953200
2021-11-01,145.68675231933594,146.4104819724985,144.5522386338212,145.71609190400514,74588300
2021-11-02,146.72349548339844,148.23943908616494,145.3835894342909,145.39337924738012,69122000
2021-11-03,148.1611785888672,148.63062693615777,146.52787680010098,147.08534391435344,54511500
2021-11-04,147.642822265625,149.0805068605867,147.32984675958332,148.24919365421385,60394600
2021-11-05,148.17172241210938,149.07281782729038,146.97678796158638,148.76918963737086,65463900
2021-11-08,147.3489990234375,148.45578635175377,147.07475321655346,148.29907019202702,55020900
2021-11-09,147.7113800048828,148.3186363926463,146.97678987957883,147.1139127718246,56787900
2021-11-10,144.88076782226562,147.04536675115244,144.81221384507222,146.93762626246985,65187100
2021-11-11,144.83175659179688,146.35970136863273,144.64565807110787,145.89937206123298,41000000
2021-11-12,146.9082489013672,147.30981351364665,144.44981083290466,145.38028875154347,63804000
2021-11-15,146.91802978515625,148.75940720761815,146.35973409824072,147.2804228094717,59222800
2021-11-16,147.89747619628906,148.37741378411212,146.27157982474884,146.85925789370467,59256200
2021-11-17,150.3363037109375,151.81527292494047,147.88767027666427,147.89745943010328,88807000
2021-11-18,154.62628173828125,155.40984733718284,149.90532478549125,150.55176752548036,137827700
2021-11-19,157.25125122070312,157.71159552855715,153.31384424629613,154.41082730572364,117305600
2021-11-22,157.71163940429688,162.2954755595155,157.69204614556384,158.35806748971254,117467900
2021-11-23,158.09359741210938,158.4755836899061,155.79187564508103,157.8095475198677,96041900
2021-11-24,158.6127166748047,158.80860440364947,156.35997042990053,157.44716451205608,69463600
2021-11-26,153.5880889892578,157.15329885394945,153.14733793761846,156.2913900038225,76959800
2021-11-29,156.94761657714844,157.8780943084946,155.52739720558188,156.09548196515397,88748200
2021-11-30,161.90365600585938,162.11913695746247,156.6341917361946,156.7027606504653,174048100
2021-12-01,161.3845672607422,166.8009442517478,161.14949302605055,164.03887803890356,152052500
2021-12-02,160.39527893066406,160.82624080588923,154.55774519881157,155.47843376037946,136739200
2021-12-03,158.51473999023438,161.57064486360198,156.43830349501886,160.64995624545222,118023100
2021-12-06,161.92324829101562,164.43064668165096,160.9046083540242,160.91439750803002,107497000
2021-12-07,167.66281127929688,168.05460157243954,164.88116745170595,165.60596828506618,120405400
2021-12-08,171.48272705078125,172.34465094582615,167.19271577624858,168.59334210569654,116998900
2021-12-09,170.97337341308594,173.11837862863902,170.3465238704593,171.3161880617465,108923700
2021-12-10,175.7628936767578,175.93920304428585,171.1007012965135,171.6100212029294,115402700
2021-12-13,172.12913513183594,178.3878413686235,171.92344335477927,177.3985839315142,153237000
2021-12-14,170.7481231689453,174.08806304841983,168.67168661995763,171.64921855709608,139380400
2021-12-15,175.61602783203125,175.81191555668835,168.76964200749114,171.51211498851686,131063300
2021-12-16,168.72064208984375,177.41819331105674,167.24167279418768,175.5964093375668,150185800
2021-12-17,167.6236572265625,169.90578548213614,166.20345276063674,166.43851201579665,195432700
2021-12-20,166.26222229003906,167.07517044282818,164.01928047689202,164.82242453025603,107499100
2021-12-21,169.43568420410156,169.64136109142663,165.64518859679046,168.03505777993055,91185900
2021-12-22,172.0311737060547,172.24665462353272,168.61287637449038,169.4845891969166,92135300
2021-12-23,172.6580352783203,173.21633086134378,171.6687927754853,172.23687751170715,68356600
2021-12-27,176.6248321533203,176.71297937182496,173.4318194724349,173.4513977796986,74919600
2021-12-28,175.6061553955078,177.60424826718298,174.86177635337035,176.45828983134115,79144300
2021-12-29,175.69436645507812,176.9186832802021,174.4798387842566,175.6453907930184,62348900
2021-12-30,174.53863525390625,176.85995053810737,174.43089475594522,175.78254555849702,59773000
2021-12-31,173.92153930664062,175.54742051646397,173.61789621276182,174.43084429030958,64062300
2022-01-03,178.2703094482422,179.12244407617163,174.05867174915193,174.17620137564992,104487900
2022-01-04,176.00779724121094,179.1812320747434,175.43971239750775,178.8776038701533,99310400
2022-01-05,171.32601928710938,176.46815060812955,171.0517734789437,175.91965899179817,94537600
2022-01-06,168.4660186767578,171.69821853577403,168.11341478404194,169.15163320557318,96904000
2022-01-07,168.63250732421875,170.56203191509988,167.51593093187975,169.33771503993543,86709100
2022-01-10,168.65211486816406,168.95574308768624,164.71470727935647,165.6060136268591,106765600
2022-01-11,171.48272705078125,171.58066343731596,167.3102603634751,168.77944066896987,76138300
2022-01-12,171.9234619140625,173.53955411934612,171.22805833783443,172.50133585944042,74805200
2022-01-13,168.65211486816406,172.99108706764017,168.26032446775187,172.16834964468802,84505800
2022-01-14,169.51400756835938,170.20941111487983,167.57467907053888,167.81954242119846,80440800
2022-01-18,166.3111572265625,168.99484944374984,165.9291710743578,167.98601383804848,90956700
2022-01-19,162.81454467773438,167.56489994287205,162.53050974989438,166.50708841129685,94815000
2022-01-20,161.12989807128906,166.19367112950465,160.8066766064742,163.54914953452655,91420500
2022-01-21,159.0730438232422,162.91249968467412,158.965303342259,161.04173994454513,122848900
2022-01-24,158.29928588867188,158.9653221075386,151.52146877699158,156.73216909742968,162294600
2022-01-25,156.4970703125,159.41583739515477,153.79378418345803,155.71350456711474,115798400
2022-01-26,156.4088897705078,161.01231699425696,154.5773170002407,160.14060421134545,108275300
2022-01-27,155.94857788085938,160.47364799025604,155.02788925620197,159.11220830674253,121954600
2022-01-28,166.83030700683594,166.8499002604039,159.4550237648548,162.30523687541563,179935700
2022-01-31,171.1888427734375,171.40432369026982,166.02711981248893,166.66377341050108,115541600
2022-02-01,171.0223388671875,171.2476089382928,168.7695933203212,170.43466091747592,86213900
2022-02-02,172.2270965576172,172.266283066221,169.7686736999572,171.15949584991125,84914300
2022-02-03,169.34747314453125,172.61885859356588,168.58350075012603,170.89501118442868,89418100
2022-02-04,169.06309509277344,170.74010088602927,167.3860892995176,168.3667905913057,82465400
2022-02-07,168.34718322753906,170.5929825465771,167.65087874308003,169.52402175607514,77251200
2022-02-08,171.4559783935547,171.96594716533207,168.12158561108603,168.41579893958496,74829200
2022-02-09,172.8780059814453,173.24086063611506,171.5246335396632,172.65244889591918,71285000
2022-02-10,168.79830932617188,172.09346641687537,168.23931734555768,170.77933021680633,90865900
2022-02-11,165.3854522705078,169.73976805864703,164.7970255558841,169.00424214752385,98670700
2022-02-14,165.620849609375,166.3073375649639,163.34561528306318,164.1399809862671,86185500
2022-02-15,169.45535278320312,169.61226856573026,166.96437833391397,167.67048439097334,62527400
2022-02-16,169.2200164794922,169.99476394129306,166.7682631690513,168.53352854543166,61177400
2022-02-17,165.620849609375,168.59237351767158,165.21875846241755,167.7293515367512,69589300
2022-02-18,164.07131958007812,167.24878200376986,162.98274061084325,166.5426908818598,82772700
2022-02-22,161.1488800048828,163.4731378050802,159.02074455035495,161.7961316314083,91162800
2022-02-23,156.98086547851562,162.94351625967545,156.6670338772365,162.34528786351217,90009200
2022-02-24,159.59933471679688,159.70721245821238,149.06659738297807,149.63540593186767,141147500
2022-02-25,161.6686248779297,161.9334034703252,157.76542269815738,160.6781069290293,91974200
2022-02-28,161.9333953857422,162.22760877136363,159.2953064697166,159.91315308309024,95056600
2022-03-01,160.05043029785156,163.38482330332894,158.84417203107242,161.52148207442062,83474400
2022-03-02,163.34561157226562,164.13017563125035,159.80527916281847,161.21749147612806,79724800
2022-03-03,163.02198791503906,165.6502754224143,162.35511815252505,165.21876441640376,76678400
2022-03-04,160.02101135253906,162.3550849729684,158.9716688608393,161.31554410601458,83737200
2022-03-07,156.22572326660156,161.83533601406552,155.97073134624392,160.2073682314536,96418800
2022-03-08,154.40158081054688,159.73659709320324,152.79323163394997,155.75495309286646,131148300
2022-03-09,159.80531311035156,160.25644240350374,156.33363623957086,158.3636806479608,91454900
2022-03-10,155.46080017089844,157.29470711890718,152.96981007380143,157.10837144656722,105342000
2022-03-11,151.74391174316406,156.2061057623046,151.51835462854714,155.86285431301891,96970100
2022-03-14,147.71322631835938,151.1456808985897,147.20327241217439,148.527210200246,108732100
2022-03-15,152.0969696044922,152.56771702935066,147.4778746009712,147.98782853142856,92964300
2022-03-16,156.5101318359375,156.9122229988077,151.4791438617729,154.01915688013034,102300200
2022-03-17,157.52023315429688,157.89290442537197,154.58794593498652,155.549028989307,75615400
2022-03-18,160.8153839111328,161.30573452736996,156.67682351294607,157.41234943730183,123511700
2022-03-21,162.18838500976562,163.13966646337798,159.8641127641069,160.3544634117704,95811400
2022-03-22,165.56201171875,166.15042355950408,161.7274657879275,162.3158776286816,81532000
2022-03-23,166.92515563964844,169.308252341418,164.41454803066404,164.7479978071537,98062700
2022-03-24,170.71066284179688,170.77930414345957,166.92515566056534,167.7587426911126,90131400
2022-03-25,171.34812927246094,171.89731959636083,169.4161465488256,170.52434378661113,80546200
2022-03-28,172.21115112304688,172.33863211398676,168.68062052174977,168.84733794398963,90371900
2022-03-29,175.5063018798828,175.55532497081904,172.93685443507036,173.28010585750482,100589400
2022-03-30,174.3392791748047,176.14376602591867,173.289921571538,175.1042250130881,92633200
2022-03-31,171.24024963378906,174.59424618696573,171.0342957824536,174.40791055107027,103049300
2022-04-01,170.946044921875,171.5050518578882,168.62178757896973,170.67144974905557,78751300
2022-04-04,174.99636840820312,175.04540647336353,171.07356262443463,171.20105860098838,76468400
2022-04-05,171.68157958984375,174.85905741860927,171.0539313110609,174.07449332905188,73401800
2022-04-06,168.51388549804688,170.27915061431153,166.84669648547398,169.03365592612585,89058800
2022-04-07,168.8179168701172,170.01437362269277,166.5721175347958,167.8568338106809,77594700
2022-04-08,166.8074493408203,168.46483662226115,165.9346259455677,168.46483662226115,76575500
2022-04-11,162.55123901367188,165.76793805160875,162.306063690876,165.4541214198734,72246700
2022-04-12,164.42437744140625,166.59171885387798,163.4240579625581,164.77743049486364,79265200
2022-04-13,167.1114959716797,167.73914420674996,163.55156041909547,164.1595904381064,70618900
2022-04-14,162.10009765625,167.96470171120438,161.85492235187505,167.32723694124167,75329400
2022-04-18,161.8843536376953,163.3848252707186,160.41330184341265,160.75653828349098,69023900
2022-04-19,164.16940307617188,164.5813108194766,160.74676487778993,161.83534399523174,67723800
2022-04-20,164.00270080566406,165.62086719167417,162.89451833268143,165.50317284085372,67929800
2022-04-21,163.2082977294922,168.21968163880754,162.70814548680565,165.65024919174274,87227800
2022-04-22,158.66763305664062,164.63029786624585,158.38323630639394,163.24752061254705,84882400
2022-04-25,159.7366485595703,160.02104538080667,155.40195017437114,158.01060452122857,96046400
2022-04-26,153.77398681640625,159.20706614015833,153.69552890649263,159.11880660312406,95623200
2022-04-27,153.5484161376953,156.70626068843154,152.38137914765707,152.90114966122312,88063200
2022-04-28,160.48196411132812,161.3449860653006,155.862854289535,156.17668589618484,130216800
2022-04-29,154.60757446289062,162.9925746827483,154.21529987659397,158.71671584912355,131747600
2022-05-02,154.91159057617188,155.17636916422146,150.31209888761785,153.68571389859628,123055300
2022-05-03,156.4022674560547,157.6085410477987,153.303262159751,155.09793269514185,88966500
2022-05-04,162.8160400390625,163.26715427373458,156.18648942865437,156.58858056796436,108256500
2022-05-05,153.7445526123047,160.91347698312873,151.9596689981739,160.68791986588977,130525300
2022-05-06,154.47132873535156,156.59275954886184,151.42668182783396,153.22400390708842,116124600
2022-05-09,149.3445587158203,153.0472394567593,148.7847453865434,152.1633023773659,131577900
2022-05-10,151.7507781982422,153.94096598283207,150.1989918029188,152.74275136095326,115366700
2022-05-11,143.88385009765625,152.67402087769284,143.20616949802272,150.7588463480562,142689800
2022-05-12,140.01422119140625,143.5892190057079,136.32137108215858,140.22047769386583,182602000
2022-05-13,144.48291015625,145.4552361308918,140.55434215796848,142.00790812116932,113990900
2022-05-16,142.94097900390625,144.88563148350204,141.6052649207857,142.95081001781338,86643800
2022-05-17,146.57492065429688,147.09545486873625,144.06062380512492,146.2017017887358,78336300
2022-05-18,138.30531311035156,144.7285184230432,137.40172882849896,144.2276311464923,109742900
2022-05-19,134.89724731445312,139.13027811714653,134.1606406090294,137.3820660685117,136095600
2022-05-20,135.13294982910156,138.18741285426975,130.24188557508393,136.60616321771064,137426100
2022-05-23,140.5543975830078,140.7017129465154,135.19189355677787,135.32939289148615,117726300
2022-05-24,137.85348510742188,139.43473470985077,134.87759532556828,138.29544611720485,104132700
2022-05-25,138.01060485839844,139.25791446992204,135.86952739968447,135.95791658734237,92482700
2022-05-26,141.21240234375,141.76239957025606,134.69097882633443,134.93651437290322,90601500
2022-05-27,146.96775817871094,147.00703727273068,142.66597054796807,142.79365382955837,90978500
2022-05-31,146.1820526123047,147.9695587462053,144.21776806233134,146.40795612568894,103718400
2022-06-01,146.05438232421875,149.0302721781197,145.04276200731988,147.2231190270911,74286600
2022-06-02,148.50973510742188,148.5686612441736,144.23741035730646,145.19008953159607,72348100
2022-06-03,142.78382873535156,145.32757327458623,141.8802597672709,144.27667399411106,88570300
2022-06-06,143.53030395507812,145.916918016381,142.31244186336383,144.4044101782175,71598400
2022-06-07,146.05438232421875,146.33919698612507,141.52670589855168,141.77224146396463,67808200
2022-06-08,145.31776428222656,147.19364446593215,144.82669318974126,145.92668764129223,53950200
2022-06-09,140.0927734375,145.3079465173713,139.98473718785118,144.45348753415902,69473000
2022-06-10,134.68116760253906,138.2463336751748,134.61241045362357,137.7749096051149,91437900
2022-06-13,129.52491760253906,132.78562190034356,129.09277263849617,130.49722878533498,122207100
2022-06-14,130.3892059326172,131.49903152365633,129.1320649915738,130.75260877313121,84784300
2022-06-15,133.01153564453125,134.88743119148035,129.79994084447466,131.89189392813557,91533000
2022-06-16,127.73738861083984,130.02578131377922,126.73559955515913,129.72131968565517,108123900
2022-06-17,129.2106170654297,130.70347730890373,127.49186832675026,127.747234873443,134520300
2022-06-21,133.44366455078125,134.61241624219525,130.93921376781023,131.03741900238268,81000500
2022-06-22,132.9329833984375,135.29993525630434,131.51869590671203,132.38297105119662,73409200
2022-06-23,135.80079650878906,136.11507419750754,133.2079418850883,134.37669341757493,72433800
2022-06-24,139.13026428222656,139.37579982628543,137.27401616859356,137.40168446081998,89116800
2022-06-27,139.13026428222656,140.92758626309347,138.45258378281605,140.1516855515393,70207900
2022-06-28,134.98565673828125,140.85886421961922,134.86780444338007,139.59190709051958,67083400
2022-06-29,136.74368286132812,138.15797032243336,134.22940070216495,135.00530159449806,66242400
2022-06-30,134.2784881591797,135.89901685954254,131.38117155043633,134.7990223471169,98964500
2022-07-01,136.44900512695312,136.55704136561366,133.23741100607202,133.6106148417446,71051600
2022-07-05,139.03207397460938,139.08118409124435,134.48474992493536,135.30976092001367,73353800
2022-07-06,140.3677520751953,141.54631963942614,138.56061414428805,138.82579671678738,74064300
2022-07-07,143.7364959716797,143.93292138573145,140.72131266462554,140.73112869012365,66253700
2022-07-08,144.4141845703125,144.91508669074653,142.41062104747897,142.66597262808202,64547800
2022-07-11,142.282958984375,144.02135515880028,141.21242740803473,143.0686758701149,63141600
2022-07-12,143.25526428222656,145.79900902596674,142.4597314847581,143.1570440660671,77588800
2022-07-13,142.8918914794922,143.8347397140172,139.5820616716197,140.43653568039218,71185600
2022-07-14,145.8186798095703,146.2901039540339,140.69189540633064,141.50707537702388,78140700
2022-07-15,147.48828125,148.1659617146879,145.55346006304742,147.1052464203459,76259900
2022-07-18,144.4436798095703,148.86332029894717,144.08027695642463,148.04814036588357,81420900
2022-07-19,148.30348205566406,148.52937058051154,144.286523787425,145.27848208027842,82982400
2022-07-20,150.30703735351562,150.97490184976564,147.6847194489196,148.42132610705224,64823400
2022-07-21,152.57579040527344,152.79186287917176,149.22668204614965,151.74096357554814,65086600
2022-07-22,151.3383026123047,153.48919663577172,150.6704530452512,152.61509059283281,66675400
2022-07-25,150.2186737060547,152.27134767920083,149.5606401112027,151.25974222884446,53623900
2022-07-26,148.8927459716797,150.35612808602866,148.10702930699426,149.5409483577187,55138700
2022-07-27,153.99008178710938,154.52044701167125,149.44277321253915,149.85527117258624,78620700
2022-07-28,154.54006958007812,154.82488420275592,151.65256933071927,154.17666680263463,81378700
2022-07-29,159.60792541503906,160.70793488273625,156.65168275313596,158.3606155964203,101786900
2022-08-01,158.62579345703125,160.66865118760447,158.01687004208316,158.1347223194791,67829400
2022-08-02,157.15257263183594,159.50972297268584,156.77936877558471,157.24097682201486,59907000
2022-08-03,163.16331481933594,163.61509191193315,157.87938413479097,157.96777335034653,82507500
2022-08-04,162.8489990234375,164.20436008201335,161.49363796486168,163.0454244700845,55474100
2022-08-05,162.62278747558594,163.11454067024195,160.31154145785612,160.51808440274291,56697000
2022-08-08,162.1507110595703,165.04222255656555,161.49176350864772,163.62597080235415,60276900
2022-08-09,162.19989013671875,163.08505499075815,160.55743608300256,161.31474028979756,63135500
2022-08-10,166.44863891601562,166.54698055787682,164.14722239112217,164.91435623038078,70170500
2022-08-11,165.71099853515625,168.16976453213817,165.41594361409508,167.25509577756023,57149200
2022-08-12,169.261474609375,169.33031226065586,166.60599505436244,167.0190809905204,68039400
2022-08-15,170.33348083496094,170.5301791193321,168.52383260735886,168.6910268994302,54091700
2022-08-16,170.17611694335938,170.84490912166515,168.82871793209483,169.93024033504878,56377100
2022-08-17,171.67105102539062,173.24465231523857,169.72371248841205,169.9204107737534,79542000
2022-08-18,171.2776641845703,172.01529411647135,170.26465361199578,170.88426755707084,62290100
2022-08-19,168.6910400390625,170.8744256820194,168.48449706975865,170.1761294599256,70346300
2022-08-22,164.80616760253906,167.05839055907853,164.38325206492678,166.89119627908354,69026800
2022-08-23,164.47177124023438,165.92737151886493,163.90133572678997,164.32425128292837,54147100
2022-08-24,164.76683044433594,165.33726597260625,163.50794341888323,164.56030249873976,53841500
2022-08-25,167.22560119628906,167.33378750652878,165.57331755675585,165.9962181286182,51218200
2022-08-26,160.92132568359375,168.2287866440609,160.8623176958489,167.75670773498427,78961000
2022-08-29,158.7183074951172,160.21322679343027,157.1840395269367,158.4920901611805,73314000
2022-08-30,156.28900146484375,159.87879372642644,155.11862647886383,159.4558931891013,77906200
2022-08-31,154.6268768310547,157.9314589229971,154.54819451849457,157.66590799399623,87991100
2022-09-01,155.35472106933594,155.80712573609054,152.11897570286527,154.0564850542226,74229900
2022-09-02,153.24012756347656,157.71508462008887,152.41398580114964,157.11514512449315,76957800
2022-09-06,151.9812469482422,154.4990209999667,151.15510515135455,153.88925181756636,73714800
2022-09-07,153.38768005371094,154.08596126340717,151.07643378022465,152.26648324611122,87449600
2022-09-08,151.9123992919922,153.78105537712216,150.1617441609201,152.08942323375317,84923800
2022-09-09,154.77438354492188,155.21697339109355,152.19760180929663,152.90572755463288,68028800
2022-09-12,160.7344512939453,161.5507634451195,156.67257987610813,156.9577901423654,104956000
2022-09-13,151.30264282226562,157.89213365235918,150.84039354694787,157.26269006575274,122656600
2022-09-14,152.74839782714844,154.5088829319825,151.0764397160354,152.23697022602627,87965400
2022-09-15,149.8568572998047,152.67953072071606,148.8831956207659,152.09925057054045,90481100
2022-09-16,148.2144317626953,148.85372001445614,145.92285973622464,148.71602969989698,162278800
2022-09-19,151.93206787109375,152.0107501857091,146.64081352548533,146.84734147012324,81474200
2022-09-20,154.31216430664062,155.4727097837978,150.5551772691551,150.86989154639073,107689800
2022-09-21,151.18460083007812,156.12180702361462,151.06658486761725,154.74488909740035,101696800
2022-09-22,150.2207794189453,151.9222413623521,148.42096082844884,149.8667164993867,86652500
2022-09-23,147.94888305664062,148.97173827223702,146.10973061112034,148.69635763891162,96029900
2022-09-26,148.28326416015625,151.23378336075643,147.17189712565283,147.19157145564952,93339400
2022-09-27,149.2569580078125,152.16814418194363,147.47681344155066,150.22080529252614,84442700
2022-09-28,147.36859130859375,148.15539940831013,142.45105944426174,145.20488028971093,146691400
2022-09-29,140.12998962402344,144.30006222073425,138.3596750779143,143.69029304650877,128138200
2022-09-30,135.9206085205078,140.7397998435746,135.72391020279727,138.9498106360333,124925300
2022-10-03,140.10049438476562,140.71027860420344,135.41900896557823,135.93043653465315,114311700
2022-10-04,143.69027709960938,143.80829305388013,141.8806140938045,142.63791815031084,87830100
2022-10-05,143.9853057861328,144.94915269476041,140.65122027327095,141.69374948099758,79471000
2022-10-06,143.0313262939453,145.1065253655181,142.8247983571862,143.40506352233135,68402200
2022-10-07,137.7794189453125,140.73978304959337,137.1499753994762,140.18900681575843,85925600
2022-10-10,138.10398864746094,139.54974448383035,136.28451052504542,138.10398864746094,74899000
2022-10-11,136.68772888183594,139.0186494867963,135.9402693459634,137.5925530590874,77033700
2022-10-12,136.0582733154297,138.04496046792565,135.88124936484056,136.8352517842159,70433700
2022-10-13,140.631591796875,141.22168665886508,132.15375604675947,132.76354024673512,113224000
2022-10-14,136.0976104736328,142.13633872738868,135.9107418701706,141.9297957953737,88598000
2022-10-17,140.06118774414062,140.5430964053638,137.95648408162927,138.74329241493984,85250900
2022-10-18,141.37904357910156,144.28038442851894,138.29083411442357,143.09035010046446,99136600
2022-10-19,141.4872283935547,142.5592467457927,139.1661527370201,139.35302135031444,61758300
2022-10-20,141.0249786376953,143.48374457740485,140.29717851697941,140.66108608089553,64522000
2022-10-21,144.84097290039062,145.41140833908693,140.29716371825512,140.5135362986956,86548600
2022-10-24,146.9850616455078,147.75219561004096,143.59196680128503,144.7623420825169,75981900
2022-10-25,149.8273468017578,149.97488175167828,146.89650221681083,147.61445761698823,74732300
2022-10-26,146.88668823242188,149.48314455270017,145.59828223025528,148.47013415168624,88194300
2022-10-27,142.41175842285156,146.59166146526223,141.75281080290236,145.62782920100577,109180200
2022-10-28,153.17129516601562,154.90226106166642,145.3819261249116,145.75564835945892,164762400
2022-10-31,150.81088256835938,151.69604741946125,149.41430514421359,150.6338586024099,97943200
2022-11-01,148.1652374267578,152.8860712842191,146.6703184608035,152.52217870801033,80379300
2022-11-02,142.637939453125,149.66017491618842,142.60843546015093,146.49328294195223,93604600
2022-11-03,136.58941650390625,140.44476100108147,136.46155582949885,139.71696063409377,97918500
2022-11-04,136.32339477539062,140.5496299805745,132.38284296255216,139.97824816387146,140814800
2022-11-07,136.8553924560547,137.08197002566635,133.65369341095922,135.07229477760092,83374600
2022-11-08,137.42674255371094,139.3280515614897,135.44662070693448,138.32322168629616,89908500
2022-11-09,132.86557006835938,136.49088607476932,132.58973260430815,136.44162616361422,74917800
2022-11-10,144.6872100830078,144.6872100830078,137.42674799216064,139.14089348616804,118854000
2022-11-11,147.4751434326172,147.78053378231226,142.22435652176193,143.65281852957958,93979700
2022-11-14,146.07626342773438,148.04653945457946,145.23889010351994,146.75601106211803,73374100
2022-11-15,147.81011962890625,151.3073630256227,146.3521193934581,149.95772858664796,89868300
2022-11-16,146.57867431640625,147.64262514508096,145.10096733747125,146.91363265596118,64218300
2022-11-17,148.4800262451172,149.22872584309494,143.97793759102575,144.25377507617625,80389400
2022-11-18,149.04150390625,150.43055193083845,147.74112971557977,150.04634875723008,74829600
2022-11-21,145.81027221679688,148.1351985339266,145.52458880647748,147.928327968664,58724100
2022-11-22,147.94801330566406,148.1844518302865,144.7463148991296,145.92849249022925,51804100
2022-11-23,148.82479858398438,149.57349802080938,147.1204990929822,147.22886486968167,58301400
2022-11-25,145.90878295898438,146.66734339247978,144.9334909730617,146.10580754336945,35195900
2022-11-28,142.0766143798828,144.4606467175549,141.24910200456142,142.98293960504637,69246000
2022-11-29,139.07192993164062,142.65783165746328,138.2641245866872,142.14555568748492,83763800
2022-11-30,145.8299560546875,146.50970358247017,138.46112907886217,139.2984872397453,111380900
2022-12-01,146.10580444335938,146.9136247638141,144.43107296360157,146.00729966926298,71250400
2022-12-02,145.6132354736328,145.80041408602733,143.48533393064037,143.79073931676461,65447400
2022-12-05,144.45079040527344,148.6770258303521,143.60357112015112,145.57384712908555,68826400
2022-12-06,140.78607177734375,145.11082689130228,139.81077976944414,144.8842493657544,64727200
2022-12-07,138.8453369140625,141.23921477643742,137.91930489039092,140.07675927915528,69721100
2022-12-08,140.52992248535156,141.38700272319693,139.00297068921475,140.24423909407787,62128300
2022-12-09,140.04721069335938,143.40653461732074,138.80592729031733,140.22452830407295,76097000
2022-12-12,142.34259033203125,142.35243630018152,138.9635592869445,140.5791849523235,70462700
2022-12-13,143.30801391601562,147.7411345402718,142.0962984876822,147.27811851695523,93886200
2022-12-14,141.0815887451172,144.48031109554833,139.0620532803072,143.1897830028579,82291200
2022-12-15,134.47132873535156,139.69256282085553,134.00831270124763,139.01281523751095,98931900
2022-12-16,132.5109100341797,135.60424282446493,131.74250357896327,134.6585187405124,160156900
2022-12-19,130.40269470214844,133.19063667083125,129.36831196695024,133.1019778704447,79592600
2022-12-20,130.33375549316406,131.26963355148135,127.9595693949815,129.43727633927585,77432800
2022-12-21,133.43695068359375,134.7767390812449,130.77708085896677,131.00365840968308,85928000
2022-12-22,130.2647705078125,132.56014344596582,128.36346171921937,132.35327292045574,77852100
2022-12-23,129.90029907226562,130.4519739547497,127.71329147955147,128.974266934376,63814900
2022-12-27,128.0974884033203,129.45698360544398,126.80696007412172,129.42743066905106,69007800
2022-12-28,124.16680908203125,129.08264617795186,123.99933740609978,127.74285773848537,85438400
2022-12-29,127.68374633789062,128.54081165179434,125.83168946503402,126.08781995267968,75703700
2022-12-30,127.99899291992188,128.0186998919332,125.53615505504578,126.50159375139556,77034200
2023-01-03,123.21119689941406,128.9545451464431,122.32457128587431,128.3437644584535,112117500
2023-01-04,124.4820327758789,126.74785308207225,123.22105739420844,125.00415469022626,89113600
2023-01-05,123.16194152832031,125.87107085400619,122.90581107632524,125.24058317585433,80962700
2023-01-06,127.69356536865234,128.35360593496887,123.03386747187416,124.13722458745222,87754700
2023-01-09,128.21571350097656,131.4272732222333,127.95958301489433,128.53096489801374,70790800
2023-01-10,128.7870635986328,129.3091854431004,126.21585327519355,128.32404761851848,63896200
2023-01-11,131.5060577392578,131.52574967331964,128.52109123972087,129.29934353146365,69458900
2023-01-12,131.42724609375,132.26460425926095,129.48652329837336,131.89026209256642,71379600
2023-01-13,132.75718688964844,132.914812571895,129.70326821418658,130.0677644513709,57809700
2023-01-17,133.919677734375,135.24960517017936,132.13658015166487,132.82617382563913,63646600
2023-01-18,133.2005157470703,136.5499789381121,133.02318309021993,134.78658853017248,69672800
2023-01-19,133.25967407226562,134.22510548439914,131.78196648895116,132.0873569843798,58280400
2023-01-20,135.82095336914062,135.96873306889344,132.22520615532028,133.26944989272516,80223600
2023-01-23,139.01280212402344,141.1899633789221,135.85050302260262,136.06723455139834,81760300
2023-01-24,140.41171264648438,141.03235437334166,138.21485919822922,138.22470516633354,66435100
2023-01-25,139.75164794921875,140.31316867471608,136.7469746734582,138.79606308722262,65799300
2023-01-26,141.8204803466797,142.10616376720364,139.79108333600698,141.04221286895242,54105100
2023-01-27,143.76119995117188,145.04188252528883,140.95356530270018,141.03237815686282,70555800
2023-01-30,140.87472534179688,143.38683009380475,140.7269606636837,142.8056023172103,64015300
2023-01-31,142.14556884765625,142.19482875871702,140.1654466919342,140.57920288721874,65874500
2023-02-01,143.2686004638672,144.43107102589934,139.2196980441436,141.83030751885846,77663600
2023-02-02,148.57850646972656,148.9331416858034,145.96788199485025,146.68702845858084,118339000
2023-02-03,152.20382690429688,155.0410292646019,145.632957993241,145.8299825944814,154357300
2023-02-06,149.47499084472656,150.82464018350336,148.5391127115985,150.3025182240104,69858300
2023-02-07,152.35157775878906,152.9229595728958,148.4011799958932,148.4011799958932,83322600
2023-02-08,149.66217041015625,152.28264122485135,148.92331687434466,151.59304759782992,64120100
2023-02-09,148.62774658203125,152.036330247997,148.1844375441137,151.49450140964842,56007100
2023-02-10,148.99281311035156,149.3184067990407,147.22673043469464,147.46352995054943,57450700
2023-02-13,151.79490661621094,152.1994184714387,148.90403717735236,148.9336352385894,62199000
2023-02-14,151.15357971191406,151.7159729836762,148.84484061249728,150.08800434565288,61707600
2023-02-15,153.25511169433594,153.4228390365263,150.83784167870803,151.06476513520522,65573800
2023-02-16,151.65675354003906,154.24175084931028,151.3015618059057,151.45941308943844,68167900
2023-02-17,150.5122528076172,150.95623873407766,148.83496427712012,150.314927401964,59144100
2023-02-21,146.49659729003906,149.27893490600394,146.42754017987073,148.19362270368532,58867200
2023-02-22,146.92088317871094,147.94698436963745,145.19425945136115,146.88140906273446,51011300
2023-02-23,147.40432739257812,148.33177339849212,145.27319184522457,148.08511286734324,48394200
2023-02-24,144.75025939941406,145.22384336023686,143.77347836618958,145.14491019093927,55469600
2023-02-27,145.94412231445312,147.17742514808828,145.480399244609,145.7369358691835,44998500
2023-02-28,145.44093322753906,147.08862392793702,144.86867893348426,145.085741426228,50547000
2023-03-01,143.3689727783203,145.26332395747403,143.07297711330398,144.86867310742886,55479000
2023-03-02,143.96095275878906,144.75026945161636,141.977792498003,142.4513915466776,52238100
2023-03-03,149.01254272460938,149.09147589261863,145.36197027021535,146.06247767198354,70732300
2023-03-06,151.77516174316406,154.21216902598104,151.41010897005816,151.7356876269036,87558000
2023-03-07,149.57493591308594,151.9724687898397,149.11121296034582,151.64687511738626,56182000
2023-03-08,150.82797241210938,151.41996369175047,149.80187125635692,150.768776295138,47204800
2023-03-09,148.57843017578125,152.47566345847628,148.2232384177023,151.50875841619168,53833600
2023-03-10,146.51638793945312,148.92379766523285,145.63827685635812,148.2035529702143,68572400
2023-03-13,148.4600372314453,151.09436981836478,145.72703441304543,145.83556564568843,84457100
2023-03-14,150.55172729492188,151.35090505544113,148.0949978910982,149.25922844223368,73695900
2023-03-15,150.94638061523438,151.20290214198522,147.91738213550175,149.17042182051847,77167900
2023-03-16,153.76817321777344,154.3700254849667,149.6144034630521,150.127461556798,76161100
2023-03-17,152.92955017089844,154.64631312163698,152.21916653990084,153.99512561739482,98944600
2023-03-20,155.29750061035156,155.71190364770385,152.09091295752373,152.99863717223417,73641400
2023-03-21,157.15235900878906,157.2707512481165,154.44895412275298,155.21854884327422,73938300
2023-03-22,155.7217254638672,159.97415053377057,155.7019884063488,157.17209056471103,75701800
2023-03-23,156.80703735351562,159.3920501505052,155.57373460560854,156.70838216666218,67622100
2023-03-24,158.109375,158.19816916372028,155.74144030435596,156.73794326990517,59196500
2023-03-27,156.1657257080078,158.6224701978729,155.76119879412065,157.80355536791788,52390300
2023-03-28,155.54412841796875,156.37291926303735,153.89643783944095,155.85986113132142,45992200
2023-03-29,158.6224365234375,158.89869507550165,157.22140670798015,157.24112870815475,51305700
2023-03-30,160.1912078857422,160.2997391161816,159.11577163727372,159.37229315696538,49501700
2023-03-31,162.69729614257812,162.7959663866168,159.74724553838644,160.27016471086742,68749800
2023-04-03,163.95033264160156,164.06872488806627,162.0263833617239,162.07571848273926,56976200
2023-04-04,163.41754150390625,164.61137005549932,162.90448337873613,164.37458557847017,46278300
2023-04-05,161.57249450683594,162.84527116493152,159.6386845457234,162.53941454235493,51511700
2023-04-06,162.4604949951172,162.75649064193277,159.83602334429725,160.26027222926052,45390100
2023-04-10,159.8656005859375,159.8656005859375,157.94165171461705,159.26374836927192,47716900
2023-04-11,158.65203857421875,160.191197704471,158.36590395989919,160.18133670413533,47644200
2023-04-12,157.96141052246094,159.89522066020655,157.64567781550258,159.06644488688698,50133100
2023-04-13,163.3484649658203,163.58526449148977,159.26376724154565,159.47096870837692,68445600
2023-04-14,163.00315856933594,164.0983319737809,161.63172656331614,162.39143019016473,49386500
2023-04-17,163.02285766601562,163.18072400329442,161.83889024634973,162.88472838463733,41516200
2023-04-18,164.246337890625,165.17378402192244,163.4372840126962,163.88128507276087,49923000
2023-04-19,165.3908233642578,165.91374248336922,163.32872989204589,163.58526647837797,47720200
2023-04-20,164.4239044189453,165.62760901810955,163.34846811386117,163.87138723669895,52456400
2023-04-21,162.81568908691406,164.226580111448,162.29276996055185,162.84528714652217,58337300
2023-04-24,163.1215362548828,163.38793383083043,161.70076925644653,162.79594256316088,41949600
2023-04-25,161.58238220214844,164.08844653165775,161.54290808705858,162.98341218856248,48714100
2023-04-26,161.57249450683594,163.07219461797823,160.6253265824028,160.8818480921529,45498800
2023-04-27,166.16041564941406,166.30840595665688,162.98342657757053,162.98342657757053,64902300
2023-04-28,167.4134521484375,167.58119458170708,165.6375081170057,166.23936050031372,55275900
2023-05-01,167.32464599609375,168.17315888477142,166.38733892318547,167.01878932487827,52472900
2023-05-02,166.2886505126953,168.07448533412125,165.30200842691818,167.81794875664258,48425700
2023-05-03,165.2131805419922,168.63682908546846,164.92706101968108,167.2357994161292,65136000
2023-05-04,163.57540893554688,164.80871172491695,162.1151826483231,162.6874369491867,81235400
2023-05-05,171.25148010253906,171.97172463520235,168.4790030974248,168.6960655683585,113453200
2023-05-08,171.1824188232422,171.52774960942492,169.81098679048802,170.17603958076435,55962800
2023-05-09,169.47552490234375,171.22187065365208,169.3077975448434,170.73842563937583,45326900
2023-05-10,171.2415771484375,171.70530007668728,169.60374787227713,170.7087971111727,53724500
2023-05-11,171.42906188964844,172.25783762602444,169.87016559220018,171.5277321199156,49514700
2023-05-12,170.50035095214844,171.97247152405595,168.94917294661113,171.5377460938216,45533100
2023-05-15,170.00634765625,171.13267487374878,169.4135375098661,171.0832715155854,37266700
2023-05-16,170.00634765625,171.0635071571624,169.73958158279842,169.92730529834625,42110300
2023-05-17,170.618896484375,170.8560084675657,168.37611683004315,169.65065404284252,57951600
2023-05-18,172.95059204101562,173.13831574371522,170.51021405749552,170.92517510124802,65496700
2023-05-19,173.0592803955078,174.27452457823847,172.84191768629904,174.27452457823847,55809500
2023-05-22,172.1107940673828,172.61468722054929,171.3697889134683,171.89343134950482,43570900
2023-05-23,169.50245666503906,171.30063640969706,169.22581594675142,171.0536346915268,50747300
2023-05-24,169.77908325195312,170.35212899950594,168.4749221279745,169.03807815911904,45143500
2023-05-25,170.91531372070312,171.814388514026,169.63090177565675,170.3422679275043,56058300
2023-05-26,173.3260498046875,173.66198362102864,171.0338815491583,171.2413696393752,54835000
2023-05-30,175.1736297607422,176.8433638660441,174.4523889310648,174.83771102645838,55964400
2023-05-31,175.12420654296875,177.19902686801004,174.64007778024913,175.20324889662425,99625300
2023-06-01,177.93016052246094,177.95979952365096,174.8080550736066,175.568824614325,68901800
2023-06-02,178.7798309326172,179.5998784017098,177.11009699591673,178.8588732872537,61996900
2023-06-05,177.42626953125,182.73186141970515,175.90473056039738,180.43969339813148,121946500
2023-06-06,177.06069946289062,177.95977416384898,175.30203354675976,177.81157917901706,64848400
2023-06-07,175.68739318847656,179.03673595726826,175.19338974130497,176.2999526387169,61944600
2023-06-08,178.40438842773438,178.67113939917257,175.3316867918341,175.76639710388454,50214900
2023-06-09,178.7897186279297,180.04447641965535,178.46367457216073,179.3232356709596,48900000
2023-06-12,181.5857696533203,181.68457636718009,178.79959821677159,179.09600328256303,54274900
2023-06-13,181.11154174804688,181.94146392274692,180.25198057252106,180.60766365821948,54929100
2023-06-14,181.7438507080078,182.1785761189824,179.8370047903456,181.17080494588566,57462900
2023-06-15,183.7791748046875,184.28306801815378,181.57592343794417,181.75377253557645,65433200
2023-06-16,182.70223999023438,184.74742157511324,182.06004151498252,184.490530124381,101256200
2023-06-20,182.7911376953125,183.86807659469073,182.19834264439277,182.19834264439277,49799100
2023-06-21,181.75372314453125,183.18632987573855,180.40014368436258,182.68243679920374,49515700
2023-06-22,184.75726318359375,184.8066665365007,181.46719888037438,181.53636658960147,51245300
2023-06-23,184.44110107421875,185.31055187722217,182.79113153727351,183.3246636484937,53117000
2023-06-26,183.04803466796875,185.79469252512132,183.00850595123646,184.58932295318664,48088700
2023-06-27,185.8045654296875,186.13060949863421,183.4432296659109,183.66059237854205,50730800
2023-06-28,186.98028564453125,187.6224840299043,185.3500804657921,185.67610944091012,51216800
2023-06-29,187.31622314453125,187.7904773075337,186.67402469467498,186.8123450566035,46347300
2023-06-30,191.6436767578125,192.14755478947328,188.9661717445866,189.33174450555188,85213200
2023-07-03,190.15179443359375,191.55476227365418,189.46017761633829,191.4559555638213,31458200
2023-07-05,189.03536987304688,190.6655752957469,188.33387831143204,189.2724969662243,46920300
2023-07-06,189.5095977783203,189.71708585705593,186.93089921117289,187.56322301313529,45094300
2023-07-07,188.3931427001953,190.3592817984136,187.9584323411384,189.11439856972888,46815000
2023-07-10,186.34796142578125,187.71141562141005,184.79678352776446,186.9901598095207,59922200
2023-07-11,185.82432556152344,187.0296950947768,184.3620796809065,186.8913747422291,46638100
2023-07-12,187.49404907226562,189.4008949030878,186.2096372553674,187.4051170053163,60750200
2023-07-13,188.25482177734375,188.897035286273,187.5039419858172,188.2153081360164,41342300
2023-07-14,188.4030303955078,188.88714410801785,187.35574553686786,187.94854060692288,41616200
2023-07-17,191.6634521484375,191.9894962144421,189.5095893997432,189.598506397075,50520200
2023-07-18,191.40655517578125,191.99936529239264,190.1122686661601,191.03112283932904,48288200
2023-07-19,192.76014709472656,195.8525983579603,190.3395181934612,190.78413334726974,80507300
2023-07-20,190.81378173828125,194.11372124075075,190.19133255294633,192.7502668636511,59581200
2023-07-21,189.63804626464844,192.63170595716375,188.93655473427472,191.77214478083425,71951700
2023-07-24,190.43832397460938,192.57242242955687,189.9443205401746,191.09041212625252,45377800
2023-07-25,191.29786682128906,192.1080396126164,190.6062650944163,191.01135149007996,37283200
2023-07-26,192.16732788085938,193.29365506077994,191.00148706119938,191.34728040522955,47471900
2023-07-27,190.9027099609375,194.83497352174916,190.2407470931574,193.6691325212443,47460200
2023-07-28,193.48138427734375,194.27179277672036,191.8116502798051,192.3352927070371,48291400
2023-07-31,194.0939483642578,194.13347708185938,192.91821776612247,193.70862628447964,38824100
2023-08-01,193.26402282714844,194.37058568804014,192.93797875368105,193.88647197429418,35175100
2023-08-02,190.2703399658203,192.8391484466102,189.5490992662055,192.70082810591987,50389300
2023-08-03,188.8772735595703,190.06287880115997,188.40303447809214,189.2724853572926,61235200
2023-08-04,179.807373046875,185.13272939460776,179.7382053306166,183.2950360404776,115956800
2023-08-07,176.70504760742188,180.93371611312844,175.22303719441848,179.94570917112617,97576100
2023-08-08,177.64361572265625,178.10798009875546,175.45023954323045,177.5349343777014,67823000
2023-08-09,176.05294799804688,178.76007719518685,174.88709204262926,178.70079919463467,60378500
2023-08-10,175.83558654785156,178.58224448237493,175.4700288246158,177.32747151707323,54686900
2023-08-11,175.89495849609375,176.71611347184137,174.66818511712222,175.42998203855163,52036700
2023-08-14,177.54713439941406,177.77467859210861,175.42004228880285,176.07301094207762,43675600
2023-08-15,175.55856323242188,177.56692432110017,175.1628328578025,176.9733287591711,43622600
2023-08-16,174.6879425048828,176.6369303294026,174.61868139075943,175.24197103328896,46964900
2023-08-17,172.1453399658203,175.6179215615527,171.6308784010705,175.25187020963352,66062900
2023-08-18,172.630126953125,173.23362560342792,170.12709527960956,170.46346761685473,61172200
2023-08-21,173.96571350097656,174.2526308376999,171.88810651020768,173.2039318191006,46311900
2023-08-22,175.3408966064453,175.78609702554508,174.37134667878323,175.17271045239184,42038900
2023-08-23,179.189453125,179.61487764306722,176.4291981302873,176.61717535249278,52722800
2023-08-24,174.49996948242188,179.16966018527063,174.13390304899033,178.74423570753817,54945800
2023-08-25,176.70620727539062,177.2404448053197,173.9459523611551,175.4893219988908,51449600
2023-08-28,178.2693634033203,178.66509377862053,176.6468447107556,178.17042326142217,43820700
2023-08-29,182.157470703125,182.92915552039761,177.58671984756458,177.78458503986462,53003900
2023-08-30,185.64984130859375,185.84772159478027,182.77087033679462,182.9687355268348,60813900
2023-08-31,185.86749267578125,187.10416895130786,185.48165028166278,185.8378136528603,60794500
2023-09-01,187.4405517578125,187.89564016216337,186.27312153245367,187.47023078000296,45766500
2023-09-05,187.67800903320312,187.95502334145587,185.61028969797815,186.2731464424506,45280000
2023-09-06,180.96035766601562,186.83704535292617,179.5357042757167,186.39182984634905,81755800
2023-09-07,175.66738891601562,176.31046963604499,171.69023379276553,173.312752460059,112488800
2023-09-08,176.28076171875,178.31881673909905,175.89491935539235,176.44896296342043,65551300
2023-09-11,177.4481964111328,178.37817933531872,175.44972343125323,178.15063513987275,58953100
2023-09-12,174.4208221435547,178.2100000030001,172.95660168355545,177.57682236385347,90370200
2023-09-13,172.35311889648438,175.41017925863045,172.1255595752841,174.6285913393108,84267900
2023-09-14,173.86679077148438,174.22295413122683,171.72981061302968,172.14533201670497,60895800
2023-09-15,173.14456176757812,174.61868528190746,171.967258666553,174.59889423512476,109259500
2023-09-18,176.07302856445312,177.46800307348116,174.2922116482627,174.59890495957814,67257600
2023-09-19,177.1613006591797,177.71532920549458,175.24197669791334,175.62781908525017,51826900
2023-09-20,173.61944580078125,177.78456267568592,173.5303936437239,177.34925024969752,58436200
2023-09-21,172.0760955810547,174.4208443257111,172.00684955191673,172.68949734734272,63149100
2023-09-22,172.92691040039062,175.19250979208792,172.19480770645978,172.8081943086496,56725400
2023-09-25,174.2031707763672,175.08368369125543,172.29373473406022,172.3432048049037,46172700
2023-09-26,170.12709045410156,173.3325457352886,169.83028512536117,172.95660640862047,64588900
2023-09-27,168.6134033203125,171.19558430072632,167.24812281187548,170.7800628332761,66921800
2023-09-28,168.87062072753906,170.19633406818943,165.83333655703308,167.53500431517824,56294400
2023-09-29,169.3850555419922,171.22523014825262,168.52431872709803,170.18641922443499,51861100
2023-10-02,171.89801025390625,172.44215085955082,169.10806120104496,169.39497856408786,52164500
2023-10-03,170.56239318847656,171.77929356494764,168.9992475938596,170.42388604353025,49594600
2023-10-04,171.80897521972656,172.35311583182798,169.14764530465982,169.26636140324675,53020300
2023-10-05,173.045654296875,173.5798918450903,170.83941278902026,171.93758200671277,48527900
2023-10-06,175.59814453125,176.092815045354,171.33407201891083,171.94747372177912,57266700
2023-10-09,177.08216857910156,177.14152662960254,173.92616806085798,174.925397135301,42390800
2023-10-10,176.48854064941406,177.80436599291428,176.05322819338144,176.20163840129018,43698000
2023-10-11,177.88352966308594,177.9329997364432,175.7069823006886,176.30057789253502,47551100
2023-10-12,178.78382873535156,180.39644439001881,177.13161588848607,178.1506510638416,56743100
2023-10-13,176.94366455078125,179.9908219020002,176.24122571645097,179.48626336769357,51427100
2023-10-16,176.8150177001953,177.17118104988546,174.6285675347915,174.86601479996662,52517000
2023-10-17,175.26174926757812,176.51821654411026,172.93680701299223,174.7670787756051,57549400
2023-10-18,173.96571350097656,175.68717223288098,173.2434988158149,173.70849028197048,54764400
2023-10-19,173.58978271484375,175.9444040866048,173.32265641144056,174.16358722416024,59302900
2023-10-20,171.03729248046875,173.55021220691836,170.79984518424126,173.44138408316581,64244000
2023-10-23,171.156005859375,172.15523490983713,168.1187215150264,169.08828663709707,55980100
2023-10-24,171.59130859375,171.81885280099095,169.62251453312876,171.20546620053886,43816600
2023-10-25,169.27626037597656,171.21536038795298,168.83104482476435,170.04794519039626,57157000
2023-10-26,165.1111297607422,169.55327657792432,163.90413245355498,168.55403244057868,70625300
2023-10-27,166.42694091796875,167.1590586780216,165.05175755916278,165.13090664912622,58499100
2023-10-30,168.47486877441406,169.34549366723184,167.0700063949142,167.21841659954197,51131000
2023-10-31,168.94976806640625,169.07837213199355,166.1103491096919,167.54490564738762,44846000
2023-11-01,172.1156463623047,172.37286957481675,168.30667766450742,169.1773025316942,56934900
2023-11-02,175.6772918701172,175.88504503012373,173.58978171760563,173.64913976332178,77334800
2023-11-03,174.76707458496094,174.9352758328065,171.50226149314057,172.38277434389337,79829200
2023-11-06,177.31959533691406,177.51746053122469,174.3317961816863,174.49998235165765,63841300
2023-11-07,179.88198852539062,180.495375116872,177.06236062659886,177.2701137835187,70530000
2023-11-08,180.94058227539062,181.4946108426327,179.65443590363796,180.40634475587757,49340300
2023-11-09,180.46568298339844,182.15744752284814,179.87207238589124,181.00982351508927,53763500
2023-11-10,184.6561279296875,184.82455079604722,181.81298306450438,182.24886906112522,66133400
2023-11-13,183.07110595703125,184.28959445510736,182.4866293320066,184.08156757584422,43627500
2023-11-14,185.68637084960938,186.3501007196846,184.55703694714765,185.94393292700153,60108400
2023-11-15,186.25106811523438,187.72713387081996,186.02322411136396,186.09257648247507,53790500
2023-11-16,187.93516540527344,189.173470968727,186.88506958999568,187.79647578680803,54412900
2023-11-17,187.91531372070312,188.59886068457095,186.8057969770521,188.47007209252862,50922700
2023-11-20,189.65887451171875,190.1145776039652,188.10357060538217,188.11347160798348,46505100
2023-11-21,188.85643005371094,189.72820188087152,187.96485622395673,189.61923040247643,38134500
2023-11-22,189.52020263671875,191.12504193836494,189.04469749475615,189.69852651247717,39617700
2023-11-24,188.19271850585938,189.11401054524026,187.47945332619432,189.08429242242372,24048300
2023-11-27,188.01438903808594,188.88616092409407,187.13271615011263,188.14317764380084,40552600
2023-11-28,188.61871337890625,189.29235952290682,187.62806884410938,188.00451860446373,38415400
2023-11-29,187.59832763671875,190.29288164913223,187.2020759179661,189.11401237919708,43014200
2023-11-30,188.17291259765625,188.53946132762457,186.42938378571617,188.06394110215783,48794400
2023-12-01,189.4508514404297,189.76784980640184,187.4596464071562,188.54936135651158,45704800
2023-12-04,187.6577606201172,188.27197042434886,185.69628894913777,188.2026180609542,43389500
2023-12-05,191.61044311523438,192.58127042048946,188.40074973234698,188.43048297188668,66628400
2023-12-06,190.52073669433594,192.93789631295678,190.3126947209947,192.63079897005184,41089700
2023-12-07,192.45249938964844,193.17566559760107,191.7788533108163,191.81848755335412,47477700
2023-12-08,193.8790283203125,194.15640755182167,191.8581052152776,192.38314555463674,53406400
2023-12-11,191.37269592285156,191.67980841318465,189.6291670567547,191.3033586686724,60943700
2023-12-12,192.88836669921875,192.89826770087802,189.92633467152928,191.27361158280868,52696900
2023-12-13,196.1079864501953,196.14760557804456,193.02708153571695,193.26482653488247,70404200
2023-12-14,196.25656127929688,197.75242887078264,194.32480773637585,196.16740691178524,66831600
2023-12-15,195.7216033935547,196.5438248679527,195.15692888170386,195.68196915621468,128538400
2023-12-18,194.05734252929688,194.7904248709577,192.57137584033416,194.2554683979516,55751900
2023-12-19,195.0975341796875,195.10743518311423,194.05735441052127,194.32483266340077,40714100
2023-12-20,193.0072784423828,195.83060632493024,193.0072784423828,195.05790478940895,52242800
2023-12-21,192.858642578125,195.23619818360498,191.6896894536902,194.26537091395173,46482500
2023-12-22,191.7887725830078,193.58183662844655,191.16466173906855,193.35397752019378,37149600
2023-12-26,191.24391174316406,192.0760494430794,191.02596875756228,191.7986702097743,28919300
2023-12-27,191.3429718017578,191.6897034098951,189.3022466284661,190.68915794498034,48087700
2023-12-28,191.76895141601562,192.8388492190412,191.36278357008254,192.32370988068791,34049900
2023-12-29,190.72874450683594,192.58124449746825,189.93622604929251,192.08592235100764,42672100
2024-01-02,183.90322875976562,186.67703614744315,182.16960103197144,185.39909638597572,82488700
2024-01-03,182.5262451171875,184.14100045386294,181.7139093893273,182.49652699212288,58414500
2024-01-04,180.2081298828125,181.37708304150152,179.18776734055538,180.44587486910356,71983600
2024-01-05,179.4849395751953,181.05015949262307,178.48439420396812,180.28737421180142,62379700
2024-01-08,183.823974609375,183.86360885082058,179.80196071659407,180.38643729162627,59144500
2024-01-09,183.4079132080078,183.41781421075365,181.0204564512382,182.19932576748687,42841800
2024-01-10,184.4480743408203,184.65610118978807,182.19930742900604,182.62529236075727,46792900
2024-01-11,183.8536834716797,185.3000308909078,181.90211286972462,184.7947925921475,49128400
2024-01-12,184.1806182861328,184.99295400827782,183.45745205458948,184.31930790747037,40477800
2024-01-16,181.91204833984375,182.53614407524432,179.2372961857114,180.4557997638508,65603000
2024-01-17,180.97091674804688,181.2185778549055,178.613193289656,179.57411959355028,47317400
2024-01-18,186.8652801513672,187.37050341346043,184.09147247948349,184.34903461223058,78005800
2024-01-19,189.7678680419922,190.15421881279246,187.05351164263914,187.55873492259758,68903000
2024-01-22,192.07603454589844,193.50256484427592,190.4612794003693,190.5009136397872,60133900
2024-01-23,193.3539581298828,193.91863266844476,192.01659731903075,193.19546652112328,42355600
2024-01-24,192.68035888671875,194.54277541900203,192.52185213587853,193.59175002999643,53631300
2024-01-25,192.3534393310547,194.43379881211092,191.30335858737243,193.3936190715828,54822100
2024-01-26,190.61978149414062,192.9378856146602,190.14427644491346,192.4524795638358,44594000
2024-01-29,189.93626403808594,190.40186815816608,187.80638442872507,190.21364328629937,47145600
2024-01-30,186.28076171875,190.00559424490717,185.71610228505008,189.15363947733223,55859400
2024-01-31,182.67481994628906,185.34957189909602,182.62529981948686,185.2901205380725,55467800
2024-02-01,185.11181640625,185.20097077595153,182.1002640289582,182.26867176596141,64885400
2024-02-02,184.11126708984375,185.5774165638072,177.57300802816712,178.1773017145222,102551700
2024-02-05,185.92413330078125,187.47945226083425,184.10135123689923,186.3897373769733,69668800
2024-02-06,187.52899169921875,187.53889270164484,185.02266252630227,185.1118168962398,43490800
2024-02-07,187.637939453125,189.26259549149862,186.8454209943015,188.85642770289712,53439000
2024-02-08,186.55813598632812,187.7667080877105,185.59720983615392,187.6181174937792,40962000
2024-02-09,187.32192993164062,188.45270503827624,186.47880163607178,187.12353611951417,45155200
2024-02-12,185.6356964111328,187.14340178579747,185.27860869437868,186.89542462514387,41781900
2024-02-13,183.54273986816406,184.70328611762721,182.02512109310902,184.26684396147397,56529500
2024-02-14,182.65994262695312,184.02878118831165,180.96378758253468,183.8204888809099,54630500
2024-02-15,182.372314453125,182.99722170980874,179.88262933424807,182.06482521105013,65434500
2024-02-16,180.8348388671875,183.35429496994237,180.2000180232841,181.9358579237584,49752500
2024-02-20,180.09091186523438,180.95386745060242,178.54353696650966,180.31904659124555,53665600
2024-02-21,180.84478759765625,181.41016764298323,179.19821564929268,180.46785747722194,41371400
2024-02-22,182.87815856933594,183.46339606563654,180.98362490692526,181.99536064224762,52292200
2024-02-23,181.0431671142578,183.5427659606793,180.75550513620703,183.51300991264986,45119700
2024-02-26,179.69415283203125,181.28119739799624,179.18826979539264,180.7654158601022,40867400
2024-02-27,181.15225219726562,182.43180748858953,178.1070858709482,179.6346334198553,54318900
2024-02-28,179.95204162597656,181.6382830805114,178.67248629654023,181.03321827875988,48953900
2024-02-29,179.28746032714844,181.09274105155225,178.07733075339527,179.80325698202418,136682600
2024-03-01,178.20626831054688,179.06922378267282,175.94471834990426,178.09715778019478,73563100
2024-03-04,173.68316650390625,175.46858951163802,172.38375378915603,174.72465821330945,81510100
2024-03-05,168.7434539794922,170.64791631173568,168.2474997741583,169.37827475690668,95132400
2024-03-06,167.75157165527344,169.85442810491517,167.31512946505867,169.67587669286206,68587700
2024-03-07,167.6325225830078,169.34851990765398,167.12665473872153,167.78130279152694,71765100
2024-03-08,169.34854125976562,172.29451084245372,167.5730316278488,167.63254371875993,76267000
2024-03-11,171.35218811035156,172.9690037589795,170.65785520874886,171.54065314121274,60139500
2024-03-12,171.8282928466797,172.62182261661565,169.62625492438514,171.74893835615396,59825400
2024-03-13,169.74530029296875,171.78862930722158,169.3782838692582,171.3720295685671,52488700
2024-03-14,171.6001739501953,172.89957168966941,170.65786388331372,171.51090581587792,72913500
2024-03-15,171.2232666015625,171.2232666015625,168.91211762701892,169.78500208375982,121752700
2024-03-18,172.3143310546875,176.2720510790249,172.1159523987632,174.14936767646017,75604200
2024-03-19,174.65525817871094,175.18096849600929,171.62993409357304,172.92933186407737,55215200
2024-03-20,177.2242889404297,177.2242889404297,173.67325471299228,174.29816190798687,53423100
2024-03-21,169.9833526611328,176.05384289670778,169.45764237357878,175.61740074055217,106181300
2024-03-22,170.885986328125,171.6497600715003,168.68394836122502,170.37018969692022,71160100
2024-03-25,169.4675750732422,170.54875171721093,168.078894077347,169.1898419011277,54288300
2024-03-26,168.33682250976562,170.03297781398425,168.20786954283594,168.62446935677252,57388400
2024-03-27,171.9076690673828,172.19533102381604,168.73356472173438,169.03114031499092,60273300
2024-03-28,170.0924530029297,170.83638432396197,169.13030061690222,170.36027251639132,65672700
2024-04-01,168.65420532226562,169.86433493378763,168.1086526063626,169.80482284392966,46240500
2024-04-02,167.47381591796875,167.96977013364764,166.86875116942764,167.71187939021036,49329500
2024-04-03,168.27728271484375,169.29894733031932,167.2159484161416,167.42424073989756,47691700
2024-04-04,167.45401000976562,170.52891745806397,167.45401000976562,168.91210166538218,53704400
2024-04-05,168.2078399658203,169.01128340394683,167.58293278713433,168.217753601793,42104800
2024-04-08,167.0869903564453,167.83092176064616,166.87869803905005,167.6622991252661,37425500
2024-04-09,168.29710388183594,168.70378997636425,166.98779260608748,167.33495148030394,42373800
2024-04-10,166.42242431640625,167.72182216558926,165.75784736817235,167.43417533006158,49709300
2024-04-11,173.6236572265625,174.040272115757,166.7993370367697,166.97787330186227,91070300
2024-04-12,175.12142944335938,176.91678120926676,172.80036744109194,172.84995075238103,101670900
2024-04-15,171.29269409179688,175.2008162956038,171.10422904105639,173.94108816854134,73531800
2024-04-16,168.0094757080078,172.35402488220237,166.9084566077323,170.360294137519,73711200
2024-04-17,166.640625,169.26917642354965,166.640625,168.2375982616629,50901200
2024-04-18,165.68836975097656,167.2754292189987,165.20234432957687,166.67036449953886,43122900
2024-04-19,163.66490173339844,165.05356757276493,162.7523477339115,164.86511767231858,68149400
2024-04-22,164.49810791015625,165.9066162144586,163.43677364744048,164.18070504913473,48116400
2024-04-23,165.5495147705078,165.69831011966792,163.58554027123327,164.01206877643943,49537800
2024-04-24,167.65237426757812,167.93010742906517,164.86511388137603,165.19243035823263,48251800
2024-04-25,168.51535034179688,169.22952573993217,166.7894239404159,168.15826264272923,50558300
2024-04-26,167.93011474609375,169.95360145871248,167.81107543218243,168.50542350147623,44838400
2024-04-29,172.09613037109375,174.60565774723543,171.69937301226366,171.9671774185786,68169400
2024-04-30,168.9517822265625,173.57407962239418,168.6244505944639,171.92750782528833,65934800
2024-05-01,167.93011474609375,171.31252641733016,167.74164970644674,168.20784791968214,50383100
2024-05-02,171.6299285888672,172.0167723030629,169.50724497899176,171.11413192483198,94214900
2024-05-03,181.89617919921875,185.48688300008854,181.1820038934194,185.13970898312533,163224100
2024-05-06,180.23971557617188,182.70955826534143,178.9601450261929,180.8745364649345,78569700
2024-05-07,180.9241180419922,183.40388947971314,179.8528700999816,181.96562507289974,77305800
2024-05-08,181.26138305664062,181.58871471095884,179.98181248654907,181.37049360808004,45057100
2024-05-09,183.07655334472656,183.16582147443802,180.6364518520254,181.08280763590477,48983000
2024-05-10,181.81512451171875,183.84135574437508,180.9013327671207,183.6526350835399,50759500
2024-05-13,185.02333068847656,185.8378061410755,183.37452561798457,184.18900107058352,72044800
2024-05-14,186.16558837890625,187.02972965761612,185.03327943466695,186.2450505169401,52393600
2024-05-15,188.4401397705078,189.3638586651008,186.1059869360216,186.64235255391958,70400000
2024-05-16,188.55929565429688,189.81080512810087,188.38051724709635,189.18505039119887,52845200
2024-05-17,188.589111328125,189.52277241007562,187.90376371878457,188.23153932133224,41282900
2024-05-20,189.75120544433594,190.62527366658756,187.73490137733788,188.052749878466,44361300
2024-05-21,191.05239868164062,191.42982486744873,189.63203768676544,189.80088903544183,42309400
2024-05-22,189.61216735839844,191.51922822288097,188.9864276944718,190.97293553544338,34648500
2024-05-23,185.61929321289062,189.7114944206788,185.370979738518,189.69162509909052,51005900
2024-05-24,188.69834899902344,189.2943073297369,186.77143423967982,187.54618613194728,36327000
2024-05-28,188.70834350585938,191.6980327575247,187.82434800248632,190.2180787583669,52280100
2024-05-29,189.0062713623047,190.95305560689752,188.2315345598267,188.33086600869876,53068000
2024-05-30,189.99952697753906,190.88352231957748,189.34399093884022,189.47310363654154,49889100
2024-05-31,190.95306396484375,191.2709124904654,188.62885345568,190.1485307236603,75158300
2024-06-03,192.72103881835938,193.67456916074488,191.22123099586668,191.5986571441052,50080500
2024-06-04,193.0388946533203,194.0023521144802,191.72779227719917,193.32693160548868,47471400
2024-06-05,194.54864501953125,195.571695368637,193.55539107625557,194.0818144537235,54156800
2024-06-06,193.16799926757812,195.17437623382352,192.8600930073616,194.36984306207057,41181800
2024-06-07,195.56175231933594,195.6114180436154,192.83030419832767,193.33685821193552,53103900
2024-06-10,191.81716918945312,195.96897795846326,190.8537117900643,195.5716673445734,97010200
2024-06-11,205.75254821777344,205.76249045694837,192.32376582143226,192.34361998807736,172373300
2024-06-12,211.6326141357422,218.7145040828182,205.50422428227435,205.97105482418652,198134300
2024-06-13,212.79470825195312,215.28776993558532,210.17251871917932,213.29133517221976,97862700
2024-06-14,211.0565185546875,213.71843162956222,209.874544034183,212.40734441299963,70122700
2024-06-17,215.20831298828125,217.47293058672338,211.28496325493592,211.93057220447776,93728300
2024-06-18,212.8443603515625,217.15509356895643,211.56306955662498,216.12210108008887,79943300
2024-06-20,208.26547241210938,212.79472296910444,207.4410850045998,212.48680152632818,86172500
2024-06-21,206.0902557373047,210.4605668046439,205.71281440805072,208.9706859649803,241805100
2024-06-24,206.73585510253906,211.2650902197957,205.1963086085621,206.3186903055129,80727000
2024-06-25,207.6595916748047,209.95400566525086,207.20268823087267,207.73903864641352,55549700
2024-06-26,211.8114013671875,213.41054080672134,209.2190079939271,210.07320698316605,66213200
2024-06-27,212.65567016601562,214.28460598729217,210.91747580739147,213.24168634094727,49772700
2024-06-28,209.19912719726562,214.6123729638464,208.8812938369491,214.31439376890182,82542700
2024-07-01,215.2877655029297,216.04263295008636,210.49034773322808,210.65919906394006,60402900
2024-07-02,218.78402709960938,218.89328562800327,213.6489065767971,214.6918109818244,58046200
2024-07-03,220.05538940429688,220.05538940429688,217.55238550522975,218.51584293427166,37369800
2024-07-05,224.8130645751953,224.92232310094593,220.1547017635972,220.1547017635972,60412400
2024-07-08,226.28309631347656,226.31289271610447,221.743919005718,225.55801010059582,59085900
2024-07-09,227.13729858398438,227.85244261706796,224.84288445944628,226.39235814584333,48076100
2024-07-10,231.4082794189453,231.50761086701095,227.70344677503346,227.75311249906628,62627700
2024-07-11,226.0347900390625,230.82226580227746,224.2469300453064,229.82901193417422,64710600
2024-07-12,228.98475646972656,231.07059580434316,227.13730353661973,227.3756899381295,53046500
2024-07-15,232.81871032714844,235.62962070976812,231.5175501306247,234.88468027763452,62631300
2024-07-16,233.2358856201172,234.67610072880163,230.76267797901863,233.41466404542834,43234300
2024-07-17,227.33595275878906,229.8985495862513,225.11105861290636,227.90209958898402,57345900
2024-07-18,222.6676483154297,228.88542732552744,220.7705449165008,228.7265030667722,66034600
2024-07-19,222.7967987060547,225.27000658209923,221.773748315095,223.30336793759506,49151500
2024-07-22,222.44915771484375,226.24337986146955,221.58501648633228,225.47857008869346,48201800
2024-07-23,223.49205017089844,225.40903804109774,221.17776681088287,222.8563682936816,39960300
2024-07-24,217.06568908691406,223.28346786979841,215.66521268088363,222.48886176091068,61777600
2024-07-25,216.0227813720703,219.36011485373604,213.17213256832727,217.45305415919788,51391200
2024-07-26,216.4896240234375,218.0093012590926,214.55276681781487,217.22462220056258,41601300
2024-07-29,216.76773071289062,217.82057739339885,214.2945231128628,215.49636696784094,36311800
2024-07-30,217.32394409179688,218.84362126060284,214.66201590891492,217.71131248471113,41643800
2024-07-31,220.58180236816406,222.3100694099872,219.14158741123643,219.9461205520653,50036300
2024-08-01,216.88693237304688,222.96564167600837,215.55597572208578,222.8563831356547,62501000
2024-08-02,218.3767852783203,224.07806765618477,216.24129562954897,217.6715683981697,105568600
2024-08-05,207.85824584960938,212.0597055615941,194.6777624827749,197.74691336614487,119548600
2024-08-06,205.83200073242188,208.5733911865651,199.7135682482994,203.91502798694503,69660500
2024-08-07,208.40452575683594,212.1987475040528,204.9976572409954,205.50421123787663,63516400
2024-08-08,211.87100219726562,212.75499762550604,207.42122864939222,211.67235443417223,47161100
2024-08-09,214.78123474121094,215.31758519349225,210.5400362270979,210.66916408754707,42201600
2024-08-12,216.31260681152344,218.28152162650582,214.39341520959198,214.86078610016068,38028100
2024-08-13,220.03167724609375,220.64820259017597,217.7843155173404,217.7843155173404,44155300
2024-08-14,220.4791717529297,221.78183806687042,218.4704721927748,219.33561365974072,41960600
2024-08-15,223.46237182617188,224.08885093177264,221.51333414952188,223.3430482530648,46414000
2024-08-16,224.784912109375,225.56054561825633,222.39833462763832,222.6668278186797,44340200
2024-08-19,224.62582397460938,224.72527040192085,221.791767703572,224.4567771868955,40687800
2024-08-20,225.24234008789062,225.89865006504533,224.18827476461456,224.50649118022673,30299000
2024-08-21,225.13294982910156,226.70410920432383,223.7905141872767,225.25228856886343,34765500
2024-08-22,223.27340698242188,227.0620817257826,222.64692794903723,226.51515678976367,43695300
2024-08-23,225.5705108642578,226.9427926991927,223.07456326985692,224.39712188969804,38677300
2024-08-26,225.90858459472656,226.00803101617393,222.6370036872603,225.490936936756,30602200
2024-08-27,226.7538299560547,227.569248113113,223.63140355832627,224.73519205544582,35934600
2024-08-28,225.2224884033203,228.5736238520892,224.4170087002654,226.64447834118403,38052200
2024-08-29,228.50399780273438,231.61648594304322,227.5991020536236,228.8122756660522,51906300
2024-08-30,227.7184295654297,229.1105885676507,226.20693181059323,228.9017723040151,52990800
2024-09-03,221.52328491210938,227.71841483123856,219.9322331496077,227.27093626472063,50190600
2024-09-04,219.61402893066406,220.53881694406624,216.2628786668988,220.41949337418052,43840200
2024-09-05,221.13548278808594,224.2181249188319,220.28029506440387,220.38968006999326,36615400
2024-09-06,219.58419799804688,223.97945984429646,218.54007124155592,222.69667077468378,48423000
2024-09-09,219.6737060546875,220.03169196273555,215.49721390972365,219.58421337102425,67180000
2024-09-10,218.87815856933594,220.24048653111632,215.5170698289156,217.69481595725216,51591000
2024-09-11,221.4138946533203,221.8414808899648,216.670585544778,220.22061344649163,44587100
2024-09-12,221.52328491210938,222.29891847364556,218.5897974500539,221.25479170284098,37455600
2024-09-13,221.25479125976562,222.78616606005667,220.66809680320824,222.32874892129448,36766600
2024-09-16,215.10939025878906,216.00434741371936,212.72281255665072,215.32814508742544,59357400
2024-09-17,215.5767364501953,215.6861214463737,213.2995590231644,214.54256344637628,45519300
2024-09-18,219.45492553710938,221.46362499015893,216.322545198334,216.33249894497217,59894900
2024-09-19,227.58914184570312,228.53383738270648,223.37288038958053,223.7308662842885,66781300
2024-09-20,226.92288208007812,231.78551472560144,226.34612621296694,228.68298057338347,318679900
2024-09-23,225.2025604248047,228.16587858738447,224.54625047736963,226.06768660880982,54146000
2024-09-24,226.09751892089844,228.06644877557946,224.46669778796843,227.37035418692216,43556100
2024-09-25,225.10313415527344,226.0179836305296,222.76629484001745,223.67119056847437,42308700
2024-09-26,226.2467041015625,227.22121534991766,224.14851196557498,226.02793410267134,36636700
2024-09-27,226.51516723632812,228.2354962210898,226.02791923090672,227.18143093581907,34026000
2024-09-30,231.696044921875,231.696044921875,228.36478670449856,228.75260351180964,54541900
2024-10-01,224.9440460205078,228.364781673884,222.48786790384585,228.23551952322458,63285000
2024-10-02,225.51084899902344,226.09754348610434,221.77189689552054,224.62583039487592,32880600
2024-10-03,224.4070587158203,225.5406782135141,222.07021935855937,223.8800260213992,34044200
2024-10-04,225.53073120117188,226.72401244250622,222.87567550784985,226.6245660168141,37245100
2024-10-07,220.4493408203125,224.42695529805295,220.09135491038006,223.24361256318196,39505400
2024-10-08,224.50648498535156,224.7153012256155,222.0005838884303,223.0447106099303,31855700
2024-10-09,228.25537109375,228.46420250356093,223.57173913909054,223.9694944669103,33591100
2024-10-10,227.7581787109375,228.21561101279016,225.89864895817115,226.50523572074002,28183500
2024-10-11,226.27655029296875,228.1261416619367,226.06771885321956,228.01675665509578,31759200
2024-10-14,230.0055694580078,230.43315574832752,227.320682612259,227.42011387416335,39882100
2024-10-15,232.54127502441406,236.16090332060597,231.0695468532438,232.30261271123658,64751400
2024-10-16,230.4828643798828,230.82095796107367,228.5537189749549,230.30387901574463,34082200
2024-10-17,230.85079956054688,232.54129789168553,229.22993194101554,232.12363500920497,32993800
2024-10-18,233.68484497070312,234.8582339303053,232.70037994861724,234.8582339303053,46431500
2024-10-21,235.15655517578125,235.52449481958178,233.13791711516282,233.13791711516282,36254500
2024-10-22,234.54000854492188,234.8979944094582,231.29825861907142,232.58103244918055,38846600
2024-10-23,229.46856689453125,233.82405947286142,226.4853561254601,232.76999409553275,52287000
2024-10-24,229.27963256835938,229.52823345451665,227.131717270346,228.69292294524882,31109500
2024-10-25,230.1149444580078,231.91481257552053,228.2852454458818,228.4542922398222,38802300
2024-10-28,232.09378051757812,233.41633904858514,231.24854661133642,232.01424158684446,36087100
2024-10-29,232.36228942871094,233.01859945208068,231.01985366097637,231.7954872619061,35417200
2024-10-30,228.81227111816406,232.1634063461827,228.2653461113998,231.30821865562254,47070900
2024-10-31,224.6457061767578,228.5437662121666,224.10871977089283,228.05650301771783,64370100
2024-11-01,221.66249084472656,224.08883784550613,219.03726617591775,219.7333456007168,65276700
2024-11-04,220.76751708984375,221.54315061130296,218.4804011628397,219.75323643771605,44944500
2024-11-05,222.19947814941406,222.6966799421733,219.90240829460964,220.55871830266648,28111300
2024-11-06,221.4735565185547,224.80481443000403,219.95212032394844,221.36417152277414,54561100
2024-11-07,226.20692443847656,226.6046949785728,223.31322152292373,223.37288331058951,42137700
2024-11-08,225.93814086914062,227.63048374280507,225.39061415381417,226.1471868576639,38328800
2024-11-11,223.2204132080078,224.6837958336773,220.5027091275161,223.98695058099833,42005600
2024-11-12,223.2204132080078,224.57429049467865,222.35433519325588,223.53897971785378,40398300
2024-11-13,224.10641479492188,225.62952490733255,221.75703985190805,223.00141185159572,48566200
2024-11-14,227.19244384765625,227.83951115568564,223.98694063754752,224.00685484105065,44923900
2024-11-15,223.98695373535156,225.89830725108274,223.26024476090137,225.38064426033654,47923700
2024-11-18,226.99337768554688,228.70563485331775,224.15620331601912,224.2358449505769,44633700
2024-11-19,227.25218200683594,229.12372228231885,225.63948081886542,225.9580321395358,36211800
2024-11-20,227.96896362304688,228.89476915350485,224.87296529986398,227.03319339435467,35169600
2024-11-21,227.49111938476562,229.1237348668511,224.69377351516385,227.8494991340082,42108300
2024-11-22,228.83502197265625,229.68120098473537,227.0331737980822,227.0331737980822,38168300
2024-11-25,231.82151794433594,232.19981188776785,228.70562083004268,230.41787789282506,90152800
2024-11-26,234.00167846679688,234.50939199708804,232.2794717613211,232.2794717613211,45986200
2024-11-27,233.8722381591797,234.6288260383393,232.75728573526553,233.41431778082386,33498400
2024-11-29,236.26144409179688,236.73927868022366,232.91657159263394,233.75278591990275,28481400
2024-12-02,238.5112762451172,239.70587037671794,236.0922242678823,236.2017296160342,48137100
2024-12-03,241.55747985839844,241.66698519896212,237.82436396202866,238.73027039850206,38861000
2024-12-04,241.91587829589844,243.01093178619982,240.16380790150487,241.7765092325954,44383900
2024-12-05,241.9457244873047,243.43897085315564,241.0398332364883,242.891459337747,40033900
2024-12-06,241.7466278076172,243.52857697582414,240.99005511798387,241.81631992920728,36870600
2024-12-09,245.63902282714844,246.1268220997756,240.66153502923254,240.74117665680967,44649200
2024-12-10,246.65443420410156,247.09245556004478,244.23536723926503,245.7783914922151,36914800
2024-12-11,245.38021850585938,249.67081089954078,245.15124311202538,246.84360125039836,45205800
2024-12-12,246.84359741210938,247.62008434324935,244.57384885559844,245.77840766369866,32777500
2024-12-13,247.0128173828125,248.16758302178013,245.13132757947596,246.70421556592945,33155300
2024-12-16,249.90972900390625,250.24820975700106,246.53499250196242,246.8734732550572,51694800
2024-12-17,252.33872985839844,252.68716009783537,248.655391740455,248.95404406138837,51356400
2024-12-18,246.9331817626953,253.13512753347695,246.62457993830327,251.02467749046986,56774100
2024-12-19,248.6653289794922,250.86538527206417,245.9774886038804,246.38564624934875,60882300
2024-12-20,253.34417724609375,253.8518755287198,244.58379575845774,246.92320588947405,147495300
2024-12-23,254.1206817626953,254.49896052911285,252.30886880268173,253.62293295259332,40858800
2024-12-24,257.0374755859375,257.0474099027653,254.14055892454206,254.3396705835317,23234700
2024-12-26,257.8537902832031,258.9289447577566,256.4700643478404,257.02754060124687,27237100
2024-12-27,254.43922424316406,257.53523753189216,251.92061656694878,256.66912911312295,42355300
2024-12-30,251.06448364257812,252.35863351915538,249.6210152068174,251.09434735441482,35557500
2024-12-31,249.29251098632812,252.1396347735265,248.30696287880588,251.30342042234355,39480700
