DATE,TIME,HOME TEAM,AWAY TEAM,HOME PER,DRAW PER,AWAY PER,HOME ODD,DRAW ODD,AWAY ODD,1X2 TIP,UNDER 2.5,OVER 2.5,OVER2.5 ODD,UNDER2.5 ODD,OVRUND TIP,BTS,OTS,BTS ODD,OTS ODD,BTTS TIP,HOME SCORE,AWAY SCORE,NAME
2025-08-16,00:00,Amazonas AM , America MG,42.0,25.0,33.0,2.75,2.9,2.8,4.0,58.0,42.0,2.5,1.5,0.0,50,50,2.1,1.67,0.0,2,2,PREMATIPS
2025-08-16,00:00,Boston River , Penarol,30.0,32.0,38.0,3.3,3.0,2.15,6.0,34.0,66.0,2.4,1.53,1.0,47,53,2.1,1.67,0.0,2,1,PREMATIPS
2025-08-16,01:00,Racing Club , Tigre Victoria,39.0,34.0,27.0,2.2,3.0,3.75,1.0,73.0,27.0,2.7,1.44,0.0,37,63,2.2,1.62,0.0,1,2,PREMATIPS
2025-08-16,01:00,Union La Calera , Dep. La Serena,48.0,18.0,34.0,2.15,3.2,3.25,1.0,55.0,45.0,2.4,1.53,0.0,52,48,2.1,1.67,1.0,1,1,PREMATIPS
2025-08-16,01:00,Delfin Manta , El Nacional,31.0,42.0,27.0,1.9,3.4,4.0,4.0,56.0,44.0,2.08,1.73,0.0,50,50,1.91,1.8,0.0,0,3,PREMATIPS
2025-08-16,01:10,Ferro C. Oeste , Atl. Colegiales,29.0,37.0,34.0,1.91,3.0,4.75,6.0,79.0,21.0,3.4,1.33,0.0,26,74,2.75,1.4,0.0,1,0,PREMATIPS
2025-08-16,01:30,Anzoategui FC , Est. de Merida,48.0,5.0,47.0,2.25,3.1,2.85,1.0,57.0,43.0,2.1,1.63,0.0,44,56,1.88,1.8,0.0,0,1,PREMATIPS
2025-08-16,02:00,Gimnasia y Tiro , Deportivo Maipu,34.0,37.0,29.0,2.15,2.88,4.0,4.0,79.0,21.0,3.5,1.3,0.0,36,64,2.75,1.4,0.0,1,0,PREMATIPS
2025-08-16,02:00,Sp. San Jose , San Carlos,32.0,3.0,65.0,1.69,3.7,4.33,2.0,52.0,48.0,2.08,1.73,0.0,46,54,2.0,1.73,0.0,1,1,PREMATIPS
2025-08-16,02:00,Puebla , Atl. San Luis,45.0,3.0,52.0,2.05,3.6,3.5,2.0,41.0,59.0,1.88,1.93,1.0,51,49,1.75,2.0,1.0,0,2,PREMATIPS
2025-08-16,02:00,Alebrijes Oaxaca , Cancun,29.0,32.0,39.0,3.5,3.3,1.85,6.0,36.0,64.0,1.83,1.85,1.0,52,48,1.75,1.95,1.0,0,1,PREMATIPS
2025-08-16,02:00,Correcaminos , Leones Negros,27.0,49.0,24.0,2.65,3.25,2.25,4.0,70.0,30.0,1.75,1.93,0.0,69,31,1.63,2.1,1.0,1,2,PREMATIPS
2025-08-16,02:00,Sport Boys , Dep. Garcilaso,16.0,46.0,38.0,1.7,3.6,5.0,6.0,67.0,33.0,2.2,1.65,0.0,33,67,2.1,1.67,0.0,0,1,PREMATIPS
2025-08-16,03:00,Eastern Suburbs , Wellington Ol.,35.0,28.0,37.0,2.5,3.8,2.15,5.0,31.0,69.0,1.34,2.95,1.0,70,30,1.31,3.18,1.0,1,1,PREMATIPS
2025-08-16,04:00,Atletico La Paz , Zacatecas,5.0,83.0,12.0,3.2,3.4,1.93,6.0,70.0,30.0,1.71,1.98,0.0,52,48,1.65,2.1,1.0,1,2,PREMATIPS
2025-08-16,04:05,Necaxa , Leon,59.0,25.0,16.0,1.85,3.8,3.9,1.0,49.0,51.0,1.7,2.1,1.0,68,32,1.62,2.2,1.0,0,1,PREMATIPS
2025-08-16,06:00,Consadole Sap. , Blaublitz Akita,46.0,19.0,35.0,2.2,3.4,3.1,4.0,45.0,55.0,1.95,1.85,1.0,62,38,1.8,1.91,1.0,0,2,PREMATIPS
2025-08-16,09:00,Cartagena , Elche Ilicitano,43.0,35.0,22.0,1.45,3.8,6.34,1.0,53.0,47.0,1.95,1.75,0.0,44,56,2.1,1.65,0.0,2,1,PREMATIPS
2025-08-16,09:15,Viktoria Zizkov , Ceske Budejovice,83.0,9.0,8.0,1.53,4.0,5.0,1.0,39.0,61.0,1.6,2.3,1.0,50,50,1.67,2.1,1.0,0,1,PREMATIPS
2025-08-16,09:30,Bhayangkara , PSM Makassar,36.0,32.0,32.0,2.15,3.2,2.9,0.0,85.0,15.0,1.88,1.8,0.0,51,49,1.73,1.95,1.0,1,1,PREMATIPS
2025-08-16,09:30,Persik Kediri , Madura Utd,37.0,31.0,32.0,2.15,3.25,2.87,5.0,52.0,48.0,1.87,1.82,0.0,84,16,1.73,1.95,1.0,1,2,PREMATIPS
2025-08-16,09:30,Persita Tangerang , Persebaya,30.0,32.0,38.0,3.3,3.25,1.95,6.0,52.0,48.0,1.95,1.75,0.0,18,82,1.82,1.87,0.0,0,1,PREMATIPS
2025-08-16,09:30,PSIM Yogyakarta , Arema Malang,36.0,31.0,33.0,2.25,3.25,2.7,5.0,52.0,48.0,1.8,1.88,0.0,51,49,1.68,2.05,1.0,1,1,PREMATIPS
2025-08-16,10:00,Osasuna B , Mutilvera,41.0,32.0,27.0,1.64,3.71,4.36,1.0,48.0,52.0,1.74,1.95,1.0,52,48,1.75,1.94,1.0,1,2,PREMATIPS
2025-08-16,10:00,Real Oviedo B , Caudal Dep.,40.0,32.0,28.0,1.72,3.58,4.05,1.0,48.0,52.0,1.75,1.94,1.0,53,47,1.73,1.98,1.0,3,5,PREMATIPS
2025-08-16,10:00,SD Logrones , Tudelano,37.0,31.0,32.0,2.05,3.3,2.95,5.0,49.0,51.0,1.77,1.93,1.0,55,45,1.66,2.05,1.0,0,2,PREMATIPS
2025-08-16,10:00,Kashima Antlers , Avispa Fukuoka,49.0,18.0,33.0,2.05,3.2,3.9,1.0,57.0,43.0,2.5,1.5,0.0,46,54,2.1,1.67,0.0,1,1,PREMATIPS
2025-08-16,10:00,Kataller Toyama , Imabari,25.0,33.0,42.0,4.0,3.4,1.9,2.0,59.0,41.0,2.08,1.73,0.0,44,56,1.91,1.8,0.0,1,2,PREMATIPS
2025-08-16,10:00,Mito HollyHock , Jubilo Iwata,39.0,34.0,27.0,1.95,3.3,3.9,4.0,51.0,49.0,1.98,1.83,0.0,51,49,1.73,2.0,1.0,1,3,PREMATIPS
2025-08-16,10:30,Barakaldo , Real Union,38.0,32.0,30.0,1.97,3.27,3.37,4.0,55.0,45.0,2.01,1.69,0.0,49,51,1.85,1.84,0.0,3,3,PREMATIPS
2025-08-16,10:30,Talavera , Linares Dep.,36.0,32.0,32.0,2.17,3.12,2.97,0.0,56.0,44.0,2.06,1.64,0.0,49,51,1.87,1.81,0.0,3,0,PREMATIPS
2025-08-16,10:30,Shimizu S, Yokohama F M.,54.0,26.0,20.0,2.15,3.6,3.1,1.0,59.0,41.0,1.7,2.1,0.0,42,58,1.57,2.25,0.0,1,3,PREMATIPS
2025-08-16,10:30,Ufa , Rodina Moscow,33.0,32.0,35.0,2.84,3.12,2.47,5.0,74.0,26.0,2.25,1.6,0.0,59,41,1.9,1.8,1.0,0,0,PREMATIPS
2025-08-16,11:00,Albirex Niigata , Kawasaki Front.,16.0,35.0,49.0,4.0,3.6,1.85,2.0,45.0,55.0,1.8,2.0,1.0,56,44,1.7,2.05,1.0,1,1,PREMATIPS
2025-08-16,11:00,Kyoto Sanga , Tokyo Verdy,41.0,35.0,24.0,2.05,3.1,3.9,4.0,56.0,44.0,2.4,1.53,0.0,44,56,2.05,1.7,0.0,1,0,PREMATIPS
2025-08-16,11:00,Machida Zelvia , Cerezo Osaka,44.0,22.0,34.0,1.95,3.5,3.8,4.0,48.0,52.0,1.85,1.95,1.0,51,49,1.75,2.0,1.0,3,0,PREMATIPS
2025-08-16,11:00,S. Hiroshima , Gamba Osaka,46.0,23.0,31.0,1.7,3.75,4.75,4.0,59.0,41.0,1.95,1.85,0.0,40,60,1.91,1.91,0.0,1,0,PREMATIPS
2025-08-16,11:00,Shonan Bellmare , Tokyo,33.0,25.0,42.0,3.1,3.4,2.25,6.0,55.0,45.0,1.9,1.9,0.0,42,58,1.7,2.05,0.0,2,2,PREMATIPS
2025-08-16,11:00,Urawa Red Diam. , Nagoya Grampus,51.0,23.0,26.0,2.0,3.2,4.0,1.0,49.0,51.0,2.4,1.53,1.0,56,44,2.05,1.7,1.0,2,1,PREMATIPS
2025-08-16,11:00,Vissel Kobe , Yokohama FC,67.0,19.0,14.0,1.53,3.8,6.5,1.0,59.0,41.0,2.08,1.73,0.0,42,58,2.1,1.67,0.0,0,1,PREMATIPS
2025-08-16,11:00,JEF Utd Chiba , Tokushima Vortis,35.0,32.0,33.0,2.63,3.1,2.7,5.0,71.0,29.0,2.4,1.53,0.0,38,62,2.1,1.67,0.0,1,0,PREMATIPS
2025-08-16,11:00,M. Yamagata , Iwaki FC,36.0,28.0,36.0,2.63,3.25,2.63,5.0,50.0,50.0,1.95,1.85,0.0,59,41,1.73,2.0,1.0,1,0,PREMATIPS
2025-08-16,11:00,Renofa Yamaguchi , Vegalta Sendai,14.0,42.0,44.0,3.4,3.0,2.25,6.0,63.0,37.0,2.4,1.53,0.0,47,53,2.0,1.73,0.0,2,2,PREMATIPS
2025-08-16,11:00,Roasso Kumamoto , Fujieda MYFC,31.0,32.0,37.0,2.1,3.4,3.3,6.0,54.0,46.0,1.9,1.9,0.0,51,49,1.73,2.0,1.0,2,1,PREMATIPS
2025-08-16,11:00,Felgueiras 1932 , Maritimo,38.0,32.0,30.0,1.97,3.27,3.41,4.0,50.0,50.0,1.94,1.75,0.0,20,80,1.79,1.89,0.0,0,1,PREMATIPS
2025-08-16,11:00,Jeonbuk Motors , Daegu,56.0,33.0,11.0,1.38,5.0,7.0,1.0,44.0,56.0,1.53,2.4,1.0,58,42,1.73,2.0,1.0,3,0,PREMATIPS
2025-08-16,11:00,Chungbuk Cheongju , Hwaseong FC,33.0,27.0,40.0,2.4,3.2,2.7,6.0,53.0,47.0,2.25,1.62,0.0,51,49,1.91,1.8,1.0,1,1,PREMATIPS
2025-08-16,11:00,Gimpo , Suwon Bluewings,28.0,28.0,44.0,3.2,3.3,2.1,0.0,51.0,49.0,1.88,1.93,0.0,53,47,1.73,2.0,1.0,3,1,PREMATIPS
2025-08-16,11:00,Oleksandriya , Metalist 1925,35.0,32.0,33.0,2.55,3.2,2.7,5.0,70.0,30.0,2.15,1.62,0.0,30,70,1.9,1.78,0.0,1,4,PREMATIPS
2025-08-16,11:00,Met. Zaporizhya , Podillya,33.0,32.0,35.0,2.7,3.0,2.37,5.0,86.0,14.0,2.25,1.55,0.0,12,88,1.98,1.72,0.0,1,1,PREMATIPS
2025-08-16,11:30,BATE Borisov , FC Molodechno,72.0,19.0,9.0,1.46,4.1,5.5,1.0,50.0,50.0,1.7,2.0,1.0,42,58,1.87,1.82,0.0,2,1,PREMATIPS
2025-08-16,11:30,Tianjin J. Tiger , Dalian Yingbo,37.0,36.0,27.0,1.9,3.4,4.1,4.0,51.0,49.0,1.9,1.9,0.0,52,48,1.75,2.0,1.0,2,0,PREMATIPS
2025-08-16,11:30,Gyeongnam ,Land,26.0,26.0,48.0,3.4,3.6,1.9,0.0,49.0,51.0,1.73,2.08,1.0,53,47,1.67,2.1,1.0,1,1,PREMATIPS
2025-08-16,12:00,Changchun Yatai , Meizhou Hakka,31.0,28.0,41.0,2.2,3.4,3.2,6.0,33.0,67.0,1.7,2.1,1.0,64,36,1.57,2.25,1.0,1,0,PREMATIPS
2025-08-16,12:00,Qingdao W. Coast , Beijing Guoan,21.0,39.0,40.0,3.8,3.9,1.8,2.0,43.0,57.0,1.53,2.4,1.0,61,39,1.53,2.38,1.0,1,3,PREMATIPS
2025-08-16,12:00,Kolding , Lyngby,57.0,7.0,36.0,2.25,3.25,3.1,1.0,62.0,38.0,2.0,1.8,0.0,50,50,1.73,2.0,1.0,2,3,PREMATIPS
2025-08-16,12:00,Asker , Tromsdalen,27.0,22.0,51.0,3.59,4.1,1.7,2.0,36.0,64.0,1.39,2.74,1.0,63,37,1.41,2.58,1.0,2,2,PREMATIPS
2025-08-16,12:00,Levanger , Rana FK,47.0,27.0,26.0,1.37,4.8,5.75,1.0,47.0,53.0,1.4,2.75,1.0,56,44,1.6,2.2,1.0,0,2,PREMATIPS
2025-08-16,12:00,Stjordals Blink , Eidsvold TF,32.0,19.0,49.0,1.98,3.6,2.95,2.0,32.0,68.0,1.44,2.6,1.0,67,33,1.42,2.65,1.0,2,1,PREMATIPS
2025-08-16,12:00,Suwon FC , Ulsan HD,34.0,30.0,36.0,3.25,3.6,2.1,5.0,52.0,48.0,1.7,2.1,0.0,58,42,1.62,2.2,1.0,4,2,PREMATIPS
2025-08-16,12:00,Incheon Utd , Seongnam,51.0,24.0,25.0,1.57,3.8,5.0,1.0,60.0,40.0,2.1,1.7,0.0,44,56,2.1,1.67,0.0,1,2,PREMATIPS
2025-08-16,12:00,Ostersund , Sundsvall,31.0,28.0,41.0,2.2,3.3,3.2,6.0,54.0,46.0,2.1,1.7,0.0,50,50,1.91,1.91,1.0,1,3,PREMATIPS
2025-08-16,12:00,Stockholm Inter. , Karlbergs BK,49.0,18.0,33.0,1.42,4.33,5.75,1.0,49.0,51.0,1.66,2.05,1.0,60,40,1.87,1.82,1.0,3,1,PREMATIPS
2025-08-16,12:00,Йоребро Сир. , Hammarby TFF,25.0,16.0,59.0,5.25,4.0,1.47,2.0,41.0,59.0,1.68,2.05,1.0,64,36,1.82,1.87,1.0,0,2,PREMATIPS
2025-08-16,12:00,Eskilsminne IF , Lund,23.0,33.0,44.0,3.0,3.4,2.0,6.0,43.0,57.0,1.68,2.05,1.0,52,48,1.61,2.15,1.0,2,1,PREMATIPS
2025-08-16,12:00,Oskarshamns AIK , Hassleholms IF,30.0,26.0,44.0,2.75,3.25,2.2,6.0,48.0,52.0,1.85,1.83,1.0,46,54,1.71,1.98,0.0,1,4,PREMATIPS
2025-08-16,12:00,Skovde , Norrby,28.0,37.0,35.0,3.9,3.7,1.68,6.0,45.0,55.0,1.6,2.15,1.0,54,46,1.61,2.15,1.0,2,4,PREMATIPS
2025-08-16,12:00,PT Prachuap , BG Pathum Utd,34.0,30.0,36.0,2.65,3.5,2.15,5.0,95.0,5.0,1.57,2.25,0.0,33,67,1.52,2.35,0.0,2,2,PREMATIPS
2025-08-16,12:00,Nam Dinh , Hai Phong,41.0,35.0,24.0,1.61,3.2,5.25,1.0,95.0,5.0,1.72,1.98,0.0,33,67,1.7,2.0,0.0,2,1,PREMATIPS
2025-08-16,12:30,Aston Villa , Newcastle Utd,37.0,30.0,33.0,2.25,3.6,3.0,5.0,67.0,33.0,1.67,2.2,0.0,33,67,1.53,2.38,0.0,0,0,PREMATIPS
2025-08-16,12:30,Derby County , Coventry City,32.0,32.0,36.0,3.1,3.2,2.38,0.0,53.0,47.0,2.3,1.62,0.0,52,48,1.91,1.8,1.0,3,5,PREMATIPS
2025-08-16,12:30,Portsmouth , Norwich City,35.0,32.0,33.0,2.6,3.4,2.63,5.0,53.0,47.0,2.0,1.85,0.0,52,48,1.73,2.0,1.0,1,2,PREMATIPS
2025-08-16,12:30,Wrexham , West Bromwich,33.0,33.0,34.0,2.75,3.2,2.63,0.0,53.0,47.0,2.2,1.67,0.0,52,48,1.83,1.83,1.0,2,3,PREMATIPS
2025-08-16,12:30,Burton Albion , Port Vale,68.0,7.0,25.0,3.0,3.3,2.25,1.0,34.0,66.0,2.15,1.67,1.0,65,35,1.91,1.91,1.0,0,0,PREMATIPS
2025-08-16,12:30,Exeter City , Mansfield Town,78.0,5.0,15.0,2.63,3.25,2.6,1.0,34.0,66.0,2.05,1.75,1.0,65,35,1.8,1.95,1.0,1,2,PREMATIPS
2025-08-16,12:30,Chesterfield , Bristol Rovers,86.0,5.0,9.0,1.73,3.8,4.2,1.0,71.0,29.0,1.88,1.98,0.0,31,69,1.8,1.91,0.0,3,1,PREMATIPS
2025-08-16,12:30,Oldham Athletic , Swindon Town,25.0,48.0,27.0,2.63,3.1,2.63,6.0,55.0,45.0,2.03,1.83,0.0,65,35,1.73,2.0,1.0,1,2,PREMATIPS
2025-08-16,12:30,Rochdale , Altrincham,39.0,32.0,29.0,1.9,3.4,3.8,1.0,49.0,51.0,1.8,2.0,1.0,45,55,1.7,2.05,0.0,2,1,PREMATIPS
2025-08-16,12:30,Nakhon Ratch. , Chonburi,34.0,30.0,36.0,2.55,3.5,2.25,5.0,95.0,5.0,1.58,2.2,0.0,33,67,1.53,2.3,0.0,0,0,PREMATIPS
2025-08-16,12:30,Barry Town Utd , Colwyn Bay,40.0,31.0,29.0,1.75,3.6,3.7,1.0,91.0,9.0,1.62,2.15,0.0,52,48,1.61,2.15,1.0,1,1,PREMATIPS
2025-08-16,12:35,Shenzhen Peng C. , Shandong Taishan,27.0,17.0,56.0,3.4,4.1,1.9,2.0,29.0,71.0,1.48,2.6,1.0,62,38,1.44,2.63,1.0,1,3,PREMATIPS
2025-08-16,12:35,Zhejiang Pro , Shanghai Shenhua,25.0,29.0,46.0,3.6,4.0,1.85,2.0,28.0,72.0,1.44,2.7,1.0,67,33,1.44,2.63,1.0,0,0,PREMATIPS
2025-08-16,13:00,Chengdu Rongcheng , Qingdao Hainiu,67.0,18.0,15.0,1.33,5.25,9.0,1.0,48.0,52.0,1.53,2.4,1.0,54,46,1.91,1.91,1.0,0,0,PREMATIPS
2025-08-16,13:00,Hillerod , Hobro,44.0,45.0,11.0,1.65,4.0,4.5,4.0,45.0,55.0,1.65,2.2,1.0,67,33,1.67,2.1,1.0,0,2,PREMATIPS
2025-08-16,13:00,Middelfart , HB Koge,35.0,32.0,33.0,2.38,3.3,2.88,5.0,62.0,38.0,1.93,1.88,0.0,42,58,1.73,2.0,0.0,2,2,PREMATIPS
2025-08-16,13:00,RoPS Rovaniemi , Jazz Pori,37.0,17.0,46.0,2.63,3.9,2.1,6.0,30.0,70.0,1.4,2.88,1.0,59,41,1.36,3.0,1.0,3,1,PREMATIPS
2025-08-16,13:00,Annecy , Dunkerque,32.0,32.0,36.0,2.8,3.25,2.2,0.0,52.0,48.0,2.25,1.62,0.0,56,44,1.91,1.8,1.0,2,2,PREMATIPS
2025-08-16,13:00,Reims , Guingamp,38.0,33.0,29.0,2.0,3.25,3.4,4.0,18.0,82.0,2.2,1.65,1.0,89,11,1.91,1.8,1.0,1,0,PREMATIPS
2025-08-16,13:00,Persis Solo , Persija Jakarta,34.0,32.0,34.0,2.5,3.2,2.4,0.0,19.0,81.0,1.88,1.8,1.0,51,49,1.73,1.95,1.0,0,3,PREMATIPS
2025-08-16,13:00,Kjelsas , Strindheim,75.0,9.0,16.0,1.23,5.75,8.25,1.0,36.0,64.0,1.32,3.1,1.0,63,37,1.66,2.05,1.0,6,2,PREMATIPS
2025-08-16,13:00,Ullensaker Kisa , Follo,64.0,14.0,22.0,1.49,4.33,4.75,1.0,27.0,73.0,1.37,2.85,1.0,74,26,1.47,2.45,1.0,2,1,PREMATIPS
2025-08-16,13:00,Baltika , Lok. Moscow,34.0,32.0,34.0,2.71,3.43,2.7,0.0,36.0,64.0,2.01,1.86,1.0,68,32,1.75,2.01,1.0,1,1,PREMATIPS
2025-08-16,13:00,Lion City Sail. , Tampines Rovers,41.0,32.0,27.0,1.63,3.8,4.1,1.0,46.0,54.0,1.7,2.0,1.0,53,47,1.73,1.95,1.0,1,4,PREMATIPS
2025-08-16,13:00,Lamphun Warriors , Buriram Utd,22.0,34.0,44.0,7.25,4.6,1.32,2.0,95.0,5.0,1.62,2.15,0.0,33,67,1.95,1.75,0.0,2,3,PREMATIPS
2025-08-16,13:00,Ahrobiznes , Metalist Kharkov,40.0,34.0,26.0,1.71,3.2,4.4,1.0,53.0,47.0,2.15,1.62,0.0,45,55,2.05,1.68,0.0,1,0,PREMATIPS
2025-08-16,13:15,Brunei DPMM , Kuching City,32.0,31.0,37.0,3.6,3.5,1.78,5.0,48.0,52.0,1.65,2.1,1.0,56,44,1.62,2.15,1.0,3,2,PREMATIPS
2025-08-16,13:15,Cong An HoChiMinh , Ha Noi FC,26.0,33.0,41.0,4.33,3.3,1.68,2.0,95.0,5.0,2.1,1.63,0.0,33,67,2.05,1.66,0.0,2,1,PREMATIPS
2025-08-16,13:30,Muangthong Utd , Sukhothai,43.0,31.0,26.0,1.41,4.6,5.25,1.0,95.0,5.0,1.41,2.7,0.0,33,67,1.57,2.25,0.0,1,0,PREMATIPS
2025-08-16,13:30,Kolos Kovalivka , Karpaty Lviv,36.0,33.0,31.0,2.35,3.1,3.1,4.0,53.0,47.0,2.5,1.46,0.0,47,53,2.15,1.61,0.0,1,1,PREMATIPS
2025-08-16,13:45,Motor Lublin , Piast Gliwice,35.0,32.0,33.0,2.38,3.3,2.7,5.0,60.0,40.0,2.03,1.78,0.0,41,59,1.75,2.0,0.0,0,0,PREMATIPS
2025-08-16,14:00,Alashkert , Ararat,20.0,45.0,35.0,1.73,3.5,3.9,6.0,60.0,40.0,1.72,1.98,0.0,61,39,1.7,2.0,1.0,3,0,PREMATIPS
2025-08-16,14:00,Imishli FK , Turan Tovuz,26.0,33.0,41.0,4.1,3.2,1.77,2.0,95.0,5.0,2.25,1.57,0.0,33,67,2.1,1.65,0.0,0,1,PREMATIPS
2025-08-16,14:00,JIPPO Joensuu ,04,33.0,23.0,44.0,1.65,3.89,4.08,6.0,40.0,60.0,1.51,2.42,1.0,75,25,1.5,2.36,1.0,0,1,PREMATIPS
2025-08-16,14:00,KPV Kokkola , EPS Espoo,69.0,14.0,17.0,1.53,4.2,4.33,1.0,40.0,60.0,1.36,3.1,1.0,51,49,1.44,2.63,1.0,2,1,PREMATIPS
2025-08-16,14:00,Kairat Almaty , Yelimay Semey,38.0,30.0,32.0,1.7,3.4,4.2,4.0,49.0,51.0,1.93,1.75,1.0,54,46,1.9,1.78,1.0,2,3,PREMATIPS
2025-08-16,14:00,Kyzylzhar , Zhenis Astana,24.0,46.0,30.0,2.8,2.8,2.45,6.0,61.0,39.0,2.55,1.44,0.0,51,49,2.15,1.6,1.0,1,1,PREMATIPS
2025-08-16,14:00,Vizela , Porto B,42.0,32.0,26.0,1.62,3.9,5.0,1.0,50.0,50.0,1.75,2.05,1.0,53,47,1.73,2.0,1.0,4,0,PREMATIPS
2025-08-16,14:00,Orlando Pirates , Mamelodi Sund.,31.0,35.0,34.0,3.1,2.55,2.4,6.0,59.0,41.0,2.15,1.6,0.0,50,50,1.82,1.87,1.0,1,1,PREMATIPS
2025-08-16,14:00,Halmstad , Malmo,26.0,25.0,49.0,5.75,4.33,1.5,2.0,53.0,47.0,1.83,1.98,0.0,44,56,1.95,1.8,0.0,0,4,PREMATIPS
2025-08-16,14:00,Brage , Vasteras,30.0,28.0,42.0,3.2,3.6,2.0,6.0,44.0,56.0,1.7,2.1,1.0,54,46,1.67,2.1,1.0,3,1,PREMATIPS
2025-08-16,14:00,Helsingborg , Falkenberg,41.0,23.0,36.0,1.95,3.6,3.7,5.0,48.0,52.0,1.75,2.05,1.0,49,51,1.67,2.1,0.0,0,0,PREMATIPS
2025-08-16,14:00,Umea , Kalmar,9.0,50.0,41.0,5.75,4.75,1.45,6.0,55.0,45.0,1.65,2.2,0.0,47,53,1.8,1.95,0.0,0,1,PREMATIPS
2025-08-16,14:00,Navbahor , Neftchi Fergana,26.0,39.0,35.0,2.5,2.95,2.6,6.0,49.0,51.0,2.15,1.62,1.0,43,57,1.88,1.8,0.0,0,1,PREMATIPS
2025-08-16,14:00,NAPSA Stars , Green Eagles,35.0,35.0,30.0,2.5,2.5,3.1,4.0,91.0,9.0,3.0,1.33,0.0,12,88,2.37,1.51,0.0,0,2,PREMATIPS
2025-08-16,14:30,Hansa Rostock , Hoffenheim,26.0,32.0,42.0,5.06,4.14,1.54,2.0,43.0,57.0,1.62,2.17,1.0,54,46,1.7,2.04,1.0,0,4,PREMATIPS
2025-08-16,14:30,Sandhausen , RB Leipzig,18.0,35.0,47.0,13.0,9.0,1.14,2.0,27.0,73.0,1.29,3.6,1.0,47,53,1.95,1.8,0.0,2,4,PREMATIPS
2025-08-16,14:30,Keciorengucu , Istanbulspor,31.0,31.0,38.0,3.23,3.33,1.99,0.0,52.0,48.0,1.76,1.94,0.0,54,46,1.64,2.1,1.0,0,0,PREMATIPS
2025-08-16,14:30,Caernarfon Town , Llanelli Town,45.0,33.0,22.0,1.3,5.0,7.0,1.0,58.0,42.0,1.52,2.35,0.0,52,48,1.85,1.83,1.0,6,1,PREMATIPS
2025-08-16,14:30,Flint Town Utd , Haverfordwest,30.0,32.0,38.0,3.25,3.3,1.95,6.0,91.0,9.0,1.98,1.72,0.0,52,48,1.85,1.83,1.0,-,-,PREMATIPS
2025-08-16,15:00,Zulte Waregem , Club Brugge,29.0,41.0,30.0,4.75,4.33,1.57,6.0,40.0,60.0,1.57,2.35,1.0,76,24,1.62,2.2,1.0,0,1,PREMATIPS
2025-08-16,15:00,Kortrijk , Lierse K.,44.0,33.0,23.0,1.41,4.31,6.37,1.0,50.0,50.0,1.62,2.15,1.0,53,47,1.8,1.87,1.0,1,0,PREMATIPS
2025-08-16,15:00,Brighton , Fulham,39.0,32.0,29.0,1.83,3.7,4.2,1.0,67.0,33.0,1.73,2.1,0.0,33,67,1.67,2.1,0.0,1,1,PREMATIPS
2025-08-16,15:00,Sunderland , West Ham Utd,31.0,32.0,37.0,3.25,3.2,2.3,6.0,67.0,33.0,2.3,1.62,0.0,33,67,1.95,1.8,0.0,3,0,PREMATIPS
2025-08-16,15:00,Tottenham , Burnley,44.0,35.0,21.0,1.53,4.2,6.0,1.0,67.0,33.0,1.8,2.0,0.0,33,67,1.8,1.95,0.0,3,0,PREMATIPS
2025-08-16,15:00,Blackburn Rovers , Birmingham City,31.0,32.0,37.0,3.26,3.24,2.24,6.0,87.0,13.0,2.29,1.58,0.0,52,48,1.96,1.76,1.0,1,2,PREMATIPS
2025-08-16,15:00,Bristol City , Charlton,40.0,32.0,28.0,1.9,3.5,4.0,1.0,53.0,47.0,2.2,1.67,0.0,52,48,2.0,1.73,1.0,0,0,PREMATIPS
2025-08-16,15:00,Millwall , Middlesbrough,37.0,33.0,30.0,2.15,3.3,3.3,4.0,53.0,47.0,2.2,1.67,0.0,52,48,1.83,1.83,1.0,0,3,PREMATIPS
2025-08-16,15:00,Preston North End , Leicester City,29.0,33.0,38.0,3.9,3.3,1.95,6.0,53.0,47.0,2.1,1.73,0.0,86,14,1.91,1.8,1.0,2,1,PREMATIPS
2025-08-16,15:00,Sheffield Wed , Stoke City,28.0,33.0,39.0,3.25,3.25,2.25,6.0,20.0,80.0,2.1,1.73,1.0,86,14,1.83,1.83,1.0,0,3,PREMATIPS
2025-08-16,15:00,Swansea City , Sheffield Utd,33.0,32.0,35.0,2.63,3.2,2.75,5.0,53.0,47.0,2.2,1.67,0.0,52,48,1.83,1.83,1.0,1,0,PREMATIPS
2025-08-16,15:00,Watford , QPR,38.0,32.0,30.0,1.95,3.25,4.0,4.0,87.0,13.0,2.1,1.73,0.0,52,48,1.83,1.83,1.0,2,1,PREMATIPS
2025-08-16,15:00,Barnsley , Bolton Wanderers,64.0,5.0,29.0,2.7,3.4,2.5,1.0,50.0,50.0,1.65,2.2,1.0,48,52,1.53,2.38,0.0,1,1,PREMATIPS
2025-08-16,15:00,Blackpool , Huddersfield,14.0,5.0,80.0,2.9,3.3,2.35,2.0,34.0,66.0,2.05,1.8,1.0,48,52,1.8,1.95,0.0,3,2,PREMATIPS
2025-08-16,15:00,Bradford City , Luton Town,31.0,32.0,37.0,3.25,3.4,2.15,6.0,67.0,33.0,2.05,1.75,0.0,31,69,1.8,1.95,0.0,2,1,PREMATIPS
2025-08-16,15:00,Cardiff City , Rotherham Utd,41.0,33.0,26.0,1.67,3.75,4.75,1.0,50.0,50.0,1.93,1.93,1.0,48,52,1.91,1.91,0.0,3,0,PREMATIPS
2025-08-16,15:00,Doncaster Rovers , Wycombe,36.0,32.0,32.0,2.2,3.4,3.1,0.0,34.0,66.0,2.05,1.75,1.0,65,35,1.8,1.95,1.0,1,1,PREMATIPS
2025-08-16,15:00,Leyton Orient , Stockport,32.0,33.0,35.0,2.9,3.25,2.38,6.0,50.0,50.0,2.25,1.62,0.0,31,69,1.95,1.8,0.0,2,2,PREMATIPS
2025-08-16,15:00,Lincoln City , Plymouth Argyle,89.0,5.0,4.0,2.05,3.1,3.7,1.0,67.0,33.0,2.15,1.67,0.0,31,69,1.8,1.95,0.0,3,2,PREMATIPS
2025-08-16,15:00,Reading , Wimbledon,38.0,33.0,29.0,2.05,3.3,3.5,4.0,84.0,16.0,2.3,1.6,0.0,15,85,2.0,1.75,0.0,1,2,PREMATIPS
2025-08-16,15:00,Stevenage , Northampton Town,41.0,35.0,24.0,1.67,3.3,5.75,1.0,50.0,50.0,2.4,1.53,0.0,48,52,2.2,1.62,0.0,2,0,PREMATIPS
2025-08-16,15:00,Wigan Athletic , Peterborough Utd,82.0,5.0,12.0,1.95,3.5,3.6,1.0,50.0,50.0,2.0,1.85,0.0,48,52,1.8,1.95,0.0,2,0,PREMATIPS
2025-08-16,15:00,Barnet , Walsall,38.0,32.0,30.0,2.1,3.4,3.25,4.0,71.0,29.0,1.98,1.88,0.0,31,69,1.73,2.0,0.0,1,2,PREMATIPS
2025-08-16,15:00,Barrow , Notts County,33.0,33.0,34.0,2.75,3.1,2.55,0.0,71.0,29.0,2.1,1.7,0.0,48,52,1.83,1.83,0.0,2,1,PREMATIPS
2025-08-16,15:00,Bromley , Fleetwood Town,36.0,33.0,31.0,2.3,3.1,3.2,4.0,71.0,29.0,2.08,1.73,0.0,31,69,1.73,2.0,0.0,2,2,PREMATIPS
2025-08-16,15:00,Cambridge Utd , Harrogate Town,40.0,33.0,27.0,1.8,3.5,4.33,1.0,55.0,45.0,2.08,1.73,0.0,48,52,1.91,1.8,0.0,1,1,PREMATIPS
2025-08-16,15:00,Crewe Alexandra , Crawley Town,91.0,4.0,3.0,1.8,3.5,4.33,1.0,38.0,62.0,1.8,2.0,1.0,48,52,1.67,2.1,0.0,1,0,PREMATIPS
2025-08-16,15:00,Grimsby Town , Newport County,44.0,33.0,23.0,1.38,4.75,7.0,1.0,38.0,62.0,1.73,2.08,1.0,65,35,2.0,1.73,1.0,2,1,PREMATIPS
2025-08-16,15:00,MK Dons , Cheltenham Town,43.0,33.0,24.0,1.57,3.9,5.5,1.0,88.0,12.0,1.98,1.88,0.0,15,85,2.0,1.73,0.0,5,0,PREMATIPS
2025-08-16,15:00,Salford City , Accrington,41.0,32.0,27.0,1.7,4.0,4.33,1.0,55.0,45.0,1.93,1.93,0.0,65,35,1.8,1.91,1.0,2,1,PREMATIPS
2025-08-16,15:00,Shrewsbury Town , Colchester Utd,34.0,33.0,33.0,2.55,2.9,3.0,0.0,71.0,29.0,2.6,1.48,0.0,48,52,2.1,1.67,0.0,0,2,PREMATIPS
2025-08-16,15:00,Tranmere Rovers , Gillingham,38.0,33.0,29.0,2.15,3.1,3.6,1.0,71.0,29.0,2.4,1.53,0.0,48,52,2.1,1.67,0.0,1,1,PREMATIPS
2025-08-16,15:00,Aldershot Town , Boston United,37.0,31.0,32.0,2.15,3.3,3.1,5.0,49.0,51.0,1.9,1.9,1.0,45,55,1.7,2.05,0.0,2,3,PREMATIPS
2025-08-16,15:00,Carlisle Utd , Boreham Wood,42.0,32.0,26.0,1.6,3.7,4.75,1.0,82.0,18.0,1.75,2.05,0.0,12,88,1.75,2.0,0.0,3,3,PREMATIPS
2025-08-16,15:00,Eastleigh , Gateshead,39.0,31.0,30.0,1.95,3.5,3.4,1.0,49.0,51.0,1.73,2.08,1.0,12,88,1.62,2.2,0.0,0,2,PREMATIPS
2025-08-16,15:00,Forest Green R. , Yeovil Town,40.0,33.0,27.0,1.7,3.9,4.0,1.0,49.0,51.0,2.1,1.7,1.0,45,55,2.05,1.7,0.0,2,0,PREMATIPS
2025-08-16,15:00,Hartlepool Utd , Braintree,37.0,32.0,31.0,2.15,3.25,3.1,4.0,49.0,51.0,1.9,1.9,1.0,12,88,1.7,2.05,0.0,2,0,PREMATIPS
2025-08-16,15:00,Scunthorpe Utd , Woking,39.0,31.0,30.0,1.9,3.75,3.3,1.0,49.0,51.0,1.93,1.88,1.0,45,55,1.8,1.95,0.0,3,1,PREMATIPS
2025-08-16,15:00,Southend Utd , Tamworth,42.0,32.0,26.0,1.6,3.9,4.75,1.0,16.0,84.0,1.73,2.08,1.0,45,55,1.75,2.0,0.0,2,0,PREMATIPS
2025-08-16,15:00,Sutton Utd , Solihull Moors,39.0,32.0,29.0,1.85,3.4,3.75,1.0,16.0,84.0,1.95,1.85,1.0,78,22,1.8,1.95,1.0,0,0,PREMATIPS
2025-08-16,15:00,Wealdstone , Halifax Town,93.0,3.0,3.0,2.3,3.2,2.88,1.0,49.0,51.0,2.0,1.8,1.0,12,88,1.75,2.0,0.0,2,1,PREMATIPS
2025-08-16,15:00,Paide , Kuressaare,64.0,19.0,17.0,1.29,4.8,7.75,1.0,40.0,60.0,1.53,2.3,1.0,52,48,1.88,1.8,1.0,5,1,PREMATIPS
2025-08-16,15:00,AC Oulu , Ilves Tampere,26.0,18.0,56.0,3.75,4.2,1.75,2.0,30.0,70.0,1.5,2.5,1.0,62,38,1.53,2.38,1.0,0,4,PREMATIPS
2025-08-16,15:00,Lahti , KaPa Helsinki,67.0,20.0,13.0,1.31,5.07,6.95,1.0,31.0,69.0,1.36,2.9,1.0,67,33,1.6,2.15,1.0,2,2,PREMATIPS
2025-08-16,15:00,Kolkheti Poti , Dinamo Tbilisi,18.0,33.0,49.0,3.4,3.2,1.93,2.0,59.0,41.0,2.0,1.7,0.0,47,53,1.87,1.82,0.0,1,3,PREMATIPS
2025-08-16,15:00,Carrick Rangers , Glenavon,35.0,30.0,35.0,2.45,3.4,2.55,5.0,50.0,50.0,1.77,1.93,1.0,44,56,1.65,2.05,0.0,1,0,PREMATIPS
2025-08-16,15:00,Cliftonville , Coleraine,34.0,32.0,34.0,2.5,3.25,2.55,0.0,50.0,50.0,1.93,1.75,0.0,44,56,1.77,1.93,0.0,0,0,PREMATIPS
2025-08-16,15:00,Dungannon Swifts , Portadown,37.0,32.0,31.0,2.05,3.4,3.2,4.0,50.0,50.0,1.9,1.78,0.0,11,89,1.78,1.9,0.0,1,4,PREMATIPS
2025-08-16,15:00,Glentoran , Bangor,45.0,34.0,21.0,1.29,5.25,8.25,1.0,50.0,50.0,1.6,2.15,1.0,44,56,2.05,1.68,0.0,1,0,PREMATIPS
2025-08-16,15:00,Flekkeroy IL , Pors Grenland,28.0,42.0,30.0,1.87,3.6,3.25,6.0,41.0,59.0,1.55,2.25,1.0,68,32,1.53,2.3,1.0,0,3,PREMATIPS
2025-08-16,15:00,Cove Rangers , Montrose,39.0,32.0,29.0,1.91,3.4,3.7,1.0,67.0,33.0,1.98,1.83,0.0,30,70,1.83,1.83,0.0,3,3,PREMATIPS
2025-08-16,15:00,Hamilton , East Fife,91.0,5.0,3.0,1.6,3.8,4.75,1.0,50.0,50.0,1.8,2.0,1.0,46,54,1.83,1.83,0.0,1,2,PREMATIPS
2025-08-16,15:00,Inverness , Stenhousemuir,41.0,33.0,26.0,1.62,3.7,5.0,1.0,50.0,50.0,2.08,1.73,0.0,30,70,2.0,1.73,0.0,1,2,PREMATIPS
2025-08-16,15:00,Queen of South , Peterhead,48.0,5.0,46.0,1.95,3.4,3.5,1.0,50.0,50.0,1.95,1.85,0.0,46,54,1.8,1.91,0.0,4,0,PREMATIPS
2025-08-16,15:00,Clyde , The Spartans,21.0,42.0,37.0,2.2,3.4,2.9,6.0,30.0,70.0,1.85,1.95,1.0,70,30,1.73,2.0,1.0,1,3,PREMATIPS
2025-08-16,15:00,Dumbarton , Elgin City,40.0,33.0,27.0,1.7,3.75,4.1,1.0,30.0,70.0,2.05,1.75,1.0,70,30,2.0,1.73,1.0,1,1,PREMATIPS
2025-08-16,15:00,East Kilbride , Stranraer,89.0,4.0,7.0,1.4,4.33,6.5,1.0,47.0,53.0,1.7,2.1,1.0,53,47,1.91,1.8,1.0,3,1,PREMATIPS
2025-08-16,15:00,Edinburgh City , Annan Athletic,3.0,5.0,91.0,2.2,3.5,2.8,2.0,30.0,70.0,1.85,1.95,1.0,70,30,1.73,2.0,1.0,2,2,PREMATIPS
2025-08-16,15:00,Forfar Athletic , Stirling Albion,40.0,33.0,27.0,1.65,3.6,4.75,1.0,64.0,36.0,2.08,1.73,0.0,36,64,2.1,1.67,0.0,4,2,PREMATIPS
2025-08-16,15:00,Greenock Morton , Aberdeen,24.0,33.0,43.0,5.58,4.09,1.49,2.0,46.0,54.0,1.72,2.03,1.0,50,50,1.81,1.87,1.0,0,3,PREMATIPS
2025-08-16,15:00,Partick Thistle , Ayr United,34.0,32.0,34.0,2.6,3.4,2.6,0.0,54.0,46.0,1.98,1.83,0.0,51,49,1.8,1.95,1.0,2,0,PREMATIPS
2025-08-16,15:00,Saint Johnstone , Motherwell,34.0,31.0,35.0,2.58,3.31,2.45,5.0,51.0,49.0,1.86,1.86,0.0,54,46,1.69,2.03,1.0,0,0,PREMATIPS
2025-08-16,15:00,Saint Mirren , Hearts,31.0,32.0,37.0,3.1,3.6,2.15,6.0,55.0,45.0,2.03,1.78,0.0,51,49,1.8,1.95,1.0,1,1,PREMATIPS
2025-08-16,15:00,AFC Eskilstuna , Assyriska FF,36.0,30.0,34.0,2.54,3.31,2.46,5.0,43.0,57.0,1.7,2.0,1.0,64,36,1.58,2.21,1.0,2,1,PREMATIPS
2025-08-16,15:00,Gefle , Enkopings SK,25.0,34.0,41.0,2.4,3.4,2.4,6.0,45.0,55.0,1.58,2.2,1.0,62,38,1.52,2.35,1.0,5,1,PREMATIPS
2025-08-16,15:00,IFK Stocksund , Karlstad Fotboll,35.0,10.0,55.0,5.0,4.5,1.44,2.0,29.0,71.0,1.39,2.75,1.0,70,30,1.53,2.3,1.0,1,4,PREMATIPS
2025-08-16,15:00,Ljungskile , Ariana,41.0,30.0,29.0,2.05,3.41,2.99,1.0,39.0,61.0,1.63,2.09,1.0,54,46,1.55,2.25,1.0,3,1,PREMATIPS
2025-08-16,15:00,Rosengard 1917 , IFK Skovde,55.0,30.0,15.0,1.25,5.25,8.5,1.0,50.0,50.0,1.49,2.4,1.0,46,54,1.9,1.8,0.0,3,2,PREMATIPS
2025-08-16,15:00,Trollhattan , Husqvarna,42.0,32.0,26.0,1.63,3.9,4.0,4.0,35.0,65.0,1.52,2.35,1.0,60,40,1.57,2.25,1.0,3,3,PREMATIPS
2025-08-16,15:00,Chornomorets Od , Vorskla Poltava,37.0,32.0,31.0,2.15,3.0,3.1,4.0,36.0,64.0,2.2,1.58,1.0,45,55,1.95,1.73,0.0,0,0,PREMATIPS
2025-08-16,15:00,Din. Samarqand , AGMK Olmaliq,38.0,26.0,36.0,2.55,3.1,2.45,5.0,49.0,51.0,1.98,1.73,1.0,51,49,1.78,1.9,1.0,1,0,PREMATIPS
2025-08-16,15:05,Dibba Al Fuj. , Al Sharjah,24.0,34.0,42.0,5.25,3.6,1.53,2.0,51.0,49.0,1.9,1.78,0.0,48,52,1.98,1.72,0.0,1,3,PREMATIPS
2025-08-16,15:05,Shabab Al, Al Dhafra Club,46.0,35.0,19.0,1.2,5.75,10.5,1.0,40.0,60.0,1.52,2.35,1.0,44,56,2.15,1.62,0.0,2,0,PREMATIPS
2025-08-16,15:30,MVV Maastricht , Dordrecht,32.0,31.0,37.0,3.0,3.3,2.3,5.0,52.0,48.0,1.53,2.4,0.0,15,85,1.44,2.63,0.0,0,1,PREMATIPS
2025-08-16,15:30,Tondela , Famalicao,32.0,32.0,36.0,3.04,3.19,2.3,0.0,15.0,85.0,2.13,1.65,1.0,11,89,1.86,1.85,0.0,0,1,PREMATIPS
2025-08-16,15:30,Academico Viseu , Pacos Ferreira,38.0,33.0,29.0,2.1,3.0,3.6,4.0,17.0,83.0,2.5,1.5,1.0,86,14,2.2,1.62,1.0,0,0,PREMATIPS
2025-08-16,15:30,Lusitania , Chaves,34.0,32.0,34.0,2.6,3.2,2.55,0.0,84.0,16.0,2.1,1.7,0.0,53,47,1.83,1.83,1.0,2,2,PREMATIPS
2025-08-16,15:30,Spartak Moscow , Zenit,37.0,30.0,33.0,2.92,3.37,2.53,5.0,53.0,47.0,2.13,1.76,0.0,60,40,1.83,1.93,1.0,2,2,PREMATIPS
2025-08-16,16:00,Grazer AK , WSG Swarovski,36.0,31.0,33.0,2.4,3.4,2.8,5.0,17.0,83.0,2.03,1.78,1.0,63,37,1.8,1.95,1.0,1,1,PREMATIPS
2025-08-16,16:00,Hartberg , RB Salzburg,24.0,32.0,44.0,6.5,4.5,1.45,2.0,34.0,66.0,1.65,2.2,1.0,47,53,1.8,1.95,0.0,1,2,PREMATIPS
2025-08-16,16:00,Rudar Prijedor , Radnik Bijeljina,12.0,50.0,38.0,2.85,3.1,2.2,6.0,50.0,50.0,1.88,1.8,0.0,69,31,1.72,1.98,1.0,-,-,PREMATIPS
2025-08-16,16:00,Velez Mostar , Zeljeznicar,23.0,50.0,27.0,1.83,3.25,3.7,6.0,62.0,38.0,2.15,1.61,0.0,80,20,2.0,1.7,1.0,-,-,PREMATIPS
2025-08-16,16:00,Naftan , Vitebsk,25.0,19.0,56.0,3.6,3.3,1.85,2.0,45.0,55.0,1.93,1.77,1.0,43,57,1.82,1.85,0.0,3,0,PREMATIPS
2025-08-16,16:00,Marek Dupnitsa , Fratria Varna,31.0,29.0,40.0,3.54,2.99,1.95,6.0,67.0,33.0,2.31,1.41,0.0,40,60,2.14,1.59,0.0,1,3,PREMATIPS
2025-08-16,16:00,Sportist Svoge , Sevlievo,41.0,33.0,26.0,1.65,3.35,4.58,1.0,78.0,22.0,2.11,1.56,0.0,40,60,2.05,1.65,0.0,1,1,PREMATIPS
2025-08-16,16:00,Dukla Prague , Viktoria Plzen,22.0,34.0,44.0,8.0,4.0,1.42,2.0,75.0,25.0,1.9,1.9,0.0,60,40,2.1,1.67,1.0,2,0,PREMATIPS
2025-08-16,16:00,Mlada Boleslav , Hradec Kralove,37.0,30.0,33.0,2.1,3.6,3.0,5.0,36.0,64.0,1.73,2.08,1.0,77,23,1.62,2.2,1.0,3,2,PREMATIPS
2025-08-16,16:00,Sigma Olomouc , Zlin,30.0,27.0,43.0,1.91,3.25,3.5,6.0,61.0,39.0,2.05,1.75,0.0,52,48,1.91,1.91,1.0,1,0,PREMATIPS
2025-08-16,16:00,Slovacko , Teplice,37.0,32.0,31.0,2.2,3.2,3.1,4.0,53.0,47.0,2.1,1.7,0.0,46,54,1.8,1.95,0.0,2,1,PREMATIPS
2025-08-16,16:00,Vysocina Jihlava , Opava,31.0,26.0,43.0,2.15,3.25,2.9,6.0,39.0,61.0,2.08,1.73,1.0,50,50,1.83,1.83,1.0,0,0,PREMATIPS
2025-08-16,16:00,Enppi , Wadi Degla,37.0,35.0,28.0,2.05,2.8,3.6,4.0,89.0,11.0,2.65,1.42,0.0,11,89,2.25,1.55,0.0,1,0,PREMATIPS
2025-08-16,16:00,JJK Jyvaskyla ,Uusimaa,48.0,23.0,29.0,2.0,3.8,2.88,1.0,35.0,65.0,1.48,2.6,1.0,57,43,1.44,2.63,1.0,2,3,PREMATIPS
2025-08-16,16:00,Roma , Neom SC,44.0,32.0,24.0,1.32,4.95,6.77,1.0,35.0,65.0,1.44,2.6,1.0,55,45,1.69,2.04,1.0,2,2,PREMATIPS
2025-08-16,16:00,Lens , Lyon,36.0,31.0,33.0,2.35,3.6,2.88,5.0,95.0,5.0,1.67,2.2,0.0,5,95,1.57,2.25,0.0,0,1,PREMATIPS
2025-08-16,16:00,Turan Turkistan , Kaisar,36.0,23.0,41.0,3.1,3.1,2.1,5.0,51.0,49.0,2.1,1.63,0.0,54,46,1.9,1.78,1.0,1,0,PREMATIPS
2025-08-16,16:00,Makedonija GP , Shkendija 79,25.0,33.0,42.0,4.4,3.9,1.57,2.0,46.0,54.0,1.77,1.93,1.0,54,46,1.85,1.83,1.0,1,3,PREMATIPS
2025-08-16,16:00,Rabotnicki Skopje , Bashkimi,42.0,34.0,24.0,1.61,3.4,5.0,1.0,80.0,20.0,2.15,1.62,0.0,54,46,2.1,1.62,1.0,0,2,PREMATIPS
2025-08-16,16:00,Sokol Saratov , Rotor Volgograd,19.0,49.0,32.0,2.98,2.85,2.51,6.0,82.0,18.0,2.84,1.34,0.0,34,66,2.31,1.55,0.0,1,1,PREMATIPS
2025-08-16,16:00,R. Santander , Castellon,37.0,31.0,32.0,1.95,3.6,3.6,5.0,67.0,33.0,1.57,2.35,0.0,16,84,1.53,2.38,0.0,3,1,PREMATIPS
2025-08-16,16:00,Povazska Bystrica , Dukla B. Bystrica,32.0,30.0,38.0,3.0,3.5,1.98,5.0,51.0,49.0,1.63,2.1,0.0,65,35,1.58,2.2,1.0,0,1,PREMATIPS
2025-08-16,16:00,Stara Lubovna , Slavia TU Kosice,69.0,23.0,8.0,1.47,4.1,5.0,1.0,62.0,38.0,1.66,2.05,0.0,54,46,1.8,1.88,1.0,1,1,PREMATIPS
2025-08-16,16:00,STK Samorin , Pohronie,36.0,32.0,32.0,2.25,3.1,2.8,0.0,51.0,49.0,1.95,1.75,0.0,54,46,1.77,1.93,1.0,1,1,PREMATIPS
2025-08-16,16:00,Tatran LM , Zlate Moravce,30.0,32.0,38.0,3.25,3.3,1.95,6.0,40.0,60.0,1.85,1.82,1.0,76,24,1.75,1.93,1.0,1,1,PREMATIPS
2025-08-16,16:00,Zvolen , Petrzalka,17.0,65.0,18.0,2.25,3.25,2.7,6.0,62.0,38.0,1.75,1.95,0.0,54,46,1.63,2.1,1.0,3,2,PREMATIPS
2025-08-16,16:00,Epitsentr , Dynamo Kyiv,15.0,3.0,82.0,9.36,5.01,1.25,2.0,70.0,30.0,1.64,2.1,0.0,30,70,2.11,1.64,0.0,1,4,PREMATIPS
2025-08-16,16:15,Nasaf Qarshi , Shurtan Guzar,50.0,41.0,9.0,1.26,4.8,9.5,1.0,53.0,47.0,1.78,1.9,0.0,53,47,2.4,1.5,1.0,2,0,PREMATIPS
2025-08-16,16:30,BKMA , Shirak,35.0,32.0,33.0,2.4,3.0,2.65,5.0,76.0,24.0,2.05,1.68,0.0,44,56,1.8,1.87,0.0,2,1,PREMATIPS
2025-08-16,16:30,Mouna d'Akoupe , Olympic Sport,36.0,33.0,31.0,2.22,2.9,3.15,4.0,89.0,11.0,2.31,1.54,0.0,15,85,1.95,1.74,0.0,1,1,PREMATIPS
2025-08-16,16:30,GKS Katowice , Arka Gdynia,19.0,45.0,36.0,2.2,3.3,3.0,6.0,49.0,51.0,1.85,1.95,1.0,52,48,1.75,2.0,1.0,4,1,PREMATIPS
2025-08-16,16:30,Al,Shahania SC,45.0,33.0,22.0,1.27,5.5,7.5,1.0,75.0,25.0,1.35,2.95,0.0,25,75,1.63,2.1,0.0,1,1,PREMATIPS
2025-08-16,16:30,Mura , Domzale,59.0,37.0,3.0,2.15,3.4,2.9,1.0,45.0,55.0,1.68,2.0,1.0,52,48,1.6,2.15,1.0,3,0,PREMATIPS
2025-08-16,16:30,Norrkoping , Elfsborg,24.0,14.0,62.0,3.3,3.75,2.0,2.0,48.0,52.0,1.53,2.4,1.0,53,47,1.5,2.5,1.0,2,1,PREMATIPS
2025-08-16,16:30,Bizertin , Sfaxien Sfax,34.0,34.0,32.0,2.5,2.55,3.0,0.0,62.0,38.0,3.0,1.34,0.0,44,56,2.37,1.51,0.0,1,1,PREMATIPS
2025-08-16,16:30,ES Zarzis , JS El Omrane,45.0,37.0,18.0,1.37,3.82,8.62,1.0,28.0,72.0,2.32,1.53,1.0,77,23,2.71,1.4,1.0,1,0,PREMATIPS
2025-08-16,16:30,Etoile du Sahel , Club Africain,35.0,35.0,30.0,2.35,2.75,3.0,4.0,62.0,38.0,2.95,1.34,0.0,44,56,2.4,1.49,0.0,0,1,PREMATIPS
2025-08-16,16:30,Stade Tunisien , JS Kairouan,45.0,38.0,17.0,1.47,3.3,7.5,1.0,95.0,5.0,3.0,1.33,0.0,44,56,3.3,1.28,0.0,1,0,PREMATIPS
2025-08-16,17:00,Neftchi Baku , Shamakhi,39.0,33.0,28.0,1.85,3.25,3.7,1.0,95.0,5.0,2.1,1.63,0.0,33,67,1.95,1.73,0.0,1,1,PREMATIPS
2025-08-16,17:00,Spartak Varna , Cherno more,5.0,85.0,10.0,6.25,4.5,1.48,6.0,59.0,41.0,1.98,1.83,0.0,59,41,2.2,1.62,1.0,1,3,PREMATIPS
2025-08-16,17:00,Nublense , Palestino,19.0,46.0,35.0,2.55,3.1,2.88,6.0,60.0,40.0,2.05,1.75,0.0,50,50,1.8,1.91,1.0,1,0,PREMATIPS
2025-08-16,17:00,HS Kromeriz , Taborsko,12.0,3.0,85.0,3.4,3.2,1.95,2.0,34.0,66.0,1.73,2.08,1.0,54,46,1.62,2.2,1.0,1,2,PREMATIPS
2025-08-16,17:00,Zbrojovka Brno , Prostejov,76.0,7.0,17.0,1.22,5.0,11.0,1.0,39.0,61.0,1.7,2.1,1.0,50,50,2.25,1.57,0.0,1,2,PREMATIPS
2025-08-16,17:00,Flora Tallinn , Harju JK Laagri,64.0,15.0,21.0,1.23,5.5,8.75,1.0,30.0,70.0,1.43,2.6,1.0,56,44,1.85,1.83,1.0,3,1,PREMATIPS
2025-08-16,17:00,IFK Mariehamn , KTP Kotka,50.0,16.0,34.0,2.6,3.5,2.55,1.0,37.0,63.0,1.73,2.08,1.0,58,42,1.57,2.25,1.0,3,0,PREMATIPS
2025-08-16,17:00,OLS Oulu , MP Mikkeli,44.0,25.0,31.0,2.05,4.0,2.7,4.0,31.0,69.0,1.53,2.4,1.0,66,34,1.5,2.5,1.0,2,2,PREMATIPS
2025-08-16,17:00,Ethnikos Achna , AEL Limassol,36.0,30.0,34.0,2.25,3.4,2.6,5.0,46.0,54.0,1.68,2.0,1.0,57,43,1.6,2.15,1.0,1,3,PREMATIPS
2025-08-16,17:00,Energie Cottbus , Hannover 96,28.0,31.0,41.0,4.1,4.2,1.7,2.0,43.0,57.0,1.65,2.2,1.0,56,44,1.7,2.05,1.0,1,0,PREMATIPS
2025-08-16,17:00,SF Lotte , Freiburg,18.0,35.0,47.0,15.0,8.5,1.13,2.0,24.0,76.0,1.25,4.0,1.0,50,50,1.8,1.95,1.0,0,2,PREMATIPS
2025-08-16,17:00,VfB Lubeck , Darmstadt 98,20.0,34.0,46.0,12.0,7.0,1.2,2.0,28.0,72.0,1.3,3.5,1.0,53,47,1.75,2.0,1.0,1,2,PREMATIPS
2025-08-16,17:00,Venezia , Mantova,42.0,33.0,25.0,1.56,4.0,5.26,1.0,47.0,53.0,1.75,1.98,1.0,51,49,1.81,1.9,1.0,4,0,PREMATIPS
2025-08-16,17:00,Albinoleffe , Pro Vercelli,38.0,34.0,28.0,2.01,2.93,3.64,4.0,62.0,38.0,2.37,1.49,0.0,44,56,2.07,1.66,0.0,0,3,PREMATIPS
2025-08-16,17:00,Arezzo , Bra,44.0,36.0,20.0,1.35,4.05,7.75,1.0,52.0,48.0,1.89,1.78,0.0,41,59,2.19,1.58,0.0,2,1,PREMATIPS
2025-08-16,17:00,ArzignanoChiampo , Triestina,45.0,35.0,20.0,1.49,3.7,5.75,1.0,50.0,50.0,2.1,1.65,0.0,41,59,2.25,1.57,0.0,2,1,PREMATIPS
2025-08-16,17:00,Giana Erminio , Atalanta U23,36.0,32.0,32.0,2.25,3.2,2.75,0.0,51.0,49.0,1.87,1.82,0.0,54,46,1.72,1.98,1.0,1,4,PREMATIPS
2025-08-16,17:00,Giugliano , Pianese,38.0,34.0,28.0,1.93,3.12,3.65,4.0,58.0,42.0,2.14,1.6,0.0,47,53,1.92,1.76,0.0,4,1,PREMATIPS
2025-08-16,17:00,Pergolettese , Renate,34.0,33.0,33.0,2.4,2.87,2.75,0.0,63.0,37.0,2.45,1.49,0.0,44,56,2.1,1.65,0.0,1,1,PREMATIPS
2025-08-16,17:00,Potenza , Cavese 1919,37.0,33.0,30.0,2.05,3.0,3.2,4.0,58.0,42.0,2.15,1.61,0.0,48,52,1.93,1.77,0.0,1,0,PREMATIPS
2025-08-16,17:00,Dacia Buiucani , Balti,36.0,32.0,32.0,2.26,2.99,2.82,0.0,58.0,42.0,2.1,1.57,0.0,48,52,1.87,1.82,0.0,2,3,PREMATIPS
2025-08-16,17:00,Lillestrom , Start,41.0,29.0,30.0,1.57,4.23,4.6,4.0,38.0,62.0,1.51,2.4,1.0,52,48,1.58,2.22,1.0,3,0,PREMATIPS
2025-08-16,17:00,Arsenal Tula , Yenisey,15.0,80.0,3.0,1.88,3.22,4.3,4.0,65.0,35.0,2.32,1.49,0.0,59,41,2.13,1.63,1.0,2,2,PREMATIPS
2025-08-16,17:00,Chayka Pesch. , Shinnik Yaroslavl,29.0,66.0,5.0,2.24,3.01,3.26,4.0,82.0,18.0,2.55,1.41,0.0,42,58,2.16,1.62,0.0,1,2,PREMATIPS
2025-08-16,17:00,Stellenbosch , Sekhukhune Utd,36.0,34.0,30.0,2.17,2.93,3.24,4.0,61.0,39.0,2.36,1.51,0.0,45,55,1.99,1.7,0.0,2,0,PREMATIPS
2025-08-16,17:00,Ruzomberok , Z. Michalovce,14.0,41.0,45.0,1.87,3.5,3.6,6.0,37.0,63.0,1.65,2.1,1.0,63,37,1.6,2.15,1.0,0,1,PREMATIPS
2025-08-16,17:00,Slovan Brat. , Skalica,46.0,31.0,23.0,1.21,6.21,8.68,1.0,26.0,74.0,1.25,3.53,1.0,74,26,1.58,2.19,1.0,1,0,PREMATIPS
2025-08-16,17:00,Z. Podbrezova , Komarno,82.0,7.0,11.0,1.58,4.0,4.75,1.0,15.0,85.0,1.57,2.2,1.0,85,15,1.65,2.1,1.0,2,1,PREMATIPS
2025-08-16,17:00,Kocaelispor , Samsunspor,33.0,32.0,35.0,2.8,3.3,2.45,5.0,39.0,61.0,2.08,1.73,1.0,47,53,1.83,1.83,0.0,0,1,PREMATIPS
2025-08-16,17:00,Sariyer SK , Boluspor,35.0,32.0,33.0,2.4,3.2,2.6,5.0,19.0,81.0,1.83,1.98,1.0,87,13,1.67,2.1,1.0,1,1,PREMATIPS
2025-08-16,17:00,Juventud de LP , Miramar Misiones,39.0,32.0,29.0,1.85,3.4,3.8,1.0,50.0,50.0,2.05,1.75,0.0,47,53,1.83,1.83,0.0,2,1,PREMATIPS
2025-08-16,17:15,Mechelen , KAA Gent,39.0,31.0,30.0,2.0,3.6,3.5,1.0,51.0,49.0,1.62,2.25,0.0,65,35,1.53,2.38,1.0,1,1,PREMATIPS
2025-08-16,17:15,Lok. Zagreb , HNK Gorica,52.0,33.0,15.0,1.8,3.5,4.2,1.0,72.0,28.0,2.0,1.8,0.0,48,52,1.83,1.83,0.0,1,3,PREMATIPS
2025-08-16,17:15,EB Streymur , TB Tvoroyri,59.0,17.0,24.0,1.59,4.01,4.33,1.0,33.0,67.0,1.58,2.21,1.0,57,43,1.63,2.11,1.0,2,2,PREMATIPS
2025-08-16,17:15,Diosgyori VTK , Kazincbarcikai,55.0,41.0,3.0,2.05,3.75,3.1,1.0,11.0,89.0,1.7,2.1,1.0,70,30,1.62,2.2,1.0,2,2,PREMATIPS
2025-08-16,17:15,Pen, TNS,29.0,31.0,40.0,3.9,3.6,1.7,2.0,58.0,42.0,1.68,2.0,0.0,19,81,1.7,2.0,0.0,0,2,PREMATIPS
2025-08-16,17:30,Wolverhampton , Manchester City,23.0,33.0,44.0,5.25,4.75,1.53,2.0,67.0,33.0,1.62,2.3,0.0,33,67,1.75,2.0,0.0,0,4,PREMATIPS
2025-08-16,17:30,Truro City , York City,28.0,31.0,41.0,3.9,4.0,1.67,2.0,49.0,51.0,1.75,2.05,1.0,45,55,1.8,1.95,0.0,0,2,PREMATIPS
2025-08-16,17:30,Como , Sudtirol,46.0,36.0,18.0,1.22,5.8,11.5,1.0,40.0,60.0,1.55,2.33,1.0,44,56,2.12,1.65,0.0,3,1,PREMATIPS
2025-08-16,17:30,Petange , US Hostert,41.0,32.0,27.0,1.6,3.8,4.2,1.0,70.0,30.0,1.49,2.4,0.0,53,47,1.55,2.3,1.0,0,2,PREMATIPS
2025-08-16,17:30,Al, Al Bataeh Club,44.0,32.0,24.0,1.39,4.8,5.5,1.0,79.0,21.0,1.33,3.0,0.0,19,81,1.49,2.4,0.0,2,1,PREMATIPS
2025-08-16,17:30,Al Ittihad Kalba ,Nasr Dubai,33.0,31.0,36.0,2.8,3.4,2.15,5.0,79.0,21.0,1.6,2.2,0.0,19,81,1.53,2.3,0.0,0,1,PREMATIPS
2025-08-16,17:45,Valletta , Birkirkara,33.0,30.0,37.0,2.75,3.4,2.15,5.0,49.0,51.0,1.93,1.77,1.0,55,45,1.77,1.93,1.0,0,0,PREMATIPS
2025-08-16,17:45,Excelsior , Feyenoord,25.0,31.0,44.0,6.14,4.7,1.45,2.0,50.0,50.0,1.47,2.53,1.0,13,87,1.62,2.17,0.0,1,2,PREMATIPS
2025-08-16,17:45,Rangers , Alloa Athletic,48.0,35.0,17.0,1.05,11.73,22.73,1.0,21.0,79.0,1.17,4.58,1.0,43,57,2.15,1.63,0.0,4,2,PREMATIPS
2025-08-16,18:00,San Telmo , Colon Santa Fe,36.0,34.0,30.0,2.3,3.0,3.4,4.0,69.0,31.0,2.7,1.44,0.0,36,64,2.25,1.57,0.0,1,0,PREMATIPS
2025-08-16,18:00,Torpedo Zhodino , Slutsk,62.0,23.0,15.0,1.3,4.5,8.5,1.0,54.0,46.0,1.9,1.77,0.0,40,60,2.45,1.47,0.0,2,2,PREMATIPS
2025-08-16,18:00,Hebar , Minyor Pernik,43.0,34.0,23.0,1.45,3.55,5.92,1.0,67.0,33.0,1.98,1.64,0.0,62,38,2.14,1.58,1.0,1,1,PREMATIPS
2025-08-16,18:00,Pirin Blagoevgrad , Lokomotiv GO,60.0,11.0,29.0,1.6,3.39,4.88,1.0,67.0,33.0,2.05,1.59,0.0,56,44,2.08,1.63,1.0,0,1,PREMATIPS
2025-08-16,18:00,Burkina Faso , Madagascar,31.0,33.0,36.0,3.1,3.03,2.26,6.0,64.0,36.0,2.56,1.46,0.0,43,57,2.15,1.62,0.0,1,2,PREMATIPS
2025-08-16,18:00,Cen. African Rep. , Tanzania,23.0,35.0,42.0,4.96,3.23,1.7,2.0,63.0,37.0,2.53,1.47,0.0,38,62,2.33,1.53,0.0,0,0,PREMATIPS
2025-08-16,18:00,Apollon Limassol , Omonia Aradippou,43.0,33.0,24.0,1.46,4.1,5.66,1.0,49.0,51.0,1.81,1.88,1.0,46,54,2.0,1.7,0.0,1,0,PREMATIPS
2025-08-16,18:00,Eldense , Orihuela,41.0,32.0,27.0,1.69,3.65,4.21,1.0,50.0,50.0,1.84,1.85,1.0,50,50,1.83,1.86,1.0,0,1,PREMATIPS
2025-08-16,18:00,Noja , Sestao River,25.0,33.0,42.0,5.38,3.95,1.5,2.0,48.0,52.0,1.75,1.94,1.0,49,51,1.84,1.85,0.0,1,3,PREMATIPS
2025-08-16,18:00,Monaco , Le Havre,46.0,34.0,20.0,1.25,6.5,10.0,1.0,95.0,5.0,1.5,2.63,0.0,5,95,1.95,1.8,0.0,3,1,PREMATIPS
2025-08-16,18:00,Aurora Guatemala , Antigua GFC,34.0,23.0,43.0,3.2,2.95,2.1,6.0,63.0,37.0,2.2,1.6,0.0,38,62,1.93,1.75,0.0,3,2,PREMATIPS
2025-08-16,18:00,Malacateco , Municipal,24.0,30.0,46.0,2.25,2.9,3.0,6.0,46.0,54.0,2.2,1.58,1.0,63,37,1.93,1.77,1.0,2,3,PREMATIPS
2025-08-16,18:00,V. Guimaraes , Estoril Praia,41.0,33.0,26.0,1.75,3.6,4.5,1.0,49.0,51.0,2.03,1.83,1.0,44,56,1.91,1.91,0.0,3,2,PREMATIPS
2025-08-16,18:00,Novi Pazar , Radnik Surdulica,53.0,10.0,37.0,2.15,3.4,2.75,1.0,39.0,61.0,1.8,1.9,1.0,64,36,1.68,2.0,1.0,2,0,PREMATIPS
2025-08-16,18:15,Platense , San Lorenzo,11.0,70.0,19.0,2.6,2.7,3.4,6.0,73.0,27.0,4.2,1.22,0.0,37,63,3.0,1.36,0.0,2,1,PREMATIPS
2025-08-16,18:30,Ried , Sturm Graz,29.0,32.0,39.0,4.2,3.75,1.75,6.0,50.0,50.0,1.73,2.08,1.0,47,53,1.7,2.05,0.0,1,3,PREMATIPS
2025-08-16,18:30,L'Hospitalet , Gimnastic,24.0,32.0,44.0,6.29,4.44,1.39,2.0,45.0,55.0,1.67,2.06,1.0,48,52,1.9,1.8,0.0,1,2,PREMATIPS
2025-08-16,18:30,Marino Luanco , Real Aviles,29.0,32.0,39.0,3.72,3.54,1.8,6.0,52.0,48.0,1.88,1.8,0.0,50,50,1.81,1.88,1.0,0,2,PREMATIPS
2025-08-16,18:30,Racing Ferrol , Ponferradina,38.0,32.0,30.0,2.2,3.3,2.7,4.0,46.0,54.0,1.72,1.98,1.0,56,44,1.62,2.15,1.0,1,1,PREMATIPS
2025-08-16,18:30,H. Beer Sheva , Hapoel Tel Aviv,43.0,33.0,24.0,1.42,4.1,5.75,1.0,45.0,55.0,1.65,2.1,1.0,51,49,1.82,1.85,1.0,0,2,PREMATIPS
2025-08-16,18:30,H. Petah Tikva , Ironi Tiberias,36.0,32.0,32.0,2.2,3.2,2.8,0.0,55.0,45.0,2.0,1.7,0.0,50,50,1.83,1.85,1.0,3,2,PREMATIPS
2025-08-16,18:30,M.S. Ashdod , Bnei Sakhnin,38.0,32.0,30.0,1.95,3.3,3.3,4.0,50.0,50.0,1.8,1.88,1.0,53,47,1.7,2.0,1.0,2,2,PREMATIPS
2025-08-16,18:30,Maccabi Netanya , Kiryat Shmona,40.0,32.0,28.0,2.0,3.25,3.1,1.0,50.0,50.0,1.83,1.85,1.0,53,47,1.72,1.98,1.0,1,0,PREMATIPS
2025-08-16,18:30,Chrobry Glogow , Miedz Legnica,91.0,6.0,3.0,3.1,3.3,2.15,1.0,21.0,79.0,1.98,1.83,1.0,60,40,1.8,1.91,1.0,2,2,PREMATIPS
2025-08-16,18:30,Pogon Grodzisk M. , Znicz Pruszkow,91.0,5.0,3.0,1.85,3.6,3.4,1.0,29.0,71.0,1.62,2.25,1.0,60,40,1.57,2.25,1.0,4,1,PREMATIPS
2025-08-16,18:30,Stal Rzeszow , Puszcza Niepol.,35.0,31.0,34.0,2.38,3.5,2.55,5.0,46.0,54.0,1.8,2.0,1.0,69,31,1.67,2.1,1.0,2,2,PREMATIPS
2025-08-16,18:30,Al, Qatar SC,45.0,33.0,22.0,1.25,5.75,7.75,1.0,75.0,25.0,1.33,3.0,0.0,25,75,1.66,2.05,0.0,2,3,PREMATIPS
2025-08-16,18:30,Akhmat Grozny , Krylya Sovetov,23.0,27.0,50.0,1.94,3.58,4.13,2.0,69.0,31.0,2.14,1.75,0.0,52,48,1.91,1.85,1.0,3,1,PREMATIPS
2025-08-16,18:30,Mallorca , Barcelona,22.0,33.0,45.0,7.0,5.5,1.38,2.0,84.0,16.0,1.5,2.63,0.0,16,84,1.75,2.0,0.0,0,3,PREMATIPS
2025-08-16,18:30,Malaga , Eibar,36.0,33.0,31.0,2.35,2.9,3.3,4.0,67.0,33.0,2.6,1.48,0.0,16,84,2.1,1.67,0.0,1,1,PREMATIPS
2025-08-16,19:00,Tristan Suarez , Dep. Madryn,24.0,50.0,26.0,2.88,2.88,2.75,6.0,72.0,28.0,2.88,1.4,0.0,47,53,2.2,1.62,0.0,2,2,PREMATIPS
2025-08-16,19:00,Austria Wien II , Admira Wacker,39.0,9.0,52.0,5.5,4.0,1.51,2.0,32.0,68.0,1.77,1.93,1.0,68,32,1.88,1.8,1.0,1,1,PREMATIPS
2025-08-16,19:00,Beerschot , Eupen,41.0,31.0,28.0,1.75,3.7,4.1,1.0,50.0,50.0,1.73,2.08,1.0,53,47,1.67,2.1,1.0,1,1,PREMATIPS
2025-08-16,19:00,Jong KAA Gent , RSCA Futures,37.0,30.0,33.0,2.15,3.6,2.9,5.0,17.0,83.0,1.62,2.25,1.0,86,14,1.53,2.38,1.0,0,1,PREMATIPS
2025-08-16,19:00,Lokeren , RWDM Brussels,32.0,32.0,36.0,3.1,3.4,2.15,0.0,17.0,83.0,1.98,1.83,1.0,86,14,1.83,1.83,1.0,1,3,PREMATIPS
2025-08-16,19:00,Lommel , Olympic Charleroi,39.0,32.0,29.0,1.8,3.5,4.1,1.0,17.0,83.0,1.75,2.05,1.0,86,14,1.67,2.1,1.0,3,0,PREMATIPS
2025-08-16,19:00,Jablonec , Slavia Prague,27.0,32.0,41.0,4.5,3.8,1.65,2.0,69.0,31.0,1.85,1.95,0.0,43,57,1.91,1.91,0.0,1,1,PREMATIPS
2025-08-16,19:00,Ghazl El Mahalla , Smouha,32.0,34.0,34.0,2.95,2.7,2.4,0.0,89.0,11.0,2.95,1.35,0.0,45,55,2.4,1.5,0.0,0,0,PREMATIPS
2025-08-16,19:00,Zamalek , Arab Contractors,43.0,35.0,22.0,1.5,3.6,5.75,1.0,89.0,11.0,2.25,1.55,0.0,11,89,2.4,1.5,0.0,0,0,PREMATIPS
2025-08-16,19:00,Lazio , Atromitos,45.0,34.0,21.0,1.21,5.5,10.5,1.0,41.0,59.0,1.5,2.4,1.0,49,51,2.05,1.68,0.0,2,0,PREMATIPS
2025-08-16,19:00,Teruel , Ejea,39.0,33.0,28.0,1.85,3.25,3.7,1.0,56.0,44.0,2.05,1.66,0.0,47,53,1.93,1.75,0.0,1,0,PREMATIPS
2025-08-16,19:00,Saint Etienne , Rodez AF,41.0,31.0,28.0,1.65,3.75,4.0,1.0,52.0,48.0,1.65,2.2,0.0,56,44,1.73,2.0,1.0,4,0,PREMATIPS
2025-08-16,19:00,Zimbru Chisinau , Petrocub,40.0,33.0,27.0,1.67,3.34,4.29,1.0,53.0,47.0,1.86,1.74,0.0,50,50,1.84,1.84,1.0,1,1,PREMATIPS
2025-08-16,19:00,Heracles , NEC Nijmegen,33.0,31.0,36.0,2.8,3.5,2.38,5.0,17.0,83.0,1.8,2.0,1.0,13,87,1.57,2.25,0.0,1,4,PREMATIPS
2025-08-16,19:00,Sp. Ameliano , Sp. Luqueno,20.0,23.0,57.0,2.09,3.07,3.46,2.0,52.0,48.0,2.41,1.51,0.0,50,50,2.08,1.66,0.0,0,1,PREMATIPS
2025-08-16,19:00,Alianza Huanuco , Los Chankas CYC,41.0,31.0,28.0,1.8,3.5,4.5,1.0,48.0,52.0,1.88,1.93,1.0,53,47,1.8,1.91,1.0,-,-,PREMATIPS
2025-08-16,19:00,Vojvodina , Javor Ivanjica,90.0,7.0,3.0,1.4,4.1,6.5,1.0,37.0,63.0,1.83,1.85,1.0,55,45,2.1,1.65,1.0,2,2,PREMATIPS
2025-08-16,19:10,Chacarita Jrs , Temperley,37.0,35.0,28.0,2.2,2.8,4.0,4.0,74.0,26.0,3.4,1.33,0.0,26,74,2.63,1.44,0.0,0,0,PREMATIPS
2025-08-16,19:15,Beroe , Botev Plovdiv,30.0,33.0,37.0,3.4,3.4,2.1,6.0,50.0,50.0,2.15,1.67,0.0,50,50,1.91,1.8,0.0,1,2,PREMATIPS
2025-08-16,19:15,Ferencvaros , Puskas Akademia,42.0,31.0,27.0,1.65,4.0,4.5,1.0,22.0,78.0,1.73,2.08,1.0,81,19,1.73,2.0,1.0,1,2,PREMATIPS
2025-08-16,19:15,Lech Poznan , Korona Kielce,49.0,23.0,28.0,1.7,3.8,4.2,1.0,40.0,60.0,1.67,2.15,1.0,61,39,1.67,2.1,1.0,1,1,PREMATIPS
2025-08-16,19:15,Maribor , Bravo,44.0,21.0,35.0,1.65,3.9,4.33,4.0,28.0,72.0,1.58,2.2,1.0,69,31,1.63,2.1,1.0,3,3,PREMATIPS
2025-08-16,19:30,Talleres RdE , Dep. Moron,28.0,36.0,36.0,3.9,2.8,2.25,6.0,76.0,24.0,3.4,1.33,0.0,32,68,2.5,1.5,0.0,2,1,PREMATIPS
2025-08-16,19:30,Inter , Olympiacos,42.0,31.0,27.0,1.56,4.1,4.73,1.0,40.0,60.0,1.53,2.35,1.0,57,43,1.59,2.21,1.0,2,0,PREMATIPS
2025-08-16,19:30,Stuttgart , Bayern Munchen,27.0,30.0,43.0,5.0,4.75,1.53,2.0,34.0,66.0,1.36,3.2,1.0,61,39,1.44,2.63,1.0,1,2,PREMATIPS
2025-08-16,19:30,Petrolul , Hermannstadt,49.0,27.0,24.0,2.63,3.0,2.63,1.0,55.0,45.0,2.4,1.53,0.0,56,44,2.0,1.73,1.0,1,1,PREMATIPS
2025-08-16,19:30,Biel, Basel,12.0,40.0,48.0,35.07,11.53,1.03,2.0,26.0,74.0,1.25,3.72,1.0,29,71,3.17,1.31,0.0,1,6,PREMATIPS
2025-08-16,19:30,Tatran Presov , DAC Dun. Streda,28.0,32.0,40.0,3.75,3.5,1.85,2.0,71.0,29.0,1.8,1.88,0.0,46,54,1.73,1.98,0.0,0,0,PREMATIPS
2025-08-16,19:30,Alanyaspor , Caykur Rizespor,37.0,31.0,32.0,2.45,3.5,2.75,5.0,39.0,61.0,1.83,1.98,1.0,14,86,1.67,2.1,0.0,0,0,PREMATIPS
2025-08-16,19:30,Goztepe , Fenerbahce,28.0,32.0,40.0,3.9,3.5,1.9,2.0,39.0,61.0,1.8,2.0,1.0,14,86,1.67,2.1,0.0,0,0,PREMATIPS
2025-08-16,19:30,Adana Demirspor , Corum,23.0,34.0,43.0,7.0,5.75,1.25,2.0,52.0,48.0,1.53,2.4,0.0,54,46,1.91,1.8,1.0,0,3,PREMATIPS
2025-08-16,19:30,Pendikspor , Bandirmaspor,33.0,32.0,35.0,2.88,3.1,2.25,5.0,85.0,15.0,1.98,1.83,0.0,87,13,1.73,2.0,1.0,2,0,PREMATIPS
2025-08-16,19:30,Liverpool M. , Mont. Wanderers,39.0,33.0,28.0,1.9,3.25,4.33,1.0,84.0,16.0,2.4,1.53,0.0,14,86,2.2,1.62,0.0,2,1,PREMATIPS
2025-08-16,19:45,Union SG , Standard Liege,45.0,36.0,19.0,1.33,4.5,11.0,1.0,51.0,49.0,2.03,1.78,0.0,65,35,2.5,1.5,1.0,3,0,PREMATIPS
2025-08-16,19:45,Atalanta , Juventus,36.0,31.0,33.0,2.26,3.45,2.76,5.0,47.0,53.0,1.74,2.0,1.0,57,43,1.62,2.15,1.0,1,2,PREMATIPS
2025-08-16,19:45,Bologna , OFI Crete,45.0,36.0,19.0,1.26,4.98,9.64,1.0,44.0,56.0,1.62,2.16,1.0,44,56,2.05,1.68,0.0,2,4,PREMATIPS
2025-08-16,19:45,Cagliari , Entella,44.0,34.0,22.0,1.43,4.29,6.67,1.0,49.0,51.0,1.81,1.92,1.0,46,54,1.98,1.74,0.0,1,1,PREMATIPS
2025-08-16,20:00,FK Sarajevo , Posusje,23.0,64.0,13.0,1.32,4.5,7.75,4.0,53.0,47.0,1.68,2.05,0.0,65,35,2.05,1.68,1.0,2,1,PREMATIPS
2025-08-16,20:00,Blooming , Bolivar La Paz,37.0,30.0,33.0,2.2,3.6,2.5,5.0,37.0,63.0,1.46,2.5,1.0,65,35,1.43,2.6,1.0,1,1,PREMATIPS
2025-08-16,20:00,Ceara CE , Bragantino SP,36.0,19.0,45.0,2.05,3.2,4.1,6.0,56.0,44.0,2.35,1.57,0.0,50,50,2.0,1.75,0.0,1,0,PREMATIPS
2025-08-16,20:00,Fluminense RJ , Fortaleza CE,45.0,31.0,24.0,1.73,3.6,5.0,1.0,56.0,44.0,2.15,1.67,0.0,48,52,2.0,1.75,0.0,2,1,PREMATIPS
2025-08-16,20:00,Remo PA , Botafogo SP,54.0,25.0,21.0,1.75,3.5,4.75,1.0,67.0,33.0,2.4,1.53,0.0,44,56,2.25,1.57,0.0,1,1,PREMATIPS
2025-08-16,20:00,Colo, U. Catolica,29.0,42.0,29.0,1.75,3.4,4.5,0.0,54.0,46.0,2.15,1.67,0.0,56,44,2.0,1.73,1.0,1,4,PREMATIPS
2025-08-16,20:00,Rijeka , Dinamo Zagreb,43.0,11.0,46.0,4.75,3.1,1.8,5.0,72.0,28.0,2.15,1.67,0.0,15,85,2.0,1.73,0.0,0,2,PREMATIPS
2025-08-16,20:00,Mushuc Runa , Aucas Quito,21.0,24.0,55.0,3.8,3.5,1.9,2.0,53.0,47.0,1.98,1.83,0.0,61,39,1.8,1.91,1.0,1,0,PREMATIPS
2025-08-16,20:00,Extremadura , Cacereno,31.0,32.0,37.0,3.07,3.23,2.11,6.0,51.0,49.0,1.88,1.81,0.0,53,47,1.72,1.97,1.0,1,2,PREMATIPS
2025-08-16,20:00,Derry City , Drogheda Utd,42.0,35.0,23.0,1.53,3.5,5.5,1.0,59.0,41.0,2.15,1.6,0.0,41,59,2.25,1.57,0.0,1,1,PREMATIPS
2025-08-16,20:00,Benevento , Guidonia,40.0,33.0,27.0,1.75,3.3,3.9,1.0,54.0,46.0,1.95,1.73,0.0,48,52,1.88,1.8,0.0,1,0,PREMATIPS
2025-08-16,20:00,Campobasso , Casertana,32.0,35.0,33.0,2.6,2.7,2.7,6.0,68.0,32.0,2.85,1.36,0.0,40,60,2.3,1.53,0.0,3,0,PREMATIPS
2025-08-16,20:00,Lumezzane , Inter U23,30.0,31.0,39.0,3.4,3.5,1.83,6.0,46.0,54.0,1.68,2.05,1.0,56,44,1.65,2.1,1.0,1,2,PREMATIPS
2025-08-16,20:00,Sambenedettese , Vis Pesaro 1898,32.0,34.0,34.0,2.77,2.84,2.5,0.0,63.0,37.0,2.42,1.47,0.0,45,55,2.01,1.7,0.0,2,0,PREMATIPS
2025-08-16,20:00,Torres , Livorno,41.0,34.0,25.0,1.75,3.1,4.33,1.0,61.0,39.0,2.3,1.53,0.0,42,58,2.15,1.6,0.0,2,1,PREMATIPS
2025-08-16,20:00,Zabbar , Sliema Wanderers,27.0,32.0,41.0,4.24,3.57,1.67,2.0,84.0,16.0,1.78,1.9,0.0,14,86,1.75,1.93,0.0,1,2,PREMATIPS
2025-08-16,20:00,Groningen , Heerenveen,38.0,32.0,30.0,2.0,3.4,3.8,4.0,50.0,50.0,1.95,1.85,0.0,80,20,1.75,2.0,1.0,2,1,PREMATIPS
2025-08-16,20:05,Nice , Toulouse,37.0,32.0,31.0,2.1,3.3,3.6,4.0,95.0,5.0,2.0,1.85,0.0,5,95,1.75,2.0,0.0,0,1,PREMATIPS
2025-08-16,20:10,Gimnasia Mendoza , Almirante Brown,43.0,36.0,21.0,1.57,3.8,6.0,1.0,83.0,17.0,2.6,1.48,0.0,37,63,2.75,1.4,0.0,2,1,PREMATIPS
2025-08-16,20:15,Atl. Huracan , Argentinos Jrs,29.0,35.0,36.0,3.7,2.8,2.3,6.0,65.0,35.0,3.6,1.29,0.0,29,71,2.75,1.4,0.0,1,0,PREMATIPS
2025-08-16,20:15,Cremonese , Palermo,38.0,33.0,29.0,2.01,3.29,3.57,4.0,53.0,47.0,1.99,1.75,0.0,51,49,1.8,1.9,1.0,0,0,PREMATIPS
2025-08-16,20:30,Estrela Amadora , Benfica,18.0,35.0,47.0,12.0,6.0,1.22,2.0,82.0,18.0,1.57,2.35,0.0,44,56,2.1,1.67,0.0,0,1,PREMATIPS
2025-08-16,20:30,Alaves , Levante,37.0,34.0,29.0,2.15,3.1,3.8,4.0,84.0,16.0,2.5,1.53,0.0,16,84,2.05,1.7,0.0,2,1,PREMATIPS
2025-08-16,20:30,Valencia , Real Sociedad,35.0,34.0,31.0,2.45,3.0,3.2,4.0,84.0,16.0,2.38,1.57,0.0,16,84,2.0,1.75,0.0,1,1,PREMATIPS
2025-08-16,20:30,Granada , Dep. La Coruna,37.0,33.0,30.0,2.55,3.0,3.0,4.0,67.0,33.0,2.25,1.62,0.0,16,84,1.83,1.83,0.0,1,3,PREMATIPS
2025-08-16,21:00,Maringa PR , Retro Brasil PE,42.0,32.0,26.0,1.73,3.2,4.4,4.0,69.0,31.0,2.25,1.55,0.0,45,55,2.15,1.62,0.0,1,0,PREMATIPS
2025-08-16,21:00,Ponte Preta SP , AO Itabaiana SE,54.0,21.0,25.0,1.66,3.2,4.8,1.0,69.0,31.0,2.25,1.57,0.0,41,59,2.15,1.6,0.0,1,0,PREMATIPS
2025-08-16,21:00,La Equidad , Llaneros FC,36.0,33.0,31.0,2.35,2.9,3.4,4.0,69.0,31.0,3.1,1.36,0.0,34,66,2.5,1.5,0.0,2,1,PREMATIPS
2025-08-16,21:15,UTC Cajamarca , Juan Pablo II,17.0,28.0,55.0,1.91,3.4,4.0,2.0,50.0,50.0,2.08,1.73,0.0,50,50,1.83,1.83,1.0,0,0,PREMATIPS
2025-08-16,22:00,Coban Imperial , Dep. Achuapa,21.0,44.0,35.0,1.55,3.5,5.25,6.0,71.0,29.0,2.1,1.62,0.0,30,70,2.25,1.55,0.0,2,2,PREMATIPS
2025-08-16,22:00,Genesis PN , Olancho FC,29.0,34.0,37.0,2.94,2.86,2.4,6.0,30.0,70.0,2.29,1.54,1.0,63,37,1.91,1.74,1.0,1,3,PREMATIPS
2025-08-16,22:00,ART Mun. Jalapa , Matagalpa,29.0,21.0,50.0,2.22,3.15,2.79,2.0,26.0,74.0,1.77,1.91,1.0,72,28,1.59,2.11,1.0,0,2,PREMATIPS
2025-08-16,22:00,Nacional M. , Progreso M.,45.0,34.0,21.0,1.29,5.5,8.0,1.0,16.0,84.0,1.53,2.4,1.0,65,35,1.91,1.8,1.0,3,1,PREMATIPS
2025-08-16,22:00,Caracas , Portuguesa Ac.,68.0,18.0,14.0,2.15,2.85,3.2,1.0,58.0,42.0,2.5,1.47,0.0,43,57,2.15,1.62,0.0,2,0,PREMATIPS
2025-08-16,22:15,Los Andes , Quilmes,36.0,35.0,29.0,2.3,2.63,4.0,4.0,69.0,31.0,3.4,1.33,0.0,39,61,2.5,1.5,0.0,1,0,PREMATIPS
2025-08-16,22:30,Rosario Central , Dep. Riestra,42.0,36.0,22.0,1.75,3.1,6.0,1.0,81.0,19.0,3.4,1.33,0.0,29,71,2.75,1.4,0.0,1,1,PREMATIPS
2025-08-16,22:30,Sport Recife PE , Sao Paulo SP,14.0,44.0,42.0,2.3,3.1,3.25,6.0,58.0,42.0,2.6,1.48,0.0,47,53,2.1,1.67,0.0,2,2,PREMATIPS
2025-08-16,22:30,Vitoria BA , Juventude RS,46.0,26.0,28.0,1.8,3.6,4.5,4.0,56.0,44.0,2.15,1.67,0.0,45,55,2.0,1.75,0.0,2,2,PREMATIPS
2025-08-16,22:30,Vila Nova GO , Goias GO,35.0,18.0,47.0,2.8,2.75,2.88,6.0,62.0,38.0,3.1,1.36,0.0,44,56,2.38,1.53,0.0,2,0,PREMATIPS
2025-08-16,22:30,Un. Catolica Q. , Libertad Loja,28.0,43.0,29.0,1.75,4.2,3.9,6.0,49.0,51.0,1.48,2.6,1.0,62,38,1.5,2.5,1.0,1,1,PREMATIPS
2025-08-16,22:30,Guarani As. , Cerro Porteno,43.0,17.0,40.0,2.7,3.1,2.55,5.0,47.0,53.0,2.15,1.67,1.0,50,50,1.83,1.83,1.0,3,4,PREMATIPS
2025-08-16,23:00,Pacific , HFX Wanderers,34.0,32.0,34.0,2.7,3.2,2.3,0.0,52.0,48.0,1.9,1.78,0.0,53,47,1.75,1.95,1.0,2,2,PREMATIPS
2025-08-16,23:00,Zamora Barinas , Metropolitanos,32.0,54.0,14.0,2.1,3.1,3.0,4.0,46.0,54.0,2.0,1.7,1.0,54,46,1.83,1.85,1.0,1,0,PREMATIPS
2025-08-16,23:15,Aguilas Doradas , Boyaca Chico,42.0,35.0,23.0,1.67,3.7,5.5,1.0,58.0,42.0,2.4,1.53,0.0,56,44,2.38,1.53,1.0,2,0,PREMATIPS
2025-08-16,23:30,ABC RN , Guarani SP,19.0,53.0,28.0,1.93,3.0,3.6,6.0,71.0,29.0,2.37,1.5,0.0,45,55,2.15,1.62,0.0,3,4,PREMATIPS
2025-08-16,23:30,CSA AL , Ituano SP,38.0,34.0,28.0,1.73,3.25,4.2,4.0,64.0,36.0,2.15,1.6,0.0,47,53,2.05,1.66,0.0,2,2,PREMATIPS
2025-08-16,23:30,O'Higgins , Cobresal,37.0,33.0,30.0,1.8,3.75,4.1,4.0,57.0,43.0,1.73,2.08,0.0,49,51,1.67,2.1,0.0,1,0,PREMATIPS
2025-08-16,23:30,Binacional , Sp. Cristal,30.0,32.0,38.0,3.5,3.4,2.05,6.0,73.0,27.0,1.98,1.83,0.0,13,87,1.8,1.91,0.0,1,3,PREMATIPS
2025-08-17,00:00,Hercules Salvador , Alianza Salvador,14.0,66.0,20.0,3.6,2.5,2.2,6.0,61.0,39.0,2.25,1.55,0.0,54,46,1.88,1.8,1.0,2,5,PREMATIPS
2025-08-17,00:00,Real Madriz , UNAN Managua,65.0,6.0,29.0,2.4,3.1,2.55,1.0,33.0,67.0,1.78,1.9,1.0,59,41,1.65,2.1,1.0,0,3,PREMATIPS
2025-08-17,00:07,Guadalajara , Juarez,42.0,33.0,25.0,1.67,4.1,4.75,1.0,72.0,28.0,1.9,1.9,0.0,44,56,1.95,1.8,0.0,1,2,PREMATIPS
2025-08-17,00:25,Lobos UPNFM , Victoria La Ceiba,75.0,21.0,3.0,1.93,3.25,3.4,1.0,19.0,81.0,1.78,1.9,1.0,41,59,1.68,2.05,0.0,2,0,PREMATIPS
2025-08-17,00:30,Velez Sarsfield , Independiente,34.0,34.0,32.0,2.8,2.75,2.9,0.0,64.0,36.0,2.88,1.37,0.0,37,63,2.25,1.57,0.0,2,1,PREMATIPS
2025-08-17,00:30,Atletico PR , Cuiaba MT,33.0,27.0,40.0,1.85,3.2,4.75,6.0,56.0,44.0,2.7,1.44,0.0,54,46,2.5,1.5,1.0,1,1,PREMATIPS
2025-08-17,00:30,CF Montreal , DC United,46.0,26.0,28.0,2.05,3.5,3.5,4.0,46.0,54.0,1.73,2.08,1.0,57,43,1.62,2.2,1.0,1,1,PREMATIPS
2025-08-17,00:30,Charlotte FC , Real Salt Lake,56.0,17.0,27.0,1.91,3.8,3.7,1.0,48.0,52.0,1.67,2.15,1.0,54,46,1.57,2.25,1.0,1,0,PREMATIPS
2025-08-17,00:30,Inter Miami , LA Galaxy,43.0,30.0,27.0,1.44,5.25,6.0,1.0,35.0,65.0,1.33,3.4,1.0,62,38,1.5,2.5,1.0,3,1,PREMATIPS
2025-08-17,00:30,New England Rev , Los Angeles FC,33.0,32.0,35.0,3.1,3.5,2.25,5.0,47.0,53.0,1.67,2.15,1.0,50,50,1.53,2.38,1.0,0,2,PREMATIPS
2025-08-17,00:30,NY Red Bulls , Philadelphia Un,33.0,20.0,47.0,2.8,3.5,2.4,6.0,46.0,54.0,1.7,2.1,1.0,56,44,1.57,2.25,1.0,1,0,PREMATIPS
2025-08-17,00:30,Orlando City , Sporting Kansas,58.0,23.0,19.0,1.44,5.0,6.0,1.0,36.0,64.0,1.33,3.4,1.0,64,36,1.5,2.5,1.0,3,1,PREMATIPS
2025-08-17,00:30,Toronto , Columbus Crew,24.0,33.0,43.0,3.8,3.7,1.91,6.0,48.0,52.0,1.7,2.1,1.0,60,40,1.62,2.2,1.0,1,1,PREMATIPS
2025-08-17,00:30,Monagas , Carabobo,23.0,44.0,33.0,2.65,2.8,2.55,6.0,69.0,31.0,2.4,1.5,0.0,43,57,2.05,1.68,0.0,2,0,PREMATIPS
2025-08-17,01:00,Corinthians SP , Bahia BA,27.0,36.0,37.0,2.63,3.1,2.9,6.0,58.0,42.0,2.7,1.44,0.0,47,53,2.2,1.62,0.0,1,2,PREMATIPS
2025-08-17,01:00,Puntarenas , LD Alajuelense,31.0,3.0,66.0,3.9,3.3,1.83,2.0,41.0,59.0,2.35,1.57,1.0,59,41,2.2,1.62,1.0,0,0,PREMATIPS
2025-08-17,01:00,Ind. del Valle , Orense SC,43.0,31.0,26.0,1.42,4.2,7.5,4.0,53.0,47.0,2.15,1.67,0.0,55,45,2.5,1.5,1.0,2,1,PREMATIPS
2025-08-17,01:00,Irapuato , Tlaxcala,39.0,31.0,30.0,1.51,4.0,4.8,1.0,35.0,65.0,1.58,2.2,1.0,69,31,1.68,2.0,1.0,3,0,PREMATIPS
2025-08-17,01:30,Atl. Nacional , Fortaleza CEIF,27.0,50.0,23.0,1.55,4.0,5.75,4.0,47.0,53.0,1.98,1.83,1.0,62,38,2.0,1.73,1.0,2,2,PREMATIPS
2025-08-17,01:30,Austin FC , Dallas,34.0,41.0,25.0,2.0,3.8,3.4,4.0,52.0,48.0,1.75,2.05,0.0,51,49,1.67,2.1,1.0,1,1,PREMATIPS
2025-08-17,01:30,Chicago Fire , St. Louis City,42.0,31.0,27.0,1.6,4.75,4.5,1.0,36.0,64.0,1.36,3.1,1.0,61,39,1.44,2.63,1.0,3,2,PREMATIPS
2025-08-17,01:30,Minnesota Utd , Seattle Sounders,38.0,31.0,31.0,2.2,3.6,3.1,0.0,44.0,56.0,1.7,2.1,1.0,55,45,1.57,2.25,1.0,1,0,PREMATIPS
2025-08-17,02:00,FAS Santa Ana , Zacatecoluca FC,85.0,7.0,8.0,1.44,3.8,6.25,1.0,68.0,32.0,1.9,1.78,0.0,34,66,2.1,1.65,0.0,4,1,PREMATIPS
2025-08-17,02:00,Luis Angel Firpo , Fuerte SF,46.0,31.0,23.0,1.37,4.0,7.25,1.0,61.0,39.0,1.93,1.75,0.0,34,66,2.25,1.55,0.0,3,0,PREMATIPS
2025-08-17,02:00,Cruz Azul , Santos Laguna,46.0,34.0,20.0,1.2,6.5,13.0,1.0,42.0,58.0,1.4,2.88,1.0,50,50,1.91,1.91,1.0,3,2,PREMATIPS
2025-08-17,02:00,Pachuca , Club Tijuana,57.0,25.0,18.0,1.4,4.75,7.5,1.0,42.0,58.0,1.48,2.6,1.0,50,50,1.67,2.1,1.0,0,2,PREMATIPS
2025-08-17,02:00,Tigres UANL , Club America,36.0,33.0,31.0,2.25,3.2,3.4,4.0,53.0,47.0,2.0,1.8,0.0,53,47,1.75,2.0,1.0,1,3,PREMATIPS
2025-08-17,02:00,Jaiba Brava , Atlante,34.0,33.0,33.0,2.4,2.9,2.7,0.0,85.0,15.0,2.4,1.5,0.0,52,48,2.05,1.66,1.0,3,2,PREMATIPS
2025-08-17,02:00,Alianza Lima , ADT Tarma,44.0,34.0,22.0,1.42,4.5,7.0,1.0,72.0,28.0,1.85,1.95,0.0,27,73,2.1,1.67,0.0,3,1,PREMATIPS
2025-08-17,02:15,Isidro Metapan , Inter FA,41.0,48.0,11.0,1.51,3.56,6.08,1.0,66.0,34.0,2.26,1.57,0.0,36,64,2.32,1.52,0.0,2,2,PREMATIPS
2025-08-17,02:30,Real Espana , Ol. Tegucigalpa,48.0,5.0,47.0,2.37,3.25,2.55,1.0,35.0,65.0,1.78,1.9,1.0,50,50,1.66,2.05,1.0,0,0,PREMATIPS
2025-08-17,02:30,Colorado Rapids , Atlanta Utd,46.0,30.0,24.0,2.4,3.6,2.75,4.0,45.0,55.0,1.53,2.4,1.0,55,45,1.44,2.63,1.0,3,1,PREMATIPS
2025-08-17,03:00,Herediano , Perez Zeledon,44.0,34.0,22.0,1.44,4.33,6.5,1.0,53.0,47.0,1.93,1.88,0.0,47,53,2.1,1.67,0.0,2,1,PREMATIPS
2025-08-17,03:30,Portland Timbers , FC Cincinnati,34.0,31.0,35.0,2.7,3.4,2.55,5.0,48.0,52.0,1.88,1.93,1.0,55,45,1.67,2.1,1.0,2,3,PREMATIPS
2025-08-17,04:00,Dorados Sinaloa , Venados,33.0,31.0,36.0,2.8,3.3,2.15,5.0,35.0,65.0,1.77,1.9,1.0,52,48,1.66,2.05,1.0,1,0,PREMATIPS
2025-08-17,04:10,Dep. Toluca , Pumas UNAM,73.0,6.0,21.0,1.73,3.7,4.75,1.0,42.0,58.0,1.83,1.98,1.0,58,42,1.75,2.0,1.0,1,1,PREMATIPS
2025-08-17,09:00,AC Taipei , Taichung Futuro,31.0,31.0,38.0,3.3,3.3,1.9,0.0,46.0,54.0,1.68,2.05,1.0,58,42,1.57,2.24,1.0,2,1,PREMATIPS
2025-08-17,09:15,Slavia Prague B , Pribram,85.0,3.0,12.0,1.45,4.0,5.75,1.0,39.0,61.0,1.57,2.35,1.0,57,43,1.67,2.1,1.0,1,2,PREMATIPS
2025-08-17,09:30,Austria Salzburg , Rapid Wien II,17.0,48.0,35.0,2.65,3.5,2.3,6.0,49.0,51.0,1.63,2.1,1.0,68,32,1.55,2.25,1.0,4,2,PREMATIPS
2025-08-17,09:30,Real Madrid B , Ibiza,36.0,31.0,33.0,2.25,3.2,2.8,5.0,51.0,49.0,1.87,1.82,0.0,54,46,1.71,2.0,1.0,2,1,PREMATIPS
2025-08-17,09:30,OFK Malzenice , Banik Lehota,89.0,7.0,3.0,1.68,3.6,4.1,1.0,42.0,58.0,1.82,1.85,1.0,66,34,1.82,1.87,1.0,2,1,PREMATIPS
2025-08-17,09:30,Zilina B , Puchov,34.0,29.0,37.0,2.6,3.6,2.15,5.0,53.0,47.0,1.53,2.3,0.0,77,23,1.5,2.4,1.0,5,2,PREMATIPS
2025-08-17,10:00,Celta Fortuna , Ourense,40.0,33.0,27.0,1.75,3.42,4.1,1.0,53.0,47.0,1.95,1.74,0.0,49,51,1.89,1.81,0.0,1,2,PREMATIPS
2025-08-17,10:00,Portugalete , Bilbao Athletic,25.0,32.0,43.0,5.37,4.01,1.48,2.0,43.0,57.0,1.61,2.14,1.0,52,48,1.75,1.93,1.0,0,1,PREMATIPS
2025-08-17,10:00,Fagiano Okayama , Kashiwa Reysol,26.0,28.0,46.0,4.1,3.5,1.85,6.0,65.0,35.0,2.15,1.67,0.0,43,57,2.0,1.75,0.0,2,1,PREMATIPS
2025-08-17,10:00,Immigration FC , Terengganu,23.0,32.0,45.0,8.72,5.81,1.21,2.0,35.0,65.0,1.25,3.51,1.0,54,46,1.57,2.24,1.0,2,1,PREMATIPS
2025-08-17,10:00,Prykarpattia , FC Chernihiv,41.0,34.0,25.0,1.72,3.75,3.6,1.0,70.0,30.0,2.1,1.65,0.0,30,70,2.05,1.66,0.0,0,3,PREMATIPS
2025-08-17,10:30,Ventforet Kofu , Oita Trinita,36.0,35.0,29.0,2.55,3.0,2.9,4.0,65.0,35.0,2.7,1.44,0.0,43,57,2.2,1.62,0.0,2,0,PREMATIPS
2025-08-17,11:00,Ehime , Omiya Ardija,18.0,26.0,56.0,4.33,3.7,1.75,2.0,57.0,43.0,1.88,1.93,0.0,51,49,1.8,1.91,1.0,0,3,PREMATIPS
2025-08-17,11:00,Sagan Tosu ,Varen Nagasaki,34.0,35.0,31.0,3.3,3.2,2.2,4.0,57.0,43.0,1.98,1.83,0.0,54,46,1.8,1.91,1.0,1,2,PREMATIPS
2025-08-17,11:00,Farense , Torreense,38.0,33.0,29.0,1.91,3.1,3.75,4.0,84.0,16.0,2.15,1.67,0.0,50,50,1.91,1.8,0.0,0,3,PREMATIPS
2025-08-17,11:00,Sporting CP B , Uniao Leiria,33.0,32.0,35.0,2.7,3.2,2.3,5.0,50.0,50.0,2.03,1.78,0.0,50,50,1.8,1.91,1.0,1,0,PREMATIPS
2025-08-17,11:00,Gimcheon Sangmu , Seoul,34.0,33.0,33.0,2.75,3.5,2.4,0.0,59.0,41.0,1.8,2.0,0.0,51,49,1.67,2.1,1.0,6,2,PREMATIPS
2025-08-17,11:00,Gwangju , Daejeon Citizen,23.0,36.0,41.0,2.25,3.3,3.2,6.0,52.0,48.0,2.05,1.75,0.0,56,44,1.8,1.91,1.0,2,0,PREMATIPS
2025-08-17,11:00,Cheonan City , Busan I'Park,25.0,23.0,52.0,3.4,3.5,1.95,2.0,54.0,46.0,1.9,1.9,0.0,46,54,1.73,2.0,0.0,0,1,PREMATIPS
2025-08-17,11:00,FC Kudrivka , SC Poltava,36.0,33.0,31.0,2.3,3.1,3.2,4.0,35.0,65.0,2.35,1.52,1.0,66,34,2.05,1.68,1.0,3,1,PREMATIPS
2025-08-17,11:00,HA Gia Lai , Becamex HoChiMinh,33.0,35.0,32.0,2.6,2.55,2.85,4.0,78.0,22.0,2.05,1.66,0.0,33,67,1.73,1.98,0.0,0,3,PREMATIPS
2025-08-17,11:15,Go Ahead Eagles , Ajax,29.0,31.0,40.0,3.9,4.1,1.8,2.0,47.0,53.0,1.48,2.6,1.0,51,49,1.44,2.63,1.0,2,2,PREMATIPS
2025-08-17,11:15,Emmen , Almere City,32.0,31.0,37.0,3.0,3.39,2.18,5.0,53.0,47.0,1.75,1.98,0.0,47,53,1.63,2.16,0.0,1,4,PREMATIPS
2025-08-17,11:30,Jamshedpur , Diamond Harbour FC,43.0,33.0,24.0,1.48,3.87,5.57,1.0,44.0,56.0,1.62,2.09,1.0,53,47,1.74,1.98,1.0,0,2,PREMATIPS
2025-08-17,11:30,Alta , Honefoss,26.0,4.0,70.0,3.1,3.92,1.86,2.0,27.0,73.0,1.32,3.1,1.0,59,41,1.31,2.98,1.0,2,0,PREMATIPS
2025-08-17,11:30,Akron Tolyatti , Orenburg,40.0,32.0,28.0,1.85,3.92,4.22,1.0,69.0,31.0,1.78,2.1,0.0,61,39,1.69,2.09,1.0,1,2,PREMATIPS
2025-08-17,12:00,Ipswich Town , Southampton,38.0,31.0,31.0,2.05,3.5,3.4,0.0,47.0,53.0,1.88,1.98,1.0,86,14,1.73,2.0,1.0,1,1,PREMATIPS
2025-08-17,12:00,Viktoria Koln , Paderborn,25.0,32.0,43.0,5.37,4.17,1.51,2.0,41.0,59.0,1.56,2.28,1.0,55,45,1.65,2.1,1.0,1,3,PREMATIPS
2025-08-17,12:00,Brattvag , Eik Tonsberg,45.0,28.0,27.0,1.46,4.5,4.8,1.0,36.0,64.0,1.35,2.9,1.0,72,28,1.47,2.45,1.0,1,0,PREMATIPS
2025-08-17,12:00,Uthai Thani , Chiangrai Utd,40.0,32.0,28.0,1.73,3.4,4.0,1.0,87.0,13.0,1.85,1.83,0.0,20,80,1.8,1.88,0.0,1,1,PREMATIPS
2025-08-17,12:00,Taipower , Tainan City,27.0,31.0,42.0,5.39,4.33,1.42,2.0,38.0,62.0,1.46,2.51,1.0,58,42,1.63,2.11,1.0,2,1,PREMATIPS
2025-08-17,12:00,UCSA Tarasivka , FSC Mariupol,42.0,33.0,25.0,1.68,3.6,4.1,1.0,54.0,46.0,1.83,1.85,0.0,30,70,1.83,1.85,0.0,0,0,PREMATIPS
2025-08-17,12:00,Hong Linh Ha Tinh , Ninh Binh FC,33.0,34.0,33.0,2.35,2.8,2.95,0.0,78.0,22.0,2.3,1.53,0.0,33,67,1.98,1.72,0.0,1,3,PREMATIPS
2025-08-17,12:00,PVF, Song Lam NA,35.0,34.0,31.0,2.1,2.7,3.5,4.0,78.0,22.0,2.3,1.53,0.0,33,67,1.98,1.72,0.0,2,1,PREMATIPS
2025-08-17,12:00,Thanh Hoa , SHB Da Nang,38.0,34.0,28.0,1.98,2.87,3.75,4.0,78.0,22.0,2.15,1.6,0.0,33,67,1.93,1.75,0.0,1,1,PREMATIPS
2025-08-17,12:30,Dender , Anderlecht,29.0,32.0,39.0,3.8,3.7,1.95,6.0,63.0,37.0,1.8,2.0,0.0,53,47,1.7,2.05,1.0,0,2,PREMATIPS
2025-08-17,12:30,Port Bangkok , Ayutthaya Utd,44.0,33.0,23.0,1.34,4.6,6.75,1.0,87.0,13.0,1.63,2.1,0.0,20,80,1.93,1.75,0.0,3,1,PREMATIPS
2025-08-17,13:00,Congo DR , Morocco,26.0,34.0,40.0,4.1,3.2,1.8,2.0,62.0,38.0,2.4,1.53,0.0,43,57,2.2,1.62,0.0,1,3,PREMATIPS
2025-08-17,13:00,Zambia , Kenya,29.0,34.0,37.0,3.3,2.7,2.25,6.0,65.0,35.0,2.7,1.44,0.0,43,57,2.15,1.63,0.0,0,1,PREMATIPS
2025-08-17,13:00,Vejle , Midtjylland,24.0,64.0,12.0,3.75,4.2,1.8,4.0,38.0,62.0,1.48,2.6,1.0,62,38,1.5,2.5,1.0,0,2,PREMATIPS
2025-08-17,13:00,Haka , HJK Helsinki,23.0,11.0,66.0,4.75,4.75,1.5,2.0,34.0,66.0,1.36,3.1,1.0,62,38,1.5,2.5,1.0,1,2,PREMATIPS
2025-08-17,13:00,Arendal , Notodden,25.0,53.0,22.0,1.39,4.4,6.0,4.0,43.0,57.0,1.57,2.25,1.0,70,30,1.78,1.9,1.0,4,1,PREMATIPS
2025-08-17,13:00,Traeff , Jerv Grimstad,23.0,25.0,52.0,3.6,4.2,1.66,2.0,36.0,64.0,1.5,2.37,1.0,72,28,1.57,2.25,1.0,0,1,PREMATIPS
2025-08-17,13:00,Strommen , Grorud,58.0,9.0,33.0,1.57,4.0,4.33,1.0,31.0,69.0,1.46,2.5,1.0,61,39,1.53,2.3,1.0,2,1,PREMATIPS
2025-08-17,13:00,Brommapojkarna , Sirius,63.0,17.0,20.0,2.15,3.8,3.0,1.0,49.0,51.0,1.5,2.5,1.0,56,44,1.44,2.63,1.0,2,4,PREMATIPS
2025-08-17,13:00,IFK Goteborg , AIK Stockholm,31.0,22.0,47.0,2.1,3.4,3.4,6.0,53.0,47.0,2.25,1.62,0.0,42,58,1.95,1.8,0.0,2,1,PREMATIPS
2025-08-17,13:00,Bangkok Utd , Rayong,46.0,34.0,20.0,1.22,5.75,8.75,1.0,87.0,13.0,1.41,2.65,0.0,20,80,1.85,1.83,0.0,3,2,PREMATIPS
2025-08-17,13:30,Banik Ostrava B , Chrudim,74.0,9.0,17.0,1.7,4.1,3.6,1.0,29.0,71.0,1.65,2.2,1.0,67,33,1.67,2.1,1.0,2,2,PREMATIPS
2025-08-17,13:30,Sparta Rotterdam , Utrecht,36.0,30.0,34.0,2.35,3.5,2.88,5.0,13.0,87.0,1.8,2.0,1.0,51,49,1.67,2.1,1.0,2,1,PREMATIPS
2025-08-17,13:30,Twente , PSV Eindhoven,28.0,30.0,42.0,4.5,4.75,1.62,2.0,47.0,53.0,1.4,2.88,1.0,51,49,1.5,2.5,1.0,0,2,PREMATIPS
2025-08-17,13:30,Tromso , Brann Bergen,45.0,15.0,40.0,2.3,3.5,2.9,5.0,38.0,62.0,1.67,2.15,1.0,58,42,1.57,2.25,1.0,1,2,PREMATIPS
2025-08-17,13:30,Odra Opole , Slask Wroclaw,38.0,27.0,35.0,3.15,3.27,2.06,5.0,37.0,63.0,1.86,1.82,1.0,61,39,1.7,1.99,1.0,1,1,PREMATIPS
2025-08-17,13:30,Veres Rivne , Shakhtar Donetsk,15.0,26.0,59.0,9.75,4.5,1.35,2.0,69.0,31.0,1.82,1.87,0.0,33,67,2.25,1.57,0.0,0,2,PREMATIPS
2025-08-17,13:45,Rubin Kazan , Rostov,60.0,24.0,16.0,2.19,3.55,3.4,1.0,44.0,56.0,1.96,1.9,1.0,61,39,1.73,2.05,1.0,1,0,PREMATIPS
2025-08-17,14:00,Karvina , Bohemians 1905,38.0,31.0,31.0,1.98,3.57,3.3,0.0,61.0,39.0,1.69,2.05,0.0,35,65,1.61,2.16,0.0,1,2,PREMATIPS
2025-08-17,14:00,Chelsea , Crystal Palace,42.0,32.0,26.0,1.7,4.0,4.5,1.0,78.0,22.0,1.67,2.2,0.0,11,89,1.67,2.1,0.0,0,0,PREMATIPS
2025-08-17,14:00,Nottingham Forest , Brentford,38.0,33.0,29.0,2.15,3.25,3.6,4.0,78.0,22.0,2.05,1.8,0.0,11,89,1.8,1.95,0.0,3,1,PREMATIPS
2025-08-17,14:00,Brest , Lille,31.0,32.0,37.0,2.63,3.1,2.8,6.0,92.0,8.0,2.1,1.73,0.0,8,92,1.8,1.95,0.0,3,3,PREMATIPS
2025-08-17,14:00,Melaka FC , Penang,35.0,31.0,34.0,2.15,3.5,2.65,5.0,49.0,51.0,1.77,1.93,1.0,56,44,1.68,2.05,1.0,0,2,PREMATIPS
2025-08-17,14:00,Lysekloster IL , IL Sandviken,42.0,31.0,27.0,1.55,4.5,4.0,4.0,32.0,68.0,1.42,2.65,1.0,72,28,1.53,2.3,1.0,1,1,PREMATIPS
2025-08-17,14:00,Penafiel , Oliveirense,37.0,31.0,32.0,2.15,3.3,3.1,5.0,50.0,50.0,1.9,1.9,1.0,83,17,1.67,2.1,1.0,0,0,PREMATIPS
2025-08-17,14:00,Spartak Kostroma , FC Chelyabinsk,36.0,25.0,39.0,2.45,3.07,2.88,5.0,65.0,35.0,2.3,1.57,0.0,51,49,1.95,1.77,1.0,2,1,PREMATIPS
2025-08-17,14:00,Orebro , Orgryte,10.0,41.0,49.0,3.5,3.9,1.83,2.0,44.0,56.0,1.53,2.4,1.0,56,44,1.53,2.38,1.0,1,3,PREMATIPS
2025-08-17,14:00,Inhulets Petrove , Nyva Ternopil,39.0,33.0,28.0,1.88,3.2,3.6,1.0,54.0,46.0,2.2,1.6,0.0,46,54,2.0,1.7,0.0,2,2,PREMATIPS
2025-08-17,14:00,Kokand , Termez Surkhon,29.0,24.0,47.0,2.72,3.01,2.37,6.0,52.0,48.0,2.21,1.53,0.0,45,55,1.91,1.69,0.0,2,0,PREMATIPS
2025-08-17,14:00,Nkwazi , Green Buffaloes,37.0,35.0,28.0,2.1,2.7,3.6,4.0,95.0,5.0,2.75,1.39,0.0,5,95,2.3,1.55,0.0,1,2,PREMATIPS
2025-08-17,14:00,Prison Leopards , Nkana,27.0,34.0,39.0,4.0,3.1,1.82,6.0,95.0,5.0,2.45,1.47,0.0,5,95,2.25,1.55,0.0,0,0,PREMATIPS
2025-08-17,14:15,Csikszereda , U Craiova,7.0,43.0,50.0,4.33,3.4,1.75,2.0,31.0,69.0,1.8,2.0,1.0,74,26,1.73,2.0,1.0,1,2,PREMATIPS
2025-08-17,14:30,Jahn Regensburg , Koln,21.0,34.0,45.0,7.0,4.75,1.38,2.0,42.0,58.0,1.65,2.2,1.0,48,52,1.95,1.8,0.0,1,2,PREMATIPS
2025-08-17,14:30,Debrecen , Nyiregyhaza Sp.,80.0,13.0,7.0,1.7,3.8,4.5,1.0,32.0,68.0,1.62,2.25,1.0,82,18,1.62,2.2,1.0,1,2,PREMATIPS
2025-08-17,15:00,Saint Truiden , RAAL La Louviere,42.0,33.0,25.0,1.67,3.75,5.0,1.0,74.0,26.0,1.8,2.0,0.0,42,58,1.8,1.95,0.0,2,1,PREMATIPS
2025-08-17,15:00,RFC Liege , Seraing,41.0,32.0,27.0,1.7,3.6,4.5,1.0,52.0,48.0,1.73,2.08,0.0,51,49,1.73,2.0,1.0,2,0,PREMATIPS
2025-08-17,15:00,Viborg , Silkeborg,37.0,31.0,32.0,2.15,3.6,3.0,5.0,47.0,53.0,1.67,2.15,1.0,45,55,1.57,2.25,0.0,2,3,PREMATIPS
2025-08-17,15:00,Hull City , Oxford Utd,39.0,33.0,28.0,1.85,3.4,4.2,1.0,81.0,19.0,2.3,1.62,0.0,19,81,2.1,1.67,0.0,3,2,PREMATIPS
2025-08-17,15:00,Nomme Kalju , Narva Trans,48.0,14.0,38.0,1.8,3.4,3.7,1.0,36.0,64.0,1.66,2.05,1.0,53,47,1.62,2.15,1.0,1,2,PREMATIPS
2025-08-17,15:00,KuPS Kuopio , Inter Turku,42.0,21.0,37.0,3.1,3.5,2.15,5.0,42.0,58.0,1.67,2.15,1.0,55,45,1.57,2.25,1.0,2,1,PREMATIPS
2025-08-17,15:00,Stjarnan , Vestri,43.0,19.0,38.0,1.58,4.1,4.5,5.0,51.0,49.0,1.49,2.4,0.0,54,46,1.57,2.25,1.0,2,1,PREMATIPS
2025-08-17,15:00,Vestmannaeyjar , Valur Reykjavik,26.0,22.0,52.0,3.75,3.8,1.77,2.0,40.0,60.0,1.5,2.4,1.0,56,44,1.5,2.37,1.0,4,1,PREMATIPS
2025-08-17,15:00,Fylkir , Keflavik,23.0,21.0,56.0,2.2,3.6,2.55,2.0,35.0,65.0,1.42,2.65,1.0,70,30,1.4,2.7,1.0,4,0,PREMATIPS
2025-08-17,15:00,HK Kopavogur , Grindavik,59.0,15.0,26.0,1.42,4.65,5.28,1.0,25.0,75.0,1.32,3.1,1.0,70,30,1.45,2.49,1.0,3,3,PREMATIPS
2025-08-17,15:00,Njardvik , Throttur,39.0,33.0,28.0,1.55,4.2,4.33,1.0,31.0,69.0,1.41,2.7,1.0,80,20,1.49,2.4,1.0,2,3,PREMATIPS
2025-08-17,15:00,Selfoss , Fjolnir,44.0,27.0,29.0,1.85,3.88,3.24,4.0,35.0,65.0,1.42,2.67,1.0,60,40,1.41,2.65,1.0,1,2,PREMATIPS
2025-08-17,15:00,F91 Dudelange , Atert Bissen,81.0,10.0,9.0,1.43,4.33,5.25,1.0,55.0,45.0,1.49,2.45,0.0,52,48,1.63,2.1,1.0,4,2,PREMATIPS
2025-08-17,15:00,Jeunesse Canach , Rodange 91,32.0,50.0,18.0,2.3,3.3,2.6,4.0,55.0,45.0,1.71,2.0,0.0,68,32,1.61,2.15,1.0,1,2,PREMATIPS
2025-08-17,15:00,Jeunesse Esch , Mamer 32,40.0,31.0,29.0,1.78,3.6,3.6,1.0,55.0,45.0,1.57,2.25,0.0,68,32,1.55,2.25,1.0,0,1,PREMATIPS
2025-08-17,15:00,Mondorf , Kaerjeng Un,21.0,44.0,35.0,1.72,3.6,3.8,6.0,71.0,29.0,1.57,2.25,0.0,52,48,1.57,2.25,1.0,2,0,PREMATIPS
2025-08-17,15:00,Victoria Rosport , UNA Strassen,26.0,32.0,42.0,4.6,3.75,1.57,2.0,55.0,45.0,1.68,2.05,0.0,68,32,1.73,1.95,1.0,2,2,PREMATIPS
2025-08-17,15:00,Sandnes , Sotra SK,39.0,29.0,32.0,1.7,3.7,3.8,4.0,30.0,70.0,1.51,2.35,1.0,65,35,1.53,2.3,1.0,0,0,PREMATIPS
2025-08-17,15:00,Volga Ulyanovsk ,Khabarovsk,11.0,31.0,58.0,3.4,3.16,2.16,2.0,65.0,35.0,2.17,1.64,0.0,68,32,1.89,1.82,1.0,1,0,PREMATIPS
2025-08-17,15:00,Kilmarnock , Dundee Utd,41.0,31.0,28.0,1.67,3.84,4.2,1.0,43.0,57.0,1.62,2.17,1.0,56,44,1.62,2.14,1.0,2,1,PREMATIPS
2025-08-17,15:00,Livingston , Hibernian,27.0,33.0,40.0,4.09,3.38,1.79,2.0,53.0,47.0,1.97,1.76,0.0,50,50,1.85,1.84,0.0,0,2,PREMATIPS
2025-08-17,15:00,Team TG , Nordic United,19.0,19.0,62.0,5.45,4.06,1.48,2.0,41.0,59.0,1.6,2.14,1.0,58,42,1.7,2.0,1.0,0,2,PREMATIPS
2025-08-17,15:00,Jonkopings S. , Torslanda IK,53.0,17.0,30.0,1.51,3.75,5.25,1.0,56.0,44.0,1.88,1.8,0.0,39,61,1.98,1.71,0.0,5,0,PREMATIPS
2025-08-17,15:00,River Plate M. , Mont. City Torque,30.0,32.0,38.0,3.4,3.3,2.1,6.0,65.0,35.0,2.1,1.7,0.0,50,50,1.83,1.83,1.0,0,2,PREMATIPS
2025-08-17,15:00,Mash'al Mubarek , Andijan,25.0,36.0,39.0,3.4,3.1,1.98,6.0,55.0,45.0,2.05,1.68,0.0,47,53,1.87,1.82,0.0,1,0,PREMATIPS
2025-08-17,15:05,Ajman Club ,Wahda,27.0,32.0,41.0,4.44,3.76,1.62,2.0,84.0,16.0,1.6,2.17,0.0,16,84,1.62,2.14,0.0,0,2,PREMATIPS
2025-08-17,15:05,Khor Fakkan ,Jazira,30.0,30.0,40.0,3.6,3.64,1.8,2.0,84.0,16.0,1.53,2.27,0.0,16,84,1.51,2.32,0.0,3,2,PREMATIPS
2025-08-17,15:30,Sabah Baku , Qarabag,27.0,32.0,41.0,4.1,3.4,1.73,2.0,95.0,5.0,1.85,1.82,0.0,22,78,1.8,1.87,0.0,-,-,PREMATIPS
2025-08-17,15:30,Dukagjini , Prishtina,35.0,32.0,33.0,2.4,3.04,2.72,5.0,84.0,16.0,2.25,1.56,0.0,18,82,1.95,1.73,0.0,2,3,PREMATIPS
2025-08-17,15:30,Malisheva , Prishtina e Re,40.0,33.0,27.0,1.72,3.4,4.1,1.0,55.0,45.0,2.0,1.7,0.0,47,53,1.95,1.75,0.0,0,4,PREMATIPS
2025-08-17,15:30,Rio Ave , Nacional Madeira,36.0,32.0,32.0,2.28,3.23,3.04,0.0,84.0,16.0,2.0,1.74,0.0,11,89,1.78,1.93,0.0,1,1,PREMATIPS
2025-08-17,15:30,Hacken , Osters,46.0,26.0,28.0,1.7,4.1,4.33,1.0,62.0,38.0,1.6,2.3,0.0,44,56,1.62,2.2,0.0,0,2,PREMATIPS
2025-08-17,15:30,Hammarby , GAIS Goteborg,46.0,30.0,24.0,1.95,3.6,3.6,1.0,56.0,44.0,1.73,2.08,0.0,48,52,1.67,2.1,0.0,1,2,PREMATIPS
2025-08-17,15:30,Mjallby , Djurgarden,56.0,20.0,24.0,2.2,3.4,3.2,1.0,56.0,44.0,1.8,2.0,0.0,53,47,1.67,2.1,1.0,1,1,PREMATIPS
2025-08-17,15:45,Volendam , AZ Alkmaar,25.0,32.0,43.0,6.0,5.0,1.44,2.0,47.0,53.0,1.4,2.88,1.0,84,16,1.57,2.25,1.0,2,2,PREMATIPS
2025-08-17,15:45,Willem II , FC Eindhoven,41.0,31.0,28.0,1.73,3.9,4.33,1.0,53.0,47.0,1.7,2.1,0.0,47,53,1.67,2.1,0.0,0,1,PREMATIPS
2025-08-17,16:00,LASK Linz , Austria Wien,35.0,30.0,35.0,2.45,3.7,2.6,5.0,49.0,51.0,1.65,2.2,1.0,51,49,1.57,2.25,1.0,2,1,PREMATIPS
2025-08-17,16:00,Rapid Wien , Altach,41.0,33.0,26.0,1.91,3.6,3.8,1.0,66.0,34.0,1.9,1.9,0.0,34,66,1.75,2.0,0.0,0,0,PREMATIPS
2025-08-17,16:00,Wolfsberger AC ,Weiss Linz,40.0,32.0,28.0,1.95,3.5,3.8,1.0,83.0,17.0,1.95,1.85,0.0,17,83,1.8,1.95,0.0,3,0,PREMATIPS
2025-08-17,16:00,FC Minsk , Isloch Minsk,32.0,35.0,33.0,3.7,3.2,1.85,6.0,41.0,59.0,2.1,1.63,1.0,53,47,1.95,1.73,1.0,0,1,PREMATIPS
2025-08-17,16:00,Belasitsa Petrich , Spartak Pleven,43.0,33.0,24.0,1.44,3.73,5.62,1.0,79.0,21.0,1.89,1.7,0.0,46,54,2.07,1.63,0.0,1,1,PREMATIPS
2025-08-17,16:00,Vlasim , Sparta Prague B,39.0,32.0,29.0,1.75,3.8,3.6,1.0,46.0,54.0,1.57,2.35,1.0,30,70,1.53,2.38,0.0,1,2,PREMATIPS
2025-08-17,16:00,B68 Toftir , FC Suduroy,64.0,8.0,28.0,1.73,3.9,3.4,1.0,32.0,68.0,1.47,2.45,1.0,55,45,1.51,2.37,1.0,1,1,PREMATIPS
2025-08-17,16:00,Aktobe , Okzhetpes,40.0,23.0,37.0,1.49,3.7,5.75,5.0,53.0,47.0,2.0,1.7,0.0,51,49,2.15,1.61,1.0,2,1,PREMATIPS
2025-08-17,16:00,Astana , Ulytau Jezkazgan,63.0,23.0,14.0,1.16,6.5,11.5,1.0,61.0,39.0,1.43,2.6,0.0,47,53,2.1,1.65,0.0,4,0,PREMATIPS
2025-08-17,16:00,Ordabasy , Tobol Kostanay,25.0,36.0,39.0,2.4,2.9,2.7,6.0,54.0,46.0,2.2,1.57,0.0,48,52,1.93,1.75,0.0,2,3,PREMATIPS
2025-08-17,16:00,Zhetysu , Atyrau,55.0,25.0,20.0,2.35,2.9,2.8,1.0,48.0,52.0,2.2,1.57,1.0,50,50,1.93,1.75,0.0,0,0,PREMATIPS
2025-08-17,16:00,Spartanii , Sheriff Tiraspol,20.0,31.0,49.0,43.0,22.67,1.02,2.0,22.0,78.0,1.19,4.39,1.0,24,76,4.7,1.18,0.0,0,3,PREMATIPS
2025-08-17,16:00,Shkupi Skopje , Sileks Kratovo,26.0,33.0,41.0,4.57,3.64,1.65,2.0,14.0,86.0,1.85,1.85,1.0,53,47,1.81,1.88,1.0,0,3,PREMATIPS
2025-08-17,16:00,Hamarkameratene , Bryne,37.0,29.0,34.0,2.63,3.25,2.7,5.0,46.0,54.0,1.98,1.83,1.0,54,46,1.7,2.05,1.0,1,0,PREMATIPS
2025-08-17,16:00,KFUM Oslo , Molde,48.0,15.0,37.0,2.75,3.0,2.7,1.0,44.0,56.0,2.08,1.73,1.0,47,53,1.8,1.95,0.0,0,0,PREMATIPS
2025-08-17,16:00,Kristiansund , Sandefjord,37.0,15.0,48.0,3.25,3.9,2.0,6.0,40.0,60.0,1.44,2.7,1.0,52,48,1.4,2.75,1.0,2,2,PREMATIPS
2025-08-17,16:00,Hodd , Skeid,51.0,26.0,23.0,2.0,3.5,3.5,1.0,45.0,55.0,1.88,1.93,1.0,71,29,1.73,2.0,1.0,1,1,PREMATIPS
2025-08-17,16:00,Moss , Odds BK,52.0,12.0,36.0,2.5,3.4,2.7,1.0,41.0,59.0,1.7,2.1,1.0,60,40,1.57,2.25,1.0,2,2,PREMATIPS
2025-08-17,16:00,GKS Tychy , Gornik Leczna,60.0,29.0,11.0,1.83,3.4,3.9,1.0,29.0,71.0,1.9,1.9,1.0,70,30,1.8,1.91,1.0,2,2,PREMATIPS
2025-08-17,16:00,Dynamo Moscow , CSKA Moscow,13.0,66.0,21.0,2.68,3.5,2.64,6.0,69.0,31.0,1.93,1.92,0.0,61,39,1.7,2.09,1.0,1,3,PREMATIPS
2025-08-17,16:00,Neftekhimik , KAMAZ,16.0,67.0,17.0,2.4,2.87,3.14,6.0,65.0,35.0,2.62,1.39,0.0,60,40,2.16,1.62,1.0,1,3,PREMATIPS
2025-08-17,16:00,Celta Vigo , Getafe,41.0,34.0,25.0,1.62,3.6,6.5,1.0,80.0,20.0,2.38,1.57,0.0,20,80,2.38,1.53,0.0,0,2,PREMATIPS
2025-08-17,16:00,Real Sociedad B , Real Zaragoza,32.0,33.0,35.0,3.0,2.9,2.55,6.0,74.0,26.0,2.25,1.62,0.0,26,74,1.83,1.83,0.0,1,0,PREMATIPS
2025-08-17,16:00,Sandviken , Landskrona BoIS,40.0,22.0,38.0,2.2,3.5,3.1,5.0,44.0,56.0,1.7,2.1,1.0,56,44,1.57,2.25,1.0,0,1,PREMATIPS
2025-08-17,16:00,Polissya , LNZ Cherkasy,37.0,34.0,29.0,2.45,2.7,3.3,4.0,85.0,15.0,3.1,1.31,0.0,16,84,2.5,1.46,0.0,0,2,PREMATIPS
2025-08-17,16:15,Angers , Paris FC,31.0,33.0,36.0,3.1,3.4,2.3,6.0,92.0,8.0,1.88,1.98,0.0,8,92,1.7,2.05,0.0,1,0,PREMATIPS
2025-08-17,16:15,Auxerre , Lorient,36.0,31.0,33.0,2.4,3.25,3.0,5.0,92.0,8.0,2.05,1.8,0.0,8,92,1.8,1.95,0.0,1,0,PREMATIPS
2025-08-17,16:15,Metz , Strasbourg,31.0,31.0,38.0,3.5,3.4,2.1,0.0,92.0,8.0,1.88,1.98,0.0,8,92,1.7,2.05,0.0,0,1,PREMATIPS
2025-08-17,16:15,Bunyodkor , Buxoro,50.0,33.0,17.0,1.75,3.3,4.0,1.0,53.0,47.0,2.0,1.68,0.0,52,48,1.93,1.75,1.0,2,1,PREMATIPS
2025-08-17,16:25,Suduva , Banga Gargzdai,42.0,34.0,24.0,1.62,3.3,5.0,4.0,61.0,39.0,2.15,1.6,0.0,39,61,2.13,1.63,0.0,2,1,PREMATIPS
2025-08-17,16:30,Sloga Doboj , Borac B. Luka,37.0,44.0,19.0,7.5,4.2,1.35,4.0,35.0,65.0,1.8,1.88,1.0,72,28,2.2,1.58,1.0,0,1,PREMATIPS
2025-08-17,16:30,ISCA Abidjan , Stella Club,31.0,34.0,35.0,2.99,2.73,2.36,6.0,94.0,6.0,2.74,1.35,0.0,20,80,2.2,1.51,0.0,0,1,PREMATIPS
2025-08-17,16:30,Pardubice , Banik Ostrava,29.0,31.0,40.0,3.9,3.7,1.8,2.0,45.0,55.0,1.7,2.1,1.0,55,45,1.67,2.1,1.0,-,-,PREMATIPS
2025-08-17,16:30,Manchester Utd , Arsenal,29.0,32.0,39.0,4.0,3.7,1.85,6.0,78.0,22.0,1.95,1.9,0.0,11,89,1.8,1.95,0.0,0,1,PREMATIPS
2025-08-17,16:30,Pogon Szczecin , Gornik Zabrze,45.0,7.0,48.0,2.0,3.6,3.1,5.0,41.0,59.0,1.67,2.15,1.0,69,31,1.62,2.2,1.0,0,3,PREMATIPS
2025-08-17,16:30,Radomiak Radom , Jagiellonia,35.0,31.0,34.0,2.38,3.5,2.63,5.0,24.0,76.0,1.73,2.08,1.0,67,33,1.62,2.2,1.0,1,2,PREMATIPS
2025-08-17,16:30,CFR Cluj , Botosani,42.0,34.0,24.0,1.55,3.8,5.25,1.0,46.0,54.0,2.08,1.73,1.0,68,32,2.1,1.67,1.0,3,3,PREMATIPS
2025-08-17,16:45,MTK Budapest , Gyori ETO,20.0,70.0,10.0,2.4,3.6,2.6,4.0,54.0,46.0,1.48,2.6,0.0,71,29,1.4,2.75,1.0,2,7,PREMATIPS
2025-08-17,17:00,Noah , Gandzasar,76.0,10.0,14.0,1.07,9.25,26.0,1.0,55.0,45.0,1.38,2.8,0.0,28,72,2.85,1.37,0.0,4,1,PREMATIPS
2025-08-17,17:00,Ludogorets , Lokomotiv Sofia,46.0,27.0,27.0,1.36,4.5,9.5,1.0,50.0,50.0,1.93,1.88,0.0,43,57,2.2,1.62,0.0,0,0,PREMATIPS
2025-08-17,17:00,Randers , Brondby,34.0,31.0,35.0,2.63,3.6,2.45,5.0,47.0,53.0,1.75,2.05,1.0,53,47,1.62,2.2,1.0,0,2,PREMATIPS
2025-08-17,17:00,Tallinna Kalev , FCI Levadia,23.0,5.0,72.0,26.0,10.5,1.06,2.0,29.0,71.0,1.19,3.86,1.0,49,51,2.15,1.61,0.0,1,6,PREMATIPS
2025-08-17,17:00,Aris , Asteras Tripolis,41.0,31.0,28.0,1.68,3.6,4.0,1.0,47.0,53.0,1.77,1.93,1.0,53,47,1.77,1.93,1.0,2,1,PREMATIPS
2025-08-17,17:00,Enosis Paralimni , APOEL Nicosia,25.0,32.0,43.0,5.75,4.33,1.42,2.0,44.0,56.0,1.63,2.1,1.0,51,49,1.83,1.85,1.0,2,1,PREMATIPS
2025-08-17,17:00,Dila Gori , Iberia 1999,36.0,27.0,37.0,2.15,3.0,3.0,5.0,59.0,41.0,2.37,1.51,0.0,45,55,2.1,1.65,0.0,0,6,PREMATIPS
2025-08-17,17:00,Torpedo Kutaisi , Telavi,59.0,15.0,26.0,1.36,4.2,7.0,1.0,57.0,43.0,1.88,1.8,0.0,49,51,2.25,1.57,0.0,1,1,PREMATIPS
2025-08-17,17:00,Hallescher , Augsburg,23.0,33.0,44.0,6.79,4.68,1.38,2.0,40.0,60.0,1.55,2.32,1.0,52,48,1.77,1.94,1.0,0,2,PREMATIPS
2025-08-17,17:00,Ulm 1846 , Elversberg,32.0,32.0,36.0,3.1,3.2,2.38,0.0,49.0,51.0,1.83,1.98,1.0,56,44,1.62,2.2,1.0,0,1,PREMATIPS
2025-08-17,17:00,St Patrick's , Shelbourne,39.0,33.0,28.0,1.84,3.18,3.97,1.0,58.0,42.0,2.18,1.59,0.0,46,54,1.97,1.73,0.0,2,0,PREMATIPS
2025-08-17,17:00,IR Reykjavik , Thor Akureyri,41.0,22.0,37.0,2.25,3.6,2.5,5.0,37.0,63.0,1.47,2.45,1.0,70,30,1.44,2.55,1.0,0,1,PREMATIPS
2025-08-17,17:00,Volsungur Husavik , Leiknir R.,43.0,30.0,27.0,2.35,3.6,2.37,4.0,39.0,61.0,1.43,2.6,1.0,70,30,1.41,2.7,1.0,1,2,PREMATIPS
2025-08-17,17:00,Monza 1912 , Frosinone,38.0,33.0,29.0,2.0,3.23,3.65,4.0,56.0,44.0,2.1,1.68,0.0,49,51,1.88,1.82,0.0,0,1,PREMATIPS
2025-08-17,17:00,Juve Next Gen , Novara,38.0,33.0,29.0,1.98,3.0,3.4,4.0,57.0,43.0,2.15,1.62,0.0,48,52,1.93,1.77,0.0,1,0,PREMATIPS
2025-08-17,17:00,Latina , Gubbio,33.0,32.0,35.0,2.7,3.0,2.35,5.0,58.0,42.0,2.15,1.6,0.0,48,52,1.93,1.75,0.0,1,0,PREMATIPS
2025-08-17,17:00,Lecco , Ospitaletto,43.0,35.0,22.0,1.48,3.77,6.0,1.0,50.0,50.0,1.82,1.84,1.0,47,53,1.92,1.76,0.0,0,1,PREMATIPS
2025-08-17,17:00,Monopoli 1966 , Cosenza,34.0,33.0,33.0,2.44,2.9,2.81,0.0,62.0,38.0,2.35,1.5,0.0,46,54,2.0,1.71,0.0,1,0,PREMATIPS
2025-08-17,17:00,Perugia , Pontedera,39.0,33.0,28.0,1.82,3.2,3.9,1.0,56.0,44.0,2.05,1.66,0.0,48,52,1.93,1.77,0.0,0,0,PREMATIPS
2025-08-17,17:00,Picerno , Trapani,31.0,33.0,36.0,3.0,2.94,2.25,6.0,61.0,39.0,2.32,1.51,0.0,45,55,1.99,1.69,0.0,1,1,PREMATIPS
2025-08-17,17:00,Pro Patria , Alcione Milano,38.0,34.0,28.0,1.95,3.0,3.6,4.0,62.0,38.0,2.37,1.51,0.0,44,56,2.1,1.63,0.0,1,1,PREMATIPS
2025-08-17,17:00,Ravenna , Cittadella,30.0,33.0,37.0,3.31,3.1,2.04,6.0,57.0,43.0,2.12,1.61,0.0,48,52,1.9,1.79,0.0,2,0,PREMATIPS
2025-08-17,17:00,Virtus Verona , Forli,35.0,33.0,32.0,2.33,3.01,2.83,4.0,58.0,42.0,2.18,1.58,0.0,48,52,1.91,1.77,0.0,2,3,PREMATIPS
2025-08-17,17:00,RFS Riga , Metta,47.0,35.0,18.0,1.12,7.25,16.0,1.0,31.0,69.0,1.34,2.95,1.0,44,56,2.08,1.66,0.0,3,2,PREMATIPS
2025-08-17,17:00,Dziugas Telsiai , Kauno Zalgiris,27.0,28.0,45.0,5.0,3.25,1.63,2.0,57.0,43.0,2.15,1.62,0.0,37,63,2.06,1.67,0.0,1,2,PREMATIPS
2025-08-17,17:00,Hegelmann , Panevezys,51.0,15.0,34.0,1.7,3.4,4.1,1.0,46.0,54.0,1.8,1.88,1.0,45,55,1.72,1.99,0.0,3,1,PREMATIPS
2025-08-17,17:00,Chernomorets N. , Fakel Voronezh,31.0,32.0,37.0,3.16,3.15,2.26,6.0,65.0,35.0,2.29,1.57,0.0,60,40,1.95,1.75,1.0,0,1,PREMATIPS
2025-08-17,17:00,Genclerbirligi , Antalyaspor,34.0,32.0,34.0,2.6,3.2,2.75,0.0,14.0,86.0,2.15,1.67,1.0,76,24,1.8,1.91,1.0,0,1,PREMATIPS
2025-08-17,17:00,Konyaspor , Gaziantep,40.0,32.0,28.0,1.8,3.5,4.33,1.0,14.0,86.0,1.85,1.95,1.0,43,57,1.73,2.0,0.0,3,0,PREMATIPS
2025-08-17,17:00,Sivasspor , Bodrum,34.0,31.0,35.0,2.55,3.1,2.45,5.0,87.0,13.0,2.0,1.8,0.0,51,49,1.73,2.0,1.0,1,1,PREMATIPS
2025-08-17,17:00,Vanspor , Esenler Erokspor,36.0,31.0,33.0,2.25,3.3,2.75,5.0,20.0,80.0,1.85,1.95,1.0,84,16,1.67,2.1,1.0,1,0,PREMATIPS
2025-08-17,17:30,Sumgayit , Kapaz,39.0,33.0,28.0,1.9,3.2,3.5,1.0,95.0,5.0,2.1,1.63,0.0,22,78,1.95,1.75,0.0,3,0,PREMATIPS
2025-08-17,17:30,Charleroi , Royal Antwerp,5.0,85.0,10.0,2.38,3.4,3.0,6.0,63.0,37.0,2.05,1.75,0.0,75,25,1.8,1.95,1.0,1,1,PREMATIPS
2025-08-17,17:30,U. de Chile , Audax Italiano,51.0,11.0,38.0,1.6,4.0,5.25,1.0,49.0,51.0,1.83,1.98,1.0,54,46,1.83,1.83,1.0,1,3,PREMATIPS
2025-08-17,17:30,Parma , Pescara,45.0,34.0,21.0,1.3,5.17,8.74,1.0,41.0,59.0,1.58,2.27,1.0,48,52,1.93,1.77,0.0,2,0,PREMATIPS
2025-08-17,17:30,Swift Hesperange , Pr. Niedercorn,50.0,27.0,23.0,3.1,3.5,1.93,1.0,55.0,45.0,1.66,2.05,0.0,52,48,1.62,2.15,1.0,1,4,PREMATIPS
2025-08-17,17:30,Al, Baniyas SC,45.0,33.0,22.0,1.3,5.0,7.25,1.0,84.0,16.0,1.46,2.5,0.0,16,84,1.77,1.9,0.0,2,0,PREMATIPS
2025-08-17,17:45,Varazdin , Osijek,36.0,32.0,32.0,2.38,3.1,3.0,0.0,71.0,29.0,2.3,1.6,0.0,48,52,1.91,1.8,0.0,0,0,PREMATIPS
2025-08-17,17:45,Maccabi Haifa , M. Bnei Reineh,42.0,32.0,26.0,1.58,3.8,4.5,1.0,45.0,55.0,1.68,2.05,1.0,53,47,1.75,1.95,1.0,0,2,PREMATIPS
2025-08-17,17:45,Marsaxlokk , Mosta,38.0,31.0,31.0,1.98,3.3,3.1,0.0,84.0,16.0,1.85,1.83,0.0,16,84,1.75,1.95,0.0,3,1,PREMATIPS
2025-08-17,18:00,Def. Y Justicia , Newells Old Boys,41.0,34.0,25.0,1.75,3.25,5.25,1.0,64.0,36.0,2.4,1.53,0.0,46,54,2.2,1.62,0.0,1,1,PREMATIPS
2025-08-17,18:00,Gimnasia LP , Lanus,35.0,35.0,30.0,2.5,2.8,3.4,4.0,80.0,20.0,3.4,1.33,0.0,21,79,2.5,1.5,0.0,1,2,PREMATIPS
2025-08-17,18:00,ML Vitebsk , Dinamo Brest,45.0,26.0,29.0,2.0,3.1,3.25,4.0,56.0,44.0,2.1,1.63,0.0,38,62,1.93,1.77,0.0,1,1,PREMATIPS
2025-08-17,18:00,Dunav Ruse , CSKA Sofia II,34.0,30.0,36.0,2.42,3.46,2.28,5.0,51.0,49.0,1.74,1.84,0.0,57,43,1.66,2.0,1.0,2,0,PREMATIPS
2025-08-17,18:00,HB Torshavn , 07 Vestur,79.0,12.0,9.0,1.15,7.0,11.5,1.0,21.0,79.0,1.31,3.1,1.0,68,32,1.87,1.82,1.0,3,0,PREMATIPS
2025-08-17,18:00,Dinamo Batumi , Gagra,57.0,13.0,30.0,1.77,3.25,4.0,1.0,65.0,35.0,2.1,1.63,0.0,45,55,2.0,1.7,0.0,1,2,PREMATIPS
2025-08-17,18:00,Afturelding , KA Akureyri,35.0,32.0,33.0,3.0,3.5,2.05,5.0,48.0,52.0,1.61,2.15,1.0,50,50,1.55,2.25,1.0,3,3,PREMATIPS
2025-08-17,18:00,Maccabi Tel Aviv , Hapoel Jerusalem,43.0,33.0,24.0,1.47,3.97,5.46,1.0,45.0,55.0,1.67,2.05,1.0,51,49,1.76,1.89,1.0,2,1,PREMATIPS
2025-08-17,18:00,Zalgiris , Riteriai,53.0,29.0,18.0,1.28,5.16,7.95,1.0,49.0,51.0,1.47,2.51,1.0,50,50,1.81,1.87,1.0,2,1,PREMATIPS
2025-08-17,18:00,Milsami Orhei , Politechnica UTM,46.0,36.0,18.0,1.16,5.55,11.45,1.0,36.0,64.0,1.38,2.69,1.0,45,55,1.92,1.79,0.0,4,1,PREMATIPS
2025-08-17,18:00,Tarxien Rainbows , Hamrun Spartans,23.0,34.0,43.0,7.0,4.5,1.34,2.0,84.0,16.0,1.68,2.05,0.0,16,84,1.98,1.71,0.0,1,1,PREMATIPS
2025-08-17,18:00,Sport Huancayo , Un. de Deportes,36.0,33.0,31.0,2.25,3.1,3.25,4.0,54.0,46.0,2.3,1.6,0.0,46,54,1.91,1.8,0.0,1,1,PREMATIPS
2025-08-17,18:00,Alverca , SC Braga,25.0,33.0,42.0,5.0,3.9,1.62,2.0,17.0,83.0,2.0,1.85,1.0,44,56,1.95,1.8,0.0,0,3,PREMATIPS
2025-08-17,18:00,Santa Clara , Moreirense,40.0,34.0,26.0,1.95,3.1,4.5,1.0,17.0,83.0,2.88,1.4,1.0,44,56,2.5,1.5,0.0,0,1,PREMATIPS
2025-08-17,18:00,Benfica B , Leixoes,38.0,32.0,30.0,2.15,3.3,3.4,4.0,50.0,50.0,2.05,1.75,0.0,50,50,1.8,1.91,1.0,1,1,PREMATIPS
2025-08-17,18:00,Radnicki 1923 , Napredak Kr.,42.0,33.0,25.0,1.51,4.0,4.8,1.0,42.0,58.0,1.68,2.05,1.0,72,28,1.8,1.88,1.0,0,0,PREMATIPS
2025-08-17,18:00,TSC Backa Topola , OFK Belgrade,40.0,32.0,28.0,1.72,3.75,3.7,1.0,48.0,52.0,1.5,2.37,1.0,55,45,1.52,2.35,1.0,1,3,PREMATIPS
2025-08-17,18:00,Trencin , Zilina,31.0,24.0,45.0,3.6,3.7,1.83,6.0,62.0,38.0,1.52,2.35,0.0,38,62,1.5,2.4,0.0,2,1,PREMATIPS
2025-08-17,18:15,Cercle Brugge , Westerlo,38.0,30.0,32.0,2.1,3.6,3.1,5.0,63.0,37.0,1.67,2.15,0.0,42,58,1.57,2.25,0.0,4,1,PREMATIPS
2025-08-17,18:15,Valerenga Oslo , Sarpsborg 08,32.0,33.0,35.0,1.75,4.2,3.8,6.0,46.0,54.0,1.4,2.88,1.0,60,40,1.4,2.75,1.0,4,0,PREMATIPS
2025-08-17,18:30,Valour , York United,31.0,32.0,37.0,3.0,3.2,2.1,6.0,49.0,51.0,1.8,1.88,1.0,55,45,1.68,2.05,1.0,0,0,PREMATIPS
2025-08-17,18:30,Intercity , Eldense,29.0,32.0,39.0,2.7,3.2,2.25,6.0,50.0,50.0,1.9,1.77,0.0,53,47,1.75,1.93,1.0,-,-,PREMATIPS
2025-08-17,18:30,Pogon Siedlce , Polonia Bytom,30.0,23.0,47.0,3.0,3.3,2.15,6.0,54.0,46.0,1.95,1.85,0.0,36,64,1.73,2.0,0.0,2,0,PREMATIPS
2025-08-17,18:30,Krasnodar , Sochi,87.0,7.0,6.0,1.38,5.03,9.3,1.0,44.0,56.0,1.63,2.38,1.0,45,55,1.96,1.81,0.0,5,1,PREMATIPS
2025-08-17,18:30,Athletic Bilbao , Sevilla,42.0,35.0,23.0,1.62,3.7,5.75,1.0,80.0,20.0,2.3,1.62,0.0,20,80,2.2,1.62,0.0,3,2,PREMATIPS
2025-08-17,18:30,Cadiz , Mirandes,42.0,34.0,24.0,1.55,3.8,6.25,1.0,74.0,26.0,2.15,1.67,0.0,26,74,2.25,1.57,0.0,1,0,PREMATIPS
2025-08-17,18:30,Partizan , IMT New Belgrade,53.0,23.0,24.0,1.58,3.9,4.33,1.0,34.0,66.0,1.58,2.2,1.0,77,23,1.65,2.1,1.0,-,-,PREMATIPS
2025-08-17,18:30,Zelezn. Pancevo , Radnicki Nis,38.0,31.0,31.0,2.05,3.3,3.0,0.0,48.0,52.0,1.8,1.88,1.0,72,28,1.7,2.0,1.0,3,0,PREMATIPS
2025-08-17,19:00,Slovan Liberec , Sparta Prague,27.0,32.0,41.0,4.2,3.8,1.7,2.0,45.0,55.0,1.83,1.98,1.0,69,31,1.8,1.95,1.0,0,2,PREMATIPS
2025-08-17,19:00,LDU Quito , Manta FC,47.0,34.0,19.0,1.25,5.75,10.0,1.0,49.0,51.0,1.4,2.88,1.0,60,40,1.73,2.0,1.0,1,1,PREMATIPS
2025-08-17,19:00,Paks , Zalaegerszeg,38.0,31.0,31.0,1.94,3.76,3.28,0.0,21.0,79.0,1.43,2.62,1.0,93,7,1.41,2.66,1.0,2,2,PREMATIPS
2025-08-17,19:00,Shamrock Rovers , Longford Town,48.0,37.0,15.0,1.06,10.5,26.0,1.0,38.0,62.0,1.47,2.45,1.0,26,74,3.6,1.24,0.0,2,1,PREMATIPS
2025-08-17,19:00,IA Akranes , Vikingur R.,21.0,30.0,49.0,4.8,4.33,1.53,2.0,37.0,63.0,1.43,2.6,1.0,56,44,1.53,2.3,1.0,0,1,PREMATIPS
2025-08-17,19:00,Arsenal Tivat , Buducnost,27.0,33.0,40.0,4.6,3.5,1.63,2.0,50.0,50.0,1.85,1.83,0.0,50,50,1.85,1.82,0.0,-,-,PREMATIPS
2025-08-17,19:00,Decic Tuzi , Mornar Bar,82.0,10.0,8.0,1.88,3.0,3.9,1.0,34.0,66.0,2.3,1.53,1.0,50,50,2.05,1.66,0.0,2,1,PREMATIPS
2025-08-17,19:00,Jezero Plav , Bokelj Kotor,60.0,16.0,24.0,2.4,2.75,2.87,1.0,50.0,50.0,2.25,1.55,0.0,66,34,1.93,1.75,1.0,2,2,PREMATIPS
2025-08-17,19:00,Mladost DG , Jedinstvo,37.0,32.0,31.0,2.3,3.2,2.65,4.0,50.0,50.0,1.88,1.8,0.0,50,50,1.73,1.95,1.0,5,2,PREMATIPS
2025-08-17,19:00,NAC Breda , Fortuna Sittard,37.0,31.0,32.0,2.3,3.2,3.3,5.0,47.0,53.0,2.05,1.75,1.0,51,49,1.8,1.95,1.0,2,1,PREMATIPS
2025-08-17,19:00,Racing Club M. , Defensor Sp.,69.0,4.0,27.0,2.1,3.2,3.7,1.0,48.0,52.0,2.6,1.48,1.0,34,66,2.2,1.62,0.0,0,1,PREMATIPS
2025-08-17,19:15,Botev Vratsa , Levski Sofia,21.0,36.0,43.0,7.0,3.75,1.55,2.0,50.0,50.0,2.5,1.5,0.0,51,49,2.63,1.44,1.0,0,0,PREMATIPS
2025-08-17,19:15,Termalica , Rakow Czest.,50.0,40.0,10.0,3.7,3.4,1.91,1.0,52.0,48.0,1.93,1.88,0.0,50,50,1.8,1.95,1.0,2,3,PREMATIPS
2025-08-17,19:15,Wisla Plock , Legia Warszawa,31.0,32.0,37.0,3.0,3.4,2.15,6.0,63.0,37.0,1.85,1.95,0.0,47,53,1.7,2.05,0.0,1,0,PREMATIPS
2025-08-17,19:15,Aluminij , Celje,29.0,5.0,66.0,6.25,4.6,1.39,2.0,27.0,73.0,1.49,2.45,1.0,52,48,1.68,2.0,1.0,2,3,PREMATIPS
2025-08-17,19:15,Olimpija , FC Koper,39.0,38.0,23.0,1.93,3.5,3.4,4.0,27.0,73.0,1.71,2.0,1.0,52,48,1.65,2.1,1.0,1,3,PREMATIPS
2025-08-17,19:30,San Miguel , Racing Cordoba,39.0,33.0,28.0,1.95,2.88,4.75,1.0,69.0,31.0,3.6,1.29,0.0,45,55,2.75,1.4,0.0,1,0,PREMATIPS
2025-08-17,19:30,Rapid Bucuresti , FC FCSB,52.0,28.0,20.0,2.75,3.1,2.45,1.0,62.0,38.0,2.0,1.8,0.0,63,37,1.73,2.0,1.0,2,2,PREMATIPS
2025-08-17,19:30,Besiktas , Eyupspor,44.0,32.0,24.0,1.48,4.75,5.5,1.0,47.0,53.0,1.57,2.35,1.0,43,57,1.73,2.0,0.0,2,1,PREMATIPS
2025-08-17,19:30,Ist. Basaksehir , Kayserispor,42.0,32.0,26.0,1.75,3.8,4.2,1.0,80.0,20.0,1.7,2.1,0.0,10,90,1.67,2.1,0.0,1,1,PREMATIPS
2025-08-17,19:30,Manisa , Hatayspor,36.0,31.0,33.0,2.25,3.24,2.78,5.0,20.0,80.0,1.79,1.9,1.0,84,16,1.64,2.1,1.0,2,1,PREMATIPS
2025-08-17,19:30,Sakaryaspor , Igdir FK,28.0,33.0,39.0,3.75,3.25,1.85,6.0,54.0,46.0,2.15,1.67,0.0,84,16,1.91,1.8,1.0,3,2,PREMATIPS
2025-08-17,19:45,Nantes , Paris SG,21.0,33.0,46.0,9.5,6.0,1.29,2.0,92.0,8.0,1.44,2.75,0.0,8,92,1.8,1.95,0.0,0,1,PREMATIPS
2025-08-17,19:45,Cesena , Pisa,32.0,32.0,36.0,3.03,3.08,2.35,0.0,59.0,41.0,2.27,1.58,0.0,47,53,1.93,1.77,0.0,0,0,PREMATIPS
2025-08-17,20:00,Atletico Guemes , CA All Boys,22.0,53.0,25.0,1.8,3.2,5.25,6.0,75.0,25.0,2.88,1.4,0.0,45,55,2.63,1.44,0.0,1,2,PREMATIPS
2025-08-17,20:00,Club Almagro , CA Atlanta,25.0,41.0,34.0,3.2,2.75,2.55,6.0,78.0,22.0,3.4,1.33,0.0,36,64,2.5,1.5,0.0,0,0,PREMATIPS
2025-08-17,20:00,Est. Rio Cuarto , Est. Buenos Aires,37.0,34.0,29.0,2.35,2.7,3.75,4.0,76.0,24.0,3.5,1.3,0.0,36,64,2.63,1.44,0.0,1,0,PREMATIPS
2025-08-17,20:00,Gimnasia Jujuy , Chaco For Ever,41.0,36.0,23.0,1.75,3.0,6.0,1.0,72.0,28.0,3.5,1.3,0.0,34,66,3.25,1.33,0.0,2,0,PREMATIPS
2025-08-17,20:00,Patronato Parana , Arsenal Sarandi,43.0,30.0,27.0,1.8,3.4,4.75,4.0,69.0,31.0,2.5,1.5,0.0,45,55,2.38,1.53,0.0,1,0,PREMATIPS
2025-08-17,20:00,Zrinjski Mostar , Siroki Brijeg,45.0,36.0,19.0,1.3,4.33,9.0,1.0,63.0,37.0,1.9,1.78,0.0,55,45,2.4,1.49,1.0,0,0,PREMATIPS
2025-08-17,20:00,Atletico MG , Gremio RS,40.0,33.0,27.0,1.73,3.6,5.0,4.0,63.0,37.0,2.1,1.7,0.0,50,50,2.0,1.75,0.0,1,3,PREMATIPS
2025-08-17,20:00,Santos SP , Vasco da Gama RJ,48.0,21.0,31.0,1.91,3.5,4.0,1.0,50.0,50.0,2.03,1.83,0.0,52,48,1.91,1.91,1.0,0,6,PREMATIPS
2025-08-17,20:00,Chapecoense SC , Paysandu PA,49.0,29.0,22.0,1.91,3.1,4.5,1.0,62.0,38.0,2.5,1.5,0.0,49,51,2.2,1.62,0.0,2,0,PREMATIPS
2025-08-17,20:00,Huachipato , Dep. Limache,50.0,28.0,22.0,2.2,3.2,3.2,1.0,48.0,52.0,1.95,1.85,1.0,54,46,1.73,2.0,1.0,4,0,PREMATIPS
2025-08-17,20:00,Hajduk Split , Slaven Belupo,74.0,4.0,22.0,1.57,3.8,5.25,1.0,54.0,46.0,1.85,1.95,0.0,48,52,1.91,1.8,0.0,3,0,PREMATIPS
2025-08-17,20:00,Carpi , Trento 1921,33.0,32.0,35.0,2.81,3.05,2.36,5.0,58.0,42.0,2.16,1.59,0.0,48,52,1.89,1.79,0.0,0,0,PREMATIPS
2025-08-17,20:00,Casarano , Team Altamura,35.0,32.0,33.0,2.44,3.02,2.67,5.0,55.0,45.0,2.02,1.66,0.0,51,49,1.78,1.87,1.0,1,0,PREMATIPS
2025-08-17,20:00,Crotone , Catania,36.0,32.0,32.0,2.18,3.19,2.96,0.0,53.0,47.0,1.92,1.74,0.0,52,48,1.74,1.95,1.0,1,0,PREMATIPS
2025-08-17,20:00,Pineto , Ascoli,39.0,34.0,27.0,2.37,3.0,2.7,1.0,58.0,42.0,2.25,1.57,0.0,46,54,1.98,1.73,0.0,2,2,PREMATIPS
2025-08-17,20:00,Salernitana , Sorrento,43.0,34.0,23.0,1.36,4.1,7.75,1.0,58.0,42.0,2.05,1.65,0.0,41,59,2.5,1.46,0.0,1,1,PREMATIPS
2025-08-17,20:00,Union Brescia , Dolomiti Bellunesi,41.0,34.0,25.0,1.64,3.22,4.79,1.0,56.0,44.0,2.03,1.61,0.0,46,54,1.93,1.66,0.0,2,1,PREMATIPS
2025-08-17,20:00,Naxxar Lions , Floriana,19.0,36.0,45.0,8.25,4.33,1.32,2.0,84.0,16.0,2.0,1.7,0.0,16,84,2.5,1.46,0.0,1,3,PREMATIPS
2025-08-17,20:00,Sutjeska Niksic , Petrovac,37.0,32.0,31.0,1.98,3.1,3.4,4.0,67.0,33.0,2.2,1.57,0.0,33,67,2.0,1.68,0.0,1,1,PREMATIPS
2025-08-17,20:00,Olimpia As. , Libertad,26.0,29.0,45.0,2.2,3.3,3.2,6.0,57.0,43.0,2.3,1.6,0.0,49,51,2.0,1.73,0.0,0,0,PREMATIPS
2025-08-17,20:15,Banfield , Estudiantes LP,29.0,25.0,46.0,2.45,3.0,3.2,6.0,47.0,53.0,3.1,1.36,1.0,54,46,2.5,1.5,1.0,3,2,PREMATIPS
2025-08-17,20:15,Central Cordoba , Barracas Central,38.0,14.0,48.0,2.3,3.2,3.3,6.0,55.0,45.0,2.88,1.4,0.0,54,46,2.25,1.57,1.0,1,1,PREMATIPS
2025-08-17,20:15,Breidablik , FH Hafnarfjordur,51.0,20.0,29.0,1.95,3.6,3.25,1.0,42.0,58.0,1.49,2.4,1.0,62,38,1.46,2.5,1.0,4,5,PREMATIPS
2025-08-17,20:15,Milan , Bari,47.0,36.0,17.0,1.14,7.29,15.04,1.0,37.0,63.0,1.43,2.68,1.0,41,59,2.2,1.6,0.0,2,0,PREMATIPS
2025-08-17,20:30,Brusque SC , Londrina PR,34.0,24.0,42.0,2.4,2.8,2.8,6.0,67.0,33.0,2.45,1.49,0.0,43,57,2.05,1.66,0.0,1,2,PREMATIPS
2025-08-17,20:30,Sao Bernardo SP , Figueirense SC,40.0,42.0,18.0,1.53,3.3,6.25,4.0,75.0,25.0,2.5,1.46,0.0,45,55,2.6,1.44,0.0,0,3,PREMATIPS
2025-08-17,20:30,Sporting CP , Arouca,46.0,35.0,19.0,1.2,7.0,11.0,1.0,50.0,50.0,1.44,2.7,1.0,44,56,2.1,1.67,0.0,6,0,PREMATIPS
2025-08-17,20:30,Espanyol , Atletico Madrid,24.0,34.0,42.0,5.5,4.1,1.6,2.0,80.0,20.0,1.93,1.93,0.0,20,80,1.95,1.8,0.0,2,1,PREMATIPS
2025-08-17,20:30,Huesca , Leganes,32.0,33.0,35.0,3.0,2.75,2.7,6.0,74.0,26.0,2.88,1.4,0.0,26,74,2.2,1.62,0.0,1,1,PREMATIPS
2025-08-17,20:30,Las Palmas , FC Andorra,42.0,34.0,24.0,1.65,3.6,5.5,1.0,74.0,26.0,1.98,1.83,0.0,26,74,1.91,1.8,0.0,1,1,PREMATIPS
2025-08-17,20:30,Rayo Zuliano , Puerto Cabello,43.0,25.0,32.0,2.82,2.92,2.44,4.0,46.0,54.0,2.21,1.58,1.0,49,51,1.88,1.79,0.0,0,0,PREMATIPS
2025-08-17,21:00,Forge , Atletico Ottawa,35.0,32.0,33.0,2.36,3.24,2.64,5.0,52.0,48.0,1.86,1.81,0.0,53,47,1.69,2.02,1.0,2,0,PREMATIPS
2025-08-17,21:00,Melgar Arequipa , Ayacucho,45.0,35.0,20.0,1.3,5.25,7.5,1.0,60.0,40.0,1.7,2.1,0.0,46,54,2.1,1.67,0.0,2,1,PREMATIPS
2025-08-17,21:10,San Martin T. , Alvarado,35.0,44.0,21.0,1.55,3.4,7.5,4.0,78.0,22.0,2.7,1.44,0.0,36,64,3.0,1.36,0.0,0,0,PREMATIPS
2025-08-17,21:30,Tecnico Un. , Emelec,29.0,33.0,38.0,2.25,3.0,3.3,6.0,62.0,38.0,2.3,1.6,0.0,54,46,1.91,1.8,1.0,0,1,PREMATIPS
2025-08-17,21:30,Plaza Colonia , CA Cerro,26.0,47.0,27.0,2.15,3.1,3.5,6.0,48.0,52.0,2.5,1.5,1.0,50,50,2.1,1.67,0.0,0,2,PREMATIPS
2025-08-17,22:00,Mun. Liberia , Dep. Saprissa,47.0,24.0,29.0,3.0,2.9,2.55,1.0,63.0,37.0,2.15,1.67,0.0,25,75,1.83,1.83,0.0,2,2,PREMATIPS
2025-08-17,22:00,Aguila , Mun. Limeno,42.0,34.0,24.0,1.6,3.4,5.0,1.0,54.0,46.0,2.05,1.66,0.0,56,44,2.05,1.66,1.0,2,1,PREMATIPS
2025-08-17,22:00,Dep. Mictlan , Dep. Mixco,10.0,43.0,47.0,3.1,2.9,2.2,6.0,61.0,39.0,2.5,1.46,0.0,41,59,2.15,1.62,0.0,0,0,PREMATIPS
2025-08-17,22:00,Juticalpa , Dep. Choloma,29.0,62.0,9.0,1.98,3.4,3.1,4.0,29.0,71.0,1.49,2.4,1.0,54,46,1.44,2.55,1.0,3,2,PREMATIPS
2025-08-17,22:00,New York City , Nashville SC,43.0,13.0,44.0,2.35,3.6,2.88,5.0,45.0,55.0,1.65,2.2,1.0,52,48,1.53,2.38,1.0,2,1,PREMATIPS
2025-08-17,22:15,Platense Zac. , Cacahuatique,16.0,45.0,39.0,2.4,2.87,2.75,6.0,59.0,41.0,2.25,1.57,0.0,56,44,1.93,1.75,1.0,1,1,PREMATIPS
2025-08-17,22:30,River Plate , Godoy Cruz,44.0,36.0,20.0,1.53,3.8,7.0,1.0,64.0,36.0,2.2,1.65,0.0,38,62,2.2,1.62,0.0,4,2,PREMATIPS
2025-08-17,22:30,Internacional RS , Flamengo RJ,28.0,26.0,46.0,2.9,3.0,2.6,6.0,60.0,40.0,2.25,1.62,0.0,45,55,1.95,1.8,0.0,1,3,PREMATIPS
2025-08-17,22:30,Atletico GO , Ferroviaria SP,37.0,37.0,26.0,1.8,3.4,4.75,4.0,64.0,36.0,2.6,1.48,0.0,52,48,2.38,1.53,1.0,1,3,PREMATIPS
2025-08-17,22:30,Coquimbo Unido , Everton VM,56.0,27.0,17.0,1.78,3.32,4.48,1.0,55.0,45.0,2.35,1.53,0.0,47,53,2.17,1.61,0.0,2,1,PREMATIPS
2025-08-17,22:30,Sp. Trinidense , Nacional As.,40.0,28.0,32.0,3.0,3.1,2.4,4.0,66.0,34.0,2.4,1.53,0.0,40,60,2.0,1.73,0.0,0,2,PREMATIPS
2025-08-17,23:00,Confianca SE , Floresta CE,29.0,34.0,37.0,1.7,2.9,5.25,6.0,66.0,34.0,2.7,1.4,0.0,45,55,2.5,1.46,0.0,1,0,PREMATIPS
2025-08-17,23:00,Nautico PE , Anapolis GO,43.0,38.0,19.0,1.4,3.8,7.25,1.0,71.0,29.0,2.2,1.58,0.0,33,67,2.55,1.44,0.0,1,0,PREMATIPS
2025-08-17,23:00,Queretaro , Atlas,24.0,6.0,70.0,3.0,3.25,2.45,2.0,41.0,59.0,2.08,1.73,1.0,51,49,1.8,1.95,1.0,3,3,PREMATIPS
2025-08-17,23:00,Dep. La Guaira , Dep. Tachira,37.0,29.0,34.0,2.25,2.87,3.0,5.0,47.0,53.0,2.3,1.53,1.0,53,47,2.0,1.7,1.0,3,1,PREMATIPS
2025-08-18,00:00,Cavalry , Vancouver FC,42.0,33.0,25.0,1.44,3.9,6.0,1.0,50.0,50.0,1.8,1.88,1.0,48,52,1.98,1.72,0.0,5,4,PREMATIPS
2025-08-18,00:00,Barcelona SC , Macara Ambato,46.0,31.0,23.0,1.48,3.8,8.0,1.0,62.0,38.0,2.05,1.75,0.0,49,51,2.25,1.57,0.0,0,2,PREMATIPS
2025-08-18,00:00,Comunicaciones , Marquense,31.0,49.0,20.0,1.53,3.6,5.5,4.0,69.0,31.0,2.1,1.65,0.0,41,59,2.15,1.6,0.0,3,0,PREMATIPS
2025-08-18,00:00,Tapatio , Tepatitlan,37.0,32.0,31.0,2.1,3.2,2.95,4.0,67.0,33.0,1.87,1.8,0.0,51,49,1.73,1.95,1.0,1,3,PREMATIPS
2025-08-18,00:00,Rancho Santana , Sport Sebaco,31.0,4.0,65.0,4.2,3.4,1.68,2.0,40.0,60.0,1.9,1.78,1.0,51,49,1.88,1.8,1.0,1,2,PREMATIPS
2025-08-18,00:00,SJ Earthquakes , San Diego FC,32.0,24.0,44.0,2.25,4.0,2.8,6.0,39.0,61.0,1.4,2.88,1.0,64,36,1.4,2.75,1.0,1,2,PREMATIPS
2025-08-18,00:10,Deportes Tolima , Millonarios,35.0,34.0,31.0,2.63,2.8,3.1,4.0,72.0,28.0,2.7,1.44,0.0,31,69,2.2,1.62,0.0,3,1,PREMATIPS
2025-08-18,00:30,Ind. Rivadavia , Boca Juniors,33.0,33.0,34.0,2.88,2.9,2.75,0.0,64.0,36.0,3.1,1.36,0.0,46,54,2.38,1.53,0.0,0,3,PREMATIPS
2025-08-18,00:30,Botafogo RJ , Palmeiras SP,36.0,26.0,38.0,3.3,2.88,2.5,5.0,62.0,38.0,2.6,1.48,0.0,39,61,2.05,1.7,0.0,0,1,PREMATIPS
2025-08-18,00:30,Cusco , Alianza Atl.,46.0,28.0,26.0,1.36,4.5,9.0,1.0,78.0,22.0,1.8,2.0,0.0,29,71,2.1,1.67,0.0,1,0,PREMATIPS
2025-08-18,01:00,Guadalupe FC , Cartagines,37.0,24.0,39.0,3.0,3.5,2.05,5.0,63.0,37.0,2.2,1.65,0.0,25,75,2.0,1.73,0.0,0,0,PREMATIPS
2025-08-18,01:00,Monterrey , Mazatlan,50.0,25.0,25.0,1.36,4.5,9.0,1.0,41.0,59.0,1.65,2.2,1.0,51,49,1.95,1.8,1.0,3,2,PREMATIPS
2025-08-18,02:00,V. Whitecaps , Houston Dynamo,48.0,30.0,22.0,1.7,4.1,4.5,1.0,42.0,58.0,1.7,2.1,1.0,53,47,1.7,2.05,1.0,1,1,PREMATIPS
2025-08-18,02:30,Motagua , Marathon,16.0,3.0,81.0,2.35,3.0,2.7,2.0,40.0,60.0,1.9,1.78,1.0,38,62,1.71,1.98,0.0,3,3,PREMATIPS
2025-08-18,03:00,Xelaju MC , Guastatoya,44.0,44.0,12.0,1.52,3.5,5.75,4.0,61.0,39.0,2.2,1.6,0.0,41,59,2.3,1.55,0.0,5,0,PREMATIPS
2025-08-18,09:30,PSBS Biak , Borneo Samarinda,30.0,31.0,39.0,3.25,3.5,1.88,6.0,53.0,47.0,1.61,2.15,0.0,52,48,1.57,2.2,1.0,0,1,PREMATIPS
2025-08-18,12:30,Persijap Jepara , Persib Bandung,28.0,32.0,40.0,4.2,3.5,1.68,2.0,86.0,14.0,1.9,1.78,0.0,52,48,1.88,1.8,1.0,2,1,PREMATIPS
2025-08-18,14:00,Kelantan Warriors , Kuala Lumpur,22.0,32.0,46.0,8.5,5.75,1.23,2.0,32.0,68.0,1.36,2.9,1.0,51,49,1.73,1.95,1.0,3,1,PREMATIPS
2025-08-18,14:00,Negeri Sembilan , PDRM,33.0,31.0,36.0,2.37,3.4,2.45,5.0,45.0,55.0,1.6,2.15,1.0,58,42,1.53,2.3,1.0,5,0,PREMATIPS
2025-08-18,15:00,Makedonikos , Levadiakos,21.0,33.0,46.0,8.79,5.47,1.24,2.0,33.0,67.0,1.43,2.61,1.0,51,49,1.81,1.86,1.0,1,2,PREMATIPS
2025-08-18,15:00,Niki Volos , Panetolikos,24.0,33.0,43.0,4.5,3.25,1.7,2.0,51.0,49.0,2.05,1.66,0.0,47,53,2.01,1.7,0.0,1,2,PREMATIPS
2025-08-18,15:00,Xorazm Urganch , Qizilqum,28.0,40.0,32.0,1.98,3.1,3.4,6.0,55.0,45.0,2.3,1.55,0.0,43,57,2.05,1.66,0.0,0,1,PREMATIPS
2025-08-18,15:30,Gjilani , Ballkani,34.0,32.0,34.0,2.5,3.2,2.45,0.0,84.0,16.0,1.8,1.88,0.0,8,92,1.68,2.05,0.0,1,1,PREMATIPS
2025-08-18,16:00,AP Brera , Pelister Bitola,36.0,33.0,31.0,2.15,3.1,2.95,4.0,13.0,87.0,2.1,1.63,1.0,51,49,1.9,1.78,1.0,1,2,PREMATIPS
2025-08-18,16:00,Brann Bergen 2 , Vard Haugesund,31.0,29.0,40.0,2.95,4.0,1.88,6.0,26.0,74.0,1.29,3.25,1.0,76,24,1.32,3.1,1.0,2,1,PREMATIPS
2025-08-18,16:00,Zorya Luhansk , Kryvbas,48.0,25.0,27.0,2.55,3.3,2.65,1.0,53.0,47.0,2.0,1.7,0.0,49,51,1.83,1.85,0.0,2,3,PREMATIPS
2025-08-18,16:30,Ekenas , SJK Akatemia,56.0,19.0,25.0,1.37,4.84,5.93,1.0,34.0,66.0,1.3,3.23,1.0,65,35,1.47,2.46,1.0,2,3,PREMATIPS
2025-08-18,16:30,Inter Turku 2 , Atlantis,44.0,18.0,38.0,1.44,4.75,4.75,4.0,34.0,66.0,1.3,3.5,1.0,60,40,1.44,2.63,1.0,1,3,PREMATIPS
2025-08-18,16:45,Gol Gohar , Aluminium Arak,39.0,33.0,28.0,1.9,3.0,4.1,1.0,90.0,10.0,2.6,1.43,0.0,12,88,2.3,1.53,0.0,1,0,PREMATIPS
2025-08-18,16:45,Zob Ahan , Paykan,38.0,35.0,27.0,2.0,3.0,3.8,4.0,65.0,35.0,2.55,1.44,0.0,41,59,2.25,1.57,0.0,0,1,PREMATIPS
2025-08-18,17:00,Septemvri Sofia , Dobrudzha,34.0,32.0,34.0,2.8,3.25,2.5,0.0,25.0,75.0,2.15,1.67,1.0,67,33,1.83,1.83,1.0,2,1,PREMATIPS
2025-08-18,17:00,Ludogorets II , Vihren Sandanski,38.0,32.0,30.0,2.01,3.08,3.26,4.0,57.0,43.0,2.11,1.56,0.0,52,48,1.91,1.75,1.0,0,1,PREMATIPS
2025-08-18,17:00,Usti nad Labem , Artis Brno,80.0,6.0,14.0,2.05,3.4,3.1,1.0,12.0,88.0,1.62,2.25,1.0,61,39,1.53,2.38,1.0,0,2,PREMATIPS
2025-08-18,17:00,Jaro , SJK Seinajoki,24.0,26.0,50.0,3.3,3.9,1.95,2.0,37.0,63.0,1.48,2.6,1.0,64,36,1.44,2.63,1.0,0,4,PREMATIPS
2025-08-18,17:00,Samgurali , Gareji Sagarejo,46.0,22.0,32.0,2.2,3.1,2.85,4.0,62.0,38.0,1.95,1.73,0.0,47,53,1.78,1.9,0.0,2,2,PREMATIPS
2025-08-18,17:00,Dynamo Dresden , Mainz 05,28.0,32.0,40.0,4.07,3.65,1.77,2.0,46.0,54.0,1.66,2.11,1.0,56,44,1.62,2.15,1.0,0,1,PREMATIPS
2025-08-18,17:00,Preussen Munster , Hertha Berlin,31.0,31.0,38.0,3.4,3.4,2.1,0.0,49.0,51.0,1.88,1.93,1.0,55,45,1.7,2.05,1.0,0,0,PREMATIPS
2025-08-18,17:00,Schweinfurt 05 , F. Dusseldorf,25.0,33.0,42.0,5.5,4.33,1.53,2.0,45.0,55.0,1.67,2.15,1.0,52,48,1.8,1.95,1.0,2,4,PREMATIPS
2025-08-18,17:00,Kheybar , Mes Rafsanjan,39.0,34.0,27.0,2.05,2.85,3.9,1.0,90.0,10.0,2.75,1.39,0.0,12,88,2.35,1.52,0.0,3,2,PREMATIPS
2025-08-18,17:00,Persepolis , Fajr Sepasi,46.0,38.0,16.0,1.26,4.6,13.5,1.0,59.0,41.0,2.2,1.58,0.0,29,71,3.3,1.28,0.0,1,1,PREMATIPS
2025-08-18,17:00,Audace Cerignola , Verona,19.0,35.0,46.0,10.87,6.03,1.21,2.0,36.0,64.0,1.45,2.6,1.0,47,53,1.94,1.77,0.0,1,1,PREMATIPS
2025-08-18,17:00,Auda Kekava , Super Nova Riga,44.0,33.0,23.0,1.28,5.0,7.5,1.0,37.0,63.0,1.38,2.75,1.0,54,46,1.58,2.09,1.0,1,1,PREMATIPS
2025-08-18,17:00,Arges Pitesti , Otelul Galati,36.0,33.0,31.0,2.35,3.0,3.1,4.0,48.0,52.0,2.5,1.5,1.0,63,37,2.1,1.67,1.0,2,0,PREMATIPS
2025-08-18,17:30,Spezia , Sampdoria,40.0,33.0,27.0,1.84,3.32,4.18,1.0,57.0,43.0,2.16,1.64,0.0,46,54,1.98,1.74,0.0,1,1,PREMATIPS
2025-08-18,17:30,Torpedo Moscow , Ural,10.0,8.0,82.0,3.25,3.1,2.25,2.0,64.0,36.0,2.37,1.52,0.0,43,57,2.03,1.71,0.0,1,0,PREMATIPS
2025-08-18,18:00,Agropecuario , Atletico Mitre,37.0,34.0,29.0,2.25,2.9,3.6,4.0,74.0,26.0,3.1,1.36,0.0,34,66,2.5,1.5,0.0,2,1,PREMATIPS
2025-08-18,18:00,Algeria , Niger,44.0,38.0,18.0,1.36,3.8,8.5,1.0,60.0,40.0,2.15,1.67,0.0,35,65,2.43,1.49,0.0,0,0,PREMATIPS
2025-08-18,18:00,South Africa , Uganda,34.0,34.0,32.0,2.53,2.85,2.83,0.0,64.0,36.0,2.6,1.45,0.0,44,56,2.1,1.66,0.0,3,3,PREMATIPS
2025-08-18,18:00,Odense , AGF Aarhus,33.0,31.0,36.0,2.63,3.5,2.5,5.0,31.0,69.0,1.7,2.1,1.0,69,31,1.53,2.38,1.0,1,5,PREMATIPS
2025-08-18,18:00,Beitar Jerusalem , Hapoel Haifa,40.0,32.0,28.0,1.83,3.5,3.4,1.0,44.0,56.0,1.65,2.1,1.0,56,44,1.62,2.15,1.0,5,0,PREMATIPS
2025-08-18,18:00,Hibernians , Gzira United,34.0,33.0,33.0,2.55,3.0,2.5,0.0,80.0,20.0,2.2,1.6,0.0,26,74,1.93,1.77,0.0,5,3,PREMATIPS
2025-08-18,18:00,Aalesunds , Ranheim,44.0,30.0,26.0,1.7,3.9,4.33,1.0,37.0,63.0,1.67,2.15,1.0,63,37,1.67,2.1,1.0,6,0,PREMATIPS
2025-08-18,18:00,Asane , Raufoss,29.0,39.0,32.0,2.15,3.5,3.1,6.0,41.0,59.0,1.8,2.0,1.0,69,31,1.67,2.1,1.0,4,2,PREMATIPS
2025-08-18,18:00,Kongsvinger , Mjondalen,52.0,25.0,23.0,1.27,6.25,8.5,1.0,32.0,68.0,1.33,3.4,1.0,67,33,1.62,2.2,1.0,4,3,PREMATIPS
2025-08-18,18:00,Stabaek , Sogndal,24.0,25.0,51.0,2.2,4.0,2.8,2.0,37.0,63.0,1.44,2.7,1.0,69,31,1.4,2.75,1.0,1,2,PREMATIPS
2025-08-18,18:00,Nizhny Novgorod , Dyn. Makhachkala,34.0,33.0,33.0,2.72,3.03,2.97,0.0,68.0,32.0,2.58,1.47,0.0,45,55,2.13,1.68,0.0,2,0,PREMATIPS
2025-08-18,18:00,Sporting Gijon , Cordoba,36.0,32.0,32.0,2.3,3.25,3.1,0.0,86.0,14.0,2.03,1.78,0.0,22,78,1.8,1.91,0.0,2,1,PREMATIPS
2025-08-18,18:00,Varnamo , Degerfors,21.0,22.0,57.0,2.25,3.5,3.0,2.0,46.0,54.0,1.73,2.08,1.0,51,49,1.62,2.2,1.0,3,2,PREMATIPS
2025-08-18,18:30,B36 Torshavn , KI Klaksvik,23.0,23.0,54.0,5.75,4.6,1.39,2.0,29.0,71.0,1.44,2.55,1.0,57,43,1.63,2.1,1.0,0,3,PREMATIPS
2025-08-18,18:30,Vikingur Gota , NSI Runavik,35.0,13.0,52.0,3.1,3.9,1.85,2.0,33.0,67.0,1.4,2.7,1.0,58,42,1.42,2.65,1.0,3,3,PREMATIPS
2025-08-18,18:30,Differdange , Racing FC Union,44.0,43.0,13.0,1.49,3.8,5.5,1.0,69.0,31.0,1.83,1.85,0.0,53,47,1.95,1.73,1.0,-,-,PREMATIPS
2025-08-18,19:00,Jong Ajax , Jong AZ,37.0,31.0,32.0,2.25,3.5,3.1,5.0,53.0,47.0,1.62,2.25,0.0,47,53,1.53,2.38,0.0,4,1,PREMATIPS
2025-08-18,19:00,Jong Utrecht , ADO Den Haag,27.0,32.0,41.0,4.5,3.9,1.7,2.0,53.0,47.0,1.67,2.15,0.0,47,53,1.73,2.0,0.0,2,2,PREMATIPS
2025-08-18,19:15,Arda Kardzhali , CSKA Sofia,25.0,34.0,41.0,4.75,3.6,1.73,2.0,59.0,41.0,2.3,1.6,0.0,43,57,2.2,1.62,0.0,-,-,PREMATIPS
2025-08-18,19:30,Def. de Belgrano , Def. Unidos,43.0,36.0,21.0,1.55,3.6,7.0,1.0,72.0,28.0,2.5,1.5,0.0,35,65,2.63,1.44,0.0,3,1,PREMATIPS
2025-08-18,19:30,Nueva Chicago , Central Norte,38.0,35.0,27.0,2.1,2.8,4.33,4.0,70.0,30.0,3.1,1.36,0.0,39,61,2.38,1.53,0.0,0,0,PREMATIPS
2025-08-18,19:30,Farul Constanta , U Cluj,49.0,25.0,26.0,2.8,3.4,2.3,1.0,35.0,65.0,1.93,1.88,1.0,90,10,1.73,2.0,1.0,0,1,PREMATIPS
2025-08-18,19:30,Kasimpasa , Trabzonspor,34.0,31.0,35.0,2.75,3.4,2.5,5.0,48.0,52.0,1.73,2.08,1.0,45,55,1.57,2.25,0.0,0,1,PREMATIPS
2025-08-18,19:30,Amed SFK , Erzurumspor,36.0,33.0,31.0,2.3,2.8,3.1,4.0,86.0,14.0,2.4,1.53,0.0,19,81,2.0,1.73,0.0,2,2,PREMATIPS
2025-08-18,19:45,Le Mans , Montpellier,35.0,31.0,34.0,2.35,3.4,2.5,5.0,50.0,50.0,1.98,1.83,0.0,87,13,1.8,1.91,1.0,1,2,PREMATIPS
2025-08-18,19:45,Rot, B. Dortmund,19.0,35.0,46.0,11.58,6.42,1.19,2.0,34.0,66.0,1.4,2.77,1.0,48,52,1.92,1.78,0.0,0,1,PREMATIPS
2025-08-18,19:45,Udinese , Carrarese,45.0,36.0,19.0,1.29,5.02,9.54,1.0,47.0,53.0,1.73,2.02,1.0,42,58,2.18,1.61,0.0,2,0,PREMATIPS
2025-08-18,20:00,Leeds Utd , Everton,36.0,33.0,31.0,2.25,3.3,3.25,4.0,82.0,18.0,2.2,1.67,0.0,11,89,1.91,1.91,0.0,1,0,PREMATIPS
2025-08-18,20:00,Elche , Real Betis,30.0,33.0,37.0,3.4,3.3,2.2,6.0,80.0,20.0,2.2,1.67,0.0,20,80,1.95,1.8,0.0,1,1,PREMATIPS
2025-08-18,20:15,Fram Reykjavik , KR Reykjavik,48.0,28.0,24.0,2.35,3.9,2.4,1.0,34.0,66.0,1.31,3.2,1.0,69,31,1.31,3.2,1.0,0,1,PREMATIPS
2025-08-18,20:15,Torino , Modena,43.0,34.0,23.0,1.48,4.03,6.31,1.0,52.0,48.0,1.9,1.83,0.0,46,54,2.01,1.72,0.0,1,0,PREMATIPS
2025-08-18,20:15,Gil Vicente , Porto,22.0,34.0,44.0,8.0,4.5,1.38,2.0,50.0,50.0,2.0,1.85,0.0,10,90,2.2,1.62,0.0,0,2,PREMATIPS
2025-08-18,20:30,Almeria , Albacete,41.0,32.0,27.0,1.6,4.1,5.0,1.0,86.0,14.0,1.7,2.1,0.0,22,78,1.73,2.0,0.0,4,4,PREMATIPS
2025-08-18,23:00,Sarmiento Junin , Atl. Tucuman,34.0,34.0,32.0,2.9,2.8,2.75,0.0,71.0,29.0,2.88,1.4,0.0,39,61,2.25,1.57,0.0,2,2,PREMATIPS
2025-08-18,23:00,Volta Redonda RJ , CRB AL,28.0,32.0,40.0,2.38,3.0,3.3,6.0,72.0,28.0,2.5,1.5,0.0,41,59,2.1,1.67,0.0,0,1,PREMATIPS
2025-08-18,23:00,Cerro Largo Melo , Danubio,35.0,33.0,32.0,2.3,3.1,3.2,4.0,50.0,50.0,2.7,1.44,0.0,49,51,2.25,1.57,0.0,1,0,PREMATIPS
2025-08-18,23:15,J. Barranquilla , CA Bucaramanga,38.0,33.0,29.0,1.8,3.3,4.75,1.0,44.0,56.0,2.4,1.53,1.0,73,27,2.2,1.62,1.0,2,1,PREMATIPS
2025-08-18,23:30,Tombense MG , Caxias RS,15.0,23.0,62.0,2.6,2.75,2.65,2.0,62.0,38.0,2.65,1.41,0.0,47,53,2.2,1.58,0.0,0,0,PREMATIPS
2025-08-18,23:30,Ypiranga RS , Botafogo PB,40.0,23.0,37.0,2.3,2.75,3.1,5.0,60.0,40.0,2.75,1.39,0.0,39,61,2.3,1.55,0.0,2,2,PREMATIPS
2025-08-19,00:00,Mirassol SP , Cruzeiro MG,32.0,33.0,35.0,3.0,3.2,2.45,6.0,52.0,48.0,2.35,1.57,0.0,52,48,1.95,1.8,1.0,1,1,PREMATIPS
2025-08-19,01:00,Talleres , San Martin SJ,41.0,35.0,24.0,1.75,3.3,5.25,1.0,54.0,46.0,2.6,1.48,0.0,47,53,2.38,1.53,0.0,0,0,PREMATIPS
2025-08-19,01:00,Athletic Club MG , Criciuma SC,29.0,25.0,46.0,2.3,3.1,3.3,6.0,59.0,41.0,2.6,1.48,0.0,49,51,2.1,1.67,0.0,1,1,PREMATIPS
2025-08-19,01:00,Dep. Cuenca , Vinotinto,49.0,29.0,22.0,1.75,3.5,4.5,1.0,53.0,47.0,2.2,1.65,0.0,50,50,2.1,1.67,0.0,2,0,PREMATIPS
2025-08-19,01:30,Dep. Pasto , Ind. Medellin,27.0,13.0,60.0,3.9,2.9,2.1,2.0,63.0,37.0,2.6,1.48,0.0,54,46,2.2,1.62,1.0,1,2,PREMATIPS
2025-08-19,12:35,Chengdu Rongcheng , Henan,42.0,32.0,26.0,1.44,4.36,5.36,1.0,39.0,61.0,1.41,2.68,1.0,58,42,1.52,2.35,1.0,0,0,PREMATIPS
2025-08-19,13:00,Al,Ittihad,41.0,29.0,30.0,1.71,4.0,3.5,1.0,34.0,66.0,1.33,3.0,1.0,65,35,1.37,2.85,1.0,2,1,PREMATIPS
2025-08-19,14:30,Shillong Lajong , NorthEast Utd,26.0,32.0,42.0,4.8,4.2,1.49,2.0,39.0,61.0,1.51,2.35,1.0,58,42,1.58,2.16,1.0,0,1,PREMATIPS
2025-08-19,15:00,Lokomotiv Gomel , Dinamo Minsk,21.0,34.0,45.0,8.75,5.25,1.26,2.0,39.0,61.0,1.51,2.37,1.0,47,53,1.93,1.77,0.0,1,2,PREMATIPS
2025-08-19,15:00,Anag. Karditsas , Kifisia,20.0,36.0,44.0,7.25,4.2,1.37,2.0,52.0,48.0,1.9,1.78,0.0,41,59,2.19,1.58,0.0,1,1,PREMATIPS
2025-08-19,15:00,Egaleo , Panargiakos,39.0,34.0,27.0,1.85,3.25,3.7,1.0,56.0,44.0,2.1,1.65,0.0,48,52,1.9,1.78,0.0,1,1,PREMATIPS
2025-08-19,15:00,Kalamata , AEL Larissa,32.0,33.0,35.0,2.7,3.1,2.35,6.0,58.0,42.0,2.15,1.62,0.0,49,51,1.83,1.83,0.0,1,2,PREMATIPS
2025-08-19,15:00,Kavala , Panserraikos,23.0,33.0,44.0,6.0,4.2,1.42,2.0,47.0,53.0,1.72,1.98,1.0,48,52,1.91,1.76,0.0,1,1,PREMATIPS
2025-08-19,15:00,Miedz Legnica , LKS Lodz,35.0,31.0,34.0,2.5,3.5,2.5,5.0,26.0,74.0,1.72,2.05,1.0,53,47,1.62,2.2,1.0,2,1,PREMATIPS
2025-08-19,15:00,Barkchi Hisor , CSKA Pamir,25.0,20.0,55.0,3.7,3.2,1.85,2.0,48.0,52.0,2.0,1.7,1.0,49,51,1.83,1.83,0.0,0,0,PREMATIPS
2025-08-19,16:00,National Bank , Kahraba Ismailia,8.0,84.0,8.0,1.87,3.0,4.0,0.0,74.0,26.0,2.4,1.49,0.0,26,74,2.2,1.6,0.0,1,1,PREMATIPS
2025-08-19,16:00,Pharco , El Gaish,32.0,35.0,33.0,2.7,2.55,2.75,6.0,57.0,43.0,2.95,1.35,0.0,43,57,2.35,1.52,0.0,0,1,PREMATIPS
2025-08-19,17:00,Zira Baku ,Naxcivan,38.0,35.0,27.0,1.97,2.84,3.91,4.0,92.0,8.0,2.62,1.43,0.0,16,84,2.22,1.57,0.0,1,1,PREMATIPS
2025-08-19,17:00,Mlada Boleslav , Viktoria Plzen,27.0,29.0,44.0,4.33,3.9,1.7,6.0,44.0,56.0,1.54,2.35,1.0,77,23,1.57,2.25,1.0,0,5,PREMATIPS
2025-08-19,17:00,Chadormalou , Foolad Khuzestan,27.0,34.0,39.0,4.1,3.1,1.9,6.0,92.0,8.0,2.55,1.44,0.0,16,84,2.3,1.53,0.0,1,0,PREMATIPS
2025-08-19,17:00,Esteghlal Kh. , Shams Azar,35.0,33.0,32.0,2.4,2.87,2.95,4.0,92.0,8.0,2.6,1.44,0.0,16,84,2.15,1.6,0.0,1,1,PREMATIPS
2025-08-19,17:00,Polonia Warszawa , Wieczysta Krakow,26.0,45.0,29.0,2.5,3.4,2.55,6.0,43.0,57.0,1.85,1.95,1.0,63,37,1.67,2.1,1.0,1,6,PREMATIPS
2025-08-19,17:00,IFK Skovde , Utsiktens,27.0,31.0,42.0,5.75,4.0,1.45,2.0,38.0,62.0,1.5,2.5,1.0,59,41,1.57,2.19,1.0,3,2,PREMATIPS
2025-08-19,17:00,Karlbergs BK , Brage,33.0,32.0,35.0,2.7,3.0,2.4,5.0,55.0,45.0,1.95,1.85,0.0,50,50,1.74,1.92,1.0,2,2,PREMATIPS
2025-08-19,17:15,Malavan , Sepahan,29.0,33.0,38.0,3.6,3.2,1.98,6.0,92.0,8.0,2.37,1.51,0.0,16,84,2.15,1.61,0.0,1,1,PREMATIPS
2025-08-19,17:30,Eskilsminne IF , Varbergs BoIS,26.0,32.0,42.0,5.25,3.75,1.5,2.0,42.0,58.0,1.62,2.25,1.0,55,45,1.67,2.02,1.0,1,2,PREMATIPS
2025-08-19,17:30,Karlstad Fotboll , Umea,37.0,33.0,30.0,2.05,3.2,3.3,4.0,53.0,47.0,1.98,1.83,0.0,51,49,1.75,1.92,1.0,2,1,PREMATIPS
2025-08-19,17:30,Taby FK , Ostersund,25.0,32.0,43.0,5.6,4.36,1.42,2.0,36.0,64.0,1.43,2.58,1.0,58,42,1.57,2.15,1.0,0,0,PREMATIPS
2025-08-19,18:00,Etar V. Tarnovo , Yantra Gabrovo,3.0,90.0,7.0,3.19,2.99,2.07,6.0,80.0,20.0,2.29,1.46,0.0,62,38,2.05,1.65,1.0,0,1,PREMATIPS
2025-08-19,18:00,Nigeria , Congo,36.0,33.0,31.0,2.0,3.1,3.5,4.0,64.0,36.0,2.6,1.48,0.0,43,57,2.17,1.61,0.0,2,0,PREMATIPS
2025-08-19,18:00,Sudan , Senegal,32.0,34.0,34.0,3.2,2.8,2.25,0.0,64.0,36.0,2.7,1.44,0.0,44,56,2.25,1.57,0.0,0,0,PREMATIPS
2025-08-19,18:00,Esbjerg , AAB Aalborg,49.0,19.0,32.0,2.15,3.4,2.88,1.0,66.0,34.0,1.57,2.35,0.0,44,56,1.5,2.5,0.0,1,0,PREMATIPS
2025-08-19,18:00,HB Koge , B.93 Copenhagen,38.0,32.0,30.0,2.85,3.75,2.1,4.0,46.0,54.0,1.44,2.7,1.0,71,29,1.4,2.75,1.0,0,1,PREMATIPS
2025-08-19,18:00,Hvidovre , Middelfart,50.0,46.0,4.0,1.8,3.75,4.1,1.0,59.0,41.0,2.05,1.75,0.0,51,49,1.91,1.8,1.0,2,2,PREMATIPS
2025-08-19,18:00,Lyngby , Hillerod,46.0,25.0,29.0,2.0,3.6,3.4,4.0,46.0,54.0,1.8,2.0,1.0,64,36,1.67,2.1,1.0,1,2,PREMATIPS
2025-08-19,18:00,Lyn Oslo , Egersunds,46.0,19.0,35.0,1.82,3.9,3.6,4.0,43.0,57.0,1.57,2.35,1.0,56,44,1.53,2.38,1.0,1,1,PREMATIPS
2025-08-19,18:30,Chippa Utd , TS Galaxy,30.0,35.0,35.0,3.2,2.7,2.4,6.0,94.0,6.0,2.87,1.36,0.0,27,73,2.35,1.52,0.0,1,4,PREMATIPS
2025-08-19,18:30,Durban City , Golden Arrows,69.0,3.0,28.0,2.2,2.75,3.5,1.0,78.0,22.0,3.25,1.29,0.0,27,73,2.65,1.42,0.0,1,1,PREMATIPS
2025-08-19,18:30,Kaizer Chiefs , Richards Bay,91.0,3.0,6.0,1.8,2.9,5.0,1.0,78.0,22.0,3.0,1.33,0.0,27,73,2.7,1.4,0.0,1,0,PREMATIPS
2025-08-19,18:30,Orbit College , Sekhukhune Utd,30.0,35.0,35.0,3.3,2.75,2.3,6.0,94.0,6.0,2.95,1.35,0.0,10,90,2.4,1.5,0.0,0,3,PREMATIPS
2025-08-19,18:30,Siwelele , Polokwane City,73.0,9.0,18.0,2.45,2.6,3.2,1.0,78.0,22.0,3.3,1.28,0.0,27,73,2.6,1.43,0.0,0,1,PREMATIPS
2025-08-19,19:00,El Ismaily , Al Ittihad,30.0,35.0,35.0,3.0,2.55,2.5,6.0,57.0,43.0,3.1,1.31,0.0,43,57,2.45,1.47,0.0,0,1,PREMATIPS
2025-08-19,19:00,El Masry , Pyramids,31.0,32.0,37.0,3.1,3.1,2.1,6.0,57.0,43.0,2.15,1.6,0.0,26,74,1.95,1.75,0.0,2,2,PREMATIPS
2025-08-19,19:30,Newport County , Salford City,29.0,31.0,40.0,3.6,4.0,1.85,2.0,29.0,71.0,1.83,2.03,1.0,85,15,1.73,2.0,1.0,0,1,PREMATIPS
2025-08-19,19:30,Znicz Pruszkow , Wisla Krakow,8.0,4.0,88.0,7.0,5.25,1.33,2.0,19.0,81.0,1.48,2.6,1.0,57,43,1.8,1.91,1.0,0,7,PREMATIPS
2025-08-19,19:45,Huddersfield , Doncaster Rovers,40.0,31.0,29.0,1.9,3.8,3.6,1.0,50.0,50.0,1.95,1.9,0.0,50,50,1.8,1.95,1.0,2,0,PREMATIPS
2025-08-19,19:45,Luton Town , Wigan Athletic,53.0,3.0,44.0,1.6,3.75,5.5,1.0,61.0,39.0,2.2,1.65,0.0,39,61,2.1,1.67,0.0,1,0,PREMATIPS
2025-08-19,19:45,Mansfield Town , Blackpool,35.0,31.0,34.0,2.5,3.25,2.75,5.0,16.0,84.0,2.03,1.83,1.0,84,16,1.8,1.95,1.0,2,0,PREMATIPS
2025-08-19,19:45,Northampton Town , Lincoln City,31.0,32.0,37.0,3.3,3.4,2.15,6.0,61.0,39.0,2.25,1.62,0.0,39,61,2.0,1.75,0.0,0,1,PREMATIPS
2025-08-19,19:45,Peterborough Utd , Barnsley,11.0,7.0,82.0,2.85,3.6,2.15,2.0,50.0,50.0,1.57,2.3,1.0,62,38,1.53,2.38,1.0,0,1,PREMATIPS
2025-08-19,19:45,Plymouth Argyle , Leyton Orient,34.0,31.0,35.0,2.65,3.3,2.4,5.0,38.0,62.0,1.77,2.0,1.0,50,50,1.62,2.2,1.0,0,1,PREMATIPS
2025-08-19,19:45,Port Vale , Stevenage,13.0,43.0,44.0,2.45,3.0,3.0,6.0,61.0,39.0,2.5,1.5,0.0,39,61,2.05,1.7,0.0,1,2,PREMATIPS
2025-08-19,19:45,Stockport , Bradford City,38.0,33.0,29.0,2.0,3.4,3.6,4.0,38.0,62.0,2.2,1.65,1.0,62,38,1.95,1.8,1.0,1,2,PREMATIPS
2025-08-19,19:45,Wimbledon , Cardiff City,30.0,33.0,37.0,3.3,3.4,2.05,6.0,50.0,50.0,2.3,1.6,0.0,39,61,2.0,1.75,0.0,0,1,PREMATIPS
2025-08-19,19:45,Wycombe , Exeter City,42.0,32.0,26.0,1.65,4.0,4.75,1.0,38.0,62.0,1.98,1.88,1.0,73,27,1.95,1.8,1.0,0,1,PREMATIPS
2025-08-19,19:45,Bristol Rovers , Oldham Athletic,37.0,32.0,31.0,2.15,3.5,3.1,4.0,51.0,49.0,2.03,1.83,0.0,62,38,1.8,1.91,1.0,0,0,PREMATIPS
2025-08-19,19:45,Cheltenham Town , Bromley,32.0,32.0,36.0,3.1,3.25,2.25,0.0,63.0,37.0,2.05,1.75,0.0,29,71,1.8,1.91,0.0,1,2,PREMATIPS
2025-08-19,19:45,Colchester Utd , Cambridge Utd,34.0,33.0,33.0,2.57,3.0,2.7,0.0,74.0,26.0,2.5,1.5,0.0,62,38,2.0,1.73,1.0,1,2,PREMATIPS
2025-08-19,19:45,Crawley Town , MK Dons,28.0,32.0,40.0,4.0,3.9,1.8,2.0,51.0,49.0,1.9,1.95,0.0,29,71,1.8,1.91,0.0,1,1,PREMATIPS
2025-08-19,19:45,Fleetwood Town , Crewe Alexandra,34.0,32.0,34.0,2.6,3.3,2.6,0.0,51.0,49.0,2.05,1.8,0.0,51,49,1.8,1.91,1.0,1,4,PREMATIPS
2025-08-19,19:45,Gillingham , Chesterfield,32.0,32.0,36.0,3.1,3.2,2.25,2.0,74.0,26.0,2.25,1.58,0.0,51,49,1.91,1.8,1.0,4,1,PREMATIPS
2025-08-19,19:45,Harrogate Town , Barrow,33.0,33.0,34.0,2.88,3.0,2.55,0.0,63.0,37.0,2.4,1.53,0.0,51,49,2.0,1.73,1.0,1,0,PREMATIPS
2025-08-19,19:45,Swindon Town , Barnet,37.0,32.0,31.0,2.15,3.5,3.1,1.0,40.0,60.0,1.9,1.95,1.0,62,38,1.73,2.0,1.0,0,2,PREMATIPS
2025-08-19,19:45,Altrincham , Hartlepool Utd,37.0,30.0,33.0,2.15,3.5,2.88,5.0,50.0,50.0,1.7,2.1,1.0,46,54,1.62,2.2,0.0,0,2,PREMATIPS
2025-08-19,19:45,Boston United , Halifax Town,36.0,32.0,32.0,2.2,3.4,2.88,0.0,17.0,83.0,2.15,1.67,1.0,63,37,1.91,1.91,1.0,0,1,PREMATIPS
2025-08-19,19:45,Carlisle Utd , Solihull Moors,43.0,33.0,24.0,1.5,4.1,5.25,1.0,50.0,50.0,1.83,1.98,1.0,46,54,1.95,1.8,0.0,1,1,PREMATIPS
2025-08-19,19:45,Tamworth , Truro City,40.0,31.0,29.0,1.8,3.9,3.5,1.0,67.0,33.0,1.83,1.98,0.0,30,70,1.75,2.0,0.0,2,0,PREMATIPS
2025-08-19,19:45,Woking , Wealdstone,37.0,31.0,32.0,2.15,3.4,3.0,5.0,50.0,50.0,1.9,1.9,1.0,46,54,1.7,2.05,0.0,1,2,PREMATIPS
2025-08-19,19:45,Tranmere Rovers , Burton Albion,39.0,32.0,29.0,1.91,3.7,3.6,1.0,48.0,52.0,1.83,2.03,1.0,55,45,1.75,2.0,1.0,1,1,PREMATIPS
2025-08-19,19:45,Bangor , Crusaders,31.0,30.0,39.0,3.4,3.5,1.9,5.0,37.0,63.0,1.75,1.93,1.0,60,40,1.7,2.0,1.0,1,3,PREMATIPS
2025-08-19,19:45,Carrick Rangers , Linfield,25.0,33.0,42.0,5.12,3.85,1.53,2.0,49.0,51.0,1.76,1.89,1.0,50,50,1.82,1.83,1.0,-,-,PREMATIPS
2025-08-19,19:45,Cliftonville , Larne,37.0,32.0,31.0,2.15,3.2,3.1,4.0,70.0,30.0,2.1,1.65,0.0,26,74,1.88,1.8,0.0,1,1,PREMATIPS
2025-08-19,19:45,Coleraine , Dungannon Swifts,90.0,6.0,3.0,1.58,3.8,4.8,1.0,54.0,46.0,1.7,2.0,0.0,26,74,1.75,1.93,0.0,2,0,PREMATIPS
2025-08-19,19:45,Glentoran , Glenavon,89.0,5.0,4.0,1.68,3.6,4.5,1.0,87.0,13.0,1.77,1.93,0.0,10,90,1.77,1.93,0.0,2,0,PREMATIPS
2025-08-19,19:45,Portadown , Ballymena Utd,36.0,31.0,33.0,2.35,3.2,2.8,5.0,70.0,30.0,1.93,1.75,0.0,26,74,1.77,1.93,0.0,0,2,PREMATIPS
2025-08-19,20:00,Crvena Zvezda , Pafos,42.0,32.0,26.0,1.57,4.2,5.5,1.0,44.0,56.0,1.67,2.15,1.0,54,46,1.73,2.0,1.0,1,2,PREMATIPS
2025-08-19,20:00,Ferencvaros , Qarabag,39.0,32.0,29.0,1.91,3.4,4.0,1.0,53.0,47.0,2.0,1.8,0.0,51,49,1.83,1.83,1.0,1,3,PREMATIPS
2025-08-19,20:00,Rangers , Club Brugge,33.0,31.0,36.0,2.82,3.59,2.3,5.0,44.0,56.0,1.66,2.15,1.0,59,41,1.56,2.3,1.0,1,3,PREMATIPS
2025-08-19,20:00,Walsall , Grimsby Town,36.0,31.0,33.0,2.45,3.4,2.75,5.0,29.0,71.0,2.1,1.7,1.0,62,38,1.83,1.83,1.0,0,1,PREMATIPS
2025-08-19,20:00,Real Madrid , Osasuna,47.0,34.0,19.0,1.22,6.25,13.0,1.0,82.0,18.0,1.5,2.63,0.0,22,78,2.05,1.7,0.0,1,0,PREMATIPS
2025-08-19,23:00,Velez Sarsfield , Fortaleza CE,40.0,34.0,26.0,1.9,3.3,4.5,1.0,65.0,35.0,2.6,1.48,0.0,40,60,2.25,1.57,0.0,2,0,PREMATIPS
2025-08-19,23:00,Atl. Huracan , Once Caldas,43.0,35.0,22.0,1.44,4.1,8.5,1.0,61.0,39.0,2.3,1.6,0.0,38,62,2.5,1.5,0.0,1,3,PREMATIPS
2025-08-19,23:00,Anzoategui FC , U. Central,31.0,34.0,35.0,2.85,2.9,2.35,6.0,65.0,35.0,2.6,1.43,0.0,41,59,2.2,1.58,0.0,2,4,PREMATIPS
2025-08-19,23:00,Portuguesa Ac. , Carabobo,33.0,33.0,34.0,3.75,3.2,1.85,0.0,63.0,37.0,2.1,1.63,0.0,44,56,1.95,1.73,0.0,1,1,PREMATIPS
2025-08-19,23:30,Operario PR , Avai SC,31.0,34.0,35.0,2.1,3.2,3.7,6.0,56.0,44.0,2.6,1.48,0.0,49,51,2.2,1.62,0.0,0,0,PREMATIPS
2025-08-20,01:30,Racing Club , Penarol,43.0,35.0,22.0,1.48,3.8,8.0,1.0,56.0,44.0,2.35,1.57,0.0,41,59,2.5,1.5,0.0,3,1,PREMATIPS
2025-08-20,01:30,Sao Paulo SP , Atl. Nacional,40.0,34.0,26.0,1.9,3.25,4.5,1.0,64.0,36.0,2.6,1.48,0.0,40,60,2.25,1.57,0.0,1,1,PREMATIPS
2025-08-20,01:30,Santa Fe Bogota , Envigado,44.0,34.0,22.0,1.53,4.0,6.25,1.0,63.0,37.0,2.1,1.7,0.0,57,43,2.2,1.62,1.0,1,0,PREMATIPS
2025-08-20,01:30,Fluminense RJ , America de Cali,42.0,35.0,23.0,1.64,3.45,5.66,1.0,60.0,40.0,2.35,1.53,0.0,41,59,2.28,1.56,0.0,2,0,PREMATIPS
2025-08-20,01:30,Mushuc Runa , Ind. del Valle,28.0,32.0,40.0,3.98,3.5,1.85,2.0,53.0,47.0,1.94,1.79,0.0,50,50,1.81,1.9,1.0,2,1,PREMATIPS
2025-08-20,03:00,Aguila , Ol. Tegucigalpa,32.0,32.0,36.0,2.85,3.1,2.2,0.0,52.0,48.0,1.9,1.78,0.0,54,46,1.75,1.95,1.0,2,2,PREMATIPS
2025-08-20,11:00,Machida Zelvia , Gamba Osaka,51.0,19.0,30.0,1.75,3.7,4.33,1.0,52.0,48.0,1.98,1.83,0.0,40,60,1.91,1.91,0.0,3,1,PREMATIPS
2025-08-20,11:00,S. Hiroshima , Vissel Kobe,42.0,17.0,41.0,2.3,3.25,3.1,5.0,58.0,42.0,2.15,1.67,0.0,43,57,1.91,1.91,0.0,0,1,PREMATIPS
2025-08-20,11:00,Jeonbuk Motors , Gangwon,41.0,33.0,26.0,1.67,3.6,4.5,1.0,50.0,50.0,1.9,1.9,1.0,50,50,1.8,1.8,1.0,1,1,PREMATIPS
2025-08-20,11:30,Gwangju , Bucheon 1995,42.0,34.0,24.0,1.57,3.6,5.5,1.0,53.0,47.0,1.95,1.85,0.0,46,54,1.91,1.8,0.0,2,0,PREMATIPS
2025-08-20,12:35,Zhejiang Pro , Tianjin J. Tiger,31.0,34.0,35.0,1.62,4.1,5.0,6.0,37.0,63.0,1.53,2.4,1.0,62,38,1.57,2.25,1.0,2,0,PREMATIPS
2025-08-20,12:35,Beijing Guoan , Yunnan Yukun,40.0,30.0,30.0,1.45,4.39,5.2,1.0,33.0,67.0,1.36,2.87,1.0,65,35,1.47,2.47,1.0,7,0,PREMATIPS
2025-08-20,13:00,BG Pathum Utd , Cong An Ha Noi,38.0,32.0,30.0,2.1,3.3,2.9,4.0,49.0,51.0,1.8,1.88,1.0,54,46,1.68,2.05,1.0,2,1,PREMATIPS
2025-08-20,13:00,Buriram Utd , Selangor,45.0,33.0,22.0,1.27,5.3,8.39,1.0,38.0,62.0,1.48,2.49,1.0,52,48,1.83,1.87,1.0,1,1,PREMATIPS
2025-08-20,13:00,Al,Ahli Jeddah,34.0,31.0,35.0,2.74,3.42,2.29,5.0,49.0,51.0,1.77,1.99,1.0,56,44,1.62,2.18,1.0,1,5,PREMATIPS
2025-08-20,15:00,Chania , Marko 1927,38.0,34.0,28.0,1.88,3.2,3.75,4.0,57.0,43.0,2.1,1.63,0.0,48,52,1.91,1.76,0.0,0,1,PREMATIPS
2025-08-20,15:00,Kampaniakos , Athens Kallithea,23.0,35.0,42.0,5.25,3.6,1.55,2.0,63.0,37.0,2.1,1.63,0.0,38,62,2.16,1.61,0.0,0,1,PREMATIPS
2025-08-20,15:00,Panionios , Iraklis,36.0,33.0,31.0,2.26,2.92,3.14,4.0,60.0,40.0,2.32,1.55,0.0,47,53,1.95,1.74,0.0,1,1,PREMATIPS
2025-08-20,15:00,Khimik Dzerzhinsk , Amkar Perm,35.0,31.0,34.0,2.66,3.63,2.71,5.0,49.0,51.0,1.89,2.03,1.0,56,44,1.63,2.12,1.0,1,1,PREMATIPS
2025-08-20,15:00,Istaravshan , Khujand,34.0,13.0,53.0,2.72,3.42,2.27,2.0,44.0,56.0,1.7,2.08,1.0,61,39,1.66,2.22,1.0,1,1,PREMATIPS
2025-08-20,15:00,Shurtan Guzar , Navbahor,23.0,13.0,64.0,4.5,3.4,1.65,2.0,54.0,46.0,2.05,1.66,0.0,43,57,2.05,1.68,0.0,3,3,PREMATIPS
2025-08-20,15:15,Hellas Syros , Nestos Chrysoupoli,42.0,33.0,25.0,1.5,3.69,6.13,1.0,54.0,46.0,1.97,1.71,0.0,46,54,2.04,1.66,0.0,1,0,PREMATIPS
2025-08-20,16:00,Cer. Cleopatra , Enppi,13.0,51.0,36.0,1.85,2.95,4.2,6.0,91.0,9.0,2.5,1.46,0.0,11,89,2.25,1.57,0.0,2,0,PREMATIPS
2025-08-20,16:00,Spaeri , Kolkheti Poti,36.0,31.0,33.0,2.15,3.4,2.8,5.0,47.0,53.0,1.78,1.9,1.0,57,43,1.65,2.09,1.0,2,2,PREMATIPS
2025-08-20,16:00,Dynamo Bryansk , Saturn Moskovskaya Oblast,43.0,32.0,25.0,1.53,4.86,6.24,1.0,39.0,61.0,1.48,2.33,1.0,56,44,1.64,2.1,1.0,0,0,PREMATIPS
2025-08-20,16:00,Sogdiana , Din. Samarqand,24.0,30.0,46.0,2.05,3.2,3.1,6.0,55.0,45.0,1.98,1.73,0.0,54,46,1.82,1.87,1.0,1,1,PREMATIPS
2025-08-20,16:30,FBK Karlstad , Oddevold,23.0,33.0,44.0,6.32,4.12,1.42,2.0,49.0,51.0,1.7,1.94,1.0,46,54,1.88,1.77,0.0,0,6,PREMATIPS
2025-08-20,16:30,Onsala BK , Mjallby,15.0,37.0,48.0,21.0,9.0,1.08,2.0,29.0,71.0,1.33,3.25,1.0,31,69,2.68,1.38,0.0,1,1,PREMATIPS
2025-08-20,17:00,Aarhus Fremad , Kolding,31.0,32.0,37.0,2.5,3.4,2.75,2.0,52.0,48.0,1.85,1.95,0.0,50,50,1.67,2.1,1.0,2,2,PREMATIPS
2025-08-20,17:00,Hobro , Horsens,15.0,46.0,39.0,3.75,3.5,1.95,6.0,72.0,28.0,1.9,1.9,0.0,37,63,1.73,2.0,0.0,0,1,PREMATIPS
2025-08-20,17:00,Panevezys , Banga Gargzdai,50.0,19.0,31.0,1.7,3.3,4.33,1.0,54.0,46.0,2.05,1.66,0.0,45,55,1.94,1.76,0.0,1,0,PREMATIPS
2025-08-20,17:00,Siauliai , Kauno Zalgiris,29.0,28.0,43.0,5.0,3.8,1.51,2.0,42.0,58.0,1.77,1.9,1.0,45,55,1.82,1.86,0.0,2,2,PREMATIPS
2025-08-20,17:00,Zalgiris , Dainava Alytus,57.0,24.0,19.0,1.28,5.0,8.25,1.0,49.0,51.0,1.6,2.15,1.0,48,52,2.06,1.67,0.0,1,1,PREMATIPS
2025-08-20,17:00,Chrobry Glogow , Slask Wroclaw,35.0,38.0,27.0,3.4,3.41,1.93,4.0,32.0,68.0,1.76,1.95,1.0,73,27,1.66,2.07,1.0,1,2,PREMATIPS
2025-08-20,17:00,Polonia Bytom , Pogon Grodzisk M.,28.0,23.0,49.0,2.1,3.8,2.9,2.0,39.0,61.0,1.53,2.4,1.0,47,53,1.5,2.5,0.0,3,0,PREMATIPS
2025-08-20,17:15,Volgar , Chertanovo M.,45.0,31.0,24.0,1.37,6.01,8.15,1.0,43.0,57.0,1.71,2.29,1.0,45,55,2.05,1.67,0.0,2,1,PREMATIPS
2025-08-20,17:30,IFK Haninge , Elfsborg,21.0,33.0,46.0,9.69,5.5,1.22,2.0,36.0,64.0,1.47,2.5,1.0,50,50,1.92,1.74,0.0,0,1,PREMATIPS
2025-08-20,17:30,Lund , Trelleborg,31.0,30.0,39.0,3.04,3.5,2.02,5.0,45.0,55.0,1.65,2.03,1.0,58,42,1.57,2.19,1.0,2,3,PREMATIPS
2025-08-20,17:30,Qviding , IFK Goteborg,16.0,36.0,48.0,19.0,7.5,1.13,2.0,30.0,70.0,1.36,3.0,1.0,39,61,2.36,1.49,0.0,0,4,PREMATIPS
2025-08-20,18:00,Lleida Esportiu , Sant Andreu,22.0,34.0,44.0,7.33,4.57,1.35,2.0,48.0,52.0,1.74,1.96,1.0,45,55,2.0,1.7,0.0,0,0,PREMATIPS
2025-08-20,18:00,Osasuna B , Teruel,36.0,31.0,33.0,2.29,3.25,2.78,5.0,50.0,50.0,1.84,1.85,1.0,55,45,1.67,2.05,1.0,2,0,PREMATIPS
2025-08-20,18:30,Coruxo , Pontevedra,30.0,31.0,39.0,3.4,3.3,1.9,6.0,49.0,51.0,1.88,1.8,1.0,54,46,1.77,1.9,1.0,3,0,PREMATIPS
2025-08-20,18:30,AmaZulu Durban , Marumo Gallants,37.0,34.0,29.0,2.1,3.0,3.5,4.0,59.0,41.0,2.35,1.52,0.0,44,56,2.05,1.66,0.0,1,0,PREMATIPS
2025-08-20,18:30,Magesi , Mamelodi Sund.,18.0,37.0,45.0,9.0,4.33,1.34,2.0,93.0,7.0,2.1,1.65,0.0,44,56,2.65,1.42,0.0,0,2,PREMATIPS
2025-08-20,18:30,Orlando Pirates , Stellenbosch,40.0,35.0,25.0,1.78,3.0,4.8,1.0,76.0,24.0,2.6,1.43,0.0,44,56,2.4,1.5,0.0,1,0,PREMATIPS
2025-08-20,19:00,El Gounah , Ghazl El Mahalla,33.0,34.0,33.0,2.75,2.6,2.65,0.0,91.0,9.0,3.0,1.33,0.0,11,89,2.4,1.49,0.0,0,0,PREMATIPS
2025-08-20,19:00,Wadi Degla , Petrojet,32.0,35.0,33.0,2.6,2.6,2.8,6.0,74.0,26.0,2.7,1.4,0.0,27,73,2.2,1.6,0.0,0,1,PREMATIPS
2025-08-20,19:30,Ruch Chorzow , Stal Rzeszow,34.0,13.0,53.0,1.85,3.8,3.6,2.0,39.0,61.0,1.7,2.1,1.0,67,33,1.67,2.1,1.0,4,0,PREMATIPS
2025-08-20,19:45,Notts County , Shrewsbury Town,40.0,33.0,27.0,1.8,3.5,4.5,1.0,52.0,48.0,2.05,1.8,0.0,51,49,1.83,1.83,1.0,4,1,PREMATIPS
2025-08-20,19:45,Aldershot Town , Eastleigh,39.0,31.0,30.0,1.9,3.5,3.5,1.0,52.0,48.0,1.83,1.98,0.0,46,54,1.75,2.0,0.0,2,3,PREMATIPS
2025-08-20,19:45,Boreham Wood , Braintree,38.0,32.0,30.0,1.95,3.7,3.3,4.0,52.0,48.0,2.0,1.8,0.0,30,70,1.91,1.91,0.0,2,1,PREMATIPS
2025-08-20,19:45,Forest Green R. , Sutton Utd,34.0,53.0,13.0,1.73,3.75,4.1,1.0,52.0,48.0,1.83,1.98,0.0,46,54,1.8,1.95,0.0,4,0,PREMATIPS
2025-08-20,19:45,Rochdale , Gateshead,42.0,32.0,26.0,1.55,4.2,5.0,1.0,52.0,48.0,1.67,2.15,0.0,30,70,1.8,1.95,0.0,4,0,PREMATIPS
2025-08-20,19:45,Southend Utd , York City,36.0,31.0,33.0,2.2,3.7,2.75,5.0,52.0,48.0,1.85,1.95,0.0,30,70,1.7,2.05,0.0,0,0,PREMATIPS
2025-08-20,19:45,Yeovil Town , Brackley Town,35.0,32.0,33.0,2.4,3.2,2.75,5.0,86.0,14.0,2.1,1.7,0.0,13,87,1.8,1.95,0.0,2,1,PREMATIPS
2025-08-20,20:00,Basel , Copenhagen,36.0,32.0,32.0,2.28,3.29,3.1,0.0,55.0,45.0,2.04,1.73,0.0,51,49,1.8,1.92,1.0,1,1,PREMATIPS
2025-08-20,20:00,Bodo Glimt , Sturm Graz,42.0,31.0,27.0,1.58,4.39,4.83,1.0,37.0,63.0,1.47,2.56,1.0,60,40,1.54,2.34,1.0,5,0,PREMATIPS
2025-08-20,20:00,Celtic , Kairat Almaty,48.0,36.0,16.0,1.13,7.5,17.0,1.0,33.0,67.0,1.4,2.75,1.0,40,60,2.25,1.57,0.0,0,0,PREMATIPS
2025-08-20,20:00,Fenerbahce , Benfica,34.0,31.0,35.0,2.75,3.4,2.45,5.0,45.0,55.0,1.75,2.05,1.0,59,41,1.62,2.2,1.0,0,0,PREMATIPS
2025-08-20,20:00,Bolton Wanderers , Reading,42.0,33.0,25.0,1.55,4.1,5.25,1.0,74.0,26.0,1.75,2.05,0.0,37,63,1.8,1.95,0.0,1,1,PREMATIPS
2025-08-20,20:30,Monagas , Dep. Tachira,30.0,33.0,37.0,3.1,3.0,2.15,6.0,58.0,42.0,2.15,1.6,0.0,48,52,1.93,1.75,0.0,1,0,PREMATIPS
2025-08-20,21:00,9 de Octubre , Tecnico Un.,36.0,32.0,32.0,2.15,3.1,2.9,0.0,56.0,44.0,2.05,1.68,0.0,50,50,1.85,1.83,0.0,0,0,PREMATIPS
2025-08-20,22:00,Uruguay de Coronado , Sp. San Jose,29.0,32.0,39.0,4.2,3.3,1.75,6.0,50.0,50.0,1.85,1.95,1.0,53,47,1.73,2.0,1.0,-,-,PREMATIPS
2025-08-20,23:00,Juventude RS , Vasco da Gama RJ,39.0,20.0,41.0,3.3,3.2,2.3,5.0,49.0,51.0,2.15,1.67,1.0,47,53,1.91,1.91,0.0,2,0,PREMATIPS
2025-08-20,23:00,Estudiantes LP , Cerro Porteno,41.0,34.0,25.0,1.73,3.4,5.5,1.0,59.0,41.0,2.25,1.62,0.0,43,57,2.1,1.67,0.0,0,0,PREMATIPS
2025-08-20,23:00,Cienciano , Bolivar La Paz,38.0,31.0,31.0,2.1,3.7,3.3,0.0,42.0,58.0,1.6,2.3,1.0,60,40,1.5,2.38,1.0,0,2,PREMATIPS
2025-08-20,23:00,Caracas , Dep. La Guaira,31.0,32.0,37.0,2.95,3.25,2.1,6.0,53.0,47.0,1.95,1.75,0.0,51,49,1.8,1.88,1.0,0,1,PREMATIPS
2025-08-21,00:30,Ind. Petrolero , J. Wilstermann,54.0,29.0,17.0,1.6,3.6,5.0,1.0,45.0,55.0,1.93,1.88,1.0,63,37,1.91,1.8,1.0,2,1,PREMATIPS
2025-08-21,01:00,Inter Miami , Tigres UANL,37.0,30.0,33.0,2.22,3.67,2.77,5.0,38.0,62.0,1.49,2.48,1.0,63,37,1.43,2.62,1.0,2,1,PREMATIPS
2025-08-21,01:30,San Martin T. , Deportivo Maipu,31.0,44.0,25.0,1.75,3.25,5.0,4.0,80.0,20.0,2.6,1.48,0.0,38,62,2.38,1.53,0.0,2,1,PREMATIPS
2025-08-21,01:30,Bahia BA , Ceara CE,39.0,33.0,28.0,1.91,3.3,4.0,1.0,59.0,41.0,2.1,1.7,0.0,46,54,2.0,1.73,0.0,1,0,PREMATIPS
2025-08-21,01:30,CSA AL , Confianca SE,41.0,34.0,25.0,1.75,3.3,4.5,1.0,58.0,42.0,2.2,1.65,0.0,45,55,2.25,1.57,0.0,0,1,PREMATIPS
2025-08-21,01:30,Internacional RS , Flamengo RJ,31.0,33.0,36.0,3.5,2.9,2.3,6.0,61.0,39.0,2.4,1.53,0.0,47,53,2.0,1.75,0.0,0,2,PREMATIPS
2025-08-21,01:30,Millonarios , Union Magdalena,44.0,36.0,20.0,1.33,4.5,10.0,1.0,61.0,39.0,1.98,1.83,0.0,48,52,2.5,1.5,0.0,1,2,PREMATIPS
2025-08-21,01:30,Independiente , U. de Chile,42.0,33.0,25.0,1.65,3.5,6.0,1.0,55.0,45.0,2.4,1.53,0.0,46,54,2.25,1.57,0.0,-,-,PREMATIPS
2025-08-21,01:30,Un. Catolica Q. , Alianza Lima,40.0,33.0,27.0,1.75,3.6,4.4,1.0,50.0,50.0,1.82,1.87,1.0,52,48,1.78,1.9,1.0,1,2,PREMATIPS
2025-08-21,01:50,Dep. Toluca , Orlando City,38.0,30.0,32.0,2.38,3.7,2.7,5.0,39.0,61.0,1.5,2.5,1.0,63,37,1.44,2.63,1.0,0,0,PREMATIPS
2025-08-21,03:00,Real Espana , Diriangen,38.0,32.0,30.0,2.1,3.2,2.95,4.0,53.0,47.0,1.95,1.73,0.0,51,49,1.8,1.88,1.0,1,0,PREMATIPS
2025-08-21,04:00,Seattle Sounders , Puebla,44.0,32.0,24.0,1.38,5.25,6.5,1.0,38.0,62.0,1.48,2.6,1.0,56,44,1.69,2.0,1.0,0,0,PREMATIPS
2025-08-21,04:45,LA Galaxy , Pachuca,34.0,30.0,36.0,2.75,3.4,2.45,5.0,42.0,58.0,1.6,2.3,1.0,62,38,1.5,2.5,1.0,2,1,PREMATIPS
2025-08-21,10:30,Johor DT , Lion City Sail.,46.0,34.0,20.0,1.21,5.75,10.0,1.0,35.0,65.0,1.41,2.7,1.0,51,49,1.85,1.83,1.0,3,1,PREMATIPS
2025-08-21,13:00,Vakhsh Bokhtar , Khosilot,49.0,31.0,20.0,1.72,3.55,4.22,1.0,49.0,51.0,1.87,1.87,1.0,69,31,1.88,1.92,1.0,1,0,PREMATIPS
2025-08-21,15:00,Eskhata , Hulbuk Vose,43.0,41.0,16.0,1.72,3.55,4.22,4.0,53.0,47.0,1.87,1.87,0.0,56,44,1.88,1.92,1.0,1,1,PREMATIPS
2025-08-21,15:00,Neftchi Fergana , Mash'al Mubarek,69.0,13.0,18.0,1.26,4.8,9.25,1.0,54.0,46.0,1.8,1.9,0.0,40,60,2.37,1.5,0.0,3,0,PREMATIPS
2025-08-21,16:00,Arab Contractors , Haras El Hodood,38.0,35.0,27.0,2.25,2.7,3.2,4.0,92.0,8.0,2.7,1.4,0.0,9,91,2.25,1.57,0.0,0,0,PREMATIPS
2025-08-21,16:00,Buxoro , Kokand,38.0,24.0,38.0,1.71,3.4,4.1,5.0,52.0,48.0,2.05,1.66,0.0,47,53,2.0,1.7,0.0,1,0,PREMATIPS
2025-08-21,16:30,JJK Jyvaskyla , Atlantis,46.0,19.0,35.0,1.91,4.2,2.9,4.0,40.0,60.0,1.44,2.7,1.0,52,48,1.44,2.63,1.0,1,1,PREMATIPS
2025-08-21,16:30,Qatar SC ,Sailiya,40.0,31.0,29.0,1.75,3.6,3.7,1.0,12.0,88.0,1.55,2.25,1.0,94,6,1.55,2.25,1.0,2,0,PREMATIPS
2025-08-21,16:30,AS Soliman , Stade Tunisien,10.0,44.0,46.0,4.1,2.85,1.9,6.0,96.0,4.0,2.75,1.39,0.0,27,73,2.4,1.5,0.0,0,0,PREMATIPS
2025-08-21,16:30,Ben Guerdane , Etoile du Sahel,92.0,4.0,3.0,3.37,2.77,2.17,1.0,80.0,20.0,2.9,1.38,0.0,27,73,2.31,1.52,0.0,0,0,PREMATIPS
2025-08-21,16:30,JS Kairouan , Esperance Tunis,17.0,38.0,45.0,7.25,3.5,1.44,2.0,96.0,4.0,2.55,1.44,0.0,27,73,2.85,1.37,0.0,0,4,PREMATIPS
2025-08-21,17:00,Rosenborg , Mainz 05,29.0,32.0,39.0,3.92,3.61,1.84,6.0,49.0,51.0,1.78,1.96,1.0,53,47,1.7,2.04,1.0,2,1,PREMATIPS
2025-08-21,17:00,HJK Helsinki , AC Oulu,45.0,32.0,23.0,1.33,4.78,6.61,1.0,35.0,65.0,1.44,2.62,1.0,55,45,1.65,2.1,1.0,1,0,PREMATIPS
2025-08-21,17:30,Midtjylland , KuPS Kuopio,47.0,35.0,18.0,1.19,6.66,12.44,1.0,35.0,65.0,1.41,2.76,1.0,46,54,1.94,1.78,0.0,4,0,PREMATIPS
2025-08-21,17:30,Assyriska FF , Sandviken,28.0,31.0,41.0,4.33,3.75,1.67,2.0,42.0,58.0,1.65,2.2,1.0,58,42,1.58,2.16,1.0,0,1,PREMATIPS
2025-08-21,17:30,Enkopings SK , Degerfors,22.0,34.0,44.0,6.25,3.7,1.5,2.0,50.0,50.0,2.05,1.75,0.0,43,57,2.12,1.6,0.0,1,2,PREMATIPS
2025-08-21,17:30,Stockholm Inter. , Brommapojkarna,23.0,34.0,43.0,5.13,4.01,1.51,2.0,51.0,49.0,1.75,1.9,0.0,44,56,1.84,1.82,0.0,0,2,PREMATIPS
2025-08-21,18:00,Gyori ETO , Rapid Wien,34.0,30.0,36.0,2.88,3.4,2.2,5.0,48.0,52.0,1.83,1.98,1.0,56,44,1.67,2.1,1.0,2,1,PREMATIPS
2025-08-21,18:00,Hamrun Spartans , RFS Riga,30.0,32.0,38.0,3.0,3.1,2.25,6.0,54.0,46.0,2.2,1.65,0.0,51,49,1.91,1.8,1.0,1,0,PREMATIPS
2025-08-21,18:00,Wolfsberger AC , Omonia Nicosia,38.0,32.0,30.0,2.2,3.2,3.25,4.0,55.0,45.0,2.15,1.67,0.0,50,50,1.83,1.83,1.0,2,1,PREMATIPS
2025-08-21,18:00,Brann Bergen , AEK Larnaca,41.0,32.0,27.0,1.67,3.7,4.5,1.0,52.0,48.0,2.0,1.8,0.0,49,51,1.91,1.8,0.0,2,1,PREMATIPS
2025-08-21,18:00,Malmo , Sigma Olomouc,42.0,33.0,25.0,1.53,3.4,6.5,1.0,46.0,54.0,2.1,1.7,1.0,52,48,2.2,1.62,1.0,3,0,PREMATIPS
2025-08-21,18:30,Hacken , CFR Cluj,37.0,33.0,30.0,1.95,3.25,3.5,4.0,57.0,43.0,1.93,1.88,0.0,49,51,1.8,1.91,0.0,7,2,PREMATIPS
2025-08-21,18:30,Gornik Leczna , Pogon Siedlce,35.0,32.0,33.0,2.38,3.3,2.9,5.0,44.0,56.0,2.03,1.78,1.0,60,40,1.8,1.91,1.0,1,1,PREMATIPS
2025-08-21,18:30,Puszcza Niepol. , GKS Tychy,15.0,56.0,29.0,2.4,3.5,2.7,6.0,38.0,62.0,1.75,2.05,1.0,73,27,1.62,2.2,1.0,1,2,PREMATIPS
2025-08-21,18:30,Stal Mielec , Odra Opole,27.0,22.0,51.0,2.6,3.1,2.8,2.0,44.0,56.0,2.05,1.75,1.0,53,47,1.8,1.91,1.0,2,1,PREMATIPS
2025-08-21,18:30,Al,Sadd,24.0,31.0,45.0,6.75,5.0,1.3,2.0,45.0,55.0,1.35,2.9,1.0,61,39,1.6,2.15,1.0,0,2,PREMATIPS
2025-08-21,18:45,Ist. Basaksehir , U Craiova,41.0,33.0,26.0,1.7,3.9,4.33,1.0,51.0,49.0,1.85,1.95,0.0,50,50,1.83,1.83,1.0,1,2,PREMATIPS
2025-08-21,19:00,MC Oran , ES Ben Aknoun,43.0,35.0,22.0,1.55,3.5,5.5,1.0,60.0,40.0,2.3,1.53,0.0,36,64,2.37,1.5,0.0,2,1,PREMATIPS
2025-08-21,19:00,Anderlecht , AEK Athens,38.0,31.0,31.0,2.08,3.41,3.3,0.0,54.0,46.0,1.89,1.83,0.0,51,49,1.73,1.99,1.0,1,1,PREMATIPS
2025-08-21,19:00,Breidablik , Virtus,48.0,36.0,16.0,1.07,11.0,23.0,1.0,28.0,72.0,1.25,3.75,1.0,36,64,2.38,1.53,0.0,2,1,PREMATIPS
2025-08-21,19:00,Celje , Banik Ostrava,39.0,30.0,31.0,2.0,3.8,3.0,1.0,41.0,59.0,1.53,2.38,1.0,61,39,1.53,2.38,1.0,1,0,PREMATIPS
2025-08-21,19:00,Drita , Differdange,41.0,33.0,26.0,1.7,3.7,4.2,1.0,62.0,38.0,2.38,1.53,0.0,40,60,2.5,1.5,0.0,2,1,PREMATIPS
2025-08-21,19:00,Levski Sofia , AZ Alkmaar,27.0,32.0,41.0,3.51,3.61,1.95,2.0,49.0,51.0,1.81,1.91,1.0,51,49,1.7,2.02,1.0,0,2,PREMATIPS
2025-08-21,19:00,Neman Grodno , Rayo Vallecano,17.0,36.0,47.0,13.23,6.14,1.19,2.0,41.0,59.0,1.57,2.28,1.0,40,60,2.26,1.57,0.0,0,1,PREMATIPS
2025-08-21,19:00,Olimpija , Noah,35.0,33.0,32.0,2.35,3.0,2.9,4.0,56.0,44.0,2.15,1.67,0.0,51,49,1.83,1.83,1.0,1,4,PREMATIPS
2025-08-21,19:00,Polissya , Fiorentina,21.0,34.0,45.0,7.0,4.75,1.36,2.0,46.0,54.0,1.7,2.1,1.0,46,54,2.1,1.67,0.0,0,3,PREMATIPS
2025-08-21,19:00,Shakhtar Donetsk , Servette,44.0,34.0,22.0,1.36,5.0,6.25,1.0,39.0,61.0,1.5,2.5,1.0,52,48,1.8,1.91,1.0,1,1,PREMATIPS
2025-08-21,19:00,Sparta Prague , Riga FC,46.0,34.0,20.0,1.3,4.75,8.0,1.0,44.0,56.0,1.67,2.15,1.0,44,56,2.1,1.67,0.0,2,0,PREMATIPS
2025-08-21,19:00,Strasbourg , Brondby,42.0,32.0,26.0,1.68,3.81,4.55,1.0,48.0,52.0,1.8,1.92,1.0,51,49,1.79,1.9,1.0,0,0,PREMATIPS
2025-08-21,19:00,Modern Sport FC , Zamalek,23.0,51.0,26.0,3.6,3.0,1.95,6.0,59.0,41.0,2.3,1.55,0.0,43,57,2.05,1.68,0.0,1,2,PREMATIPS
2025-08-21,19:00,Smouha , ZED FC,33.0,34.0,33.0,2.6,2.7,2.75,0.0,92.0,8.0,2.75,1.39,0.0,26,74,2.25,1.55,0.0,1,1,PREMATIPS
2025-08-21,19:00,Maccabi Tel Aviv , Dynamo Kyiv,34.0,31.0,35.0,2.59,3.41,2.54,5.0,48.0,52.0,1.81,1.95,1.0,56,44,1.64,2.14,1.0,3,1,PREMATIPS
2025-08-21,19:00,Panathinaikos , Samsunspor,43.0,33.0,24.0,1.55,3.75,5.5,1.0,52.0,48.0,1.95,1.85,0.0,47,53,2.0,1.73,0.0,2,1,PREMATIPS
2025-08-21,19:00,Shkendija 79 , Ludogorets,29.0,32.0,39.0,3.8,3.1,2.0,6.0,57.0,43.0,2.35,1.57,0.0,48,52,2.1,1.67,0.0,2,1,PREMATIPS
2025-08-21,19:00,Zrinjski Mostar , Utrecht,28.0,31.0,41.0,4.2,3.5,1.73,2.0,43.0,57.0,1.8,2.0,1.0,57,43,1.73,2.0,1.0,0,2,PREMATIPS
2025-08-21,19:15,Jagiellonia , Dinamo City,45.0,35.0,20.0,1.29,5.5,8.0,1.0,41.0,59.0,1.57,2.35,1.0,46,54,2.0,1.73,0.0,3,0,PREMATIPS
2025-08-21,19:15,Lausanne , Besiktas,32.0,30.0,38.0,3.25,3.7,1.95,5.0,41.0,59.0,1.57,2.35,1.0,61,39,1.53,2.38,1.0,1,1,PREMATIPS
2025-08-21,19:15,Slovan Brat. , Young Boys,34.0,30.0,36.0,2.72,3.53,2.37,5.0,43.0,57.0,1.63,2.2,1.0,61,39,1.52,2.38,1.0,0,1,PREMATIPS
2025-08-21,19:30,Lech Poznan , Genk,32.0,30.0,38.0,3.3,3.4,2.05,5.0,44.0,56.0,1.7,2.1,1.0,59,41,1.57,2.25,1.0,1,5,PREMATIPS
2025-08-21,19:45,Shelbourne , Linfield,40.0,33.0,27.0,1.85,3.32,4.27,1.0,58.0,42.0,2.2,1.61,0.0,45,55,2.01,1.71,0.0,3,1,PREMATIPS
2025-08-21,19:45,Aberdeen , FC FCSB,35.0,32.0,33.0,2.46,3.26,2.76,5.0,54.0,46.0,2.03,1.73,0.0,51,49,1.78,1.93,1.0,2,2,PREMATIPS
2025-08-21,19:45,Rijeka , PAOK,31.0,33.0,36.0,3.1,3.1,2.2,6.0,57.0,43.0,2.15,1.67,0.0,50,50,1.83,1.83,1.0,1,0,PREMATIPS
2025-08-21,20:00,JS Saoura , MB Rouissat,42.0,35.0,23.0,1.57,3.4,5.5,1.0,61.0,39.0,2.25,1.55,0.0,39,61,2.3,1.53,0.0,1,2,PREMATIPS
2025-08-21,20:00,Crystal Palace , Fredrikstad,48.0,37.0,15.0,1.09,9.0,23.0,1.0,33.0,67.0,1.36,3.0,1.0,37,63,2.63,1.44,0.0,1,0,PREMATIPS
2025-08-21,20:00,Hibernian , Legia Warszawa,33.0,31.0,36.0,2.63,3.5,2.38,5.0,50.0,50.0,1.88,1.93,1.0,55,45,1.73,2.0,1.0,1,2,PREMATIPS
2025-08-21,20:00,Rakow Czest. , Arda Kardzhali,46.0,36.0,18.0,1.25,5.0,12.0,1.0,48.0,52.0,1.83,1.98,1.0,37,63,2.63,1.44,0.0,1,0,PREMATIPS
2025-08-21,20:00,Santa Clara , Shamrock Rovers,43.0,35.0,22.0,1.53,3.69,6.56,1.0,61.0,39.0,2.35,1.54,0.0,38,62,2.42,1.5,0.0,1,2,PREMATIPS
2025-08-21,20:00,Lincoln Red Imps , SC Braga,15.0,37.0,48.0,19.0,7.5,1.13,2.0,35.0,65.0,1.44,2.63,1.0,39,61,2.5,1.5,0.0,0,4,PREMATIPS
2025-08-21,23:00,LDU Quito , Botafogo RJ,37.0,33.0,30.0,2.15,3.0,3.9,4.0,59.0,41.0,2.5,1.5,0.0,47,53,2.05,1.7,0.0,2,0,PREMATIPS
2025-08-21,23:00,Godoy Cruz , Atletico MG,32.0,33.0,35.0,2.88,3.0,2.7,6.0,62.0,38.0,2.6,1.48,0.0,46,54,2.1,1.67,0.0,0,1,PREMATIPS
2025-08-22,01:30,Palmeiras SP , Un. de Deportes,46.0,35.0,19.0,1.29,5.75,10.0,1.0,44.0,56.0,1.62,2.25,1.0,43,57,2.05,1.7,0.0,0,0,PREMATIPS
2025-08-22,01:30,River Plate , Libertad,46.0,35.0,19.0,1.3,5.0,10.0,1.0,48.0,52.0,1.77,1.93,1.0,41,59,2.3,1.53,0.0,1,1,PREMATIPS
2025-08-22,01:30,Lanus , Central Cordoba,39.0,34.0,27.0,1.82,3.2,4.61,1.0,63.0,37.0,2.62,1.44,0.0,42,58,2.32,1.55,0.0,1,0,PREMATIPS
2025-08-22,03:00,Alianza Salvador , LD Alajuelense,28.0,32.0,40.0,3.7,3.3,1.8,2.0,50.0,50.0,1.83,1.85,1.0,53,47,1.77,1.93,1.0,0,1,PREMATIPS
2025-08-22,09:30,Arema Malang , Bhayangkara,74.0,16.0,10.0,1.98,3.2,3.3,1.0,69.0,31.0,1.98,1.72,0.0,68,32,1.83,1.85,1.0,2,1,PREMATIPS
2025-08-22,09:30,Semen Padang , PSM Makassar,35.0,32.0,33.0,2.3,3.0,2.75,5.0,86.0,14.0,1.93,1.77,0.0,51,49,1.75,1.95,1.0,1,1,PREMATIPS
2025-08-22,10:00,Real Madrid B , Alcorcon,39.0,31.0,30.0,1.92,3.41,3.47,1.0,52.0,48.0,1.89,1.8,0.0,52,48,1.77,1.94,1.0,1,1,PREMATIPS
2025-08-22,11:00,Kashiwa Reysol , Urawa Red Diam.,33.0,38.0,29.0,2.15,3.4,3.3,4.0,58.0,42.0,2.0,1.8,0.0,52,48,1.8,1.95,1.0,4,2,PREMATIPS
2025-08-22,11:00,Viktoriya Sumy , Vorskla Poltava,31.0,32.0,37.0,3.0,3.1,2.1,6.0,57.0,43.0,2.1,1.65,0.0,50,50,1.83,1.83,1.0,1,0,PREMATIPS
2025-08-22,12:00,ADO Den Haag , Zwolle,25.0,32.0,43.0,5.5,4.12,1.46,2.0,44.0,56.0,1.61,2.1,1.0,52,48,1.75,1.95,1.0,3,0,PREMATIPS
2025-08-22,13:00,Dewa United , Persik Kediri,41.0,32.0,27.0,1.8,3.5,3.6,1.0,52.0,48.0,1.77,1.93,0.0,68,32,1.72,1.98,1.0,3,1,PREMATIPS
2025-08-22,13:00,Rayong , Nakhon Ratch.,39.0,31.0,30.0,1.85,3.4,3.4,1.0,50.0,50.0,1.71,2.0,1.0,58,42,1.65,2.1,1.0,1,2,PREMATIPS
2025-08-22,13:15,Brunei DPMM , Terengganu,31.0,31.0,38.0,3.34,3.67,1.87,2.0,10.0,90.0,1.49,2.42,1.0,51,49,1.46,2.47,1.0,0,5,PREMATIPS
2025-08-22,13:15,Viettel , Cong An HoChiMinh,42.0,35.0,23.0,1.57,3.5,5.0,1.0,43.0,57.0,1.95,1.75,1.0,95,5,1.98,1.72,1.0,3,0,PREMATIPS
2025-08-22,13:30,Ararat , Pyunik,23.0,31.0,46.0,7.5,4.75,1.31,6.0,59.0,41.0,1.68,2.05,0.0,41,59,2.05,1.66,0.0,0,2,PREMATIPS
2025-08-22,14:00,Imishli FK , Neftchi Baku,25.0,33.0,42.0,5.0,3.6,1.55,2.0,94.0,6.0,1.93,1.77,0.0,53,47,2.0,1.7,1.0,0,0,PREMATIPS
2025-08-22,15:00,Kenya , Madagascar,40.0,36.0,24.0,1.75,2.94,5.27,1.0,69.0,31.0,2.99,1.36,0.0,36,64,2.59,1.44,0.0,1,1,PREMATIPS
2025-08-22,15:00,Baniyas SC , Al Ittihad Kalba,31.0,31.0,38.0,3.1,3.4,1.98,0.0,86.0,14.0,1.65,2.1,0.0,14,86,1.58,2.2,0.0,0,1,PREMATIPS
2025-08-22,15:00,Andijan , Pakhtakor,30.0,28.0,42.0,4.2,3.5,1.66,6.0,57.0,43.0,1.93,1.77,0.0,47,53,1.9,1.78,0.0,2,6,PREMATIPS
2025-08-22,15:30,Banik Lehota , Zvolen,31.0,32.0,37.0,2.95,3.2,2.1,6.0,43.0,57.0,1.93,1.77,1.0,72,28,1.77,1.9,1.0,1,5,PREMATIPS
2025-08-22,16:00,Vihren Sandanski , Dunav Ruse,34.0,33.0,33.0,2.46,2.94,2.61,0.0,72.0,28.0,2.46,1.45,0.0,37,63,2.09,1.64,0.0,0,0,PREMATIPS
2025-08-22,16:00,VPS Vaasa , KTP Kotka,50.0,24.0,26.0,1.67,4.1,4.0,1.0,34.0,66.0,1.53,2.4,1.0,60,40,1.57,2.25,1.0,3,2,PREMATIPS
2025-08-22,16:00,Remo Stars , Rivers United,42.0,34.0,24.0,1.58,3.46,4.9,1.0,89.0,11.0,2.05,1.57,0.0,13,87,2.14,1.61,0.0,1,1,PREMATIPS
2025-08-22,16:00,Vardar Skopje , AP Brera,89.0,5.0,4.0,1.36,4.2,7.25,1.0,12.0,88.0,1.83,1.85,1.0,69,31,2.15,1.61,1.0,2,2,PREMATIPS
2025-08-22,16:00,Orenburg , Akhmat Grozny,36.0,31.0,33.0,3.22,3.51,2.28,5.0,58.0,42.0,1.94,1.92,0.0,53,47,1.72,2.07,1.0,2,2,PREMATIPS
2025-08-22,16:00,Pohronie , Stara Lubovna,22.0,49.0,29.0,2.4,3.1,2.6,6.0,68.0,32.0,1.98,1.71,0.0,56,44,1.8,1.88,1.0,3,1,PREMATIPS
2025-08-22,16:00,Qizilqum , Bunyodkor,32.0,31.0,37.0,3.1,2.9,2.2,5.0,54.0,46.0,2.25,1.55,0.0,48,52,1.98,1.72,0.0,1,1,PREMATIPS
2025-08-22,16:30,Qarabag , Sumgayit,47.0,36.0,17.0,1.17,6.5,11.5,1.0,60.0,40.0,1.53,2.3,0.0,20,80,2.3,1.53,0.0,0,1,PREMATIPS
2025-08-22,16:30,Ekenas , Lahti,32.0,23.0,45.0,2.92,3.45,2.1,6.0,37.0,63.0,1.66,2.05,1.0,65,35,1.56,2.23,1.0,0,2,PREMATIPS
2025-08-22,16:30,PK, JaPS Jarvenpaa,41.0,30.0,29.0,1.94,3.7,3.04,1.0,42.0,58.0,1.44,2.6,1.0,72,28,1.4,2.6,1.0,0,0,PREMATIPS
2025-08-22,16:30,TPS Turku , SJK Akatemia,59.0,17.0,24.0,1.39,4.95,5.37,1.0,23.0,77.0,1.22,3.81,1.0,74,26,1.34,2.93,1.0,2,1,PREMATIPS
2025-08-22,16:30,Al,Arabi Doha,38.0,31.0,31.0,1.93,3.5,3.1,1.0,17.0,83.0,1.5,2.4,1.0,87,13,1.47,2.45,1.0,2,1,PREMATIPS
2025-08-22,16:30,Club Africain , ES Zarzis,44.0,37.0,19.0,1.51,3.4,6.25,1.0,79.0,21.0,2.55,1.44,0.0,25,75,2.7,1.4,0.0,1,2,PREMATIPS
2025-08-22,16:30,ES Metlaoui , Sfaxien Sfax,29.0,35.0,36.0,3.25,2.65,2.3,6.0,79.0,21.0,3.1,1.31,0.0,42,58,2.5,1.46,0.0,2,1,PREMATIPS
2025-08-22,16:30,Gabes , AS La Marsa,38.0,34.0,28.0,2.25,2.87,2.95,4.0,95.0,5.0,2.75,1.39,0.0,8,92,2.3,1.53,0.0,2,1,PREMATIPS
2025-08-22,16:30,JS El Omrane , Bizertin,36.0,33.0,31.0,2.6,2.7,2.7,4.0,79.0,21.0,2.75,1.39,0.0,42,58,2.25,1.57,0.0,1,0,PREMATIPS
2025-08-22,16:30,Monastir , Olympique Beja,45.0,39.0,16.0,1.23,4.8,11.5,1.0,95.0,5.0,1.95,1.73,0.0,42,58,2.87,1.36,0.0,2,0,PREMATIPS
2025-08-22,17:00,MC El Bayadh , CS Constantine,38.0,34.0,28.0,2.0,2.85,3.6,4.0,67.0,33.0,2.6,1.42,0.0,33,67,2.25,1.55,0.0,0,2,PREMATIPS
2025-08-22,17:00,Olympique Akbou , ES Mostaganem,40.0,37.0,23.0,1.72,2.85,5.25,1.0,67.0,33.0,2.65,1.41,0.0,33,67,2.45,1.49,0.0,1,0,PREMATIPS
2025-08-22,17:00,Urartu , Alashkert,38.0,31.0,31.0,1.85,3.4,3.5,1.0,53.0,47.0,1.8,1.88,0.0,41,59,1.73,1.98,0.0,0,1,PREMATIPS
2025-08-22,17:00,A. Lustenau , SV Stripfing,42.0,33.0,25.0,1.54,3.95,5.04,1.0,49.0,51.0,1.72,1.99,1.0,41,59,1.79,1.9,0.0,3,3,PREMATIPS
2025-08-22,17:00,Amstetten , Sankt Polten,31.0,31.0,38.0,3.2,3.5,2.05,2.0,38.0,62.0,1.66,2.05,1.0,63,37,1.6,2.15,1.0,0,0,PREMATIPS
2025-08-22,17:00,First Vienna , Liefering,41.0,32.0,27.0,1.71,3.67,4.17,1.0,38.0,62.0,1.73,1.98,1.0,52,48,1.7,2.03,1.0,0,0,PREMATIPS
2025-08-22,17:00,Gomel , BATE Borisov,37.0,25.0,38.0,2.05,3.0,3.25,5.0,61.0,39.0,2.15,1.62,0.0,39,61,1.93,1.77,0.0,2,3,PREMATIPS
2025-08-22,17:00,Ceske Budejovice , Sparta Prague B,24.0,29.0,47.0,2.05,3.4,3.1,6.0,45.0,55.0,1.8,2.0,1.0,34,66,1.67,2.1,0.0,2,1,PREMATIPS
2025-08-22,17:00,Chrudim , Zbrojovka Brno,16.0,37.0,47.0,5.25,3.8,1.53,2.0,24.0,76.0,1.73,2.08,1.0,73,27,1.77,1.87,1.0,0,1,PREMATIPS
2025-08-22,17:00,Pribram , Banik Ostrava B,30.0,19.0,51.0,3.1,3.3,2.15,2.0,30.0,70.0,1.67,2.15,1.0,60,40,1.53,2.38,1.0,2,0,PREMATIPS
2025-08-22,17:00,Prostejov , Vysocina Jihlava,32.0,31.0,37.0,2.15,3.2,3.1,5.0,45.0,55.0,2.15,1.67,1.0,51,49,1.83,1.83,1.0,0,3,PREMATIPS
2025-08-22,17:00,Tampere Utd , MP Mikkeli,31.0,22.0,47.0,2.7,3.9,2.05,6.0,36.0,64.0,1.5,2.5,1.0,58,42,1.44,2.63,1.0,0,2,PREMATIPS
2025-08-22,17:00,Riteriai , Dziugas Telsiai,21.0,13.0,66.0,3.25,3.2,2.04,2.0,54.0,46.0,2.05,1.7,0.0,46,54,1.83,1.85,0.0,0,2,PREMATIPS
2025-08-22,17:00,Siauliai , Suduva,32.0,36.0,32.0,2.06,3.36,3.05,0.0,47.0,53.0,1.88,1.8,1.0,46,54,1.73,1.97,0.0,-,-,PREMATIPS
2025-08-22,17:00,Radomiak Radom , Termalica,45.0,8.0,47.0,1.95,3.6,3.5,5.0,42.0,58.0,1.8,2.0,1.0,59,41,1.7,2.05,1.0,1,1,PREMATIPS
2025-08-22,17:00,UTA Arad , Unirea Slobozia,45.0,23.0,32.0,1.95,3.5,3.3,1.0,43.0,57.0,1.9,1.9,1.0,67,33,1.73,2.0,1.0,1,1,PREMATIPS
2025-08-22,17:00,Dukla B. Bystrica , Slovan Brat. B,45.0,34.0,21.0,1.25,5.14,8.53,1.0,60.0,40.0,1.46,2.4,0.0,56,44,1.84,1.81,1.0,1,0,PREMATIPS
2025-08-22,17:30,FCI Levadia , Parnu Vaprus,56.0,14.0,30.0,1.26,5.25,8.0,1.0,29.0,71.0,1.46,2.5,1.0,53,47,1.82,1.87,1.0,1,3,PREMATIPS
2025-08-22,17:30,Elversberg , Kaiserslautern,38.0,31.0,31.0,2.0,3.6,3.5,1.0,86.0,14.0,1.83,1.98,0.0,16,84,1.73,2.0,0.0,2,1,PREMATIPS
2025-08-22,17:30,Preussen Munster , Nurnberg,36.0,31.0,33.0,2.35,3.4,2.9,5.0,69.0,31.0,1.9,1.9,0.0,50,50,1.73,2.0,1.0,2,1,PREMATIPS
2025-08-22,17:30,Al Sharjah ,Jazira,39.0,31.0,30.0,1.96,3.45,3.21,1.0,20.0,80.0,1.7,1.98,1.0,80,20,1.63,2.13,1.0,0,1,PREMATIPS
2025-08-22,18:00,Tanzania , Morocco,26.0,35.0,39.0,4.33,2.9,1.85,6.0,62.0,38.0,2.6,1.48,0.0,43,57,2.25,1.57,0.0,0,1,PREMATIPS
2025-08-22,18:00,AEL Limassol , Ol. Nicosia,43.0,33.0,24.0,1.46,3.9,5.75,1.0,48.0,52.0,1.75,1.95,1.0,48,52,1.88,1.8,0.0,2,0,PREMATIPS
2025-08-22,18:00,AAB Aalborg , Hvidovre,38.0,31.0,31.0,2.05,3.6,3.4,0.0,63.0,37.0,1.75,2.05,0.0,50,50,1.62,2.2,1.0,4,0,PREMATIPS
2025-08-22,18:00,Numancia , Tarazona,34.0,31.0,35.0,2.35,3.3,2.55,5.0,51.0,49.0,1.77,1.9,0.0,54,46,1.66,2.05,1.0,0,1,PREMATIPS
2025-08-22,18:00,Valladolid B , Majadahonda,34.0,32.0,34.0,3.58,3.38,1.88,0.0,51.0,49.0,1.84,1.84,0.0,55,45,1.74,1.98,1.0,1,1,PREMATIPS
2025-08-22,18:00,Wehen Wiesbaden ,Weiss Essen,34.0,31.0,35.0,3.0,3.4,2.25,5.0,50.0,50.0,1.7,2.1,1.0,86,14,1.57,2.25,1.0,3,4,PREMATIPS
2025-08-22,18:00,KFUM Oslo , Hamarkameratene,51.0,24.0,25.0,1.57,4.0,5.5,1.0,48.0,52.0,1.95,1.85,1.0,48,52,1.95,1.8,0.0,2,2,PREMATIPS
2025-08-22,18:00,Javor Ivanjica , Napredak Kr.,14.0,71.0,15.0,2.55,3.0,2.5,6.0,42.0,58.0,2.2,1.58,1.0,51,49,1.95,1.73,1.0,0,0,PREMATIPS
2025-08-22,18:00,Zlate Moravce , Povazska Bystrica,23.0,66.0,11.0,1.57,3.7,4.75,4.0,60.0,40.0,1.9,1.78,0.0,72,28,1.95,1.73,1.0,5,1,PREMATIPS
2025-08-22,18:30,Lokomotiv Sofia , Spartak Varna,40.0,52.0,8.0,1.5,4.33,6.0,4.0,63.0,37.0,1.88,1.93,0.0,57,43,2.0,1.73,1.0,0,0,PREMATIPS
2025-08-22,18:30,Arenas Club , Mutilvera,40.0,30.0,30.0,1.73,3.75,3.6,1.0,43.0,57.0,1.62,2.15,1.0,57,43,1.63,2.1,1.0,3,0,PREMATIPS
2025-08-22,18:30,Bourg Peronnas , Concarneau,33.0,33.0,34.0,2.55,3.0,2.5,0.0,50.0,50.0,2.3,1.55,0.0,50,50,1.98,1.71,0.0,0,2,PREMATIPS
2025-08-22,18:30,Caen , Versailles 78,39.0,33.0,28.0,1.95,3.1,3.4,1.0,50.0,50.0,2.1,1.63,0.0,50,50,1.93,1.77,0.0,0,2,PREMATIPS
2025-08-22,18:30,Le Puy Foot 43 , Chateauroux,40.0,33.0,27.0,1.8,3.1,4.1,1.0,50.0,50.0,2.15,1.61,0.0,50,50,2.0,1.7,0.0,2,2,PREMATIPS
2025-08-22,18:30,Orleans , Valenciennes,9.0,44.0,47.0,2.15,3.0,3.0,6.0,34.0,66.0,2.15,1.6,1.0,50,50,1.95,1.75,0.0,2,1,PREMATIPS
2025-08-22,18:30,Paris 13 Atl. , Fleury 91,34.0,33.0,33.0,2.65,2.95,2.45,0.0,50.0,50.0,2.4,1.5,0.0,50,50,2.05,1.66,0.0,1,0,PREMATIPS
2025-08-22,18:30,Rouen , Sochaux,32.0,33.0,35.0,2.6,3.0,2.45,6.0,67.0,33.0,2.2,1.6,0.0,33,67,1.93,1.77,0.0,3,1,PREMATIPS
2025-08-22,18:30,Stade Briochin , Dijon,17.0,10.0,73.0,3.1,3.0,2.15,2.0,50.0,50.0,2.25,1.57,0.0,66,34,2.0,1.71,1.0,0,0,PREMATIPS
2025-08-22,18:30,Villefranche ,Rouen,36.0,33.0,31.0,2.25,2.95,2.9,4.0,67.0,33.0,2.37,1.5,0.0,50,50,2.05,1.66,0.0,2,1,PREMATIPS
2025-08-22,18:30,Al,Rayyan,31.0,31.0,38.0,3.1,3.3,1.98,0.0,50.0,50.0,1.5,2.4,1.0,54,46,1.44,2.55,1.0,4,2,PREMATIPS
2025-08-22,18:30,Eibar , Granada,38.0,33.0,29.0,1.95,3.3,4.1,4.0,49.0,51.0,2.5,1.5,1.0,90,10,2.2,1.62,1.0,3,0,PREMATIPS
2025-08-22,18:30,Neuchatel Xamax , Etoile Carouge,49.0,45.0,6.0,2.0,3.4,3.0,1.0,74.0,26.0,1.7,2.0,0.0,51,49,1.62,2.15,1.0,2,1,PREMATIPS
2025-08-22,18:30,Rapperswil,Ouchy,33.0,31.0,36.0,2.65,3.3,2.2,5.0,52.0,48.0,1.66,2.05,0.0,51,49,1.58,2.2,1.0,1,2,PREMATIPS
2025-08-22,18:30,Stade Nyonnais , Aarau,28.0,31.0,41.0,4.8,3.8,1.55,2.0,63.0,37.0,1.71,2.0,0.0,40,60,1.78,1.9,0.0,4,5,PREMATIPS
2025-08-22,18:30,Vaduz , Bellinzona,67.0,28.0,3.0,1.63,3.8,4.0,1.0,40.0,60.0,1.49,2.4,1.0,62,38,1.53,2.3,1.0,6,0,PREMATIPS
2025-08-22,18:55,ML Vitebsk , Naftan,64.0,19.0,17.0,1.19,5.75,12.0,1.0,54.0,46.0,1.63,2.1,0.0,34,66,2.65,1.41,0.0,2,0,PREMATIPS
2025-08-22,19:00,Vllaznia , Egnatia,37.0,33.0,30.0,2.09,2.97,3.21,4.0,87.0,13.0,2.23,1.5,0.0,16,84,1.98,1.74,0.0,2,0,PREMATIPS
2025-08-22,19:00,Jong KAA Gent , Beerschot,29.0,31.0,40.0,3.7,3.9,1.67,2.0,53.0,47.0,1.73,2.08,0.0,66,34,1.73,2.0,1.0,1,1,PREMATIPS
2025-08-22,19:00,Patro Eisden , Club Brugge NXT,38.0,31.0,31.0,1.95,3.6,3.2,1.0,69.0,31.0,1.75,2.05,0.0,66,34,1.67,2.1,1.0,2,1,PREMATIPS
2025-08-22,19:00,Vukovar 1991 , HNK Gorica,9.0,56.0,35.0,2.63,3.1,2.6,6.0,65.0,35.0,2.4,1.53,0.0,46,54,2.0,1.73,0.0,2,2,PREMATIPS
2025-08-22,19:00,Amiens , Annecy,37.0,32.0,31.0,2.55,3.0,2.8,4.0,33.0,67.0,2.35,1.57,1.0,71,29,2.0,1.73,1.0,0,1,PREMATIPS
2025-08-22,19:00,Clermont Foot , Grenoble Foot,37.0,32.0,31.0,2.15,3.2,3.25,4.0,50.0,50.0,2.03,1.78,0.0,71,29,1.8,1.91,1.0,2,1,PREMATIPS
2025-08-22,19:00,Dunkerque , Nancy,37.0,33.0,30.0,2.1,3.1,3.2,4.0,50.0,50.0,2.25,1.62,0.0,54,46,2.0,1.73,1.0,1,3,PREMATIPS
2025-08-22,19:00,Le Mans , Bastia,34.0,33.0,33.0,2.45,3.1,2.55,0.0,50.0,50.0,2.35,1.57,0.0,88,12,2.0,1.73,1.0,1,0,PREMATIPS
2025-08-22,19:00,Rodez AF , Laval,3.0,91.0,6.0,2.2,3.25,2.9,6.0,50.0,50.0,1.93,1.88,0.0,54,46,1.73,2.0,1.0,1,1,PREMATIPS
2025-08-22,19:00,Puskas Akademia , Debrecen,41.0,31.0,28.0,1.57,4.5,4.75,1.0,17.0,83.0,1.6,2.3,1.0,86,14,1.67,2.1,1.0,1,3,PREMATIPS
2025-08-22,19:00,Sliema Wanderers , Mosta,43.0,35.0,22.0,1.42,4.0,6.25,1.0,12.0,88.0,1.87,1.8,1.0,94,6,2.1,1.65,1.0,0,1,PREMATIPS
2025-08-22,19:00,Almere City , Willem II,42.0,32.0,26.0,1.62,4.1,5.0,1.0,34.0,66.0,1.73,2.08,1.0,66,34,1.8,1.91,1.0,0,1,PREMATIPS
2025-08-22,19:00,De Graafschap , MVV Maastricht,90.0,5.0,3.0,1.45,5.0,6.0,1.0,50.0,50.0,1.36,3.1,1.0,33,67,1.5,2.5,0.0,0,1,PREMATIPS
2025-08-22,19:00,FC Eindhoven , RKC Waalwijk,33.0,31.0,36.0,3.0,3.5,2.25,5.0,67.0,33.0,1.6,2.3,0.0,50,50,1.5,2.5,1.0,1,0,PREMATIPS
2025-08-22,19:00,Helmond Sport , Emmen,37.0,31.0,32.0,2.05,3.4,3.5,5.0,34.0,66.0,1.9,1.9,1.0,83,17,1.73,2.0,1.0,2,0,PREMATIPS
2025-08-22,19:00,Struga Trim, Rabotnicki Skopje,46.0,42.0,12.0,1.8,3.2,3.9,1.0,62.0,38.0,2.2,1.58,0.0,36,64,2.1,1.65,0.0,2,0,PREMATIPS
2025-08-22,19:00,Ayacucho , Binacional,40.0,33.0,27.0,1.65,3.5,5.5,1.0,58.0,42.0,1.95,1.85,0.0,43,57,1.83,1.83,0.0,-,-,PREMATIPS
2025-08-22,19:15,Yverdon, Wil,40.0,31.0,29.0,1.77,3.6,3.6,1.0,40.0,60.0,1.61,2.15,1.0,62,38,1.6,2.2,1.0,4,0,PREMATIPS
2025-08-22,19:15,Domzale , Aluminij,13.0,16.0,71.0,2.6,3.4,2.37,2.0,23.0,77.0,1.8,1.88,1.0,66,34,1.68,2.05,1.0,0,2,PREMATIPS
2025-08-22,19:30,Barracas Central , Def. Y Justicia,34.0,33.0,33.0,2.8,3.1,2.63,0.0,61.0,39.0,2.5,1.5,0.0,48,52,2.1,1.67,0.0,1,1,PREMATIPS
2025-08-22,19:30,Admira Wacker , Hertha Wels,44.0,33.0,23.0,1.42,4.4,6.25,1.0,60.0,40.0,1.63,2.1,0.0,41,59,1.85,1.83,0.0,1,0,PREMATIPS
2025-08-22,19:30,Bayern Munchen , RB Leipzig,46.0,32.0,22.0,1.22,7.0,9.0,1.0,81.0,19.0,1.25,4.0,0.0,18,82,1.57,2.25,0.0,6,0,PREMATIPS
2025-08-22,19:30,Pescara , Cesena,30.0,33.0,37.0,3.6,3.1,2.15,6.0,57.0,43.0,2.2,1.65,0.0,49,51,1.91,1.91,0.0,1,3,PREMATIPS
2025-08-22,19:30,Widzew Lodz , Pogon Szczecin,55.0,30.0,15.0,2.05,3.6,3.4,1.0,42.0,58.0,1.73,2.08,1.0,59,41,1.62,2.2,1.0,1,2,PREMATIPS
2025-08-22,19:30,Metaloglobus , Rapid Bucuresti,10.0,23.0,67.0,6.5,4.5,1.4,2.0,43.0,57.0,1.83,1.98,1.0,67,33,2.1,1.67,1.0,1,2,PREMATIPS
2025-08-22,19:30,Fatih Karagumruk , Goztepe,31.0,32.0,37.0,3.25,3.3,2.05,6.0,33.0,67.0,2.05,1.75,1.0,11,89,1.83,1.83,0.0,0,2,PREMATIPS
2025-08-22,19:30,Corum , Sariyer SK,40.0,32.0,28.0,1.75,3.5,4.0,1.0,52.0,48.0,1.73,2.08,0.0,53,47,1.73,2.0,1.0,2,1,PREMATIPS
2025-08-22,19:45,Paris SG , Angers,48.0,36.0,16.0,1.09,12.0,19.0,1.0,93.0,7.0,1.25,4.0,0.0,7,93,2.1,1.67,0.0,1,0,PREMATIPS
2025-08-22,19:45,Bohemians , Cork City,62.0,21.0,17.0,1.28,4.99,8.67,1.0,55.0,45.0,1.61,2.15,0.0,54,46,2.01,1.71,1.0,3,0,PREMATIPS
2025-08-22,19:45,Drogheda Utd , St Patrick's,40.0,30.0,30.0,3.2,2.9,2.2,0.0,57.0,43.0,2.4,1.53,0.0,42,58,2.05,1.7,0.0,0,1,PREMATIPS
2025-08-22,19:45,Galway , Derry City,33.0,23.0,44.0,3.0,3.1,2.2,6.0,57.0,43.0,2.5,1.5,0.0,52,48,2.1,1.67,1.0,1,2,PREMATIPS
2025-08-22,19:45,Waterford , Sligo Rovers,44.0,18.0,38.0,2.0,3.4,3.1,4.0,47.0,53.0,1.73,2.08,1.0,51,49,1.62,2.2,1.0,1,2,PREMATIPS
2025-08-22,19:45,Cobh Ramblers , UC Dublin,50.0,13.0,37.0,1.72,3.4,4.1,1.0,53.0,47.0,1.95,1.75,0.0,47,53,1.9,1.78,0.0,2,2,PREMATIPS
2025-08-22,19:45,Finn Harps , Athlone Town,46.0,29.0,25.0,1.75,3.5,3.8,4.0,53.0,47.0,1.73,1.95,0.0,49,51,1.7,2.0,0.0,2,1,PREMATIPS
2025-08-22,19:45,Kerry , Longford Town,40.0,21.0,39.0,2.1,3.2,3.0,5.0,52.0,48.0,1.95,1.75,0.0,47,53,1.8,1.88,0.0,1,0,PREMATIPS
2025-08-22,19:45,Treaty United , Dundalk,31.0,23.0,46.0,3.9,3.4,1.75,2.0,53.0,47.0,1.72,1.98,0.0,49,51,1.68,2.05,0.0,0,7,PREMATIPS
2025-08-22,19:45,Wexford , Bray Wanderers,33.0,18.0,49.0,2.55,3.4,2.3,2.0,46.0,54.0,1.68,2.05,1.0,50,50,1.58,2.2,1.0,0,1,PREMATIPS
2025-08-22,19:45,Larne , Portadown,40.0,33.0,27.0,1.77,3.4,4.2,1.0,78.0,22.0,2.05,1.66,0.0,38,62,1.98,1.72,0.0,4,0,PREMATIPS
2025-08-22,19:45,Raith Rovers , Dunfermline,8.0,84.0,8.0,1.95,3.2,3.75,0.0,90.0,10.0,2.35,1.57,0.0,36,64,2.1,1.67,0.0,2,0,PREMATIPS
2025-08-22,19:45,Bala Town , Colwyn Bay,37.0,30.0,33.0,2.15,3.3,2.8,5.0,90.0,10.0,1.73,1.95,0.0,86,14,1.65,2.1,1.0,1,0,PREMATIPS
2025-08-22,19:45,Barry Town Utd ,Bont,28.0,31.0,41.0,3.0,3.3,2.05,2.0,90.0,10.0,1.77,1.93,0.0,36,64,1.68,2.05,0.0,2,3,PREMATIPS
2025-08-22,19:45,Flint Town Utd , Caernarfon Town,33.0,30.0,37.0,2.75,3.4,2.1,5.0,57.0,43.0,1.57,2.2,0.0,86,14,1.52,2.35,1.0,2,5,PREMATIPS
2025-08-22,19:45,Haverfordwest , Cardiff Met,39.0,33.0,28.0,1.9,3.25,3.5,1.0,74.0,26.0,2.1,1.65,0.0,53,47,1.95,1.75,1.0,2,2,PREMATIPS
2025-08-22,19:45,Llanelli Town , Briton Ferry,12.0,12.0,76.0,4.0,3.75,1.65,2.0,57.0,43.0,1.6,2.2,0.0,53,47,1.62,2.15,1.0,2,4,PREMATIPS
2025-08-22,19:45,TNS , Connah's Quay,46.0,34.0,20.0,1.2,5.75,10.0,1.0,74.0,26.0,1.53,2.3,0.0,53,47,2.15,1.62,1.0,3,0,PREMATIPS
2025-08-22,20:00,Posusje , Rudar Prijedor,42.0,35.0,23.0,1.55,3.5,5.25,1.0,62.0,38.0,2.1,1.63,0.0,52,48,2.15,1.6,1.0,0,0,PREMATIPS
2025-08-22,20:00,Always Ready , Oriente Petrolero,59.0,17.0,24.0,1.2,6.5,12.0,1.0,35.0,65.0,1.29,3.6,1.0,66,34,1.73,2.0,1.0,2,0,PREMATIPS
2025-08-22,20:00,Palestino ,Colo,49.0,24.0,27.0,2.55,3.25,2.7,1.0,54.0,46.0,2.05,1.75,0.0,54,46,1.8,1.91,1.0,0,0,PREMATIPS
2025-08-22,20:00,West Ham Utd , Chelsea,26.0,33.0,41.0,4.75,3.9,1.7,2.0,50.0,50.0,1.8,2.0,1.0,10,90,1.75,2.0,0.0,1,5,PREMATIPS
2025-08-22,20:00,Derby County , Bristol City,16.0,9.0,75.0,3.0,3.2,2.45,2.0,31.0,69.0,2.38,1.57,1.0,70,30,2.0,1.73,1.0,1,1,PREMATIPS
2025-08-22,20:00,Cartagena , Eldense,33.0,33.0,34.0,2.67,3.09,2.49,0.0,59.0,41.0,2.19,1.58,0.0,48,52,1.89,1.82,0.0,4,1,PREMATIPS
2025-08-22,20:00,Valur Reykjavik , Vestri,42.0,32.0,26.0,1.55,3.75,4.75,1.0,41.0,59.0,1.57,2.2,1.0,57,43,1.63,2.1,1.0,0,1,PREMATIPS
2025-08-22,20:15,Arezzo , Forli,42.0,35.0,23.0,1.46,3.6,6.75,1.0,61.0,39.0,2.2,1.58,0.0,40,60,2.35,1.51,0.0,1,0,PREMATIPS
2025-08-22,20:15,Livorno , Ternana,33.0,33.0,34.0,2.37,2.95,2.7,0.0,60.0,40.0,2.3,1.55,0.0,47,53,2.0,1.71,0.0,1,0,PREMATIPS
2025-08-22,20:15,Perugia , Guidonia,40.0,34.0,26.0,1.75,3.1,4.4,1.0,59.0,41.0,2.25,1.57,0.0,45,55,2.1,1.63,0.0,0,0,PREMATIPS
2025-08-22,20:15,Pineto , Vis Pesaro 1898,33.0,34.0,33.0,2.55,2.8,2.65,0.0,86.0,14.0,2.3,1.53,0.0,16,84,1.98,1.72,0.0,1,1,PREMATIPS
2025-08-22,20:15,Sambenedettese , Bra,39.0,34.0,27.0,2.05,2.95,3.4,1.0,59.0,41.0,2.25,1.55,0.0,46,54,2.0,1.71,0.0,1,0,PREMATIPS
2025-08-22,20:15,Chaves , Felgueiras 1932,37.0,33.0,30.0,2.1,3.2,3.3,4.0,52.0,48.0,2.1,1.7,0.0,48,52,1.83,1.83,0.0,1,1,PREMATIPS
2025-08-22,20:30,Real Betis , Alaves,40.0,33.0,27.0,1.91,3.4,4.2,1.0,50.0,50.0,2.3,1.62,0.0,86,14,2.0,1.75,1.0,1,0,PREMATIPS
2025-08-22,20:30,Castellon , Valladolid,39.0,30.0,31.0,1.9,3.8,3.6,1.0,16.0,84.0,1.65,2.2,1.0,57,43,1.62,2.2,1.0,0,1,PREMATIPS
2025-08-22,20:30,Leganes , Cadiz,37.0,34.0,29.0,2.3,3.0,3.4,4.0,82.0,18.0,2.5,1.5,0.0,57,43,2.1,1.67,1.0,1,1,PREMATIPS
2025-08-22,21:15,Juan Pablo II , Cusco,27.0,21.0,52.0,3.5,3.2,2.1,2.0,63.0,37.0,1.98,1.83,0.0,38,62,1.73,2.0,0.0,0,0,PREMATIPS
2025-08-22,22:00,Quilmes , San Miguel,28.0,37.0,35.0,2.9,2.55,3.1,6.0,71.0,29.0,4.0,1.25,0.0,41,59,2.75,1.4,0.0,2,0,PREMATIPS
2025-08-22,22:00,Patriotas , Once Caldas,32.0,31.0,37.0,2.7,3.4,2.4,5.0,48.0,52.0,1.83,1.98,1.0,57,43,1.67,2.1,1.0,1,0,PREMATIPS
2025-08-22,22:00,Yaracuyanos , Rayo Zuliano,17.0,17.0,66.0,2.45,3.0,2.55,2.0,53.0,47.0,2.15,1.61,0.0,48,52,1.9,1.78,0.0,1,0,PREMATIPS
2025-08-22,22:30,Nacional As. , Atl. Tembetary,75.0,20.0,3.0,1.4,4.0,9.0,1.0,61.0,39.0,2.1,1.7,0.0,49,51,2.5,1.5,0.0,1,1,PREMATIPS
2025-08-22,23:00,Athletic Club MG , Chapecoense SC,26.0,27.0,47.0,1.91,3.2,4.33,6.0,58.0,42.0,2.35,1.57,0.0,49,51,2.1,1.67,0.0,0,4,PREMATIPS
2025-08-22,23:00,HFX Wanderers , Valour,41.0,32.0,27.0,1.58,3.7,4.6,1.0,49.0,51.0,1.75,1.93,1.0,51,49,1.8,1.88,1.0,4,1,PREMATIPS
2025-08-22,23:00,Mont. Wanderers , Juventud de LP,31.0,40.0,29.0,2.5,3.1,2.75,4.0,50.0,50.0,2.2,1.65,0.0,48,52,1.83,1.83,0.0,0,1,PREMATIPS
2025-08-23,00:00,Tigre Victoria , Ind. Rivadavia,37.0,35.0,28.0,2.3,2.9,3.6,4.0,41.0,59.0,3.1,1.36,1.0,48,52,2.5,1.5,0.0,1,1,PREMATIPS
2025-08-23,00:00,Real Tomayapo , ABB La Paz,30.0,39.0,31.0,1.6,3.8,4.75,6.0,45.0,55.0,1.57,2.35,1.0,61,39,1.57,2.25,1.0,2,1,PREMATIPS
2025-08-23,00:30,Portuguesa Ac. , Anzoategui FC,35.0,16.0,49.0,2.15,2.9,3.2,2.0,67.0,33.0,2.45,1.49,0.0,34,66,2.1,1.63,0.0,3,1,PREMATIPS
2025-08-23,01:00,Libertad Loja , Aucas Quito,44.0,18.0,38.0,2.5,3.3,2.7,4.0,55.0,45.0,1.93,1.88,0.0,61,39,1.73,2.0,1.0,3,2,PREMATIPS
2025-08-23,01:30,Dep. Limache , O'Higgins,27.0,24.0,49.0,2.8,3.2,2.55,2.0,58.0,42.0,1.93,1.88,0.0,47,53,1.73,2.0,0.0,2,2,PREMATIPS
2025-08-23,01:35,Criciuma SC , Novorizontino SP,33.0,34.0,33.0,2.0,3.1,4.2,0.0,65.0,35.0,2.88,1.4,0.0,49,51,2.5,1.5,0.0,2,0,PREMATIPS
2025-08-23,02:00,Antigua GFC , Dep. Mixco,40.0,18.0,42.0,1.66,3.5,4.4,5.0,58.0,42.0,1.98,1.73,0.0,34,66,1.93,1.75,0.0,2,1,PREMATIPS
2025-08-23,02:00,Juarez , Santos Laguna,33.0,24.0,43.0,1.62,4.0,5.5,6.0,56.0,44.0,1.8,2.0,0.0,52,48,1.8,1.95,1.0,2,1,PREMATIPS
2025-08-23,02:00,Queretaro , Atl. San Luis,13.0,22.0,65.0,3.1,3.4,2.3,2.0,56.0,44.0,1.98,1.83,0.0,45,55,1.75,2.0,0.0,3,2,PREMATIPS
2025-08-23,02:00,Tepatitlan , Dorados Sinaloa,43.0,33.0,24.0,1.44,4.1,5.75,1.0,61.0,39.0,1.63,2.1,0.0,41,59,1.8,1.88,0.0,3,0,PREMATIPS
2025-08-23,02:00,Venados , Atletico La Paz,42.0,31.0,27.0,1.63,3.9,4.0,1.0,50.0,50.0,1.5,2.37,1.0,63,37,1.55,2.3,1.0,3,3,PREMATIPS
2025-08-23,02:10,Llaneros FC , Dep. Pasto,38.0,33.0,29.0,1.95,3.1,4.5,1.0,51.0,49.0,3.1,1.36,0.0,54,46,2.63,1.44,1.0,2,1,PREMATIPS
2025-08-23,03:00,Vancouver FC , Forge,24.0,33.0,43.0,4.75,3.75,1.57,2.0,48.0,52.0,1.75,1.93,1.0,48,52,1.83,1.85,0.0,0,1,PREMATIPS
2025-08-23,03:00,Perez Zeledon , Guadalupe FC,49.0,13.0,38.0,2.1,3.0,3.3,1.0,52.0,48.0,2.35,1.57,0.0,48,52,2.0,1.73,0.0,4,0,PREMATIPS
2025-08-23,03:00,Leones Negros , Tapatio,40.0,32.0,28.0,1.73,3.4,3.9,1.0,39.0,61.0,1.7,2.0,1.0,63,37,1.68,2.05,1.0,1,1,PREMATIPS
2025-08-23,04:00,Club Tijuana , Guadalajara,63.0,25.0,12.0,2.88,3.5,2.4,1.0,52.0,48.0,1.7,2.1,0.0,55,45,1.62,2.2,1.0,3,3,PREMATIPS
2025-08-23,09:30,Persija Jakarta , Malut United,38.0,31.0,31.0,1.9,3.5,3.2,1.0,18.0,82.0,1.6,2.15,1.0,53,47,1.57,2.25,1.0,1,1,PREMATIPS
2025-08-23,09:30,PSBS Biak , Persis Solo,34.0,32.0,34.0,2.87,3.1,2.2,0.0,35.0,65.0,1.95,1.75,1.0,53,47,1.78,1.9,1.0,2,2,PREMATIPS
2025-08-23,10:00,Avispa Fukuoka ,Pulse,33.0,34.0,33.0,2.3,3.2,3.25,0.0,60.0,40.0,2.2,1.65,0.0,46,54,1.91,1.91,0.0,0,0,PREMATIPS
2025-08-23,10:00,Blaublitz Akita , Imabari,33.0,27.0,40.0,2.9,3.25,2.4,6.0,51.0,49.0,2.25,1.62,0.0,55,45,1.91,1.8,1.0,1,2,PREMATIPS
2025-08-23,10:00,Iwaki FC , Oita Trinita,39.0,36.0,25.0,2.1,3.0,3.8,4.0,62.0,38.0,2.3,1.6,0.0,52,48,2.0,1.73,1.0,4,0,PREMATIPS
2025-08-23,10:30,Sydney , Auckland FC,35.0,31.0,34.0,2.5,3.5,2.55,5.0,45.0,55.0,1.7,2.1,1.0,60,40,1.57,2.25,1.0,1,1,PREMATIPS
2025-08-23,10:30,Ventforet Kofu , Consadole Sap.,40.0,25.0,35.0,2.3,3.25,3.0,5.0,56.0,44.0,2.05,1.75,0.0,48,52,1.8,1.91,0.0,1,2,PREMATIPS
2025-08-23,11:00,Albirex Niigata , Kashima Antlers,18.0,24.0,58.0,3.5,3.3,2.1,2.0,52.0,48.0,2.08,1.73,0.0,53,47,1.95,1.8,1.0,1,2,PREMATIPS
2025-08-23,11:00,Cerezo Osaka , Vissel Kobe,35.0,21.0,44.0,3.0,3.4,2.3,6.0,51.0,49.0,1.83,1.98,0.0,52,48,1.67,2.1,1.0,1,1,PREMATIPS
2025-08-23,11:00,Fagiano Okayama , Shonan Bellmare,52.0,22.0,26.0,2.15,3.3,3.5,1.0,60.0,40.0,2.2,1.65,0.0,44,56,1.95,1.8,0.0,1,0,PREMATIPS
2025-08-23,11:00,Gamba Osaka , Yokohama FC,67.0,12.0,21.0,2.05,3.4,3.5,1.0,60.0,40.0,2.15,1.67,0.0,38,62,1.95,1.8,0.0,3,2,PREMATIPS
2025-08-23,11:00,Nagoya Grampus , Kawasaki Front.,24.0,35.0,41.0,2.8,3.25,2.5,6.0,43.0,57.0,2.1,1.7,1.0,59,41,1.91,1.91,1.0,3,4,PREMATIPS
2025-08-23,11:00,Tokyo Verdy , S. Hiroshima,32.0,16.0,52.0,3.75,3.5,1.91,2.0,65.0,35.0,2.5,1.5,0.0,34,66,2.2,1.62,0.0,0,3,PREMATIPS
2025-08-23,11:00,Fujieda MYFC , Ehime,42.0,40.0,18.0,1.8,3.6,4.2,4.0,58.0,42.0,1.9,1.9,0.0,52,48,1.8,1.91,1.0,4,1,PREMATIPS
2025-08-23,11:00,Omiya Ardija , Roasso Kumamoto,47.0,32.0,21.0,2.1,3.4,3.3,1.0,50.0,50.0,1.8,2.0,1.0,50,50,1.67,2.1,1.0,1,0,PREMATIPS
2025-08-23,11:00,Sagan Tosu , Mito HollyHock,34.0,22.0,44.0,2.63,3.25,2.6,6.0,56.0,44.0,2.35,1.57,0.0,48,52,2.0,1.73,0.0,2,2,PREMATIPS
2025-08-23,11:00,Tokushima Vortis , M. Yamagata,49.0,25.0,26.0,2.05,3.25,3.6,1.0,64.0,36.0,2.25,1.62,0.0,42,58,2.0,1.73,0.0,1,0,PREMATIPS
2025-08-23,11:00,Rana FK , Asker,53.0,15.0,32.0,1.66,4.0,3.7,1.0,39.0,61.0,1.47,2.45,1.0,58,42,1.52,2.35,1.0,2,1,PREMATIPS
2025-08-23,11:00,Portimonense , Vizela,29.0,32.0,39.0,3.6,3.4,2.0,2.0,20.0,80.0,1.83,1.98,1.0,65,35,1.67,2.1,1.0,1,1,PREMATIPS
2025-08-23,11:00,Daegu , Jeju SK,32.0,25.0,43.0,3.0,3.5,2.25,2.0,47.0,53.0,1.67,2.15,1.0,55,45,1.53,2.38,1.0,2,2,PREMATIPS
2025-08-23,11:00,Gimcheon Sangmu , Suwon FC,44.0,28.0,28.0,1.8,3.8,4.0,1.0,51.0,49.0,1.57,2.35,0.0,57,43,1.53,2.38,1.0,3,2,PREMATIPS
2025-08-23,11:00,Jeonnam Dragons , Ansan Greeners,48.0,34.0,18.0,1.67,3.5,4.5,1.0,54.0,46.0,1.98,1.83,0.0,52,48,1.83,1.83,1.0,2,0,PREMATIPS
2025-08-23,11:00,Seongnam , Gyeongnam,41.0,33.0,26.0,1.8,3.5,4.1,4.0,57.0,43.0,1.9,1.9,0.0,46,54,1.8,1.91,0.0,2,1,PREMATIPS
2025-08-23,11:00,Seoul E, Gimpo,32.0,37.0,31.0,2.15,3.1,3.25,4.0,54.0,46.0,2.15,1.67,0.0,53,47,1.83,1.83,1.0,1,1,PREMATIPS
2025-08-23,11:00,Chornomorets Od , Zorya Luhansk,29.0,32.0,39.0,3.65,3.15,1.89,6.0,53.0,47.0,1.91,1.76,0.0,50,50,1.76,1.9,1.0,2,1,PREMATIPS
2025-08-23,11:30,Yokohama F M. , Machida Zelvia,23.0,26.0,51.0,3.3,3.8,2.0,2.0,51.0,49.0,1.95,1.85,0.0,42,58,1.8,1.95,0.0,0,0,PREMATIPS
2025-08-23,11:30,Jubilo Iwata , Kataller Toyama,49.0,25.0,26.0,1.73,3.8,4.33,1.0,54.0,46.0,1.9,1.9,0.0,48,52,1.83,1.83,0.0,2,0,PREMATIPS
2025-08-23,11:30,Gwangju , Gangwon,38.0,26.0,36.0,2.35,3.2,3.1,5.0,55.0,45.0,2.25,1.62,0.0,48,52,1.91,1.8,0.0,0,1,PREMATIPS
2025-08-23,11:30,Bucheon 1995 , Cheonan City,59.0,22.0,19.0,1.8,3.5,3.8,1.0,47.0,53.0,1.88,1.93,1.0,53,47,1.73,2.0,1.0,0,0,PREMATIPS
2025-08-23,12:00,Lyngby , Horsens,28.0,32.0,40.0,2.35,3.5,2.8,6.0,63.0,37.0,2.03,1.78,0.0,44,56,1.8,1.91,0.0,0,0,PREMATIPS
2025-08-23,12:00,Hannover 96 , Magdeburg,39.0,31.0,30.0,1.93,3.61,3.52,1.0,67.0,33.0,1.63,2.15,0.0,35,65,1.56,2.26,0.0,3,1,PREMATIPS
2025-08-23,12:00,Karlsruher , E. Braunschweig,47.0,8.0,45.0,1.85,3.8,3.9,1.0,50.0,50.0,1.67,2.15,1.0,51,49,1.62,2.2,1.0,2,0,PREMATIPS
2025-08-23,12:00,Paderborn , F. Dusseldorf,40.0,32.0,28.0,1.74,3.78,4.15,1.0,50.0,50.0,1.67,2.1,1.0,68,32,1.64,2.12,1.0,1,2,PREMATIPS
2025-08-23,12:00,IL Sandviken , Eik Tonsberg,24.0,35.0,41.0,2.3,3.4,2.5,6.0,39.0,61.0,1.58,2.2,1.0,73,27,1.53,2.3,1.0,2,0,PREMATIPS
2025-08-23,12:00,Pors Grenland , Sandnes,19.0,38.0,43.0,5.0,4.4,1.46,6.0,37.0,63.0,1.49,2.4,1.0,66,34,1.65,2.1,1.0,4,2,PREMATIPS
2025-08-23,12:00,Rubin Kazan , Spartak Moscow,46.0,39.0,15.0,3.39,3.67,2.14,4.0,44.0,56.0,1.92,1.94,1.0,60,40,1.74,2.04,1.0,0,2,PREMATIPS
2025-08-23,12:00,Hassleholms IF , Eskilsminne IF,46.0,34.0,20.0,1.7,3.6,4.0,4.0,42.0,58.0,1.7,2.0,1.0,56,44,1.68,2.0,1.0,2,1,PREMATIPS
2025-08-23,12:00,Olympic Malmo , Husqvarna,44.0,36.0,20.0,1.66,3.75,4.0,4.0,35.0,65.0,1.53,2.3,1.0,60,40,1.57,2.25,1.0,2,0,PREMATIPS
2025-08-23,12:00,Torslanda IK , Skovde,38.0,29.0,33.0,1.9,3.4,3.3,5.0,42.0,58.0,1.66,2.05,1.0,52,48,1.61,2.15,1.0,1,1,PREMATIPS
2025-08-23,12:00,Chiangrai Utd , PT Prachuap,33.0,32.0,35.0,2.65,3.1,2.35,5.0,49.0,51.0,1.83,1.85,1.0,92,8,1.68,2.0,1.0,2,1,PREMATIPS
2025-08-23,12:00,Probiy Horodenka , LNZ Cherkasy,26.0,31.0,43.0,5.09,4.4,1.53,2.0,41.0,59.0,1.57,2.31,1.0,54,46,1.74,2.1,1.0,0,1,PREMATIPS
2025-08-23,12:00,Hai Phong ,CAND,41.0,34.0,25.0,1.62,3.4,4.8,1.0,9.0,91.0,2.05,1.66,1.0,91,9,2.05,1.68,1.0,3,1,PREMATIPS
2025-08-23,12:00,Ninh Binh FC , Thanh Hoa,37.0,33.0,30.0,2.1,2.95,3.2,4.0,42.0,58.0,2.2,1.6,1.0,91,9,1.93,1.75,1.0,4,0,PREMATIPS
2025-08-23,12:00,SHB Da Nang , Hong Linh Ha Tinh,36.0,35.0,29.0,2.25,2.65,3.3,4.0,42.0,58.0,2.6,1.43,1.0,91,9,2.15,1.61,1.0,0,1,PREMATIPS
2025-08-23,12:00,Song Lam NA , Nam Dinh,24.0,35.0,41.0,4.6,3.2,1.7,2.0,9.0,91.0,1.95,1.75,1.0,91,9,1.87,1.8,1.0,2,1,PREMATIPS
2025-08-23,12:30,Manchester City , Tottenham,43.0,32.0,25.0,1.5,4.75,5.75,1.0,16.0,84.0,1.5,2.63,1.0,12,88,1.62,2.2,0.0,0,2,PREMATIPS
2025-08-23,12:30,Charlton , Leicester City,57.0,9.0,34.0,3.5,3.3,2.1,1.0,48.0,52.0,2.1,1.73,1.0,54,46,1.83,1.83,1.0,0,1,PREMATIPS
2025-08-23,12:30,Hull City , Blackburn Rovers,86.0,9.0,5.0,2.38,3.2,3.0,1.0,48.0,52.0,2.3,1.62,1.0,54,46,2.0,1.73,1.0,0,3,PREMATIPS
2025-08-23,12:30,Swansea City , Watford,39.0,32.0,29.0,1.83,3.5,4.2,1.0,65.0,35.0,2.1,1.73,0.0,38,62,1.91,1.8,0.0,1,1,PREMATIPS
2025-08-23,12:30,Luton Town , Cardiff City,38.0,32.0,30.0,2.15,3.3,3.25,4.0,61.0,39.0,2.08,1.73,0.0,32,68,1.91,1.91,0.0,0,1,PREMATIPS
2025-08-23,12:30,Rotherham Utd , Wigan Athletic,32.0,32.0,36.0,3.0,3.2,2.4,2.0,55.0,45.0,2.15,1.67,0.0,35,65,1.95,1.8,0.0,2,2,PREMATIPS
2025-08-23,12:30,Newport County , MK Dons,19.0,45.0,36.0,4.75,4.1,1.62,6.0,60.0,40.0,1.93,1.93,0.0,51,49,1.83,1.83,1.0,1,2,PREMATIPS
2025-08-23,12:30,Walsall , Salford City,41.0,4.0,55.0,2.25,3.25,3.1,2.0,43.0,57.0,2.0,1.85,1.0,60,40,1.73,2.0,1.0,1,0,PREMATIPS
2025-08-23,12:30,Morecambe , Altrincham,28.0,32.0,40.0,3.4,3.6,1.83,2.0,61.0,39.0,1.75,2.05,0.0,36,64,1.68,2.05,0.0,2,1,PREMATIPS
2025-08-23,12:30,A. Niigata , Balestier Khalsa,38.0,28.0,34.0,2.0,4.1,2.75,5.0,74.0,26.0,1.25,4.0,0.0,22,78,1.25,3.75,0.0,2,2,PREMATIPS
2025-08-23,12:30,Ayutthaya Utd , Muangthong Utd,30.0,32.0,38.0,3.3,3.4,1.88,6.0,49.0,51.0,1.7,2.0,1.0,59,41,1.65,2.1,1.0,2,2,PREMATIPS
2025-08-23,12:35,Qingdao Hainiu , Shanghai Shenhua,17.0,32.0,51.0,8.0,5.25,1.33,2.0,42.0,58.0,1.57,2.35,1.0,57,43,1.91,1.91,1.0,0,2,PREMATIPS
2025-08-23,12:35,Yunnan Yukun , Chengdu Rongcheng,31.0,23.0,46.0,5.0,4.01,1.56,6.0,42.0,58.0,1.62,2.17,1.0,61,39,1.67,2.06,1.0,1,5,PREMATIPS
2025-08-23,13:00,Smorgon , Dinamo Brest,13.0,31.0,56.0,7.08,4.43,1.36,2.0,55.0,45.0,1.69,2.02,0.0,45,55,1.98,1.73,0.0,1,0,PREMATIPS
2025-08-23,13:00,B.93 Copenhagen , Kolding,34.0,20.0,46.0,3.5,3.6,1.91,2.0,46.0,54.0,1.62,2.25,1.0,67,33,1.53,2.38,1.0,0,1,PREMATIPS
2025-08-23,13:00,Hillerod , HB Koge,45.0,35.0,20.0,1.6,4.1,5.0,4.0,41.0,59.0,1.53,2.4,1.0,61,39,1.57,2.25,1.0,3,1,PREMATIPS
2025-08-23,13:00,Middelfart , Aarhus Fremad,28.0,41.0,31.0,4.0,4.0,1.75,6.0,52.0,48.0,1.85,1.95,0.0,50,50,1.8,1.91,1.0,2,2,PREMATIPS
2025-08-23,13:00,Ilves Tampere , Inter Turku,34.0,26.0,40.0,2.35,3.7,2.45,6.0,34.0,66.0,1.48,2.6,1.0,60,40,1.44,2.63,1.0,1,0,PREMATIPS
2025-08-23,13:00,Guingamp , Red Star Paris,40.0,32.0,28.0,1.95,3.4,3.4,1.0,50.0,50.0,1.9,1.9,1.0,71,29,1.73,2.0,1.0,0,4,PREMATIPS
2025-08-23,13:00,Troyes , Montpellier,36.0,32.0,32.0,2.2,3.4,2.75,0.0,50.0,50.0,2.1,1.7,0.0,71,29,1.83,1.83,1.0,1,0,PREMATIPS
2025-08-23,13:00,Alemannia Aachen , Munchen 1860,26.0,33.0,41.0,4.33,3.75,1.65,2.0,50.0,50.0,2.0,1.8,0.0,70,30,2.0,1.73,1.0,0,2,PREMATIPS
2025-08-23,13:00,Hoffenheim II , Energie Cottbus,33.0,31.0,36.0,2.63,3.25,2.38,5.0,50.0,50.0,1.65,2.2,1.0,53,47,1.53,2.38,1.0,4,1,PREMATIPS
2025-08-23,13:00,Jahn Regensburg , Schweinfurt 05,39.0,32.0,29.0,1.83,3.4,4.2,1.0,66.0,34.0,1.8,2.0,0.0,37,63,1.67,2.1,0.0,3,0,PREMATIPS
2025-08-23,13:00,Osnabruck , Saarbrucken,34.0,31.0,35.0,2.63,3.3,2.55,5.0,33.0,67.0,1.8,2.0,1.0,70,30,1.62,2.2,1.0,2,0,PREMATIPS
2025-08-23,13:00,Stuttgart II , Verl,31.0,50.0,19.0,3.0,3.5,2.2,4.0,16.0,84.0,1.67,2.15,1.0,87,13,1.57,2.25,1.0,1,1,PREMATIPS
2025-08-23,13:00,Persebaya , Bali United,38.0,32.0,30.0,2.0,3.3,3.1,4.0,68.0,32.0,1.77,1.93,0.0,53,47,1.68,2.05,1.0,5,2,PREMATIPS
2025-08-23,13:00,NorthEast Utd , Diamond Harbour FC,43.0,31.0,26.0,1.45,4.38,5.14,1.0,35.0,65.0,1.42,2.64,1.0,60,40,1.53,2.37,1.0,6,1,PREMATIPS
2025-08-23,13:00,FS Jelgava , Tukums 2000,48.0,19.0,33.0,1.73,3.5,3.8,1.0,54.0,46.0,1.68,2.0,0.0,46,54,1.68,2.05,0.0,1,1,PREMATIPS
2025-08-23,13:00,Honefoss , Eidsvold TF,37.0,19.0,44.0,2.5,3.75,2.2,6.0,28.0,72.0,1.36,2.9,1.0,69,31,1.36,2.9,1.0,2,2,PREMATIPS
2025-08-23,13:00,Ullensaker Kisa , Strommen,40.0,14.0,46.0,2.3,3.9,2.35,6.0,26.0,74.0,1.47,2.45,1.0,73,27,1.47,2.45,1.0,1,5,PREMATIPS
2025-08-23,13:00,FC Chelyabinsk , Sokol Saratov,51.0,31.0,18.0,1.88,3.1,4.51,1.0,69.0,31.0,2.46,1.5,0.0,51,49,2.18,1.61,1.0,3,1,PREMATIPS
2025-08-23,13:00,Al,Ahli Jeddah,37.0,29.0,34.0,2.04,3.73,2.97,5.0,38.0,62.0,1.48,2.53,1.0,64,36,1.43,2.6,1.0,2,2,PREMATIPS
2025-08-23,13:00,Chonburi , Ratchaburi,37.0,31.0,32.0,2.0,3.4,3.0,5.0,82.0,18.0,1.66,2.05,0.0,59,41,1.58,2.2,1.0,0,1,PREMATIPS
2025-08-23,13:15,Sabah FA , Kelantan Warriors,47.0,35.0,18.0,1.14,7.25,12.0,1.0,59.0,41.0,1.33,3.0,0.0,66,34,1.95,1.75,1.0,0,0,PREMATIPS
2025-08-23,13:15,Ha Noi FC , HA Gia Lai,45.0,34.0,21.0,1.28,5.0,8.0,1.0,9.0,91.0,1.58,2.2,1.0,55,45,1.98,1.72,1.0,0,0,PREMATIPS
2025-08-23,13:30,A. Klagenfurt , SW Bregenz,39.0,31.0,30.0,1.85,3.7,3.5,1.0,50.0,50.0,1.55,2.3,1.0,73,27,1.52,2.35,1.0,2,1,PREMATIPS
2025-08-23,13:30,Chitipa United , Big Bullets,29.0,26.0,45.0,3.8,3.7,1.7,2.0,67.0,33.0,2.05,1.68,0.0,23,77,2.02,1.73,0.0,0,2,PREMATIPS
2025-08-23,13:30,Kamuzu Barracks , Songwe Border,71.0,26.0,3.0,1.15,6.0,15.5,1.0,54.0,46.0,1.68,2.05,0.0,30,70,2.8,1.38,0.0,1,0,PREMATIPS
2025-08-23,13:30,Mighty Tigers , Silver Strikers,21.0,32.0,47.0,3.5,3.3,1.88,6.0,70.0,30.0,2.1,1.65,0.0,38,62,1.87,1.84,0.0,0,1,PREMATIPS
2025-08-23,13:30,BG Pathum Utd , Lamphun Warriors,41.0,33.0,26.0,1.57,3.8,4.6,1.0,15.0,85.0,1.66,2.05,1.0,92,8,1.73,1.98,1.0,2,1,PREMATIPS
2025-08-23,14:00,SalPa Salo , JIPPO Joensuu,13.0,43.0,44.0,5.03,4.16,1.5,6.0,44.0,56.0,1.51,2.33,1.0,64,36,1.59,2.17,1.0,0,1,PREMATIPS
2025-08-23,14:00,EPS Espoo ,Uusimaa,30.0,18.0,52.0,2.7,3.7,2.1,2.0,37.0,63.0,1.48,2.6,1.0,58,42,1.44,2.63,1.0,4,3,PREMATIPS
2025-08-23,14:00,Jazz Pori , KPV Kokkola,43.0,16.0,41.0,2.35,3.7,2.5,5.0,30.0,70.0,1.48,2.6,1.0,59,41,1.4,2.75,1.0,1,1,PREMATIPS
2025-08-23,14:00,RoPS Rovaniemi , KuPS Akatemia,43.0,16.0,41.0,1.75,4.2,3.3,5.0,28.0,72.0,1.36,3.1,1.0,60,40,1.36,3.0,1.0,0,3,PREMATIPS
2025-08-23,14:00,Tobol Kostanay , Turan Turkistan,66.0,19.0,15.0,1.23,5.0,10.5,1.0,48.0,52.0,1.65,2.1,1.0,52,48,2.25,1.55,1.0,2,0,PREMATIPS
2025-08-23,14:00,Yelimay Semey , Kyzylzhar,52.0,25.0,23.0,1.52,3.7,5.25,1.0,56.0,44.0,1.98,1.72,0.0,56,44,2.05,1.66,1.0,2,0,PREMATIPS
2025-08-23,14:00,PDRM , Melaka FC,38.0,31.0,31.0,1.9,3.3,3.4,0.0,42.0,58.0,1.87,1.82,1.0,83,17,1.78,1.9,1.0,0,0,PREMATIPS
2025-08-23,14:00,Follo , Levanger,40.0,15.0,45.0,2.3,3.6,2.45,5.0,39.0,61.0,1.46,2.5,1.0,63,37,1.44,2.6,1.0,1,4,PREMATIPS
2025-08-23,14:00,Pacos Ferreira , Uniao Leiria,30.0,33.0,37.0,3.4,3.3,2.0,6.0,53.0,47.0,2.1,1.7,0.0,49,51,1.91,1.8,0.0,0,0,PREMATIPS
2025-08-23,14:00,Mamelodi Sund. , Orlando Pirates,39.0,34.0,27.0,1.8,3.2,3.9,1.0,57.0,43.0,2.15,1.62,0.0,46,54,2.0,1.7,0.0,1,1,PREMATIPS
2025-08-23,14:00,Orgryte , Brage,41.0,31.0,28.0,1.53,4.1,5.0,1.0,43.0,57.0,1.44,2.7,1.0,57,43,1.53,2.38,1.0,2,2,PREMATIPS
2025-08-23,14:00,Kabwe Warriors , Prison Leopards,41.0,34.0,25.0,1.7,3.3,4.4,1.0,92.0,8.0,2.45,1.47,0.0,8,92,2.35,1.52,0.0,0,0,PREMATIPS
2025-08-23,14:00,Mufulira Wand. , NAPSA Stars,37.0,35.0,28.0,2.15,2.6,3.75,4.0,59.0,41.0,3.1,1.32,0.0,41,59,2.5,1.46,0.0,0,0,PREMATIPS
2025-08-23,14:00,Nkana , Nkwazi,39.0,35.0,26.0,1.95,2.7,4.2,1.0,59.0,41.0,2.95,1.34,0.0,41,59,2.5,1.46,0.0,1,1,PREMATIPS
2025-08-23,14:00,Zanaco , Kansanshi Dynamos,37.0,33.0,30.0,2.1,3.2,3.0,4.0,92.0,8.0,2.7,1.4,0.0,8,92,2.37,1.5,0.0,1,0,PREMATIPS
2025-08-23,14:00,ZESCO United , Mutondo Stars,43.0,34.0,23.0,1.77,3.12,4.51,1.0,92.0,8.0,2.24,1.47,0.0,8,92,2.31,1.57,0.0,3,0,PREMATIPS
2025-08-23,14:15,Zenit , Dyn. Makhachkala,36.0,44.0,20.0,1.3,5.42,12.3,4.0,64.0,36.0,1.89,1.99,0.0,60,40,2.51,1.49,1.0,4,0,PREMATIPS
2025-08-23,14:30,Bayer Leverkusen , Hoffenheim,43.0,31.0,26.0,1.53,4.75,5.0,1.0,67.0,33.0,1.44,2.75,0.0,5,95,1.57,2.25,0.0,1,2,PREMATIPS
2025-08-23,14:30,E. Frankfurt , Werder Bremen,42.0,31.0,27.0,1.65,4.2,4.75,1.0,67.0,33.0,1.53,2.5,0.0,5,95,1.57,2.25,0.0,4,1,PREMATIPS
2025-08-23,14:30,Freiburg , Augsburg,40.0,32.0,28.0,1.91,3.5,4.2,1.0,67.0,33.0,2.0,1.85,0.0,5,95,1.8,1.95,0.0,1,3,PREMATIPS
2025-08-23,14:30,Heidenheim , Wolfsburg,32.0,31.0,37.0,2.75,3.5,2.5,5.0,67.0,33.0,1.73,2.1,0.0,5,95,1.57,2.25,0.0,1,3,PREMATIPS
2025-08-23,14:30,Union Berlin , Stuttgart,31.0,31.0,38.0,3.5,3.75,2.0,0.0,67.0,33.0,1.67,2.2,0.0,5,95,1.57,2.25,0.0,2,1,PREMATIPS
2025-08-23,14:30,Termez Surkhon , Nasaf Qarshi,26.0,33.0,41.0,5.0,3.4,1.61,6.0,55.0,45.0,2.15,1.6,0.0,49,51,2.15,1.61,0.0,1,2,PREMATIPS
2025-08-23,15:00,RWDM Brussels , Beveren,38.0,31.0,31.0,2.05,3.3,3.0,0.0,52.0,48.0,2.03,1.78,0.0,51,49,1.83,1.83,1.0,0,2,PREMATIPS
2025-08-23,15:00,FC Molodechno , FC Minsk,10.0,10.0,80.0,3.5,3.2,1.9,2.0,40.0,60.0,2.15,1.62,1.0,48,52,1.98,1.72,0.0,1,3,PREMATIPS
2025-08-23,15:00,Uganda , Senegal,34.0,34.0,32.0,2.68,2.7,2.86,0.0,67.0,33.0,2.8,1.39,0.0,41,59,2.21,1.59,0.0,0,1,PREMATIPS
2025-08-23,15:00,Bournemouth , Wolverhampton,41.0,31.0,28.0,1.83,3.8,4.1,1.0,16.0,84.0,1.73,2.1,1.0,45,55,1.7,2.05,0.0,1,0,PREMATIPS
2025-08-23,15:00,Brentford , Aston Villa,32.0,31.0,37.0,3.0,3.5,2.25,5.0,49.0,51.0,1.8,2.0,1.0,45,55,1.67,2.1,0.0,1,0,PREMATIPS
2025-08-23,15:00,Burnley , Sunderland,36.0,34.0,30.0,2.35,3.1,3.3,4.0,16.0,84.0,2.5,1.53,1.0,12,88,2.0,1.75,0.0,2,0,PREMATIPS
2025-08-23,15:00,Birmingham City , Oxford Utd,52.0,43.0,5.0,1.49,4.09,6.82,1.0,48.0,52.0,2.0,1.77,1.0,71,29,2.13,1.65,1.0,1,0,PREMATIPS
2025-08-23,15:00,Coventry City , QPR,43.0,33.0,24.0,1.5,4.5,5.5,1.0,48.0,52.0,1.8,2.0,1.0,71,29,1.91,1.8,1.0,7,1,PREMATIPS
2025-08-23,15:00,Norwich City , Middlesbrough,37.0,31.0,32.0,2.4,3.3,2.9,5.0,32.0,68.0,2.0,1.85,1.0,54,46,1.73,2.0,1.0,1,2,PREMATIPS
2025-08-23,15:00,Preston North End , Ipswich Town,30.0,32.0,38.0,3.3,3.3,2.2,6.0,65.0,35.0,2.1,1.73,0.0,88,12,1.83,1.83,1.0,1,0,PREMATIPS
2025-08-23,15:00,Sheffield Utd , Millwall,38.0,33.0,29.0,2.0,3.5,3.6,4.0,32.0,68.0,2.0,1.8,1.0,54,46,1.83,1.83,1.0,0,1,PREMATIPS
2025-08-23,15:00,Southampton , Stoke City,41.0,32.0,27.0,1.85,3.7,3.8,1.0,32.0,68.0,1.93,1.93,1.0,71,29,1.8,1.91,1.0,1,2,PREMATIPS
2025-08-23,15:00,West Bromwich , Portsmouth,41.0,33.0,26.0,1.67,3.8,4.75,1.0,48.0,52.0,2.0,1.85,1.0,54,46,1.91,1.8,1.0,1,1,PREMATIPS
2025-08-23,15:00,Wrexham , Sheffield Wed,43.0,32.0,25.0,1.57,4.0,5.75,1.0,15.0,85.0,1.98,1.88,1.0,71,29,1.91,1.8,1.0,2,2,PREMATIPS
2025-08-23,15:00,Bolton Wanderers , Lincoln City,41.0,33.0,26.0,1.75,3.4,4.75,1.0,77.0,23.0,2.08,1.73,0.0,40,60,1.95,1.8,0.0,1,1,PREMATIPS
2025-08-23,15:00,Huddersfield , Stevenage,39.0,33.0,28.0,1.91,3.3,4.0,1.0,52.0,48.0,2.15,1.67,0.0,40,60,1.95,1.8,0.0,1,0,PREMATIPS
2025-08-23,15:00,Mansfield Town , Leyton Orient,34.0,31.0,35.0,2.6,3.4,2.55,5.0,44.0,56.0,1.98,1.88,1.0,48,52,1.75,2.0,0.0,4,1,PREMATIPS
2025-08-23,15:00,Northampton Town , Exeter City,18.0,22.0,60.0,2.3,3.1,3.2,2.0,61.0,39.0,2.25,1.62,0.0,40,60,1.95,1.8,0.0,2,0,PREMATIPS
2025-08-23,15:00,Peterborough Utd , Bradford City,7.0,22.0,71.0,3.5,3.7,1.95,2.0,52.0,48.0,1.75,2.05,0.0,48,52,1.67,2.1,0.0,1,1,PREMATIPS
2025-08-23,15:00,Plymouth Argyle , Blackpool,35.0,31.0,34.0,2.5,3.3,2.7,5.0,44.0,56.0,1.9,1.95,1.0,57,43,1.7,2.05,1.0,1,0,PREMATIPS
2025-08-23,15:00,Port Vale , Doncaster Rovers,33.0,33.0,34.0,2.75,3.0,2.57,0.0,61.0,39.0,2.25,1.62,0.0,48,52,1.91,1.91,0.0,0,1,PREMATIPS
2025-08-23,15:00,Stockport , Burton Albion,65.0,9.0,26.0,1.53,4.1,5.75,1.0,38.0,62.0,2.0,1.85,1.0,62,38,2.0,1.75,1.0,2,1,PREMATIPS
2025-08-23,15:00,Wimbledon , Barnsley,33.0,32.0,35.0,2.8,3.4,2.38,5.0,61.0,39.0,2.1,1.7,0.0,48,52,1.91,1.91,0.0,2,0,PREMATIPS
2025-08-23,15:00,Wycombe , Reading,40.0,32.0,28.0,1.75,3.4,4.5,1.0,61.0,39.0,1.88,1.98,0.0,57,43,1.8,1.95,1.0,2,2,PREMATIPS
2025-08-23,15:00,Accrington , Grimsby Town,31.0,32.0,37.0,3.2,3.3,2.2,6.0,49.0,51.0,2.15,1.67,1.0,57,43,1.91,1.8,1.0,1,1,PREMATIPS
2025-08-23,15:00,Bristol Rovers , Cambridge Utd,35.0,33.0,32.0,2.38,3.25,2.9,4.0,52.0,48.0,2.2,1.65,0.0,60,40,1.83,1.83,1.0,1,0,PREMATIPS
2025-08-23,15:00,Cheltenham Town , Barnet,30.0,32.0,38.0,3.6,3.4,2.0,6.0,60.0,40.0,2.0,1.85,0.0,35,65,1.8,1.91,0.0,0,1,PREMATIPS
2025-08-23,15:00,Colchester Utd , Barrow,37.0,33.0,30.0,2.2,3.25,3.2,4.0,68.0,32.0,2.35,1.57,0.0,51,49,2.0,1.73,1.0,0,2,PREMATIPS
2025-08-23,15:00,Crawley Town , Tranmere Rovers,33.0,32.0,35.0,2.8,3.2,2.45,5.0,57.0,43.0,2.05,1.75,0.0,57,43,1.8,1.91,1.0,0,2,PREMATIPS
2025-08-23,15:00,Fleetwood Town , Oldham Athletic,35.0,32.0,33.0,2.55,3.2,2.75,5.0,52.0,48.0,2.15,1.67,0.0,60,40,1.83,1.83,1.0,1,1,PREMATIPS
2025-08-23,15:00,Gillingham , Crewe Alexandra,41.0,9.0,50.0,2.7,2.9,2.75,2.0,60.0,40.0,2.35,1.57,0.0,60,40,1.91,1.8,1.0,1,0,PREMATIPS
2025-08-23,15:00,Harrogate Town , Chesterfield,36.0,26.0,38.0,4.33,3.7,1.75,5.0,60.0,40.0,2.05,1.8,0.0,51,49,1.91,1.8,1.0,1,2,PREMATIPS
2025-08-23,15:00,Notts County , Bromley,37.0,32.0,31.0,2.15,3.4,3.2,4.0,43.0,57.0,1.88,1.98,1.0,68,32,1.67,2.1,1.0,2,2,PREMATIPS
2025-08-23,15:00,Swindon Town , Shrewsbury Town,86.0,7.0,7.0,1.83,3.5,4.2,1.0,43.0,57.0,2.0,1.85,1.0,51,49,1.83,1.83,1.0,2,1,PREMATIPS
2025-08-23,15:00,Brackley Town , Rochdale,31.0,32.0,37.0,3.1,3.6,2.05,6.0,44.0,56.0,2.05,1.75,1.0,41,59,1.91,1.91,0.0,2,1,PREMATIPS
2025-08-23,15:00,Braintree , Yeovil Town,37.0,32.0,31.0,2.15,3.4,3.0,4.0,50.0,50.0,2.15,1.67,0.0,36,64,1.95,1.8,0.0,1,0,PREMATIPS
2025-08-23,15:00,Eastleigh , Boston United,36.0,32.0,32.0,2.3,3.4,2.7,0.0,56.0,44.0,2.08,1.73,0.0,41,59,1.91,1.91,0.0,2,0,PREMATIPS
2025-08-23,15:00,Gateshead , Tamworth,34.0,31.0,35.0,2.55,3.4,2.45,5.0,50.0,50.0,1.75,2.05,1.0,25,75,1.62,2.2,0.0,2,1,PREMATIPS
2025-08-23,15:00,Halifax Town , Forest Green R.,31.0,32.0,37.0,3.0,3.4,2.15,6.0,39.0,61.0,2.15,1.67,1.0,36,64,1.95,1.8,0.0,1,2,PREMATIPS
2025-08-23,15:00,Hartlepool Utd , Woking,40.0,32.0,28.0,1.7,3.9,4.0,1.0,61.0,39.0,1.85,1.95,0.0,36,64,1.8,1.95,0.0,3,0,PREMATIPS
2025-08-23,15:00,Solihull Moors , Aldershot Town,37.0,31.0,32.0,2.05,3.4,3.1,5.0,39.0,61.0,1.83,1.98,1.0,69,31,1.7,2.05,1.0,1,5,PREMATIPS
2025-08-23,15:00,Sutton Utd , Scunthorpe Utd,36.0,32.0,32.0,2.2,3.4,2.88,0.0,28.0,72.0,1.95,1.85,1.0,58,42,1.7,2.05,1.0,2,3,PREMATIPS
2025-08-23,15:00,Truro City , Southend Utd,10.0,7.0,83.0,5.0,4.0,1.53,2.0,72.0,28.0,1.93,1.88,0.0,14,86,1.95,1.8,0.0,0,1,PREMATIPS
2025-08-23,15:00,Tartu Tammeka , Paide,26.0,5.0,69.0,7.25,5.0,1.29,2.0,33.0,67.0,1.49,2.4,1.0,54,46,1.82,1.85,1.0,0,1,PREMATIPS
2025-08-23,15:00,Fjolnir , HK Kopavogur,19.0,25.0,56.0,2.95,3.6,1.98,2.0,28.0,72.0,1.49,2.45,1.0,67,33,1.46,2.5,1.0,1,5,PREMATIPS
2025-08-23,15:00,Grindavik , Fylkir,44.0,25.0,31.0,4.0,4.07,1.63,4.0,30.0,70.0,1.37,2.87,1.0,77,23,1.4,2.66,1.0,0,4,PREMATIPS
2025-08-23,15:00,Leiknir R. , IR Reykjavik,20.0,32.0,48.0,3.3,3.5,1.88,6.0,46.0,54.0,1.57,2.25,1.0,62,38,1.52,2.35,1.0,1,1,PREMATIPS
2025-08-23,15:00,Throttur , Selfoss,61.0,18.0,21.0,1.52,4.2,4.6,1.0,32.0,68.0,1.35,2.9,1.0,67,33,1.44,2.55,1.0,2,1,PREMATIPS
2025-08-23,15:00,Kaisar , Atyrau,39.0,41.0,20.0,2.65,2.95,2.45,4.0,52.0,48.0,2.25,1.55,0.0,54,46,1.95,1.73,1.0,0,0,PREMATIPS
2025-08-23,15:00,Zhenis Astana , Astana,24.0,33.0,43.0,4.1,3.3,1.73,2.0,59.0,41.0,2.05,1.66,0.0,47,53,1.98,1.72,0.0,3,2,PREMATIPS
2025-08-23,15:00,BFC Daugavpils , Metta,58.0,17.0,25.0,1.58,3.75,4.5,1.0,48.0,52.0,1.7,2.0,1.0,55,45,1.75,1.95,1.0,4,2,PREMATIPS
2025-08-23,15:00,Ballymena Utd , Bangor,42.0,32.0,26.0,1.62,3.8,4.6,1.0,66.0,34.0,1.72,1.98,0.0,32,68,1.77,1.93,0.0,4,0,PREMATIPS
2025-08-23,15:00,Crusaders , Glentoran,32.0,3.0,65.0,3.0,3.4,2.1,2.0,55.0,45.0,1.78,1.9,0.0,43,57,1.68,2.05,0.0,0,2,PREMATIPS
2025-08-23,15:00,Dungannon Swifts , Carrick Rangers,16.0,5.0,77.0,2.1,3.4,3.0,2.0,49.0,51.0,1.8,1.88,1.0,38,62,1.7,2.0,0.0,0,2,PREMATIPS
2025-08-23,15:00,Glenavon , Coleraine,11.0,40.0,49.0,3.9,3.5,1.8,2.0,88.0,12.0,1.83,1.85,0.0,10,90,1.78,1.9,0.0,1,2,PREMATIPS
2025-08-23,15:00,Egersunds , Asane,48.0,24.0,28.0,1.9,3.8,3.6,1.0,45.0,55.0,1.67,2.15,1.0,61,39,1.62,2.2,1.0,1,1,PREMATIPS
2025-08-23,15:00,Mjondalen , Hodd,26.0,31.0,43.0,2.63,3.4,2.5,6.0,40.0,60.0,1.83,1.98,1.0,67,33,1.67,2.1,1.0,1,1,PREMATIPS
2025-08-23,15:00,Odds BK , Kongsvinger,30.0,36.0,34.0,3.1,4.1,2.0,6.0,38.0,62.0,1.5,2.5,1.0,67,33,1.5,2.5,1.0,1,2,PREMATIPS
2025-08-23,15:00,Ranheim , Stabaek,50.0,27.0,23.0,2.5,3.6,2.55,1.0,36.0,64.0,1.57,2.35,1.0,63,37,1.5,2.5,1.0,1,1,PREMATIPS
2025-08-23,15:00,Raufoss , Lillestrom,15.0,35.0,50.0,7.81,5.0,1.31,2.0,38.0,62.0,1.47,2.51,1.0,60,40,1.75,1.96,1.0,1,2,PREMATIPS
2025-08-23,15:00,Skeid , Lyn Oslo,18.0,29.0,53.0,4.1,3.9,1.8,2.0,45.0,55.0,1.62,2.25,1.0,68,32,1.57,2.25,1.0,2,3,PREMATIPS
2025-08-23,15:00,Sogndal , Moss,46.0,31.0,23.0,1.9,3.8,3.6,1.0,33.0,67.0,1.57,2.35,1.0,67,33,1.53,2.38,1.0,3,1,PREMATIPS
2025-08-23,15:00,Strindheim , Alta,44.0,7.0,49.0,3.61,4.0,1.71,2.0,32.0,68.0,1.34,2.94,1.0,58,42,1.35,2.82,1.0,2,2,PREMATIPS
2025-08-23,15:00,Shinnik Yaroslavl , Rodina Moscow,42.0,31.0,27.0,2.87,3.11,2.44,4.0,69.0,31.0,2.34,1.55,0.0,57,43,1.97,1.73,1.0,1,1,PREMATIPS
2025-08-23,15:00,Celtic , Livingston,47.0,35.0,18.0,1.17,7.0,17.0,1.0,50.0,50.0,1.33,3.4,1.0,55,45,1.95,1.8,1.0,3,0,PREMATIPS
2025-08-23,15:00,Hearts , Motherwell,42.0,33.0,25.0,1.65,3.8,5.25,1.0,67.0,33.0,1.95,1.9,0.0,55,45,1.95,1.8,1.0,3,3,PREMATIPS
2025-08-23,15:00,Kilmarnock , Dundee FC,40.0,32.0,28.0,1.85,3.4,4.33,1.0,34.0,66.0,1.98,1.88,1.0,88,12,1.8,1.95,1.0,0,0,PREMATIPS
2025-08-23,15:00,Airdrieonians , Queen's Park,39.0,32.0,29.0,2.05,3.2,3.3,1.0,58.0,42.0,1.75,2.05,0.0,68,32,1.62,2.2,1.0,1,1,PREMATIPS
2025-08-23,15:00,Greenock Morton , Ayr United,7.0,89.0,4.0,3.2,3.0,2.2,4.0,91.0,9.0,2.1,1.7,0.0,51,49,1.83,1.83,1.0,2,2,PREMATIPS
2025-08-23,15:00,Ross County , Partick Thistle,74.0,18.0,8.0,2.0,3.2,3.6,1.0,58.0,42.0,2.0,1.8,0.0,68,32,1.8,1.91,1.0,1,3,PREMATIPS
2025-08-23,15:00,Saint Johnstone , Arbroath,44.0,34.0,22.0,1.36,4.45,7.25,1.0,58.0,42.0,1.7,2.05,0.0,68,32,1.95,1.75,1.0,3,0,PREMATIPS
2025-08-23,15:00,Alloa Athletic , Hamilton,33.0,32.0,35.0,2.6,3.4,2.3,5.0,40.0,60.0,2.1,1.7,1.0,55,45,1.91,1.8,1.0,1,0,PREMATIPS
2025-08-23,15:00,East Fife , Kelty Hearts,46.0,5.0,47.0,1.73,3.6,4.0,5.0,24.0,76.0,1.98,1.83,1.0,55,45,1.91,1.8,1.0,2,1,PREMATIPS
2025-08-23,15:00,Montrose , Inverness,35.0,6.0,59.0,3.5,3.6,1.8,2.0,35.0,65.0,1.9,1.9,1.0,50,50,1.83,1.83,1.0,0,2,PREMATIPS
2025-08-23,15:00,Peterhead , Cove Rangers,89.0,6.0,5.0,2.3,3.4,2.55,1.0,46.0,54.0,1.95,1.85,1.0,38,62,1.8,1.91,0.0,3,1,PREMATIPS
2025-08-23,15:00,Stenhousemuir , Queen of South,33.0,31.0,36.0,2.7,3.4,2.25,5.0,35.0,65.0,1.95,1.85,1.0,50,50,1.83,1.83,1.0,0,0,PREMATIPS
2025-08-23,15:00,Annan Athletic , Dumbarton,56.0,15.0,29.0,2.35,3.3,2.75,1.0,34.0,66.0,1.83,1.98,1.0,80,20,1.67,2.1,1.0,3,4,PREMATIPS
2025-08-23,15:00,Elgin City , Edinburgh City,3.0,5.0,91.0,2.0,3.8,3.0,2.0,34.0,66.0,1.6,2.3,1.0,80,20,1.53,2.38,1.0,2,4,PREMATIPS
2025-08-23,15:00,Stirling Albion , East Kilbride,26.0,41.0,33.0,5.0,4.0,1.57,2.0,34.0,66.0,1.62,2.25,1.0,68,32,1.67,2.1,1.0,2,3,PREMATIPS
2025-08-23,15:00,Stranraer , Clyde,55.0,7.0,38.0,3.2,3.3,2.1,1.0,34.0,66.0,2.05,1.75,1.0,68,32,1.83,1.83,1.0,1,1,PREMATIPS
2025-08-23,15:00,The Spartans , Forfar Athletic,29.0,41.0,30.0,2.1,3.3,3.2,6.0,34.0,66.0,2.15,1.67,1.0,68,32,1.83,1.83,1.0,1,0,PREMATIPS
2025-08-23,15:00,Nordic United , IFK Stocksund,66.0,9.0,25.0,1.3,5.01,7.15,1.0,34.0,66.0,1.35,2.92,1.0,65,35,1.59,2.12,1.0,3,0,PREMATIPS
2025-08-23,15:00,Ariana , Oskarshamns AIK,50.0,32.0,18.0,1.47,4.0,5.25,1.0,44.0,56.0,1.65,2.1,1.0,49,51,1.78,1.9,0.0,1,0,PREMATIPS
2025-08-23,15:00,IFK Skovde , Angelholms,23.0,32.0,45.0,3.92,3.81,1.68,6.0,38.0,62.0,1.48,2.29,1.0,52,48,1.51,2.29,1.0,1,1,PREMATIPS
2025-08-23,15:00,Rosengard 1917 , Trollhattan,44.0,34.0,22.0,1.77,3.6,3.6,1.0,46.0,54.0,1.6,2.2,1.0,54,46,1.58,2.2,1.0,1,3,PREMATIPS
2025-08-23,15:00,Al Dhafra Club ,Wasl Dubai,22.0,33.0,45.0,7.25,4.5,1.33,2.0,89.0,11.0,1.61,2.15,0.0,11,89,1.93,1.77,0.0,3,1,PREMATIPS
2025-08-23,15:00,Dibba Al Fuj. ,Ain,22.0,33.0,45.0,7.75,5.0,1.29,2.0,23.0,77.0,1.52,2.35,1.0,77,23,1.87,1.82,1.0,2,3,PREMATIPS
2025-08-23,15:30,Duisburg , Ulm 1846,68.0,6.0,26.0,2.3,3.4,2.9,1.0,33.0,67.0,1.75,2.05,1.0,53,47,1.62,2.2,1.0,2,1,PREMATIPS
2025-08-23,15:30,Go Ahead Eagles , Sparta Rotterdam,38.0,31.0,31.0,2.05,3.8,3.3,0.0,12.0,88.0,1.53,2.4,1.0,87,13,1.53,2.38,1.0,0,3,PREMATIPS
2025-08-23,15:30,Dordrecht , Jong PSV,40.0,30.0,30.0,1.8,4.1,3.75,1.0,70.0,30.0,1.4,2.88,0.0,30,70,1.4,2.75,0.0,1,2,PREMATIPS
2025-08-23,15:30,Torreense , Academico Viseu,37.0,33.0,30.0,2.1,3.1,3.3,4.0,53.0,47.0,2.35,1.57,0.0,32,68,2.0,1.73,0.0,2,1,PREMATIPS
2025-08-23,15:30,KAMAZ , Ufa,38.0,33.0,29.0,2.12,3.07,3.5,4.0,63.0,37.0,2.5,1.42,0.0,57,43,2.16,1.62,1.0,3,1,PREMATIPS
2025-08-23,15:30,Puchov , STK Samorin,40.0,31.0,29.0,1.5,4.0,5.0,1.0,50.0,50.0,1.65,2.1,1.0,81,19,1.77,1.93,1.0,2,3,PREMATIPS
2025-08-23,15:30,AGMK Olmaliq , Xorazm Urganch,47.0,27.0,26.0,1.5,3.7,5.5,1.0,55.0,45.0,2.05,1.66,0.0,43,57,2.2,1.58,0.0,3,1,PREMATIPS
2025-08-23,16:00,Bylis Ballsh , KF Tirana,35.0,34.0,31.0,2.34,2.73,3.02,4.0,95.0,5.0,2.33,1.46,0.0,5,95,2.0,1.72,0.0,0,0,PREMATIPS
2025-08-23,16:00,Blau, Ried,38.0,32.0,30.0,2.2,3.5,3.2,4.0,49.0,51.0,2.1,1.7,1.0,38,62,1.91,1.91,0.0,0,2,PREMATIPS
2025-08-23,16:00,RB Salzburg , LASK Linz,80.0,7.0,13.0,1.57,4.0,5.5,1.0,26.0,74.0,1.53,2.4,1.0,61,39,1.57,2.25,1.0,3,0,PREMATIPS
2025-08-23,16:00,Kapaz , Karvan Yevlakh,38.0,33.0,29.0,1.98,3.2,3.3,4.0,62.0,38.0,2.15,1.61,0.0,47,53,1.95,1.73,0.0,2,3,PREMATIPS
2025-08-23,16:00,The Strongest , GV San Jose,62.0,6.0,32.0,1.33,5.5,5.75,1.0,31.0,69.0,1.29,3.6,1.0,66,34,1.5,2.5,1.0,2,1,PREMATIPS
2025-08-23,16:00,Fratria Varna , Sportist Svoge,44.0,36.0,20.0,1.34,4.06,7.8,1.0,58.0,42.0,1.95,1.65,0.0,67,33,2.38,1.5,1.0,2,1,PREMATIPS
2025-08-23,16:00,Spartak Pleven , Pirin Blagoevgrad,22.0,35.0,43.0,6.18,3.6,1.45,2.0,83.0,17.0,2.21,1.5,0.0,44,56,2.42,1.48,0.0,2,5,PREMATIPS
2025-08-23,16:00,Teplice , Jablonec,28.0,27.0,45.0,3.3,3.4,2.1,6.0,52.0,48.0,1.93,1.88,0.0,55,45,1.75,2.0,1.0,0,1,PREMATIPS
2025-08-23,16:00,Viktoria Plzen , Karvina,46.0,34.0,20.0,1.25,6.0,10.0,1.0,52.0,48.0,1.44,2.7,0.0,58,42,1.91,1.91,1.0,2,1,PREMATIPS
2025-08-23,16:00,Zlin , Slovan Liberec,38.0,42.0,20.0,2.9,3.1,2.5,4.0,52.0,48.0,2.35,1.57,0.0,58,42,2.0,1.75,1.0,1,0,PREMATIPS
2025-08-23,16:00,Opava , Vlasim,60.0,32.0,8.0,1.62,4.0,4.33,1.0,40.0,60.0,1.62,2.25,1.0,45,55,1.67,2.1,0.0,3,1,PREMATIPS
2025-08-23,16:00,Taborsko , Usti nad Labem,50.0,3.0,47.0,2.3,3.1,3.0,1.0,29.0,71.0,1.88,1.93,1.0,61,39,1.67,2.1,1.0,2,1,PREMATIPS
2025-08-23,16:00,Klubi, KaPa Helsinki,49.0,35.0,16.0,1.68,4.16,3.71,1.0,32.0,68.0,1.28,3.44,1.0,70,30,1.29,3.19,1.0,0,1,PREMATIPS
2025-08-23,16:00,Marseille , Paris FC,45.0,33.0,22.0,1.41,4.75,6.5,1.0,94.0,6.0,1.6,2.3,0.0,6,94,1.8,1.95,0.0,5,2,PREMATIPS
2025-08-23,16:00,Politechnica UTM , Petrocub,15.0,38.0,47.0,21.96,6.92,1.08,2.0,37.0,63.0,1.5,2.4,1.0,34,66,3.11,1.32,0.0,0,5,PREMATIPS
2025-08-23,16:00,Sileks Kratovo , Makedonija GP,93.0,3.0,4.0,1.24,4.8,10.5,1.0,29.0,71.0,1.98,1.72,1.0,35,65,2.85,1.37,0.0,3,0,PREMATIPS
2025-08-23,16:00,Moreirense , V. Guimaraes,32.0,33.0,35.0,2.88,3.2,2.5,6.0,35.0,65.0,2.3,1.6,1.0,43,57,1.95,1.8,0.0,2,0,PREMATIPS
2025-08-23,16:00,Mallorca , Celta Vigo,32.0,33.0,35.0,3.0,3.1,2.45,6.0,52.0,48.0,2.5,1.53,0.0,18,82,2.0,1.75,0.0,1,1,PREMATIPS
2025-08-23,16:00,Mirandes , Huesca,29.0,35.0,36.0,3.5,2.88,2.35,6.0,84.0,16.0,2.88,1.4,0.0,54,46,2.25,1.57,1.0,0,1,PREMATIPS
2025-08-23,16:00,Inter Bratislava , OFK Malzenice,38.0,31.0,31.0,2.05,3.3,3.0,0.0,42.0,58.0,1.72,1.98,1.0,73,27,1.65,2.1,1.0,2,1,PREMATIPS
2025-08-23,16:00,Tatran LM , Slavia TU Kosice,47.0,40.0,13.0,1.74,3.61,3.81,1.0,59.0,41.0,1.69,1.98,0.0,73,27,1.65,2.04,1.0,5,3,PREMATIPS
2025-08-23,16:00,Livyi Bereh Kyiv , FC Kudrivka,39.0,36.0,25.0,2.0,2.8,4.62,1.0,50.0,50.0,1.87,1.87,1.0,52,48,1.81,2.0,1.0,0,0,PREMATIPS
2025-08-23,16:15,Alcorcon , Atl. Baleares,42.0,33.0,25.0,1.6,3.66,4.88,1.0,48.0,52.0,1.77,1.93,1.0,52,48,1.79,1.92,1.0,1,0,PREMATIPS
2025-08-23,16:30,Stars Olympic , ISCA Abidjan,34.0,34.0,32.0,2.45,2.75,2.81,0.0,92.0,8.0,2.32,1.43,0.0,12,88,1.93,1.6,0.0,0,1,PREMATIPS
2025-08-23,16:30,Stella Club , Mouna d'Akoupe,34.0,34.0,32.0,2.42,2.68,2.91,0.0,92.0,8.0,2.28,1.49,0.0,45,55,1.83,1.67,0.0,3,1,PREMATIPS
2025-08-23,16:30,Narva Trans , Tallinna Kalev,71.0,13.0,16.0,1.36,4.75,6.25,1.0,32.0,68.0,1.42,2.6,1.0,54,46,1.63,2.1,1.0,2,0,PREMATIPS
2025-08-23,16:30,Torres , Pontedera,41.0,34.0,25.0,1.63,3.5,4.5,1.0,95.0,5.0,1.95,1.75,0.0,6,94,1.95,1.73,0.0,1,0,PREMATIPS
2025-08-23,16:30,Korona Kielce , Motor Lublin,39.0,31.0,30.0,1.95,3.7,3.6,1.0,59.0,41.0,1.75,2.05,0.0,50,50,1.62,2.2,1.0,2,0,PREMATIPS
2025-08-23,16:30,Umm,Shahania SC,35.0,30.0,35.0,2.36,3.55,2.46,5.0,47.0,53.0,1.51,2.33,1.0,90,10,1.45,2.53,1.0,2,0,PREMATIPS
2025-08-23,16:30,Lok. Moscow , Rostov,85.0,7.0,8.0,1.82,3.86,4.41,1.0,44.0,56.0,1.82,2.06,1.0,60,40,1.75,2.03,1.0,3,3,PREMATIPS
2025-08-23,16:30,FC Koper , Mura,77.0,6.0,17.0,1.55,4.2,4.75,1.0,37.0,63.0,1.65,2.1,1.0,52,48,1.75,1.95,1.0,2,1,PREMATIPS
2025-08-23,16:45,Zalaegerszeg , Ujpest,8.0,86.0,6.0,2.2,3.5,3.1,4.0,33.0,67.0,1.67,2.15,1.0,86,14,1.53,2.38,1.0,1,4,PREMATIPS
2025-08-23,16:45,Botosani , Csikszereda,71.0,24.0,3.0,1.6,3.5,5.25,1.0,33.0,67.0,2.2,1.65,1.0,72,28,2.1,1.67,1.0,3,1,PREMATIPS
2025-08-23,17:00,Paradou AC , ASO Chlef,41.0,35.0,24.0,1.57,3.4,5.5,1.0,84.0,16.0,2.25,1.57,0.0,16,84,2.25,1.55,0.0,0,0,PREMATIPS
2025-08-23,17:00,USM Khenchela , ES Setif,36.0,34.0,30.0,2.25,2.8,3.1,4.0,84.0,16.0,2.65,1.42,0.0,16,84,2.2,1.57,0.0,1,1,PREMATIPS
2025-08-23,17:00,Arsenal Sarandi , Atletico Guemes,24.0,50.0,26.0,2.6,2.88,3.0,6.0,72.0,28.0,2.7,1.44,0.0,50,50,2.2,1.62,0.0,2,1,PREMATIPS
2025-08-23,17:00,BKMA , Gandzasar,58.0,30.0,12.0,1.68,3.6,4.0,1.0,61.0,39.0,1.78,1.9,0.0,67,33,1.78,1.9,1.0,0,0,PREMATIPS
2025-08-23,17:00,Arsenal Dzerzh. , Torpedo Zhodino,22.0,35.0,43.0,4.8,3.5,1.61,6.0,50.0,50.0,2.1,1.63,0.0,50,50,2.1,1.63,0.0,1,1,PREMATIPS
2025-08-23,17:00,Montana , Septemvri Sofia,35.0,32.0,33.0,2.5,3.25,2.8,5.0,30.0,70.0,2.2,1.65,1.0,57,43,1.91,1.8,1.0,2,0,PREMATIPS
2025-08-23,17:00,Lokomotiv GO , Chernom. Burgas,40.0,34.0,26.0,1.69,3.28,4.33,1.0,64.0,36.0,2.15,1.53,0.0,67,33,2.08,1.65,1.0,0,0,PREMATIPS
2025-08-23,17:00,Aris Limassol , Apollon Limassol,42.0,32.0,26.0,1.6,3.6,4.6,1.0,95.0,5.0,1.73,1.98,0.0,5,95,1.75,1.93,0.0,3,1,PREMATIPS
2025-08-23,17:00,Copenhagen , Odense,56.0,22.0,22.0,1.44,4.75,6.5,1.0,27.0,73.0,1.53,2.4,1.0,66,34,1.75,2.0,1.0,1,1,PREMATIPS
2025-08-23,17:00,07 Vestur , TB Tvoroyri,42.0,14.0,44.0,1.63,4.12,4.0,5.0,28.0,72.0,1.41,2.6,1.0,61,39,1.47,2.48,1.0,3,0,PREMATIPS
2025-08-23,17:00,Iberia 1999 , Dinamo Batumi,41.0,32.0,27.0,1.58,3.5,5.0,1.0,61.0,39.0,2.05,1.66,0.0,46,54,2.1,1.65,0.0,0,0,PREMATIPS
2025-08-23,17:00,Telavi , Dinamo Tbilisi,19.0,31.0,50.0,5.5,3.6,1.51,2.0,55.0,45.0,2.1,1.65,0.0,52,48,2.2,1.58,1.0,0,0,PREMATIPS
2025-08-23,17:00,Thor Akureyri , Njardvik,30.0,32.0,38.0,2.1,3.5,2.75,6.0,34.0,66.0,1.41,2.65,1.0,75,25,1.39,2.75,1.0,3,1,PREMATIPS
2025-08-23,17:00,Alcione Milano , Triestina,43.0,36.0,21.0,1.47,3.6,6.5,1.0,87.0,13.0,2.5,1.46,0.0,15,85,2.7,1.4,0.0,1,0,PREMATIPS
2025-08-23,17:00,Giana Erminio , Trento 1921,37.0,34.0,29.0,2.05,2.95,3.3,4.0,87.0,13.0,2.45,1.49,0.0,15,85,2.15,1.62,0.0,0,2,PREMATIPS
2025-08-23,17:00,Ascoli , Pianese,41.0,34.0,25.0,1.68,3.3,4.6,1.0,95.0,5.0,2.1,1.63,0.0,6,94,2.05,1.68,0.0,0,0,PREMATIPS
2025-08-23,17:00,Carpi , Juve Next Gen,32.0,33.0,35.0,2.85,3.0,2.3,6.0,95.0,5.0,2.15,1.61,0.0,6,94,1.9,1.78,0.0,1,1,PREMATIPS
2025-08-23,17:00,Start , Aalesunds,41.0,29.0,30.0,2.15,3.5,3.0,4.0,36.0,64.0,1.75,2.05,1.0,60,40,1.62,2.2,1.0,3,1,PREMATIPS
2025-08-23,17:00,Sp. Cristal , UTC Cajamarca,70.0,27.0,3.0,1.2,6.25,15.0,1.0,57.0,43.0,1.44,2.7,0.0,33,67,2.1,1.67,0.0,2,2,PREMATIPS
2025-08-23,17:00,Chernomorets N. , Yenisey,39.0,33.0,28.0,1.96,3.17,3.99,1.0,56.0,44.0,2.26,1.58,0.0,57,43,2.0,1.72,1.0,0,2,PREMATIPS
2025-08-23,17:00,Sekhukhune Utd , Stellenbosch,33.0,33.0,34.0,2.62,3.02,2.48,0.0,61.0,39.0,2.34,1.51,0.0,45,55,2.02,1.69,0.0,1,1,PREMATIPS
2025-08-23,17:00,Zurich , Thun,37.0,7.0,56.0,2.15,3.5,3.2,2.0,19.0,81.0,1.7,2.1,1.0,94,6,1.57,2.25,1.0,0,4,PREMATIPS
2025-08-23,17:00,Kosice , Ruzomberok,40.0,31.0,29.0,1.85,3.6,3.6,1.0,50.0,50.0,1.62,2.15,1.0,42,58,1.58,2.2,0.0,3,1,PREMATIPS
2025-08-23,17:00,Skalica , Tatran Presov,37.0,48.0,15.0,2.22,3.15,2.91,4.0,58.0,42.0,1.94,1.73,0.0,42,58,1.77,1.91,0.0,2,2,PREMATIPS
2025-08-23,17:00,Esenler Erokspor , Serik,38.0,32.0,30.0,1.78,3.41,3.97,4.0,68.0,32.0,1.87,1.81,0.0,37,63,1.78,1.9,0.0,5,0,PREMATIPS
2025-08-23,17:15,Standard Liege , Cercle Brugge,39.0,43.0,18.0,2.7,3.1,2.7,4.0,60.0,40.0,2.15,1.67,0.0,45,55,1.95,1.8,0.0,0,3,PREMATIPS
2025-08-23,17:30,Arsenal , Leeds Utd,46.0,35.0,19.0,1.36,5.25,8.0,1.0,82.0,18.0,1.62,2.3,0.0,12,88,1.95,1.8,0.0,5,0,PREMATIPS
2025-08-23,17:30,Wealdstone , Carlisle Utd,30.0,31.0,39.0,3.5,3.8,1.83,6.0,50.0,50.0,1.75,2.05,1.0,58,42,1.75,2.0,1.0,0,1,PREMATIPS
2025-08-23,17:30,Ponferradina , Bilbao Athletic,39.0,32.0,29.0,1.91,3.33,3.52,1.0,50.0,50.0,1.82,1.85,1.0,53,47,1.71,2.02,1.0,0,1,PREMATIPS
2025-08-23,17:30,Sankt Pauli , B. Dortmund,27.0,32.0,41.0,3.7,3.75,1.95,2.0,67.0,33.0,1.8,2.0,0.0,5,95,1.7,2.05,0.0,3,3,PREMATIPS
2025-08-23,17:30,Genoa , Lecce,39.0,34.0,27.0,1.73,3.5,5.5,1.0,84.0,16.0,2.5,1.53,0.0,17,83,2.25,1.57,0.0,0,0,PREMATIPS
2025-08-23,17:30,Sassuolo , Napoli,24.0,34.0,42.0,5.61,3.84,1.61,2.0,52.0,48.0,1.96,1.82,0.0,47,53,1.94,1.78,0.0,0,2,PREMATIPS
2025-08-23,17:30,US Hostert , Jeunesse Canach,39.0,29.0,32.0,1.9,3.75,3.0,1.0,41.0,59.0,1.51,2.37,1.0,64,36,1.51,2.37,1.0,2,1,PREMATIPS
2025-08-23,17:30,Al,Ahli,34.0,31.0,35.0,2.5,3.25,2.4,5.0,89.0,11.0,1.71,1.98,0.0,11,89,1.6,2.15,0.0,0,0,PREMATIPS
2025-08-23,17:45,Slaven Belupo , Lok. Zagreb,33.0,42.0,25.0,1.9,3.5,3.75,4.0,41.0,59.0,1.85,1.95,1.0,47,53,1.73,2.0,0.0,1,2,PREMATIPS
2025-08-23,17:45,Tarxien Rainbows , Floriana,22.0,34.0,44.0,6.75,4.2,1.38,2.0,48.0,52.0,1.73,1.95,1.0,90,10,2.0,1.71,1.0,0,1,PREMATIPS
2025-08-23,17:45,PSV Eindhoven , Groningen,69.0,4.0,27.0,1.17,7.5,12.0,1.0,28.0,72.0,1.3,3.5,1.0,70,30,1.8,1.95,1.0,4,2,PREMATIPS
2025-08-23,18:00,Sudan , Algeria,22.0,36.0,42.0,5.75,3.0,1.62,2.0,63.0,37.0,2.5,1.5,0.0,39,61,2.38,1.53,0.0,1,1,PREMATIPS
2025-08-23,18:00,Anorthosis , Omonia Aradippou,39.0,32.0,29.0,1.88,3.2,3.6,1.0,95.0,5.0,1.83,1.85,0.0,5,95,1.72,1.98,0.0,0,0,PREMATIPS
2025-08-23,18:00,Artis Brno , HS Kromeriz,44.0,32.0,24.0,1.42,4.75,5.5,1.0,26.0,74.0,1.57,2.35,1.0,50,50,1.8,1.91,1.0,2,1,PREMATIPS
2025-08-23,18:00,Linares Dep. , Antequera,28.0,32.0,40.0,3.75,3.4,1.78,2.0,51.0,49.0,1.85,1.82,0.0,51,49,1.8,1.88,1.0,1,0,PREMATIPS
2025-08-23,18:00,Nice , Auxerre,41.0,32.0,27.0,1.73,4.0,4.5,1.0,94.0,6.0,1.83,2.03,0.0,6,94,1.8,1.95,0.0,3,1,PREMATIPS
2025-08-23,18:00,Torpedo Kutaisi , Dila Gori,35.0,17.0,48.0,2.87,3.0,2.25,6.0,58.0,42.0,2.15,1.62,0.0,47,53,1.9,1.8,0.0,0,1,PREMATIPS
2025-08-23,18:00,Aris , Volos,41.0,33.0,26.0,1.67,4.0,4.75,1.0,85.0,15.0,2.1,1.7,0.0,15,85,2.1,1.67,0.0,2,0,PREMATIPS
2025-08-23,18:00,Olympiacos , Asteras Tripolis,47.0,36.0,17.0,1.2,6.0,15.0,1.0,85.0,15.0,1.7,2.1,0.0,15,85,2.5,1.5,0.0,2,0,PREMATIPS
2025-08-23,18:00,Keflavik , Volsungur Husavik,47.0,24.0,29.0,1.32,5.0,6.75,1.0,28.0,72.0,1.31,3.1,1.0,71,29,1.51,2.35,1.0,7,2,PREMATIPS
2025-08-23,18:00,H. Petah Tikva , Maccabi Tel Aviv,22.0,33.0,45.0,6.5,5.25,1.38,2.0,40.0,60.0,1.57,2.35,1.0,50,50,1.83,1.83,1.0,-,-,PREMATIPS
2025-08-23,18:00,Empoli , Padova,39.0,33.0,28.0,1.91,3.7,3.75,1.0,67.0,33.0,2.15,1.67,0.0,33,67,1.95,1.8,0.0,3,1,PREMATIPS
2025-08-23,18:00,Entella , Juve Stabia,36.0,32.0,32.0,2.4,3.1,3.1,0.0,67.0,33.0,2.25,1.62,0.0,33,67,1.95,1.8,0.0,1,1,PREMATIPS
2025-08-23,18:00,Balti , Spartanii,47.0,37.0,16.0,1.12,6.24,14.82,1.0,41.0,59.0,1.5,2.2,1.0,34,66,2.66,1.41,0.0,4,1,PREMATIPS
2025-08-23,18:00,Nacional Madeira , Sporting CP,20.0,34.0,46.0,9.5,6.0,1.27,2.0,68.0,32.0,1.5,2.5,0.0,26,74,1.95,1.8,0.0,1,4,PREMATIPS
2025-08-23,18:00,Ceuta , Sporting Gijon,34.0,33.0,33.0,2.88,2.75,2.88,0.0,17.0,83.0,2.3,1.6,1.0,54,46,1.83,1.83,1.0,0,1,PREMATIPS
2025-08-23,18:00,OFK Belgrade , Mladost Lucani,42.0,25.0,33.0,1.66,3.5,4.2,1.0,41.0,59.0,1.8,1.88,1.0,74,26,1.78,1.9,1.0,1,1,PREMATIPS
2025-08-23,18:15,Hapoel Jerusalem , M.S. Ashdod,35.0,32.0,33.0,2.55,3.25,2.7,5.0,83.0,17.0,1.95,1.85,0.0,16,84,1.73,2.0,0.0,1,2,PREMATIPS
2025-08-23,18:15,Hapoel Tel Aviv , Kiryat Shmona,39.0,32.0,29.0,1.95,3.4,3.6,1.0,51.0,49.0,1.93,1.88,0.0,52,48,1.73,2.0,1.0,2,1,PREMATIPS
2025-08-23,18:30,San Lorenzo , Instituto ACC,38.0,35.0,27.0,2.1,2.9,4.33,4.0,61.0,39.0,3.4,1.33,0.0,34,66,2.63,1.44,0.0,1,0,PREMATIPS
2025-08-23,18:30,Atletico Astorga , Guijuelo,40.0,32.0,28.0,2.15,3.2,2.85,1.0,51.0,49.0,1.93,1.75,0.0,50,50,1.78,1.9,1.0,3,1,PREMATIPS
2025-08-23,18:30,UCAM Murcia , Hercules,31.0,32.0,37.0,2.7,3.3,2.2,6.0,50.0,50.0,1.85,1.82,0.0,54,46,1.73,1.98,1.0,2,3,PREMATIPS
2025-08-23,18:30,Ironi Tiberias , Hapoel Haifa,33.0,32.0,35.0,2.88,3.25,2.38,5.0,83.0,17.0,1.9,1.9,0.0,16,84,1.67,2.1,0.0,1,0,PREMATIPS
2025-08-23,18:30,Maccabi Haifa , M. Bnei Reineh,42.0,32.0,26.0,1.6,3.9,5.0,1.0,83.0,17.0,1.7,2.1,0.0,16,84,1.73,2.0,0.0,4,0,PREMATIPS
2025-08-23,18:30,LKS Lodz , Polonia Warszawa,54.0,19.0,27.0,2.1,3.6,3.1,1.0,33.0,67.0,1.7,2.1,1.0,59,41,1.57,2.25,1.0,2,2,PREMATIPS
2025-08-23,18:30,Pogon Grodzisk M. , Chrobry Glogow,38.0,32.0,30.0,1.95,3.5,3.7,1.0,22.0,78.0,1.7,2.1,1.0,65,35,1.62,2.2,1.0,1,1,PREMATIPS
2025-08-23,18:30,Stal Rzeszow , Miedz Legnica,47.0,39.0,14.0,2.55,3.3,2.6,1.0,17.0,83.0,1.7,2.1,1.0,70,30,1.53,2.38,1.0,1,2,PREMATIPS
2025-08-23,18:30,Al,Wakrah SC,4.0,92.0,4.0,1.46,4.2,5.25,0.0,47.0,53.0,1.49,2.4,1.0,90,10,1.62,2.15,1.0,0,1,PREMATIPS
2025-08-23,18:30,Atletico Madrid , Elche,46.0,37.0,17.0,1.22,5.5,17.0,1.0,52.0,48.0,1.73,2.1,0.0,84,16,2.5,1.5,1.0,1,1,PREMATIPS
2025-08-23,18:45,Dynamo Moscow , Nizhny Novgorod,61.0,20.0,19.0,1.44,4.94,7.3,1.0,64.0,36.0,1.56,2.34,0.0,46,54,1.78,1.99,0.0,3,0,PREMATIPS
2025-08-23,19:00,Elbasani , Flamurtari,40.0,34.0,26.0,1.76,3.08,4.26,1.0,95.0,5.0,2.21,1.51,0.0,5,95,2.08,1.65,0.0,1,0,PREMATIPS
2025-08-23,19:00,Alvarado , Tristan Suarez,24.0,41.0,35.0,2.55,2.75,3.3,6.0,76.0,24.0,3.1,1.36,0.0,36,64,2.38,1.53,0.0,0,0,PREMATIPS
2025-08-23,19:00,CA Atlanta , Ferro C. Oeste,48.0,26.0,26.0,1.83,3.1,5.0,1.0,79.0,21.0,3.1,1.36,0.0,29,71,2.63,1.44,0.0,2,1,PREMATIPS
2025-08-23,19:00,Floridsdorfer AC , Austria Salzburg,67.0,8.0,25.0,1.65,3.68,4.55,1.0,39.0,61.0,1.62,2.14,1.0,51,49,1.62,2.17,1.0,1,2,PREMATIPS
2025-08-23,19:00,Sturm Graz II , Kapfenberg,37.0,30.0,33.0,2.1,3.75,2.8,5.0,50.0,50.0,1.46,2.5,1.0,51,49,1.44,2.55,1.0,1,2,PREMATIPS
2025-08-23,19:00,Francs Borains , Lommel,27.0,48.0,25.0,2.3,3.4,2.7,4.0,52.0,48.0,1.88,1.93,0.0,51,49,1.67,2.1,1.0,0,0,PREMATIPS
2025-08-23,19:00,Jong Genk , Seraing,39.0,31.0,30.0,1.82,3.6,3.4,1.0,69.0,31.0,1.73,2.08,0.0,35,65,1.67,2.1,0.0,0,0,PREMATIPS
2025-08-23,19:00,Lierse K. , Eupen,34.0,31.0,35.0,2.6,3.2,2.45,5.0,86.0,14.0,1.85,1.95,0.0,35,65,1.67,2.1,0.0,3,2,PREMATIPS
2025-08-23,19:00,Lokeren , RFC Liege,35.0,32.0,33.0,2.3,3.2,2.7,5.0,52.0,48.0,1.93,1.88,0.0,51,49,1.73,2.0,1.0,0,1,PREMATIPS
2025-08-23,19:00,Olympic Charleroi , Kortrijk,11.0,3.0,86.0,5.38,4.32,1.45,2.0,36.0,64.0,1.5,2.41,1.0,51,49,1.63,2.12,1.0,0,3,PREMATIPS
2025-08-23,19:00,Slavia Prague , Pardubice,51.0,45.0,3.0,1.1,11.0,17.0,1.0,47.0,53.0,1.33,3.4,1.0,65,35,2.38,1.53,1.0,3,1,PREMATIPS
2025-08-23,19:00,Racing Ferrol , Celta Fortuna,37.0,32.0,31.0,2.08,3.24,3.12,4.0,51.0,49.0,1.85,1.84,0.0,54,46,1.7,2.01,1.0,0,3,PREMATIPS
2025-08-23,19:00,Sabadell , Ibiza,34.0,32.0,34.0,2.6,3.2,2.35,0.0,48.0,52.0,1.75,1.93,1.0,56,44,1.62,2.1,1.0,1,1,PREMATIPS
2025-08-23,19:00,Boulogne , Saint Etienne,30.0,32.0,38.0,4.5,3.5,1.67,6.0,50.0,50.0,1.9,1.9,1.0,37,63,1.83,1.83,0.0,0,1,PREMATIPS
2025-08-23,19:15,Cherno more , Lokomotiv Pd,30.0,47.0,23.0,1.51,3.7,6.5,1.0,57.0,43.0,2.15,1.67,0.0,50,50,2.2,1.62,0.0,1,1,PREMATIPS
2025-08-23,19:15,Nyiregyhaza Sp. , Diosgyori VTK,53.0,30.0,17.0,2.25,3.4,3.1,1.0,17.0,83.0,1.8,2.0,1.0,86,14,1.67,2.1,1.0,1,4,PREMATIPS
2025-08-23,19:15,Los Chankas CYC , Sport Boys,68.0,18.0,14.0,1.7,3.6,5.0,1.0,48.0,52.0,2.1,1.7,1.0,31,69,2.0,1.73,0.0,2,1,PREMATIPS
2025-08-23,19:15,Gornik Zabrze , GKS Katowice,78.0,7.0,15.0,1.75,3.9,4.2,1.0,35.0,65.0,1.67,2.15,1.0,53,47,1.67,2.1,1.0,3,0,PREMATIPS
2025-08-23,19:15,Maribor , NK Radomlje,33.0,29.0,38.0,1.42,4.6,6.0,5.0,31.0,69.0,1.5,2.4,1.0,65,35,1.68,2.05,1.0,5,1,PREMATIPS
2025-08-23,19:30,Badajoz , Extremadura,35.0,30.0,35.0,2.4,3.47,2.43,5.0,45.0,55.0,1.69,2.03,1.0,58,42,1.59,2.19,1.0,1,1,PREMATIPS
2025-08-23,19:30,Schalke 04 , Bochum,36.0,31.0,33.0,2.25,3.5,2.9,5.0,50.0,50.0,1.73,2.08,1.0,51,49,1.62,2.2,1.0,2,1,PREMATIPS
2025-08-23,19:30,U Cluj , Din. Bucuresti,22.0,61.0,17.0,2.25,3.3,2.88,4.0,49.0,51.0,2.15,1.67,1.0,73,27,1.91,1.8,1.0,0,1,PREMATIPS
2025-08-23,19:30,DAC Dun. Streda , Trencin,25.0,28.0,47.0,1.38,4.6,6.75,6.0,66.0,34.0,1.63,2.1,0.0,45,55,1.9,1.78,0.0,4,1,PREMATIPS
2025-08-23,19:30,Fenerbahce , Kocaelispor,45.0,34.0,21.0,1.3,5.0,7.0,1.0,84.0,16.0,1.53,2.4,0.0,10,90,1.83,1.83,0.0,3,1,PREMATIPS
2025-08-23,19:30,Gaziantep , Genclerbirligi,39.0,32.0,29.0,1.9,3.25,3.7,1.0,34.0,66.0,1.98,1.83,1.0,27,73,1.8,1.91,0.0,2,1,PREMATIPS
2025-08-23,19:30,Bodrum , Sakaryaspor,43.0,34.0,23.0,1.45,3.9,6.0,1.0,68.0,32.0,1.93,1.88,0.0,87,13,2.0,1.73,1.0,3,1,PREMATIPS
2025-08-23,19:30,Igdir FK , Vanspor,42.0,33.0,25.0,1.53,3.7,5.25,1.0,35.0,65.0,1.95,1.85,1.0,70,30,1.91,1.8,1.0,0,0,PREMATIPS
2025-08-23,19:30,Defensor Sp. , Plaza Colonia,39.0,34.0,27.0,1.9,3.4,4.1,1.0,62.0,38.0,2.5,1.5,0.0,26,74,2.25,1.57,0.0,1,0,PREMATIPS
2025-08-23,19:45,Zulte Waregem , Saint Truiden,14.0,59.0,27.0,2.5,3.5,2.63,6.0,52.0,48.0,1.75,2.05,0.0,70,30,1.62,2.2,1.0,0,2,PREMATIPS
2025-08-23,19:45,Milan , Cremonese,44.0,34.0,22.0,1.45,4.5,6.5,1.0,45.0,55.0,1.73,2.1,1.0,49,51,1.91,1.91,0.0,1,2,PREMATIPS
2025-08-23,19:45,Roma , Bologna,38.0,33.0,29.0,2.1,3.3,3.6,4.0,84.0,16.0,2.2,1.67,0.0,17,83,1.95,1.8,0.0,1,0,PREMATIPS
2025-08-23,20:00,Radnik Bijeljina , Velez Mostar,55.0,14.0,31.0,2.85,3.0,2.25,1.0,63.0,37.0,2.1,1.65,0.0,60,40,1.85,1.83,1.0,3,0,PREMATIPS
2025-08-23,20:00,Siroki Brijeg , Sloga Doboj,40.0,33.0,27.0,1.77,3.3,4.0,1.0,49.0,51.0,1.98,1.71,1.0,65,35,1.83,1.85,1.0,1,0,PREMATIPS
2025-08-23,20:00,SA Bulo Bulo , Aurora Cochabamba,75.0,21.0,3.0,1.95,3.4,3.4,1.0,45.0,55.0,1.65,2.2,1.0,62,38,1.57,2.25,1.0,1,2,PREMATIPS
2025-08-23,20:00,Bragantino SP , Fluminense RJ,40.0,21.0,39.0,2.25,3.1,3.5,5.0,53.0,47.0,2.5,1.5,0.0,53,47,2.1,1.67,1.0,4,2,PREMATIPS
2025-08-23,20:00,Coritiba PR , Remo PA,33.0,42.0,25.0,1.7,3.4,5.5,1.0,71.0,29.0,2.4,1.53,0.0,47,53,2.38,1.53,0.0,0,0,PREMATIPS
2025-08-23,20:00,Cobresal , Union La Calera,44.0,27.0,29.0,1.95,3.3,3.9,1.0,60.0,40.0,2.1,1.7,0.0,48,52,1.83,1.83,0.0,1,0,PREMATIPS
2025-08-23,20:00,Ind. Medellin , La Equidad,34.0,45.0,21.0,1.48,4.33,6.5,4.0,66.0,34.0,2.15,1.67,0.0,47,53,2.38,1.53,0.0,3,1,PREMATIPS
2025-08-23,20:00,Dinamo Zagreb , Istra 1961,60.0,29.0,11.0,1.27,5.0,10.0,1.0,53.0,47.0,1.67,2.15,0.0,47,53,2.0,1.73,0.0,3,0,PREMATIPS
2025-08-23,20:00,Macara Ambato , Mushuc Runa,40.0,31.0,29.0,2.0,3.3,3.6,4.0,61.0,39.0,2.15,1.67,0.0,54,46,1.91,1.8,1.0,2,1,PREMATIPS
2025-08-23,20:00,Panetolikos , Atromitos,32.0,33.0,35.0,3.1,3.0,2.45,6.0,85.0,15.0,2.5,1.5,0.0,15,85,2.05,1.7,0.0,0,2,PREMATIPS
2025-08-23,20:00,Monza 1912 , Mantova,40.0,32.0,28.0,1.8,3.75,4.1,1.0,67.0,33.0,1.95,1.85,0.0,33,67,1.95,1.8,0.0,1,0,PREMATIPS
2025-08-23,20:00,Palermo , Reggiana 1919,41.0,33.0,26.0,1.65,3.75,5.5,1.0,67.0,33.0,2.0,1.8,0.0,33,67,2.0,1.75,0.0,2,1,PREMATIPS
2025-08-23,20:00,Albinoleffe , Dolomiti Bellunesi,40.0,34.0,26.0,1.7,3.25,4.4,1.0,59.0,41.0,2.15,1.61,0.0,44,56,2.1,1.65,0.0,2,2,PREMATIPS
2025-08-23,20:00,Lecco , Ospitaletto,38.0,34.0,28.0,1.93,3.0,3.7,4.0,61.0,39.0,2.35,1.52,0.0,44,56,2.1,1.63,0.0,2,1,PREMATIPS
2025-08-23,20:00,Union Brescia , ArzignanoChiampo,41.0,34.0,25.0,1.66,3.2,4.8,1.0,87.0,13.0,2.4,1.5,0.0,15,85,2.3,1.53,0.0,1,2,PREMATIPS
2025-08-23,20:00,Ravenna , Campobasso,34.0,32.0,34.0,2.4,2.95,2.7,0.0,95.0,5.0,2.2,1.57,0.0,6,94,1.95,1.75,0.0,3,2,PREMATIPS
2025-08-23,20:00,Rimini , Gubbio,36.0,34.0,30.0,2.15,2.9,3.2,4.0,95.0,5.0,2.4,1.49,0.0,6,94,2.1,1.65,0.0,0,1,PREMATIPS
2025-08-23,20:00,Birkirkara , Gzira United,38.0,32.0,30.0,1.95,3.2,3.4,4.0,48.0,52.0,2.1,1.63,1.0,57,43,1.95,1.75,1.0,0,0,PREMATIPS
2025-08-23,20:00,Telstar , Volendam,36.0,30.0,34.0,2.3,3.75,2.75,5.0,62.0,38.0,1.57,2.35,0.0,53,47,1.5,2.5,1.0,2,2,PREMATIPS
2025-08-23,20:00,2 de Mayo , Sp. Ameliano,61.0,21.0,18.0,2.0,3.2,3.7,1.0,57.0,43.0,2.5,1.5,0.0,53,47,2.2,1.62,1.0,1,1,PREMATIPS
2025-08-23,20:00,Vojvodina , TSC Backa Topola,40.0,32.0,28.0,1.7,3.6,3.9,1.0,43.0,57.0,1.7,2.0,1.0,59,41,1.7,2.0,1.0,2,0,PREMATIPS
2025-08-23,20:05,Lyon , Metz,44.0,33.0,23.0,1.44,4.75,6.5,1.0,94.0,6.0,1.53,2.5,0.0,6,94,1.7,2.05,0.0,3,0,PREMATIPS
2025-08-23,20:30,Arouca , Rio Ave,37.0,32.0,31.0,2.2,3.2,3.4,1.0,51.0,49.0,2.05,1.75,0.0,59,41,1.8,1.95,1.0,3,3,PREMATIPS
2025-08-23,20:30,Benfica , Tondela,47.0,36.0,17.0,1.14,7.5,17.0,1.0,68.0,32.0,1.5,2.5,0.0,9,91,2.38,1.53,0.0,3,0,PREMATIPS
2025-08-23,20:30,Levante , Barcelona,21.0,33.0,46.0,11.0,6.0,1.25,2.0,19.0,81.0,1.36,3.2,1.0,51,49,1.7,2.05,1.0,2,3,PREMATIPS
2025-08-23,20:30,Real Zaragoza , FC Andorra,39.0,33.0,28.0,1.85,3.4,4.33,1.0,84.0,16.0,2.15,1.67,0.0,54,46,2.0,1.73,1.0,1,3,PREMATIPS
2025-08-23,21:00,Caxias RS , Brusque SC,52.0,17.0,31.0,1.9,3.0,3.75,1.0,58.0,42.0,2.5,1.47,0.0,45,55,2.2,1.58,0.0,0,1,PREMATIPS
2025-08-23,21:00,Ituano SP , Ypiranga RS,34.0,31.0,35.0,1.93,3.0,3.7,5.0,62.0,38.0,2.35,1.52,0.0,40,60,2.1,1.63,0.0,2,1,PREMATIPS
2025-08-23,21:05,Colon Santa Fe , Chacarita Jrs,34.0,34.0,32.0,2.45,2.9,3.2,0.0,72.0,28.0,2.88,1.4,0.0,30,70,2.38,1.53,0.0,1,1,PREMATIPS
2025-08-23,21:30,Rosario Central , Newells Old Boys,40.0,36.0,24.0,1.9,2.9,5.5,1.0,74.0,26.0,3.4,1.33,0.0,54,46,2.63,1.44,1.0,1,0,PREMATIPS
2025-08-23,21:30,Comerciantes Un , Alianza Huanuco,23.0,56.0,21.0,2.3,3.1,3.2,4.0,47.0,53.0,2.1,1.7,1.0,54,46,1.83,1.83,1.0,1,2,PREMATIPS
2025-08-23,22:00,Goias GO , America MG,54.0,21.0,25.0,1.75,3.4,5.0,1.0,56.0,44.0,2.25,1.62,0.0,49,51,2.2,1.62,0.0,1,0,PREMATIPS
2025-08-23,22:00,Aguila , Zacatecoluca FC,84.0,8.0,8.0,1.26,5.0,9.25,1.0,63.0,37.0,1.71,2.0,0.0,39,61,2.25,1.55,0.0,1,0,PREMATIPS
2025-08-23,22:00,Sport Sebaco , Diriangen,42.0,5.0,51.0,4.75,3.8,1.55,2.0,32.0,68.0,1.58,2.2,1.0,51,49,1.65,2.1,1.0,2,1,PREMATIPS
2025-08-23,22:00,Nacional M. , Boston River,42.0,34.0,24.0,1.62,3.75,5.5,1.0,29.0,71.0,2.0,1.8,1.0,59,41,2.0,1.73,1.0,0,0,PREMATIPS
2025-08-23,22:00,Zamora Barinas , Monagas,35.0,24.0,41.0,2.35,3.1,2.65,6.0,72.0,28.0,2.15,1.6,0.0,38,62,1.93,1.75,0.0,2,3,PREMATIPS
2025-08-23,22:10,Envigado , Dep. Pereira,25.0,49.0,26.0,3.25,3.3,2.2,6.0,61.0,39.0,2.4,1.53,0.0,52,48,2.1,1.67,1.0,1,1,PREMATIPS
2025-08-23,22:30,Cruzeiro MG , Internacional RS,43.0,29.0,28.0,1.75,3.5,5.0,1.0,55.0,45.0,2.2,1.65,0.0,48,52,2.05,1.7,0.0,2,1,PREMATIPS
2025-08-23,22:30,Audax Italiano , Coquimbo Unido,34.0,25.0,41.0,3.3,3.1,2.2,6.0,53.0,47.0,2.3,1.6,0.0,52,48,2.0,1.73,1.0,0,1,PREMATIPS
2025-08-23,22:30,Manta FC , Dep. Cuenca,21.0,39.0,40.0,2.63,2.9,2.55,6.0,56.0,44.0,2.2,1.65,0.0,54,46,1.83,1.83,1.0,0,1,PREMATIPS
2025-08-23,22:30,Sp. Luqueno , Recoleta,61.0,19.0,20.0,2.11,3.3,3.14,1.0,53.0,47.0,1.94,1.77,0.0,53,47,1.77,1.93,1.0,0,0,PREMATIPS
2025-08-23,23:00,Guastatoya , Dep. Mictlan,33.0,24.0,43.0,1.6,3.4,5.0,6.0,58.0,42.0,2.2,1.6,0.0,35,65,2.2,1.6,0.0,1,3,PREMATIPS
2025-08-23,23:10,Est. Buenos Aires , Talleres RdE,42.0,37.0,21.0,1.65,3.3,6.5,1.0,74.0,26.0,2.7,1.44,0.0,30,70,2.63,1.44,0.0,2,0,PREMATIPS
2025-08-23,23:30,Figueirense SC , Floresta CE,21.0,45.0,34.0,1.9,2.85,4.1,6.0,70.0,30.0,2.87,1.36,0.0,45,55,2.5,1.46,0.0,1,0,PREMATIPS
2025-08-24,00:00,Atl. Tucuman , Talleres,35.0,34.0,31.0,2.5,2.9,3.2,4.0,61.0,39.0,2.88,1.4,0.0,48,52,2.2,1.62,0.0,3,0,PREMATIPS
2025-08-24,00:00,San Martin SJ , Gimnasia LP,37.0,35.0,28.0,2.45,2.7,3.7,4.0,61.0,39.0,3.4,1.33,0.0,41,59,2.5,1.5,0.0,1,0,PREMATIPS
2025-08-24,00:00,Atletico Ottawa , Cavalry,36.0,33.0,31.0,2.2,3.1,2.9,4.0,58.0,42.0,2.15,1.61,0.0,49,51,1.93,1.77,0.0,2,2,PREMATIPS
2025-08-24,00:00,Puntarenas , Mun. Liberia,22.0,29.0,49.0,2.1,3.1,3.25,2.0,43.0,57.0,2.08,1.73,1.0,55,45,1.83,1.83,1.0,0,3,PREMATIPS
2025-08-24,00:00,Leon , Pachuca,29.0,3.0,68.0,3.2,3.5,2.2,2.0,48.0,52.0,1.8,2.0,1.0,39,61,1.67,2.1,0.0,1,1,PREMATIPS
2025-08-24,00:00,Dep. Garcilaso , Sport Huancayo,39.0,36.0,25.0,2.3,3.2,3.1,4.0,59.0,41.0,2.15,1.67,0.0,47,53,1.83,1.83,0.0,1,1,PREMATIPS
2025-08-24,00:15,Ol. Tegucigalpa , Platense,49.0,25.0,26.0,1.41,4.1,6.25,1.0,39.0,61.0,1.75,1.95,1.0,47,53,2.05,1.66,0.0,3,1,PREMATIPS
2025-08-24,00:20,Fortaleza CEIF , Santa Fe Bogota,20.0,57.0,23.0,2.55,3.25,2.75,6.0,51.0,49.0,2.4,1.53,0.0,61,39,2.0,1.73,1.0,2,0,PREMATIPS
2025-08-24,00:30,CRB AL , Atletico PR,44.0,19.0,37.0,2.5,3.1,2.9,4.0,61.0,39.0,2.3,1.6,0.0,53,47,2.0,1.73,1.0,0,1,PREMATIPS
2025-08-24,00:30,Miramar Misiones , Cerro Largo Melo,27.0,3.0,70.0,2.7,3.1,2.7,2.0,51.0,49.0,2.4,1.53,0.0,48,52,2.0,1.73,0.0,1,1,PREMATIPS
2025-08-24,00:30,CF Montreal , Austin FC,31.0,26.0,43.0,2.8,3.7,2.35,6.0,55.0,45.0,1.83,1.98,0.0,53,47,1.7,2.05,1.0,3,2,PREMATIPS
2025-08-24,00:30,Columbus Crew , New England Rev,44.0,33.0,23.0,1.5,4.33,6.0,1.0,46.0,54.0,1.44,2.7,1.0,60,40,1.57,2.25,1.0,1,2,PREMATIPS
2025-08-24,00:30,DC United , Inter Miami,22.0,32.0,46.0,3.1,3.7,2.15,2.0,37.0,63.0,1.57,2.35,1.0,64,36,1.5,2.5,1.0,1,1,PREMATIPS
2025-08-24,00:30,FC Cincinnati , New York City,43.0,26.0,31.0,2.1,4.0,3.0,1.0,46.0,54.0,1.65,2.2,1.0,53,47,1.62,2.2,1.0,0,1,PREMATIPS
2025-08-24,00:30,Philadelphia Un , Chicago Fire,46.0,21.0,33.0,1.75,4.0,4.1,1.0,40.0,60.0,1.5,2.5,1.0,62,38,1.53,2.38,1.0,4,0,PREMATIPS
2025-08-24,00:30,Carabobo , U. Central,37.0,40.0,23.0,1.98,3.0,3.4,1.0,62.0,38.0,2.3,1.55,0.0,38,62,2.05,1.68,0.0,4,1,PREMATIPS
2025-08-24,01:00,Central Norte , Gimnasia Mendoza,29.0,35.0,36.0,3.2,2.8,2.5,6.0,80.0,20.0,3.1,1.36,0.0,33,67,2.5,1.5,0.0,1,0,PREMATIPS
2025-08-24,01:00,Guabira Montero , Nacional Potosi,37.0,31.0,32.0,1.75,3.6,4.0,5.0,43.0,57.0,1.7,2.1,1.0,62,38,1.67,2.1,1.0,1,0,PREMATIPS
2025-08-24,01:00,Gremio RS , Ceara CE,33.0,28.0,39.0,2.1,3.25,3.75,6.0,65.0,35.0,2.6,1.48,0.0,49,51,2.2,1.62,0.0,0,0,PREMATIPS
2025-08-24,01:00,U. Catolica , Union Espanola,74.0,9.0,17.0,1.75,3.9,4.2,1.0,50.0,50.0,1.85,1.95,1.0,48,52,1.8,1.91,0.0,2,0,PREMATIPS
2025-08-24,01:00,Vinotinto , Barcelona SC,25.0,18.0,57.0,3.4,3.1,2.2,2.0,52.0,48.0,2.15,1.67,0.0,50,50,1.8,1.91,1.0,0,1,PREMATIPS
2025-08-24,01:00,Inter FA , Hercules Salvador,20.0,47.0,33.0,2.28,3.15,2.74,6.0,52.0,48.0,1.88,1.78,0.0,56,44,1.69,1.96,1.0,1,3,PREMATIPS
2025-08-24,01:00,Municipal , Xelaju MC,45.0,28.0,27.0,1.63,3.33,4.9,4.0,51.0,49.0,2.1,1.63,0.0,48,52,2.03,1.67,0.0,1,1,PREMATIPS
2025-08-24,01:00,Atlante , Irapuato,41.0,33.0,26.0,1.62,3.7,4.33,1.0,32.0,68.0,1.75,1.93,1.0,74,26,1.78,1.9,1.0,4,0,PREMATIPS
2025-08-24,01:00,UNAN Managua , Rancho Santana,57.0,36.0,7.0,1.31,4.8,7.0,1.0,30.0,70.0,1.47,2.45,1.0,62,38,1.77,1.93,1.0,0,1,PREMATIPS
2025-08-24,01:15,Dep. Moron , Nueva Chicago,39.0,36.0,25.0,2.0,2.9,4.5,1.0,70.0,30.0,3.1,1.36,0.0,41,59,2.63,1.44,0.0,1,0,PREMATIPS
2025-08-24,01:30,Dallas , Los Angeles FC,26.0,31.0,43.0,3.6,3.9,1.91,6.0,46.0,54.0,1.7,2.1,1.0,53,47,1.67,2.1,1.0,1,1,PREMATIPS
2025-08-24,01:30,Houston Dynamo , SJ Earthquakes,38.0,30.0,32.0,2.05,4.0,3.2,5.0,40.0,60.0,1.53,2.4,1.0,65,35,1.5,2.5,1.0,1,2,PREMATIPS
2025-08-24,01:30,Nashville SC , Orlando City,36.0,30.0,34.0,1.8,4.1,3.9,5.0,36.0,64.0,1.65,2.2,1.0,61,39,1.62,2.2,1.0,5,1,PREMATIPS
2025-08-24,02:00,Luis Angel Firpo , Platense Zac.,64.0,25.0,11.0,1.46,3.75,6.25,1.0,57.0,43.0,1.93,1.75,0.0,56,44,2.1,1.63,1.0,0,0,PREMATIPS
2025-08-24,02:00,Mazatlan , Tigres UANL,28.0,32.0,40.0,4.33,3.7,1.8,2.0,36.0,64.0,1.9,1.9,1.0,56,44,1.8,1.95,1.0,2,2,PREMATIPS
2025-08-24,02:00,Monterrey , Necaxa,58.0,25.0,17.0,1.55,4.33,5.5,1.0,41.0,59.0,1.53,2.4,1.0,66,34,1.67,2.1,1.0,3,0,PREMATIPS
2025-08-24,02:00,Cancun , Atletico Morelia,39.0,32.0,29.0,1.87,3.25,3.6,1.0,55.0,45.0,2.0,1.7,0.0,52,48,1.9,1.78,1.0,5,0,PREMATIPS
2025-08-24,02:00,Zacatecas , Alebrijes Oaxaca,90.0,6.0,3.0,1.22,5.5,9.75,1.0,44.0,56.0,1.49,2.4,1.0,58,42,1.98,1.72,1.0,2,2,PREMATIPS
2025-08-24,02:30,Millonarios , J. Barranquilla,6.0,37.0,57.0,1.75,3.4,5.0,2.0,49.0,51.0,2.2,1.65,1.0,59,41,2.0,1.73,1.0,3,0,PREMATIPS
2025-08-24,02:30,Dep. Choloma , Genesis PN,44.0,6.0,50.0,3.81,3.24,1.84,2.0,19.0,81.0,1.95,1.78,1.0,67,33,1.77,1.86,1.0,2,1,PREMATIPS
2025-08-24,02:30,Victoria La Ceiba , Motagua,50.0,5.0,45.0,3.75,3.3,1.8,1.0,28.0,72.0,1.9,1.78,1.0,42,58,1.82,1.87,0.0,-,-,PREMATIPS
2025-08-24,02:30,Real Salt Lake , Minnesota Utd,28.0,25.0,47.0,2.15,3.9,2.9,6.0,50.0,50.0,1.67,2.15,1.0,53,47,1.62,2.2,1.0,1,3,PREMATIPS
2025-08-24,02:30,V. Whitecaps , St. Louis City,57.0,23.0,20.0,1.42,5.25,6.25,1.0,39.0,61.0,1.4,2.88,1.0,53,47,1.62,2.2,1.0,3,2,PREMATIPS
2025-08-24,03:00,Dep. Saprissa , Sp. San Jose,86.0,10.0,4.0,1.42,3.8,7.0,1.0,51.0,49.0,1.85,1.95,0.0,47,53,2.0,1.73,0.0,4,0,PREMATIPS
2025-08-24,03:30,LA Galaxy , Colorado Rapids,26.0,25.0,49.0,2.2,3.9,2.88,2.0,43.0,57.0,1.4,2.88,1.0,54,46,1.36,3.0,1.0,3,0,PREMATIPS
2025-08-24,03:30,San Diego FC , Portland Timbers,47.0,24.0,29.0,1.65,4.5,4.5,1.0,45.0,55.0,1.53,2.4,1.0,57,43,1.62,2.2,1.0,0,0,PREMATIPS
2025-08-24,04:05,Cruz Azul , Dep. Toluca,39.0,30.0,31.0,2.1,3.7,3.25,1.0,35.0,65.0,1.57,2.35,1.0,73,27,1.5,2.5,1.0,1,0,PREMATIPS
2025-08-24,07:00,Newcastle Jets , Macarthur,35.0,30.0,35.0,2.3,3.5,2.9,5.0,38.0,62.0,1.5,2.5,1.0,65,35,1.44,2.63,1.0,3,0,PREMATIPS
2025-08-24,08:00,SKA, Spartak Kostroma,37.0,33.0,30.0,2.11,3.09,3.47,4.0,69.0,31.0,2.5,1.5,0.0,58,42,2.11,1.65,1.0,1,2,PREMATIPS
2025-08-24,09:00,Ming Chuan Univ. , Hang Yuen,23.0,32.0,45.0,7.5,5.0,1.29,2.0,39.0,61.0,1.49,2.4,1.0,50,50,1.8,1.9,1.0,0,1,PREMATIPS
2025-08-24,09:15,Viktoria Zizkov , Slavia Prague B,60.0,4.0,36.0,2.05,3.5,3.1,1.0,40.0,60.0,1.73,2.08,1.0,56,44,1.62,2.2,1.0,1,0,PREMATIPS
2025-08-24,09:30,Rapid Wien II , Austria Wien II,37.0,31.0,32.0,2.05,3.5,3.0,5.0,50.0,50.0,1.55,2.25,1.0,85,15,1.5,2.37,1.0,0,2,PREMATIPS
2025-08-24,09:30,Borneo Samarinda , Persijap Jepara,42.0,35.0,23.0,1.52,3.6,5.5,1.0,67.0,33.0,2.15,1.6,0.0,55,45,2.25,1.55,1.0,3,1,PREMATIPS
2025-08-24,09:30,PSIM Yogyakarta , Persib Bandung,30.0,32.0,38.0,3.25,3.25,1.98,6.0,67.0,33.0,1.88,1.8,0.0,55,45,1.75,1.93,1.0,1,1,PREMATIPS
2025-08-24,09:30,Petrzalka , Zilina B,60.0,7.0,33.0,1.73,3.9,3.5,1.0,41.0,59.0,1.55,2.25,1.0,65,35,1.58,2.2,1.0,1,1,PREMATIPS
2025-08-24,10:00,V, Renofa Yamaguchi,48.0,35.0,17.0,1.57,3.9,5.0,1.0,54.0,46.0,1.88,1.93,0.0,57,43,1.83,1.83,1.0,1,0,PREMATIPS
2025-08-24,11:00,Tokyo , Kyoto Sanga,27.0,23.0,50.0,2.5,3.4,2.75,2.0,49.0,51.0,1.83,1.98,1.0,50,50,1.67,2.1,1.0,0,4,PREMATIPS
2025-08-24,11:00,Vegalta Sendai , JEF Utd Chiba,29.0,32.0,39.0,2.5,3.2,2.75,6.0,61.0,39.0,2.1,1.7,0.0,46,54,1.83,1.83,0.0,1,0,PREMATIPS
2025-08-24,11:00,Odra Opole , Znicz Pruszkow,42.0,33.0,25.0,1.6,3.7,5.5,1.0,33.0,67.0,1.9,1.9,1.0,54,46,1.83,1.83,1.0,0,2,PREMATIPS
2025-08-24,11:00,Oliveirense , Sporting CP B,33.0,32.0,35.0,2.75,3.4,2.35,5.0,87.0,13.0,1.98,1.83,0.0,33,67,1.73,2.0,0.0,1,0,PREMATIPS
2025-08-24,11:00,Porto B , Farense,31.0,32.0,37.0,3.1,3.4,2.1,6.0,54.0,46.0,2.0,1.8,0.0,33,67,1.8,1.91,0.0,0,2,PREMATIPS
2025-08-24,11:00,Anyang , Daejeon Citizen,24.0,30.0,46.0,2.6,3.4,2.63,6.0,50.0,50.0,1.85,1.95,1.0,56,44,1.67,2.1,1.0,3,2,PREMATIPS
2025-08-24,11:00,Pohang Steelers , Jeonbuk Motors,36.0,14.0,50.0,3.1,3.25,2.3,2.0,51.0,49.0,1.95,1.85,0.0,54,46,1.73,2.0,1.0,3,1,PREMATIPS
2025-08-24,11:00,Seoul , Ulsan HD,38.0,35.0,27.0,2.15,3.5,3.2,4.0,57.0,43.0,1.88,1.93,0.0,54,46,1.73,2.0,1.0,3,2,PREMATIPS
2025-08-24,11:00,Chungbuk Cheongju , Incheon Utd,18.0,28.0,54.0,5.5,3.6,1.57,2.0,49.0,51.0,2.05,1.75,1.0,51,49,2.1,1.67,1.0,0,4,PREMATIPS
2025-08-24,11:00,Chungnam Asan , Busan I'Park,26.0,36.0,38.0,2.35,3.3,2.75,6.0,58.0,42.0,2.0,1.8,0.0,49,51,1.8,1.91,0.0,0,1,PREMATIPS
2025-08-24,11:00,Hwaseong FC , Suwon Bluewings,23.0,23.0,54.0,4.33,3.6,1.7,2.0,53.0,47.0,1.9,1.9,0.0,57,43,1.83,1.83,1.0,1,1,PREMATIPS
2025-08-24,11:15,Heerenveen , Twente,34.0,30.0,36.0,2.75,3.75,2.3,5.0,60.0,40.0,1.62,2.25,0.0,53,47,1.53,2.38,1.0,1,2,PREMATIPS
2025-08-24,11:15,VVV, Roda Kerkrade,35.0,30.0,35.0,2.6,3.6,2.5,5.0,53.0,47.0,1.62,2.25,0.0,47,53,1.5,2.5,0.0,3,1,PREMATIPS
2025-08-24,12:00,Changchun Yatai , Shenzhen Peng C.,35.0,16.0,49.0,2.3,3.25,3.2,2.0,34.0,66.0,1.88,1.93,1.0,60,40,1.67,2.1,1.0,1,0,PREMATIPS
2025-08-24,12:00,Meizhou Hakka , Zhejiang Pro,25.0,12.0,63.0,3.8,4.1,1.83,2.0,32.0,68.0,1.48,2.6,1.0,64,36,1.5,2.5,1.0,2,2,PREMATIPS
2025-08-24,12:00,Shanghai Port , Tianjin J. Tiger,45.0,26.0,29.0,1.33,6.0,7.5,1.0,35.0,65.0,1.3,3.5,1.0,67,33,1.57,2.25,1.0,1,1,PREMATIPS
2025-08-24,12:00,Flekkeroy IL , Brattvag,18.0,41.0,41.0,3.7,3.8,1.71,6.0,33.0,67.0,1.44,2.55,1.0,66,34,1.47,2.5,1.0,2,4,PREMATIPS
2025-08-24,12:00,Vard Haugesund , Notodden,21.0,47.0,32.0,1.53,4.1,4.5,6.0,33.0,67.0,1.44,2.55,1.0,71,29,1.53,2.3,1.0,1,1,PREMATIPS
2025-08-24,12:00,Tromsdalen , Kjelsas,43.0,20.0,37.0,1.91,3.46,3.33,4.0,36.0,64.0,1.59,2.09,1.0,69,31,1.53,2.26,1.0,2,2,PREMATIPS
2025-08-24,12:00,Saint Mirren , Rangers,4.0,90.0,6.0,4.0,4.1,1.75,6.0,83.0,17.0,1.62,2.3,0.0,53,47,1.62,2.2,1.0,1,1,PREMATIPS
2025-08-24,12:00,Varbergs BoIS , Ostersund,46.0,28.0,26.0,1.8,3.6,3.9,4.0,48.0,52.0,1.83,1.98,1.0,54,46,1.8,1.95,1.0,1,1,PREMATIPS
2025-08-24,12:00,IFK Haninge , Stockholm Inter.,32.0,35.0,33.0,5.25,4.33,1.44,6.0,34.0,66.0,1.47,2.45,1.0,67,33,1.62,2.15,1.0,0,1,PREMATIPS
2025-08-24,12:00,Kanchanaburi , Bangkok Utd,27.0,32.0,41.0,4.0,3.7,1.66,2.0,47.0,53.0,1.61,2.15,1.0,92,8,1.63,2.1,1.0,3,3,PREMATIPS
2025-08-24,12:00,Taichung Rock , Taichung Futuro,24.0,33.0,43.0,6.0,4.4,1.39,2.0,41.0,59.0,1.57,2.25,1.0,51,49,1.78,1.91,1.0,0,1,PREMATIPS
2025-08-24,12:00,Taipower , AC Taipei,36.0,32.0,32.0,2.23,3.28,2.76,0.0,52.0,48.0,1.86,1.77,0.0,53,47,1.7,2.01,1.0,1,2,PREMATIPS
2025-08-24,12:00,Becamex HoChiMinh , Cong An Ha Noi,27.0,31.0,42.0,4.75,3.75,1.57,2.0,42.0,58.0,1.7,2.0,1.0,55,45,1.75,1.93,1.0,0,3,PREMATIPS
2025-08-24,12:30,Royal Antwerp , Mechelen,22.0,51.0,27.0,2.0,3.5,3.6,6.0,68.0,32.0,1.8,2.0,0.0,77,23,1.67,2.1,1.0,2,1,PREMATIPS
2025-08-24,12:30,Kuressaare , Flora Tallinn,19.0,11.0,70.0,8.0,5.25,1.26,2.0,32.0,68.0,1.47,2.45,1.0,59,41,1.85,1.83,1.0,1,2,PREMATIPS
2025-08-24,12:30,Arm. Bielefeld , Dynamo Dresden,39.0,32.0,29.0,1.85,3.5,4.2,1.0,32.0,68.0,1.57,2.35,1.0,69,31,1.5,2.5,1.0,1,2,PREMATIPS
2025-08-24,12:30,Darmstadt 98 , Hertha Berlin,83.0,7.0,10.0,2.15,3.4,3.25,1.0,49.0,51.0,1.57,2.35,1.0,52,48,1.5,2.5,1.0,0,0,PREMATIPS
2025-08-24,12:30,Greuther Furth , Holstein Kiel,89.0,5.0,4.0,2.7,3.5,2.5,1.0,32.0,68.0,1.65,2.2,1.0,69,31,1.53,2.38,1.0,0,2,PREMATIPS
2025-08-24,12:30,Ingolstadt , Hansa Rostock,34.0,31.0,35.0,2.63,3.4,2.55,5.0,67.0,33.0,1.75,2.05,0.0,53,47,1.62,2.2,1.0,1,1,PREMATIPS
2025-08-24,12:30,Tampines Rovers , Geylang Int,42.0,29.0,29.0,1.67,4.33,3.4,1.0,67.0,33.0,1.3,3.5,0.0,33,67,1.33,3.25,0.0,0,0,PREMATIPS
2025-08-24,12:30,Sukhothai , Port Bangkok,30.0,30.0,40.0,3.6,3.7,1.73,2.0,47.0,53.0,1.44,2.55,1.0,58,42,1.46,2.55,1.0,1,0,PREMATIPS
2025-08-24,12:35,Henan , Dalian Yingbo,25.0,29.0,46.0,1.65,4.2,4.75,6.0,47.0,53.0,1.65,2.2,1.0,58,42,1.67,2.1,1.0,4,0,PREMATIPS
2025-08-24,13:00,Isloch Minsk , Vitebsk,49.0,25.0,26.0,1.77,3.25,4.0,1.0,45.0,55.0,2.05,1.68,1.0,48,52,1.95,1.75,0.0,3,0,PREMATIPS
2025-08-24,13:00,Shandong Taishan , Qingdao W. Coast,44.0,34.0,22.0,1.33,5.25,8.5,1.0,39.0,61.0,1.44,2.7,1.0,61,39,1.7,2.05,1.0,3,2,PREMATIPS
2025-08-24,13:00,Fredericia , Randers,31.0,31.0,38.0,3.0,3.6,2.15,0.0,48.0,52.0,1.57,2.35,1.0,60,40,1.5,2.5,1.0,1,0,PREMATIPS
2025-08-24,13:00,Midtjylland , Silkeborg,57.0,32.0,11.0,1.7,4.2,4.2,1.0,41.0,59.0,1.36,3.1,1.0,53,47,1.44,2.63,1.0,4,2,PREMATIPS
2025-08-24,13:00,HJK Helsinki , IFK Mariehamn,58.0,26.0,16.0,1.2,6.5,9.0,1.0,37.0,63.0,1.33,3.4,1.0,58,42,1.75,2.0,1.0,8,2,PREMATIPS
2025-08-24,13:00,Madura Utd , Persita Tangerang,38.0,32.0,30.0,2.05,3.0,3.3,4.0,34.0,66.0,2.15,1.6,1.0,55,45,1.93,1.75,1.0,1,1,PREMATIPS
2025-08-24,13:00,Ulytau Jezkazgan , Ordabasy,21.0,35.0,44.0,3.75,3.0,1.9,2.0,62.0,38.0,2.0,1.7,0.0,41,59,1.85,1.83,0.0,2,1,PREMATIPS
2025-08-24,13:00,Auda Kekava , Grobinas SC,60.0,17.0,23.0,1.43,4.33,5.5,1.0,57.0,43.0,1.63,2.1,0.0,48,52,1.82,1.87,0.0,1,0,PREMATIPS
2025-08-24,13:00,Krylya Sovetov , Krasnodar,27.0,32.0,41.0,4.61,3.73,1.82,2.0,50.0,50.0,2.03,1.86,0.0,59,41,1.9,1.86,1.0,0,6,PREMATIPS
2025-08-24,13:00,Grasshopper , Winterthur,38.0,32.0,30.0,2.0,3.4,3.7,4.0,29.0,71.0,1.75,2.05,1.0,82,18,1.62,2.2,1.0,2,2,PREMATIPS
2025-08-24,13:00,Djurgarden , Brommapojkarna,40.0,31.0,29.0,1.55,4.29,4.84,4.0,59.0,41.0,1.5,2.46,0.0,48,52,1.58,2.23,0.0,1,0,PREMATIPS
2025-08-24,13:00,Sirius , Hammarby,23.0,23.0,54.0,3.9,3.7,1.85,2.0,49.0,51.0,1.6,2.3,1.0,56,44,1.57,2.25,1.0,3,1,PREMATIPS
2025-08-24,13:00,Buriram Utd , Uthai Thani,46.0,34.0,20.0,1.16,6.75,11.0,1.0,47.0,53.0,1.34,3.0,1.0,92,8,1.87,1.8,1.0,5,1,PREMATIPS
2025-08-24,13:15,Kuching City , Johor DT,18.0,35.0,47.0,14.0,6.75,1.14,2.0,12.0,88.0,1.39,2.75,1.0,30,70,2.1,1.63,0.0,0,1,PREMATIPS
2025-08-24,13:15,Penang , Kuala Lumpur,22.0,18.0,60.0,2.65,3.1,2.37,2.0,46.0,54.0,1.66,2.05,1.0,47,53,1.55,2.3,0.0,1,2,PREMATIPS
2025-08-24,13:30,Blue Eagles , Dedza Dynamos,48.0,29.0,23.0,1.52,3.6,5.5,1.0,63.0,37.0,2.3,1.53,0.0,29,71,2.44,1.5,0.0,0,1,PREMATIPS
2025-08-24,13:30,Ekhaya FC , Mzuzu Hammers,81.0,7.0,12.0,1.49,3.6,6.0,1.0,70.0,30.0,2.45,1.49,0.0,27,73,2.61,1.45,0.0,1,2,PREMATIPS
2025-08-24,13:30,Karonga United , Moyale Barracks,51.0,20.0,29.0,2.25,2.75,3.2,1.0,77.0,23.0,3.0,1.33,0.0,27,73,2.44,1.5,0.0,3,1,PREMATIPS
2025-08-24,13:30,MAFCO Salima , Mighty Wanderers,23.0,22.0,55.0,5.75,3.6,1.5,2.0,70.0,30.0,2.3,1.53,0.0,34,66,2.38,1.53,0.0,0,1,PREMATIPS
2025-08-24,13:30,NEC Nijmegen , NAC Breda,43.0,32.0,25.0,1.67,4.1,4.75,1.0,27.0,73.0,1.57,2.35,1.0,53,47,1.62,2.2,1.0,3,0,PREMATIPS
2025-08-24,13:30,Utrecht , Excelsior,44.0,32.0,24.0,1.4,5.0,6.5,1.0,10.0,90.0,1.48,2.6,1.0,53,47,1.7,2.05,1.0,4,1,PREMATIPS
2025-08-24,13:30,Haugesund , Valerenga Oslo,17.0,18.0,65.0,5.0,4.75,1.53,2.0,44.0,56.0,1.5,2.5,1.0,47,53,1.62,2.2,0.0,2,3,PREMATIPS
2025-08-24,13:30,Wisla Krakow , Slask Wroclaw,49.0,19.0,32.0,1.59,3.93,4.56,1.0,22.0,78.0,1.56,2.23,1.0,68,32,1.61,2.16,1.0,5,0,PREMATIPS
2025-08-24,13:30,FC Uzhhorod , FSC Mariupol,32.0,33.0,35.0,2.85,2.89,2.37,6.0,59.0,41.0,2.2,1.6,0.0,49,51,1.89,1.82,0.0,1,2,PREMATIPS
2025-08-24,13:30,Nyva Vinnytsia , UCSA Tarasivka,23.0,33.0,44.0,7.05,4.75,1.38,2.0,44.0,56.0,1.66,2.14,1.0,48,52,1.98,1.83,0.0,1,3,PREMATIPS
2025-08-24,13:45,Piast Gliwice , Cracovia Krakow,13.0,10.0,77.0,2.3,3.0,3.4,2.0,62.0,38.0,2.4,1.53,0.0,39,61,2.0,1.75,0.0,0,0,PREMATIPS
2025-08-24,14:00,Shamakhi , Sabah Baku,25.0,33.0,42.0,4.6,3.6,1.61,2.0,92.0,8.0,1.98,1.73,0.0,50,50,1.98,1.72,0.0,1,2,PREMATIPS
2025-08-24,14:00,Bohemians 1905 , Mlada Boleslav,37.0,31.0,32.0,2.15,3.3,3.25,5.0,44.0,56.0,1.7,2.1,1.0,59,41,1.57,2.25,1.0,-,-,PREMATIPS
2025-08-24,14:00,Hradec Kralove , Sigma Olomouc,18.0,27.0,55.0,2.05,3.5,3.5,2.0,59.0,41.0,2.0,1.8,0.0,51,49,1.8,1.95,1.0,1,0,PREMATIPS
2025-08-24,14:00,Hobro , Esbjerg,20.0,19.0,61.0,2.8,3.9,2.15,2.0,68.0,32.0,1.57,2.35,0.0,39,61,1.5,2.5,0.0,2,0,PREMATIPS
2025-08-24,14:00,Crystal Palace , Nottingham Forest,36.0,32.0,32.0,2.4,3.2,3.1,0.0,53.0,47.0,2.2,1.67,0.0,41,59,1.95,1.8,0.0,1,1,PREMATIPS
2025-08-24,14:00,Everton , Brighton,32.0,32.0,36.0,3.0,3.25,2.38,0.0,86.0,14.0,2.1,1.73,0.0,41,59,1.91,1.91,0.0,2,0,PREMATIPS
2025-08-24,14:00,Lorient , Rennes,34.0,31.0,35.0,2.7,3.3,2.6,5.0,88.0,12.0,1.98,1.88,0.0,10,90,1.7,2.05,0.0,4,0,PREMATIPS
2025-08-24,14:00,Negeri Sembilan , Selangor,17.0,37.0,46.0,6.5,4.2,1.39,2.0,12.0,88.0,1.5,2.4,1.0,47,53,1.68,2.05,0.0,2,1,PREMATIPS
2025-08-24,14:00,Grorud , Stjordals Blink,52.0,9.0,39.0,2.05,3.5,2.9,1.0,34.0,66.0,1.47,2.45,1.0,57,43,1.44,2.55,1.0,5,3,PREMATIPS
2025-08-24,14:00,Leixoes , Penafiel,70.0,17.0,13.0,1.83,3.4,3.9,1.0,54.0,46.0,2.1,1.7,0.0,50,50,1.91,1.8,0.0,3,2,PREMATIPS
2025-08-24,14:00,Vasteras , Utsiktens,42.0,42.0,16.0,1.36,4.75,6.25,1.0,41.0,59.0,1.57,2.35,1.0,61,39,1.8,1.95,1.0,3,0,PREMATIPS
2025-08-24,14:00,Hammarby TFF , Team TG,69.0,18.0,13.0,1.14,7.25,13.0,1.0,48.0,52.0,1.44,2.55,1.0,56,44,2.3,1.55,1.0,2,1,PREMATIPS
2025-08-24,14:00,Green Buffaloes , Power Dynamos,31.0,35.0,34.0,3.1,2.65,2.35,6.0,58.0,42.0,2.9,1.35,0.0,42,58,2.35,1.51,0.0,1,2,PREMATIPS
2025-08-24,14:00,Green Eagles , Nchanga Rangers,37.0,35.0,28.0,2.1,2.75,3.5,4.0,92.0,8.0,2.7,1.4,0.0,8,92,2.3,1.55,0.0,0,1,PREMATIPS
2025-08-24,14:15,Otelul Galati , CFR Cluj,29.0,34.0,37.0,3.4,3.1,2.15,6.0,51.0,49.0,2.35,1.57,0.0,66,34,2.0,1.73,1.0,4,1,PREMATIPS
2025-08-24,14:30,Mainz 05 , Koln,40.0,32.0,28.0,1.85,3.7,3.9,1.0,67.0,33.0,1.83,2.03,0.0,28,72,1.7,2.05,0.0,0,1,PREMATIPS
2025-08-24,14:30,Progreso M. , Danubio,33.0,32.0,35.0,2.88,3.2,2.45,5.0,41.0,59.0,2.15,1.67,1.0,58,42,1.83,1.83,1.0,1,0,PREMATIPS
2025-08-24,15:00,Shirak ,Armenia,21.0,35.0,44.0,7.25,4.4,1.34,2.0,67.0,33.0,1.73,1.95,0.0,22,78,2.05,1.66,0.0,0,1,PREMATIPS
2025-08-24,15:00,Sonderjyske , Brondby,21.0,22.0,57.0,3.7,3.8,1.91,2.0,48.0,52.0,1.65,2.2,1.0,53,47,1.57,2.25,1.0,2,0,PREMATIPS
2025-08-24,15:00,Inter Turku 2 , OLS Oulu,40.0,31.0,29.0,2.3,4.1,2.3,4.0,25.0,75.0,1.25,4.0,1.0,73,27,1.25,3.75,1.0,1,1,PREMATIPS
2025-08-24,15:00,B36 Torshavn , B68 Toftir,41.0,27.0,32.0,1.44,4.4,5.0,4.0,33.0,67.0,1.46,2.5,1.0,63,37,1.6,2.15,1.0,1,0,PREMATIPS
2025-08-24,15:00,KI Klaksvik , HB Torshavn,51.0,9.0,40.0,1.47,4.0,5.25,1.0,21.0,79.0,1.66,2.05,1.0,57,43,1.78,1.9,1.0,0,0,PREMATIPS
2025-08-24,15:00,NSI Runavik , FC Suduroy,70.0,12.0,18.0,1.03,15.5,31.0,1.0,28.0,72.0,1.09,6.06,1.0,58,42,2.0,1.71,1.0,3,1,PREMATIPS
2025-08-24,15:00,Dainava Alytus , Banga Gargzdai,28.0,24.0,48.0,2.35,3.1,2.65,6.0,56.0,44.0,2.1,1.63,0.0,44,56,1.89,1.8,0.0,0,5,PREMATIPS
2025-08-24,15:00,Mamer 32 , F91 Dudelange,23.0,32.0,45.0,6.75,5.0,1.31,2.0,35.0,65.0,1.36,2.9,1.0,69,31,1.6,2.15,1.0,1,2,PREMATIPS
2025-08-24,15:00,Pr. Niedercorn , Victoria Rosport,45.0,33.0,22.0,1.31,4.8,7.25,1.0,41.0,59.0,1.55,2.25,1.0,75,25,1.88,1.8,1.0,0,1,PREMATIPS
2025-08-24,15:00,Racing FC Union , Jeunesse Esch,22.0,51.0,27.0,1.63,4.1,3.8,6.0,69.0,31.0,1.73,1.95,0.0,64,36,1.82,1.87,1.0,1,1,PREMATIPS
2025-08-24,15:00,Rodange 91 , Differdange,18.0,36.0,46.0,10.3,4.95,1.25,2.0,74.0,26.0,1.6,2.18,0.0,41,59,2.04,1.68,0.0,-,-,PREMATIPS
2025-08-24,15:00,UNA Strassen , Petange,43.0,33.0,24.0,1.47,3.9,5.25,1.0,63.0,37.0,1.68,2.0,0.0,53,47,1.82,1.87,1.0,3,0,PREMATIPS
2025-08-24,15:00,Linfield , Cliftonville,74.0,9.0,17.0,1.75,3.6,4.1,1.0,44.0,56.0,1.87,1.8,1.0,32,68,1.85,1.83,0.0,1,0,PREMATIPS
2025-08-24,15:00,Brann Bergen 2 , Arendal,26.0,31.0,43.0,5.75,5.0,1.35,6.0,33.0,67.0,1.34,2.95,1.0,77,23,1.55,2.3,1.0,1,1,PREMATIPS
2025-08-24,15:00,Jerv Grimstad , Lysekloster IL,44.0,31.0,25.0,1.49,4.2,5.0,1.0,35.0,65.0,1.5,2.37,1.0,68,32,1.62,2.15,1.0,0,1,PREMATIPS
2025-08-24,15:00,Sotra SK , Traeff,57.0,28.0,15.0,1.4,4.5,5.5,1.0,42.0,58.0,1.46,2.5,1.0,62,38,1.65,2.1,1.0,0,0,PREMATIPS
2025-08-24,15:00,Arlanda , Gefle,43.0,29.0,28.0,1.87,3.4,3.4,1.0,46.0,54.0,1.75,1.95,1.0,62,38,1.68,2.05,1.0,2,0,PREMATIPS
2025-08-24,15:00,Enkopings SK , Karlbergs BK,38.0,15.0,47.0,2.25,3.5,2.55,6.0,45.0,55.0,1.5,2.4,1.0,63,37,1.46,2.5,1.0,4,2,PREMATIPS
2025-08-24,15:00,Karlstad Fotboll , Vasalund,41.0,23.0,36.0,1.95,3.4,3.1,5.0,32.0,68.0,1.6,2.2,1.0,65,35,1.55,2.3,1.0,2,3,PREMATIPS
2025-08-24,15:00,Lund , Ljungskile,25.0,35.0,40.0,2.55,3.52,2.29,6.0,37.0,63.0,1.54,2.24,1.0,54,46,1.48,2.45,1.0,1,3,PREMATIPS
2025-08-24,15:00,Ravshan Kulob ,TadAZ,42.0,35.0,23.0,1.72,3.2,4.85,4.0,60.0,40.0,2.44,1.49,0.0,50,50,2.33,1.59,0.0,0,0,PREMATIPS
2025-08-24,15:00,Al Bataeh Club , Khor Fakkan,36.0,31.0,33.0,2.25,3.4,2.55,5.0,20.0,80.0,1.63,2.1,1.0,80,20,1.55,2.25,1.0,2,1,PREMATIPS
2025-08-24,15:30,Erzgebirge Aue , Havelse,42.0,31.0,27.0,1.6,4.2,5.0,1.0,83.0,17.0,1.6,2.3,0.0,36,64,1.67,2.1,0.0,2,1,PREMATIPS
2025-08-24,15:30,Prishtina e Re , Ferizaj,36.0,32.0,32.0,2.2,3.25,2.75,0.0,54.0,46.0,1.93,1.75,0.0,13,87,1.78,1.9,0.0,0,1,PREMATIPS
2025-08-24,15:30,Famalicao , Gil Vicente,38.0,34.0,28.0,1.85,3.1,4.75,4.0,66.0,34.0,2.4,1.53,0.0,11,89,2.1,1.67,0.0,0,0,PREMATIPS
2025-08-24,15:30,Maritimo , Feirense,38.0,33.0,29.0,2.02,3.05,3.49,4.0,70.0,30.0,2.2,1.57,0.0,33,67,1.93,1.75,0.0,1,0,PREMATIPS
2025-08-24,15:30,CSKA Moscow , Akron Tolyatti,43.0,33.0,24.0,1.5,4.66,6.48,1.0,50.0,50.0,1.63,2.33,1.0,72,28,1.77,1.97,1.0,3,1,PREMATIPS
2025-08-24,15:30,St. Gallen , Luzern,38.0,30.0,32.0,2.0,3.67,3.14,5.0,18.0,82.0,1.54,2.32,1.0,82,18,1.49,2.45,1.0,0,1,PREMATIPS
2025-08-24,15:30,Degerfors , AIK Stockholm,18.0,28.0,54.0,3.75,3.4,2.0,2.0,49.0,51.0,2.15,1.67,1.0,43,57,2.0,1.75,0.0,0,1,PREMATIPS
2025-08-24,15:30,Elfsborg , Halmstad,65.0,21.0,14.0,1.42,4.75,6.5,1.0,49.0,51.0,1.6,2.3,1.0,45,55,1.8,1.95,0.0,1,2,PREMATIPS
2025-08-24,15:30,Malmo , IFK Goteborg,51.0,15.0,34.0,1.73,3.75,4.5,1.0,48.0,52.0,1.8,2.0,1.0,48,52,1.75,2.0,0.0,0,0,PREMATIPS
2025-08-24,15:30,Varnamo , Hacken,22.0,33.0,45.0,3.1,3.75,2.1,6.0,51.0,49.0,1.53,2.4,0.0,53,47,1.53,2.38,1.0,1,5,PREMATIPS
2025-08-24,15:45,Dobrudzha , Botev Vratsa,37.0,33.0,30.0,2.35,2.8,3.6,4.0,51.0,49.0,2.88,1.4,0.0,57,43,2.2,1.62,1.0,0,2,PREMATIPS
2025-08-24,15:45,Ajax , Heracles,88.0,8.0,3.0,1.2,6.5,13.0,1.0,27.0,73.0,1.36,3.1,1.0,53,47,1.91,1.91,1.0,2,0,PREMATIPS
2025-08-24,15:45,Den Bosch , TOP Oss,51.0,5.0,42.0,1.7,3.8,4.75,1.0,69.0,31.0,1.85,1.95,0.0,14,86,1.8,1.91,0.0,5,2,PREMATIPS
2025-08-24,16:00,Altach , Grazer AK,39.0,32.0,29.0,1.95,3.4,3.8,1.0,60.0,40.0,2.1,1.7,0.0,37,63,1.95,1.8,0.0,1,1,PREMATIPS
2025-08-24,16:00,Austria Wien , Hartberg,43.0,7.0,50.0,1.67,3.9,4.75,2.0,38.0,62.0,1.73,2.08,1.0,59,41,1.7,2.05,1.0,1,3,PREMATIPS
2025-08-24,16:00,Wolfsberger AC , Rapid Wien,47.0,6.0,47.0,2.6,3.4,2.6,1.0,60.0,40.0,1.73,2.08,0.0,26,74,1.62,2.2,0.0,1,2,PREMATIPS
2025-08-24,16:00,Minyor Pernik , Etar V. Tarnovo,40.0,33.0,27.0,1.73,3.19,4.05,1.0,90.0,10.0,2.25,1.47,0.0,50,50,2.1,1.61,0.0,0,0,PREMATIPS
2025-08-24,16:00,Yantra Gabrovo , Marek Dupnitsa,42.0,33.0,25.0,1.55,3.45,5.26,1.0,74.0,26.0,2.11,1.55,0.0,50,50,2.17,1.61,0.0,1,0,PREMATIPS
2025-08-24,16:00,Al Ittihad , National Bank,30.0,34.0,36.0,3.2,2.82,2.29,6.0,69.0,31.0,2.76,1.39,0.0,44,56,2.24,1.56,0.0,0,0,PREMATIPS
2025-08-24,16:00,Aktobe , Zhetysu,52.0,26.0,22.0,1.34,4.33,7.25,1.0,51.0,49.0,1.75,1.95,0.0,45,55,2.1,1.65,0.0,3,2,PREMATIPS
2025-08-24,16:00,Zimbru Chisinau , Dacia Buiucani,46.0,35.0,19.0,1.2,5.09,10.21,1.0,44.0,56.0,1.59,2.08,1.0,42,58,2.15,1.61,0.0,1,1,PREMATIPS
2025-08-24,16:00,Abia Warriors , Kano Pillars,43.0,35.0,22.0,1.48,3.4,5.86,1.0,95.0,5.0,2.24,1.48,0.0,33,67,2.43,1.47,0.0,1,0,PREMATIPS
2025-08-24,16:00,Enugu Rangers , Kun Khalifat,43.0,35.0,22.0,1.47,3.42,6.09,1.0,95.0,5.0,2.19,1.51,0.0,33,67,2.35,1.51,0.0,0,0,PREMATIPS
2025-08-24,16:00,Shooting Stars , Bayelsa United,45.0,36.0,19.0,1.32,3.88,8.32,1.0,95.0,5.0,2.13,1.51,0.0,33,67,2.79,1.37,0.0,0,1,PREMATIPS
2025-08-24,16:00,Wikki Tourists , Plateau United,38.0,34.0,28.0,1.89,2.93,3.74,4.0,95.0,5.0,2.26,1.48,0.0,33,67,2.01,1.69,0.0,1,0,PREMATIPS
2025-08-24,16:00,Shkendija 79 , Arsimi Cegrane,45.0,36.0,19.0,1.27,5.0,8.5,1.0,28.0,72.0,1.65,2.1,1.0,84,16,2.1,1.63,1.0,0,0,PREMATIPS
2025-08-24,16:00,Bryne , Stromsgodset,60.0,13.0,27.0,1.91,3.7,3.7,1.0,40.0,60.0,1.85,1.95,1.0,52,48,1.7,2.05,1.0,2,2,PREMATIPS
2025-08-24,16:00,Fakel Voronezh , Neftekhimik,51.0,28.0,21.0,1.61,3.43,6.03,1.0,76.0,24.0,2.53,1.43,0.0,38,62,2.49,1.47,0.0,1,0,PREMATIPS
2025-08-24,16:00,Osasuna , Valencia,36.0,32.0,32.0,2.4,3.2,3.1,0.0,86.0,14.0,2.3,1.62,0.0,54,46,1.95,1.8,1.0,1,0,PREMATIPS
2025-08-24,16:00,Dep. La Coruna , Burgos,40.0,33.0,27.0,1.9,3.3,4.2,1.0,18.0,82.0,2.25,1.62,1.0,86,14,2.0,1.73,1.0,0,0,PREMATIPS
2025-08-24,16:00,Komarno , Spartak Trnava,27.0,32.0,41.0,4.6,3.9,1.61,2.0,37.0,63.0,1.66,2.05,1.0,52,48,1.72,1.98,1.0,1,4,PREMATIPS
2025-08-24,16:00,Assyriska FF , Йоребро Сир.,45.0,22.0,33.0,1.53,3.85,5.13,4.0,37.0,63.0,1.71,1.93,1.0,62,38,1.78,1.9,1.0,3,1,PREMATIPS
2025-08-24,16:00,Metalist 1925 , Obolon,42.0,32.0,26.0,1.55,3.75,4.75,1.0,53.0,47.0,1.9,1.78,0.0,46,54,1.95,1.74,0.0,2,0,PREMATIPS
2025-08-24,16:15,Le Havre , Lens,29.0,31.0,40.0,4.5,3.8,1.75,2.0,54.0,46.0,1.85,2.0,0.0,43,57,1.8,1.95,0.0,1,2,PREMATIPS
2025-08-24,16:15,Strasbourg , Nantes,41.0,33.0,26.0,1.65,3.7,5.5,1.0,88.0,12.0,1.93,1.93,0.0,10,90,1.91,1.91,0.0,1,0,PREMATIPS
2025-08-24,16:15,Toulouse , Brest,37.0,32.0,31.0,2.19,3.39,3.21,4.0,54.0,46.0,1.96,1.8,0.0,43,57,1.76,1.98,0.0,2,0,PREMATIPS
2025-08-24,16:25,Panevezys , Kauno Zalgiris,29.0,20.0,51.0,4.5,3.4,1.66,2.0,43.0,57.0,2.05,1.66,1.0,47,53,1.96,1.75,0.0,1,0,PREMATIPS
2025-08-24,16:30,Turan Tovuz ,Naxcivan,36.0,34.0,30.0,2.2,2.87,3.1,4.0,92.0,8.0,2.5,1.46,0.0,50,50,2.15,1.62,0.0,1,2,PREMATIPS
2025-08-24,16:30,Banik Ostrava , Slovacko,42.0,32.0,26.0,1.6,4.33,4.5,1.0,68.0,32.0,1.67,2.15,0.0,60,40,1.75,2.0,1.0,2,0,PREMATIPS
2025-08-24,16:30,Fulham , Manchester Utd,31.0,31.0,38.0,3.4,3.5,2.1,0.0,86.0,14.0,1.8,2.0,0.0,41,59,1.67,2.1,0.0,1,1,PREMATIPS
2025-08-24,16:30,Jaro , KuPS Kuopio,20.0,33.0,47.0,4.2,4.0,1.67,6.0,42.0,58.0,1.53,2.4,1.0,53,47,1.57,2.25,1.0,1,3,PREMATIPS
2025-08-24,16:30,Qatar , Lebanon,45.0,35.0,20.0,1.36,4.2,7.5,1.0,52.0,48.0,1.85,1.95,0.0,41,59,2.2,1.62,0.0,0,1,PREMATIPS
2025-08-24,16:30,B. M'gladbach , Hamburger,40.0,30.0,30.0,1.85,3.9,3.9,1.0,67.0,33.0,1.5,2.63,0.0,28,72,1.5,2.5,0.0,0,0,PREMATIPS
2025-08-24,16:30,Lechia Gdansk , Arka Gdynia,3.0,40.0,55.0,2.1,3.8,3.1,2.0,35.0,65.0,1.65,2.2,1.0,72,28,1.57,2.25,1.0,1,0,PREMATIPS
2025-08-24,16:30,Ruch Chorzow , Polonia Bytom,49.0,8.0,43.0,2.2,3.2,3.3,1.0,45.0,55.0,1.9,1.9,1.0,38,62,1.67,2.1,0.0,1,1,PREMATIPS
2025-08-24,16:30,U Craiova , Petrolul,50.0,34.0,16.0,1.65,3.6,4.75,1.0,43.0,57.0,2.08,1.73,1.0,67,33,2.0,1.73,1.0,2,0,PREMATIPS
2025-08-24,16:30,Primorje , Olimpija,23.0,5.0,70.0,4.8,4.1,1.55,2.0,30.0,70.0,1.63,2.1,1.0,53,47,1.71,1.98,1.0,1,1,PREMATIPS
2025-08-24,17:00,Atl. Colegiales , Patronato Parana,33.0,29.0,38.0,2.7,2.8,3.0,5.0,75.0,25.0,3.1,1.36,0.0,33,67,2.25,1.57,0.0,0,0,PREMATIPS
2025-08-24,17:00,Noah , Van,46.0,34.0,20.0,1.3,5.0,7.5,1.0,56.0,44.0,1.55,2.25,0.0,27,73,1.9,1.78,0.0,-,-,PREMATIPS
2025-08-24,17:00,Dinamo Minsk , Slavia Mozyr,43.0,16.0,41.0,1.98,3.0,3.5,5.0,49.0,51.0,2.37,1.51,1.0,45,55,2.1,1.63,0.0,3,1,PREMATIPS
2025-08-24,17:00,Ethnikos Achna , Akritas Chloraka,42.0,32.0,26.0,1.61,3.6,4.5,1.0,89.0,11.0,1.62,2.15,0.0,11,89,1.65,2.1,0.0,0,0,PREMATIPS
2025-08-24,17:00,AGF Aarhus , Vejle,60.0,27.0,13.0,1.55,4.0,5.75,1.0,48.0,52.0,1.67,2.15,1.0,60,40,1.75,2.0,1.0,1,0,PREMATIPS
2025-08-24,17:00,Gagra , Samgurali,35.0,31.0,34.0,2.9,3.0,2.25,5.0,58.0,42.0,2.25,1.57,0.0,47,53,1.98,1.73,0.0,2,0,PREMATIPS
2025-08-24,17:00,Pergolettese , Renate,36.0,34.0,30.0,2.15,2.87,3.2,4.0,80.0,20.0,2.55,1.44,0.0,20,80,2.2,1.58,0.0,0,1,PREMATIPS
2025-08-24,17:00,Virtus Verona , Cittadella,31.0,34.0,35.0,3.25,2.9,2.1,6.0,80.0,20.0,2.37,1.51,0.0,20,80,2.05,1.66,0.0,1,1,PREMATIPS
2025-08-24,17:00,Giugliano , Potenza,35.0,32.0,33.0,2.25,3.2,2.7,5.0,86.0,14.0,1.9,1.77,0.0,17,83,1.75,1.93,0.0,2,3,PREMATIPS
2025-08-24,17:00,Latina , Atalanta U23,29.0,33.0,38.0,3.4,3.1,1.98,6.0,55.0,45.0,2.0,1.7,0.0,50,50,1.85,1.83,0.0,1,0,PREMATIPS
2025-08-24,17:00,Sorrento , Cavese 1919,34.0,32.0,34.0,2.5,3.0,2.55,0.0,86.0,14.0,2.15,1.6,0.0,17,83,1.9,1.77,0.0,0,0,PREMATIPS
2025-08-24,17:00,Hegelmann , Zalgiris,49.0,21.0,30.0,1.83,3.5,3.4,1.0,50.0,50.0,1.7,2.0,1.0,46,54,1.64,2.11,0.0,2,2,PREMATIPS
2025-08-24,17:00,Chayka Pesch. , Arsenal Tula,27.0,34.0,39.0,4.09,3.05,1.98,6.0,62.0,38.0,2.46,1.43,0.0,71,29,2.18,1.61,1.0,0,3,PREMATIPS
2025-08-24,17:00,Trabzonspor , Antalyaspor,42.0,32.0,26.0,1.62,3.6,4.75,1.0,65.0,35.0,1.88,1.93,0.0,29,71,1.83,1.83,0.0,1,0,PREMATIPS
2025-08-24,17:00,Boluspor , Keciorengucu,38.0,32.0,30.0,2.1,3.3,3.0,4.0,50.0,50.0,1.98,1.83,0.0,68,32,1.73,2.0,1.0,2,1,PREMATIPS
2025-08-24,17:00,Erzurumspor , Pendikspor,40.0,33.0,27.0,1.83,3.25,4.1,1.0,66.0,34.0,2.25,1.62,0.0,52,48,2.0,1.73,1.0,3,3,PREMATIPS
2025-08-24,17:15,Vikingur Gota , EB Streymur,46.0,26.0,28.0,1.25,5.5,8.0,1.0,37.0,63.0,1.42,2.65,1.0,55,45,1.8,1.9,1.0,1,1,PREMATIPS
2025-08-24,17:30,RAAL La Louviere , Union SG,19.0,23.0,58.0,7.0,5.25,1.36,2.0,51.0,49.0,1.7,2.1,0.0,44,56,2.0,1.75,0.0,0,0,PREMATIPS
2025-08-24,17:30,Dep. La Serena , Huachipato,31.0,25.0,44.0,2.25,3.4,2.85,6.0,43.0,57.0,1.85,1.95,1.0,58,42,1.67,2.1,1.0,0,2,PREMATIPS
2025-08-24,17:30,Osijek , Hajduk Split,32.0,32.0,36.0,3.0,3.1,2.3,0.0,62.0,38.0,2.15,1.67,0.0,25,75,1.83,1.83,0.0,0,2,PREMATIPS
2025-08-24,17:30,H. Kfar Saba , Maccabi Jaffa,38.0,33.0,29.0,2.2,3.1,2.87,4.0,84.0,16.0,1.98,1.72,0.0,16,84,1.8,1.9,0.0,2,1,PREMATIPS
2025-08-24,17:30,H. Ramat Gan , Hapoel Acre,38.0,32.0,30.0,1.9,3.4,3.4,4.0,84.0,16.0,1.8,1.87,0.0,16,84,1.73,1.98,0.0,1,1,PREMATIPS
2025-08-24,17:30,Kiryat Yam , Hapoel Raanana,37.0,31.0,32.0,2.2,3.25,2.8,5.0,47.0,53.0,1.73,1.95,1.0,57,43,1.63,2.1,1.0,4,0,PREMATIPS
2025-08-24,17:30,Rishon LeZion , Bnei Yehuda,36.0,32.0,32.0,2.55,3.1,2.45,0.0,84.0,16.0,1.88,1.8,0.0,16,84,1.72,1.98,0.0,0,0,PREMATIPS
2025-08-24,17:30,Cagliari , Fiorentina,31.0,32.0,37.0,3.3,3.3,2.2,6.0,92.0,8.0,2.1,1.73,0.0,8,92,1.8,1.95,0.0,1,1,PREMATIPS
2025-08-24,17:30,Como , Lazio,35.0,32.0,33.0,2.38,3.25,3.0,5.0,92.0,8.0,2.0,1.85,0.0,8,92,1.75,2.0,0.0,2,0,PREMATIPS
2025-08-24,17:30,Al, Ajman Club,40.0,32.0,28.0,1.83,3.5,3.5,1.0,87.0,13.0,1.6,2.15,0.0,13,87,1.57,2.25,0.0,1,0,PREMATIPS
2025-08-24,17:45,Borac B. Luka , FK Sarajevo,66.0,13.0,21.0,1.75,3.25,4.1,1.0,43.0,57.0,2.15,1.62,1.0,61,39,2.05,1.68,1.0,5,1,PREMATIPS
2025-08-24,17:45,Zabbar , Hibernians,31.0,31.0,38.0,3.15,3.29,1.99,0.0,19.0,81.0,1.88,1.78,1.0,85,15,1.73,1.94,1.0,2,2,PREMATIPS
2025-08-24,18:00,Union Santa Fe , Atl. Huracan,37.0,27.0,36.0,2.2,3.1,3.7,5.0,68.0,32.0,3.4,1.33,0.0,28,72,2.5,1.5,0.0,1,1,PREMATIPS
2025-08-24,18:00,Almirante Brown , Gimnasia Jujuy,31.0,35.0,34.0,3.1,2.7,2.7,6.0,75.0,25.0,3.4,1.33,0.0,38,62,2.5,1.5,0.0,0,0,PREMATIPS
2025-08-24,18:00,Krasava Ypsonas , APOEL Nicosia,25.0,33.0,42.0,4.75,4.0,1.52,2.0,89.0,11.0,1.62,2.15,0.0,11,89,1.71,1.98,0.0,1,2,PREMATIPS
2025-08-24,18:00,Gareji Sagarejo , Kolkheti Poti,48.0,29.0,23.0,1.93,3.2,3.5,1.0,62.0,38.0,2.05,1.66,0.0,47,53,1.9,1.78,0.0,2,2,PREMATIPS
2025-08-24,18:00,Aurora Guatemala , Coban Imperial,64.0,20.0,16.0,2.2,2.9,3.1,1.0,58.0,42.0,2.25,1.55,0.0,48,52,1.98,1.72,0.0,1,1,PREMATIPS
2025-08-24,18:00,KA Akureyri , Fram Reykjavik,39.0,24.0,37.0,2.05,3.7,2.9,5.0,48.0,52.0,1.47,2.45,1.0,54,46,1.44,2.55,1.0,2,0,PREMATIPS
2025-08-24,18:00,Spezia , Carrarese,41.0,33.0,26.0,1.69,3.53,4.74,1.0,80.0,20.0,2.04,1.71,0.0,26,74,1.95,1.76,0.0,0,2,PREMATIPS
2025-08-24,18:00,Venezia , Bari,38.0,33.0,29.0,1.73,3.6,5.25,4.0,80.0,20.0,2.15,1.67,0.0,26,74,2.0,1.75,0.0,2,1,PREMATIPS
2025-08-24,18:00,Sheriff Tiraspol , Milsami Orhei,45.0,34.0,21.0,1.34,4.34,6.87,1.0,47.0,53.0,1.71,1.89,1.0,43,57,2.03,1.69,0.0,1,1,PREMATIPS
2025-08-24,18:00,Bokelj Kotor , Jedinstvo,52.0,44.0,3.0,1.98,3.2,3.3,1.0,49.0,51.0,2.15,1.61,1.0,53,47,1.98,1.73,1.0,1,1,PREMATIPS
2025-08-24,18:00,Porto , Casa Pia,47.0,35.0,18.0,1.18,6.25,17.0,1.0,66.0,34.0,1.7,2.1,0.0,11,89,2.63,1.44,0.0,4,0,PREMATIPS
2025-08-24,18:00,Sochi , Baltika,6.0,53.0,41.0,3.58,3.34,2.2,6.0,43.0,57.0,2.2,1.72,1.0,65,35,1.88,1.88,1.0,0,2,PREMATIPS
2025-08-24,18:00,Radnik Surdulica , Zelezn. Pancevo,20.0,44.0,36.0,2.15,3.25,2.9,6.0,62.0,38.0,1.95,1.73,0.0,40,60,1.8,1.87,0.0,1,2,PREMATIPS
2025-08-24,18:00,Z. Michalovce , Slovan Brat.,28.0,44.0,28.0,4.0,4.1,1.65,0.0,42.0,58.0,1.44,2.55,1.0,66,34,1.5,2.4,1.0,1,1,PREMATIPS
2025-08-24,18:00,Zilina , Z. Podbrezova,44.0,26.0,30.0,1.72,3.9,3.9,1.0,31.0,69.0,1.43,2.6,1.0,69,31,1.46,2.5,1.0,3,0,PREMATIPS
2025-08-24,18:00,Caykur Rizespor , Ist. Basaksehir,35.0,30.0,35.0,2.54,3.53,2.42,5.0,45.0,55.0,1.68,2.08,1.0,58,42,1.58,2.21,1.0,-,-,PREMATIPS
2025-08-24,18:00,Konyaspor , Besiktas,30.0,31.0,39.0,3.47,3.69,1.9,6.0,45.0,55.0,1.68,2.07,1.0,57,43,1.61,2.17,1.0,-,-,PREMATIPS
2025-08-24,18:15,Dender , OH Leuven,37.0,31.0,32.0,2.2,3.25,3.3,5.0,51.0,49.0,2.0,1.8,0.0,52,48,1.75,2.0,1.0,0,1,PREMATIPS
2025-08-24,18:15,CSKA Sofia , CSKA 1948,9.0,66.0,25.0,1.6,4.0,5.25,6.0,65.0,35.0,1.95,1.85,0.0,60,40,2.0,1.73,1.0,0,1,PREMATIPS
2025-08-24,18:15,AEK Athens , Panserraikos,46.0,36.0,18.0,1.2,6.5,13.0,1.0,95.0,5.0,1.57,2.35,0.0,5,95,2.25,1.57,0.0,2,0,PREMATIPS
2025-08-24,18:15,Maccabi Netanya , H. Beer Sheva,24.0,32.0,44.0,5.75,4.5,1.48,2.0,75.0,25.0,1.57,2.35,0.0,16,84,1.73,2.0,0.0,2,4,PREMATIPS
2025-08-24,18:15,Molde , Tromso,29.0,18.0,53.0,2.2,3.4,3.1,2.0,42.0,58.0,1.83,1.98,1.0,52,48,1.67,2.1,1.0,2,0,PREMATIPS
2025-08-24,18:15,IMT New Belgrade , Radnicki 1923,31.0,31.0,38.0,3.2,3.5,1.9,0.0,39.0,61.0,1.6,2.15,1.0,79,21,1.57,2.25,1.0,2,0,PREMATIPS
2025-08-24,18:30,Waldhof Mannheim , Viktoria Koln,37.0,31.0,32.0,2.2,3.3,3.2,5.0,50.0,50.0,1.9,1.9,1.0,53,47,1.73,2.0,1.0,2,0,PREMATIPS
2025-08-24,18:30,Petrovac , Arsenal Tivat,18.0,66.0,16.0,2.2,3.0,2.95,4.0,72.0,28.0,2.3,1.53,0.0,53,47,2.0,1.68,1.0,0,0,PREMATIPS
2025-08-24,18:30,Pogon Siedlce , Puszcza Niepol.,29.0,60.0,11.0,2.63,3.1,2.63,4.0,56.0,44.0,2.08,1.73,0.0,65,35,1.8,1.91,1.0,0,0,PREMATIPS
2025-08-24,18:30,Real Sociedad , Espanyol,41.0,33.0,26.0,1.75,3.4,5.25,1.0,53.0,47.0,2.3,1.62,0.0,88,12,2.05,1.7,1.0,2,2,PREMATIPS
2025-08-24,18:30,Villarreal , Girona,43.0,32.0,25.0,1.53,4.33,6.0,1.0,53.0,47.0,1.67,2.2,0.0,54,46,1.75,2.0,1.0,5,0,PREMATIPS
2025-08-24,18:30,Leonesa , Almeria,31.0,31.0,38.0,3.3,3.5,2.1,0.0,18.0,82.0,1.77,1.92,1.0,86,14,1.67,2.1,1.0,0,1,PREMATIPS
2025-08-24,18:30,Radnicki Nis , Partizan,33.0,6.0,61.0,3.25,3.4,1.93,2.0,30.0,70.0,1.68,2.0,1.0,72,28,1.63,2.1,1.0,2,2,PREMATIPS
2025-08-24,19:00,Partizani , Vora FK,42.0,35.0,23.0,1.59,3.27,5.32,1.0,95.0,5.0,2.24,1.51,0.0,5,95,2.19,1.59,0.0,1,0,PREMATIPS
2025-08-24,19:00,ASEC Mimosas , AFAD Djekanou,38.0,34.0,28.0,1.94,2.86,3.77,4.0,24.0,76.0,2.49,1.45,1.0,46,54,2.14,1.62,0.0,1,0,PREMATIPS
2025-08-24,19:00,Sparta Prague , Dukla Prague,58.0,22.0,20.0,1.22,6.0,11.0,1.0,72.0,28.0,1.65,2.2,0.0,44,56,2.25,1.57,0.0,3,2,PREMATIPS
2025-08-24,19:00,El Nacional , LDU Quito,29.0,22.0,49.0,4.0,3.4,1.9,2.0,52.0,48.0,2.0,1.8,0.0,55,45,1.83,1.83,1.0,1,0,PREMATIPS
2025-08-24,19:00,El Gaish , El Ismaily,34.0,34.0,32.0,2.4,2.7,2.95,0.0,80.0,20.0,3.1,1.32,0.0,22,78,2.5,1.47,0.0,0,1,PREMATIPS
2025-08-24,19:00,Enppi , El Gounah,36.0,35.0,29.0,2.15,2.65,3.6,4.0,92.0,8.0,3.2,1.31,0.0,11,89,2.55,1.44,0.0,0,0,PREMATIPS
2025-08-24,19:00,PAOK , AEL Larissa,46.0,35.0,19.0,1.3,5.0,11.0,1.0,95.0,5.0,1.7,2.1,0.0,5,95,2.05,1.7,0.0,1,0,PREMATIPS
2025-08-24,19:00,MTK Budapest , Paks,28.0,24.0,48.0,2.45,4.0,2.5,6.0,25.0,75.0,1.4,2.88,1.0,78,22,1.36,3.0,1.0,2,3,PREMATIPS
2025-08-24,19:00,FH Hafnarfjordur , Vestmannaeyjar,43.0,26.0,31.0,1.68,3.9,4.1,4.0,42.0,58.0,1.53,2.3,1.0,52,48,1.57,2.25,1.0,1,1,PREMATIPS
2025-08-24,19:00,Tlaxcala , Correcaminos,38.0,31.0,31.0,1.98,3.3,3.2,0.0,49.0,51.0,1.73,1.95,1.0,63,37,1.65,2.1,1.0,0,2,PREMATIPS
2025-08-24,19:00,Buducnost , Decic Tuzi,32.0,4.0,64.0,1.83,3.25,3.7,2.0,49.0,51.0,2.1,1.65,1.0,53,47,1.95,1.73,1.0,2,0,PREMATIPS
2025-08-24,19:00,Jezero Plav , Sutjeska Niksic,21.0,33.0,46.0,3.3,3.0,2.05,6.0,49.0,51.0,2.2,1.58,1.0,64,36,1.98,1.73,1.0,2,1,PREMATIPS
2025-08-24,19:00,ADT Tarma , Melgar Arequipa,38.0,20.0,42.0,3.0,3.25,2.3,5.0,61.0,39.0,2.05,1.75,0.0,38,62,1.8,1.91,0.0,2,2,PREMATIPS
2025-08-24,19:00,Spartak Subotica , Novi Pazar,21.0,43.0,36.0,2.2,3.2,2.8,6.0,37.0,63.0,2.15,1.62,1.0,72,28,1.93,1.75,1.0,1,1,PREMATIPS
2025-08-24,19:15,Bravo , Celje,30.0,5.0,65.0,3.5,3.7,1.85,2.0,23.0,77.0,1.57,2.25,1.0,60,40,1.55,2.25,1.0,0,5,PREMATIPS
2025-08-24,19:30,Atletico Mitre , San Telmo,38.0,35.0,27.0,2.05,3.0,4.2,4.0,74.0,26.0,2.88,1.4,0.0,32,68,2.5,1.5,0.0,3,0,PREMATIPS
2025-08-24,19:30,Def. Unidos , Est. Rio Cuarto,28.0,35.0,37.0,3.8,2.75,2.25,6.0,73.0,27.0,3.4,1.33,0.0,38,62,2.63,1.44,0.0,1,2,PREMATIPS
2025-08-24,19:30,Dep. Madryn , Gimnasia y Tiro,37.0,37.0,26.0,1.73,3.1,6.25,1.0,72.0,28.0,3.1,1.36,0.0,44,56,3.0,1.36,0.0,2,0,PREMATIPS
2025-08-24,19:30,Deportivo Maipu , Los Andes,35.0,32.0,33.0,1.95,3.1,4.5,5.0,74.0,26.0,2.88,1.4,0.0,38,62,2.5,1.5,0.0,1,1,PREMATIPS
2025-08-24,19:30,Temperley , Def. de Belgrano,36.0,36.0,28.0,2.38,2.63,3.8,4.0,75.0,25.0,4.0,1.25,0.0,29,71,2.63,1.44,0.0,1,1,PREMATIPS
2025-08-24,19:30,Mornar Bar , Mladost DG,12.0,63.0,25.0,2.05,3.25,3.1,6.0,16.0,84.0,1.7,2.0,1.0,75,25,1.61,2.15,1.0,2,1,PREMATIPS
2025-08-24,19:30,FC FCSB , Arges Pitesti,30.0,20.0,50.0,1.62,3.75,4.75,2.0,49.0,51.0,1.94,1.74,1.0,61,39,2.0,1.73,1.0,0,2,PREMATIPS
2025-08-24,19:30,Kayserispor , Galatasaray,24.0,32.0,44.0,6.72,5.1,1.36,2.0,49.0,51.0,1.41,2.73,1.0,46,54,1.62,2.17,0.0,0,4,PREMATIPS
2025-08-24,19:30,Amed SFK , Sivasspor,37.0,32.0,31.0,2.1,3.4,3.0,4.0,66.0,34.0,1.82,1.92,0.0,52,48,1.67,2.1,1.0,4,2,PREMATIPS
2025-08-24,19:30,Umraniyespor , Hatayspor,37.0,31.0,32.0,2.15,3.24,2.94,5.0,33.0,67.0,1.84,1.83,1.0,68,32,1.68,2.03,1.0,1,1,PREMATIPS
2025-08-24,19:30,CA Cerro , Liverpool M.,36.0,10.0,54.0,4.0,3.3,1.95,2.0,63.0,37.0,2.3,1.6,0.0,36,64,2.1,1.67,0.0,2,1,PREMATIPS
2025-08-24,19:45,Lille , Monaco,31.0,31.0,38.0,3.4,3.7,2.05,0.0,21.0,79.0,1.65,2.2,1.0,76,24,1.57,2.25,1.0,1,0,PREMATIPS
2025-08-24,19:45,Atalanta , Pisa,44.0,33.0,23.0,1.45,4.5,6.5,1.0,92.0,8.0,1.8,2.0,0.0,8,92,1.95,1.8,0.0,1,1,PREMATIPS
2025-08-24,19:45,Juventus , Parma,44.0,34.0,22.0,1.42,4.5,7.5,1.0,92.0,8.0,1.8,2.0,0.0,8,92,2.0,1.75,0.0,2,0,PREMATIPS
2025-08-24,19:45,Prishtina , Llapi,39.0,33.0,28.0,1.88,3.24,3.71,1.0,54.0,46.0,2.21,1.59,0.0,46,54,1.96,1.71,0.0,3,0,PREMATIPS
2025-08-24,20:00,Zeljeznicar , Zrinjski Mostar,26.0,34.0,40.0,4.2,3.2,1.75,2.0,87.0,13.0,2.2,1.58,0.0,33,67,2.0,1.7,0.0,2,0,PREMATIPS
2025-08-24,20:00,Blooming , U. de Vinto,52.0,26.0,22.0,1.38,4.33,7.5,1.0,35.0,65.0,1.57,2.35,1.0,70,30,1.8,1.91,1.0,1,0,PREMATIPS
2025-08-24,20:00,Bahia BA , Santos SP,53.0,24.0,23.0,1.65,3.9,5.25,1.0,50.0,50.0,1.98,1.88,0.0,48,52,1.95,1.8,0.0,2,0,PREMATIPS
2025-08-24,20:00,Vasco da Gama RJ , Corinthians SP,29.0,35.0,36.0,2.15,3.25,3.6,6.0,55.0,45.0,2.4,1.53,0.0,50,50,2.05,1.7,0.0,2,3,PREMATIPS
2025-08-24,20:00,Paysandu PA , Operario PR,32.0,32.0,36.0,2.25,3.2,3.4,0.0,64.0,36.0,2.6,1.48,0.0,44,56,2.2,1.62,0.0,1,2,PREMATIPS
2025-08-24,20:00,U. de Chile , Everton VM,66.0,13.0,21.0,1.5,4.5,5.5,1.0,48.0,52.0,1.8,2.0,1.0,52,48,2.0,1.73,1.0,-,-,PREMATIPS
2025-08-24,20:00,Once Caldas , Deportes Tolima,11.0,35.0,54.0,2.55,3.25,2.7,2.0,53.0,47.0,2.15,1.67,0.0,56,44,1.83,1.83,1.0,0,1,PREMATIPS
2025-08-24,20:00,Rijeka , Varazdin,64.0,16.0,20.0,1.63,3.7,4.75,1.0,73.0,27.0,2.1,1.7,0.0,37,63,2.0,1.73,0.0,1,2,PREMATIPS
2025-08-24,20:00,Catanzaro , Sudtirol,36.0,33.0,31.0,2.35,3.1,3.2,4.0,80.0,20.0,2.3,1.6,0.0,26,74,1.95,1.8,0.0,1,1,PREMATIPS
2025-08-24,20:00,Frosinone , Avellino,36.0,33.0,31.0,2.25,3.09,3.15,4.0,80.0,20.0,2.27,1.57,0.0,26,74,1.95,1.76,0.0,2,0,PREMATIPS
2025-08-24,20:00,L.R. Vicenza , Lumezzane,45.0,36.0,19.0,1.34,4.2,8.0,1.0,80.0,20.0,2.05,1.68,0.0,20,80,2.5,1.46,0.0,5,0,PREMATIPS
2025-08-24,20:00,Pro Patria , Pro Vercelli,34.0,33.0,33.0,2.5,2.85,2.65,0.0,80.0,20.0,2.45,1.49,0.0,20,80,2.05,1.66,0.0,2,3,PREMATIPS
2025-08-24,20:00,Casarano , Trapani,31.0,32.0,37.0,2.75,3.1,2.25,6.0,54.0,46.0,2.0,1.71,0.0,51,49,1.82,1.87,1.0,0,0,PREMATIPS
2025-08-24,20:00,Catania , Foggia,45.0,35.0,20.0,1.34,4.2,7.75,1.0,86.0,14.0,1.95,1.73,0.0,17,83,2.37,1.51,0.0,6,0,PREMATIPS
2025-08-24,20:00,Monopoli 1966 , Cosenza,35.0,34.0,31.0,2.45,3.0,2.6,4.0,60.0,40.0,2.25,1.55,0.0,47,53,1.98,1.72,0.0,2,2,PREMATIPS
2025-08-24,20:00,Naxxar Lions , Marsaxlokk,25.0,32.0,43.0,5.25,3.9,1.5,2.0,19.0,81.0,1.85,1.83,1.0,85,15,1.98,1.73,1.0,0,1,PREMATIPS
2025-08-24,20:00,Gen.Caballero JLM , Olimpia As.,34.0,34.0,32.0,4.2,3.2,1.95,4.0,57.0,43.0,2.15,1.63,0.0,45,55,1.91,1.8,0.0,2,0,PREMATIPS
2025-08-24,20:15,Argentinos Jrs , Racing Club,30.0,45.0,25.0,2.35,3.0,3.4,4.0,75.0,25.0,2.6,1.48,0.0,34,66,2.1,1.67,0.0,4,1,PREMATIPS
2025-08-24,20:30,Chaco For Ever , Agropecuario,38.0,34.0,28.0,2.01,3.0,4.1,4.0,66.0,34.0,2.7,1.44,0.0,39,61,2.38,1.53,0.0,1,1,PREMATIPS
2025-08-24,20:30,Racing Cordoba , Club Almagro,34.0,41.0,25.0,1.8,3.1,5.25,4.0,71.0,29.0,3.4,1.33,0.0,43,57,2.75,1.4,0.0,1,1,PREMATIPS
2025-08-24,20:30,AO Itabaiana SE , Maringa PR,25.0,43.0,32.0,2.45,3.1,2.55,6.0,69.0,31.0,2.15,1.62,0.0,49,51,1.9,1.78,0.0,2,2,PREMATIPS
2025-08-24,20:30,Londrina PR , Anapolis GO,44.0,39.0,17.0,1.63,3.3,4.8,4.0,69.0,31.0,2.25,1.57,0.0,43,57,2.2,1.58,0.0,1,1,PREMATIPS
2025-08-24,20:30,SC Braga , AVS Futebol SAD,84.0,5.0,9.0,1.3,5.0,9.5,1.0,33.0,67.0,1.8,2.0,1.0,27,73,2.2,1.62,0.0,2,2,PREMATIPS
2025-08-24,20:30,Real Oviedo , Real Madrid,19.0,35.0,46.0,8.5,5.25,1.33,2.0,86.0,14.0,1.73,2.1,0.0,21,79,2.05,1.7,0.0,0,3,PREMATIPS
2025-08-24,20:30,Malaga , Real Sociedad B,40.0,33.0,27.0,1.75,3.5,5.0,1.0,85.0,15.0,2.15,1.67,0.0,52,48,2.0,1.73,1.0,1,0,PREMATIPS
2025-08-24,21:00,York United , Pacific,39.0,32.0,29.0,1.88,3.3,3.5,1.0,49.0,51.0,1.82,1.87,1.0,54,46,1.72,1.98,1.0,5,1,PREMATIPS
2025-08-24,21:00,Dep. Achuapa , Comunicaciones,29.0,43.0,28.0,2.55,2.95,2.55,4.0,51.0,49.0,2.37,1.51,0.0,48,52,2.05,1.68,0.0,2,1,PREMATIPS
2025-08-24,21:00,Atlanta Utd , Toronto,33.0,33.0,34.0,1.7,4.0,4.5,0.0,51.0,49.0,1.62,2.25,0.0,57,43,1.62,2.2,1.0,0,0,PREMATIPS
2025-08-24,21:15,Cienciano , Atletico Grau,43.0,33.0,24.0,1.53,4.0,5.75,1.0,46.0,54.0,1.98,1.83,1.0,68,32,2.1,1.67,1.0,1,0,PREMATIPS
2025-08-24,21:30,Emelec , Ind. del Valle,24.0,33.0,43.0,3.4,3.1,2.2,6.0,59.0,41.0,2.3,1.6,0.0,55,45,2.0,1.73,1.0,0,1,PREMATIPS
2025-08-24,22:00,Cacahuatique , Isidro Metapan,40.0,11.0,49.0,3.6,2.9,2.0,2.0,56.0,44.0,2.37,1.51,0.0,52,48,2.1,1.65,1.0,2,2,PREMATIPS
2025-08-24,22:00,Matagalpa , Managua FC,59.0,7.0,34.0,2.8,3.25,2.15,1.0,51.0,49.0,1.75,1.93,0.0,53,47,1.63,2.1,1.0,1,2,PREMATIPS
2025-08-24,22:00,Penarol , River Plate M.,82.0,7.0,11.0,1.33,5.75,7.5,1.0,53.0,47.0,1.93,1.88,0.0,36,64,2.5,1.5,0.0,2,0,PREMATIPS
2025-08-24,22:00,Metropolitanos , Dep. Tachira,18.0,26.0,56.0,4.0,3.1,1.82,2.0,47.0,53.0,2.15,1.61,1.0,63,37,2.0,1.71,1.0,2,3,PREMATIPS
2025-08-24,22:10,Union Magdalena , Alianza Valledupar,35.0,33.0,32.0,2.6,3.3,2.7,4.0,56.0,44.0,2.5,1.5,0.0,52,48,2.1,1.67,1.0,2,3,PREMATIPS
2025-08-24,22:15,Boca Juniors , Banfield,26.0,47.0,27.0,1.75,3.4,5.25,6.0,55.0,45.0,2.6,1.48,0.0,54,46,2.5,1.5,1.0,2,0,PREMATIPS
2025-08-24,22:15,CDT Real Oruro , Ind. Petrolero,46.0,27.0,27.0,1.6,3.8,4.5,0.0,39.0,61.0,1.7,2.1,1.0,68,32,1.73,2.0,1.0,3,4,PREMATIPS
2025-08-24,22:30,Fortaleza CE , Mirassol SP,26.0,34.0,40.0,2.4,3.1,3.0,6.0,53.0,47.0,2.1,1.7,0.0,56,44,1.91,1.91,1.0,0,1,PREMATIPS
2025-08-24,22:30,Juventude RS , Botafogo RJ,22.0,23.0,55.0,3.6,3.4,1.96,2.0,61.0,39.0,2.2,1.65,0.0,34,66,1.95,1.8,0.0,1,3,PREMATIPS
2025-08-24,22:30,Ferroviaria SP , Volta Redonda RJ,44.0,34.0,22.0,2.2,3.2,3.4,4.0,67.0,33.0,2.5,1.5,0.0,47,53,2.2,1.62,0.0,0,0,PREMATIPS
2025-08-24,22:30,Dep. Iquique , Nublense,26.0,27.0,47.0,2.75,3.25,2.5,6.0,51.0,49.0,1.9,1.9,0.0,52,48,1.67,2.1,1.0,0,2,PREMATIPS
2025-08-24,22:30,Cerro Porteno , Sp. Trinidense,31.0,43.0,26.0,1.69,3.6,4.75,4.0,58.0,42.0,2.05,1.75,0.0,45,55,1.91,1.8,0.0,1,3,PREMATIPS
2025-08-24,23:00,Botafogo PB , Tombense MG,48.0,31.0,21.0,1.71,3.2,4.5,1.0,64.0,36.0,2.3,1.53,0.0,45,55,2.2,1.58,0.0,1,0,PREMATIPS
2025-08-24,23:00,Retro Brasil PE , ABC RN,23.0,49.0,28.0,2.7,2.9,2.4,6.0,68.0,32.0,2.45,1.49,0.0,39,61,2.1,1.65,0.0,1,1,PREMATIPS
2025-08-24,23:00,Sao Bernardo SP , Nautico PE,34.0,30.0,36.0,1.95,2.95,3.6,5.0,73.0,27.0,2.4,1.49,0.0,30,70,2.15,1.62,0.0,1,1,PREMATIPS
2025-08-24,23:00,Mun. Limeno , Fuerte SF,36.0,24.0,40.0,1.72,3.2,4.5,5.0,48.0,52.0,2.2,1.6,1.0,50,50,2.05,1.65,0.0,2,1,PREMATIPS
2025-08-24,23:00,Olancho FC , Marathon,44.0,18.0,38.0,2.25,3.0,2.8,4.0,31.0,69.0,2.1,1.65,1.0,51,49,1.87,1.82,1.0,1,1,PREMATIPS
2025-08-24,23:00,Est. de Merida , Dep. La Guaira,32.0,15.0,53.0,2.85,3.2,2.2,2.0,43.0,57.0,2.15,1.61,1.0,49,51,1.95,1.75,0.0,1,2,PREMATIPS
2025-08-24,23:30,Un. de Deportes , Alianza Lima,38.0,35.0,27.0,1.91,3.0,4.75,1.0,64.0,36.0,2.7,1.44,0.0,54,46,2.25,1.57,1.0,0,0,PREMATIPS
2025-08-25,00:00,Un. Catolica Q. , Tecnico Un.,45.0,30.0,25.0,1.7,4.0,4.33,4.0,52.0,48.0,1.9,1.9,0.0,60,40,1.83,1.83,1.0,2,0,PREMATIPS
2025-08-25,00:00,Alianza Salvador , FAS Santa Ana,20.0,46.0,34.0,2.37,2.8,2.9,6.0,52.0,48.0,2.45,1.47,0.0,55,45,2.1,1.65,1.0,2,0,PREMATIPS
2025-08-25,00:00,Pumas UNAM , Puebla,62.0,24.0,14.0,1.62,4.2,5.0,1.0,48.0,52.0,1.98,1.83,1.0,52,48,2.0,1.75,1.0,0,0,PREMATIPS
2025-08-25,00:00,ART Mun. Jalapa , Real Madriz,44.0,5.0,49.0,1.82,3.48,3.54,2.0,35.0,65.0,1.69,2.0,1.0,51,49,1.62,2.07,1.0,4,2,PREMATIPS
2025-08-25,00:00,Charlotte FC , NY Red Bulls,48.0,20.0,32.0,1.9,4.0,3.7,1.0,45.0,55.0,1.62,2.25,1.0,56,44,1.62,2.2,1.0,1,0,PREMATIPS
2025-08-25,00:20,America de Cali , Atl. Nacional,18.0,23.0,59.0,2.4,3.0,2.57,2.0,41.0,59.0,2.4,1.53,1.0,62,38,2.1,1.67,1.0,1,1,PREMATIPS
2025-08-25,00:30,Independiente , Platense,38.0,35.0,27.0,2.1,3.0,4.2,4.0,55.0,45.0,3.4,1.33,0.0,54,46,2.63,1.44,1.0,-,-,PREMATIPS
2025-08-25,00:30,J. Wilstermann , Bolivar La Paz,10.0,27.0,63.0,5.5,4.2,1.48,2.0,39.0,61.0,1.5,2.5,1.0,62,38,1.62,2.2,1.0,2,2,PREMATIPS
2025-08-25,00:30,Sao Paulo SP , Atletico MG,42.0,32.0,26.0,1.75,3.5,5.0,4.0,56.0,44.0,2.4,1.53,0.0,51,49,2.25,1.57,1.0,2,0,PREMATIPS
2025-08-25,00:30,Cuiaba MT , Atletico GO,43.0,31.0,26.0,2.01,3.1,4.0,1.0,65.0,35.0,2.6,1.48,0.0,47,53,2.2,1.62,0.0,2,2,PREMATIPS
2025-08-25,00:30,Mont. City Torque , Racing Club M.,23.0,41.0,36.0,2.38,3.0,3.2,6.0,64.0,36.0,2.1,1.7,0.0,47,53,1.8,1.91,0.0,4,0,PREMATIPS
2025-08-25,01:00,San Carlos , Herediano,27.0,26.0,47.0,3.25,3.1,2.05,6.0,58.0,42.0,2.25,1.62,0.0,46,54,2.0,1.73,0.0,2,2,PREMATIPS
2025-08-25,01:15,Real Espana , Juticalpa,42.0,37.0,21.0,1.26,4.75,10.0,1.0,38.0,62.0,1.55,2.25,1.0,51,49,1.98,1.72,1.0,0,2,PREMATIPS
2025-08-25,01:30,Puerto Cabello , Caracas,39.0,27.0,34.0,1.98,3.0,3.5,5.0,57.0,43.0,2.15,1.61,0.0,44,56,1.95,1.75,0.0,0,0,PREMATIPS
2025-08-25,02:00,Marquense , Malacateco,32.0,44.0,24.0,1.8,3.1,4.0,4.0,44.0,56.0,2.25,1.55,1.0,49,51,2.1,1.65,0.0,4,1,PREMATIPS
2025-08-25,02:00,Real Esteli , Walter Ferretti,65.0,5.0,30.0,1.36,4.4,6.75,1.0,41.0,59.0,1.65,2.1,1.0,55,45,1.93,1.75,1.0,0,0,PREMATIPS
2025-08-25,02:05,Atlas , Club America,15.0,52.0,33.0,4.5,3.8,1.71,6.0,35.0,65.0,1.8,2.0,1.0,72,28,1.75,2.0,1.0,2,4,PREMATIPS
2025-08-25,02:15,Seattle Sounders , Sporting Kansas,52.0,26.0,22.0,1.4,5.5,6.5,1.0,42.0,58.0,1.36,3.1,1.0,59,41,1.57,2.25,1.0,5,2,PREMATIPS
2025-08-25,02:30,CA Bucaramanga , Aguilas Doradas,27.0,50.0,23.0,1.79,3.5,4.2,4.0,44.0,56.0,2.3,1.6,1.0,71,29,2.2,1.62,1.0,4,0,PREMATIPS
2025-08-25,12:30,Lion City Sail. , Hougang Utd,46.0,33.0,21.0,1.17,6.5,12.0,1.0,84.0,16.0,1.25,4.0,0.0,16,84,1.67,2.1,0.0,2,1,PREMATIPS
2025-08-25,13:00,Beijing Guoan , Wuhan Three Towns,61.0,20.0,19.0,1.33,5.75,7.0,1.0,39.0,61.0,1.33,3.4,1.0,65,35,1.62,2.2,1.0,4,0,PREMATIPS
2025-08-25,13:30,Dinaz Vyshhorod , Ahrobiznes,19.0,36.0,45.0,9.55,5.05,1.29,2.0,49.0,51.0,1.82,1.93,1.0,40,60,2.34,1.58,0.0,0,3,PREMATIPS
2025-08-25,14:30,Briton Ferry , Haverfordwest,32.0,31.0,37.0,2.7,3.4,2.2,5.0,45.0,55.0,1.75,1.95,1.0,59,41,1.65,2.1,1.0,0,1,PREMATIPS
2025-08-25,14:30,Caernarfon Town , Bala Town,43.0,33.0,24.0,1.46,4.2,5.25,1.0,50.0,50.0,1.63,2.1,1.0,70,30,1.7,2.0,1.0,2,0,PREMATIPS
2025-08-25,14:30,Cardiff Met , Barry Town Utd,39.0,31.0,30.0,2.3,3.4,2.5,1.0,50.0,50.0,1.72,1.98,1.0,76,24,1.55,2.25,1.0,1,1,PREMATIPS
2025-08-25,14:30,Colwyn Bay , TNS,22.0,33.0,45.0,7.5,5.25,1.28,2.0,62.0,38.0,1.49,2.4,0.0,43,57,1.85,1.83,0.0,1,1,PREMATIPS
2025-08-25,14:30,Pen, Llanelli Town,47.0,35.0,18.0,1.14,7.25,12.0,1.0,50.0,50.0,1.42,2.65,1.0,54,46,2.2,1.6,1.0,2,0,PREMATIPS
2025-08-25,15:00,Aldershot Town , Morecambe,41.0,31.0,28.0,1.67,3.8,4.2,1.0,16.0,84.0,1.67,2.15,1.0,81,19,1.7,2.05,1.0,4,0,PREMATIPS
2025-08-25,15:00,Altrincham , Solihull Moors,40.0,31.0,29.0,1.85,3.6,3.6,1.0,41.0,59.0,1.7,2.1,1.0,65,35,1.67,2.1,1.0,2,0,PREMATIPS
2025-08-25,15:00,Boreham Wood , Truro City,39.0,32.0,29.0,1.75,3.6,4.1,1.0,60.0,40.0,1.9,1.9,0.0,37,63,1.8,1.95,0.0,2,1,PREMATIPS
2025-08-25,15:00,Boston United , Wealdstone,37.0,32.0,31.0,2.2,3.3,3.0,4.0,55.0,45.0,1.9,1.9,0.0,42,58,1.7,2.05,0.0,2,1,PREMATIPS
2025-08-25,15:00,Carlisle Utd , Braintree,42.0,32.0,26.0,1.55,4.0,5.0,1.0,57.0,43.0,1.73,2.08,0.0,40,60,1.8,1.95,0.0,5,0,PREMATIPS
2025-08-25,15:00,Forest Green R. , Eastleigh,63.0,6.0,31.0,1.57,3.9,5.0,1.0,49.0,51.0,1.85,1.95,1.0,40,60,1.95,1.8,0.0,1,0,PREMATIPS
2025-08-25,15:00,Rochdale , Sutton Utd,68.0,25.0,7.0,1.62,3.8,4.75,1.0,32.0,68.0,1.7,2.1,1.0,48,52,1.75,2.0,0.0,1,0,PREMATIPS
2025-08-25,15:00,Scunthorpe Utd , Halifax Town,83.0,3.0,14.0,2.05,3.3,3.3,1.0,24.0,76.0,1.95,1.85,1.0,65,35,1.75,2.0,1.0,1,1,PREMATIPS
2025-08-25,15:00,Southend Utd , Hartlepool Utd,40.0,31.0,29.0,1.83,3.5,3.8,1.0,66.0,34.0,1.88,1.93,0.0,15,85,1.8,1.95,0.0,1,1,PREMATIPS
2025-08-25,15:00,Tamworth , Brackley Town,38.0,5.0,55.0,2.1,3.3,3.1,2.0,43.0,57.0,2.0,1.8,1.0,54,46,1.75,2.0,1.0,1,1,PREMATIPS
2025-08-25,15:00,Woking , York City,24.0,33.0,43.0,6.25,4.5,1.42,2.0,46.0,54.0,1.75,2.05,1.0,42,58,1.95,1.8,0.0,1,1,PREMATIPS
2025-08-25,15:00,Yeovil Town , Gateshead,36.0,22.0,42.0,2.1,3.4,3.1,6.0,49.0,51.0,1.85,1.95,1.0,31,69,1.7,2.05,0.0,3,4,PREMATIPS
2025-08-25,15:00,Ural , Volga Ulyanovsk,60.0,23.0,17.0,1.42,4.32,6.9,1.0,62.0,38.0,1.96,1.78,0.0,51,49,2.14,1.62,1.0,4,0,PREMATIPS
2025-08-25,15:00,Sogdiana , Navbahor,36.0,34.0,30.0,2.3,3.0,2.8,4.0,60.0,40.0,2.3,1.53,0.0,46,54,1.93,1.67,0.0,4,0,PREMATIPS
2025-08-25,15:30,Liepaja , Super Nova Riga,48.0,31.0,21.0,1.24,5.25,9.25,1.0,51.0,49.0,1.63,2.1,0.0,57,43,2.15,1.6,1.0,0,3,PREMATIPS
2025-08-25,16:00,Gabala , Zira Baku,27.0,34.0,39.0,4.0,3.1,1.82,6.0,87.0,13.0,2.3,1.53,0.0,86,14,2.15,1.61,1.0,1,2,PREMATIPS
2025-08-25,16:00,CSKA Sofia II , Belasitsa Petrich,39.0,33.0,28.0,1.75,3.24,3.92,1.0,74.0,26.0,2.13,1.55,0.0,55,45,2.04,1.66,1.0,2,0,PREMATIPS
2025-08-25,16:00,Ghazl El Mahalla , Al Ahly Cairo,19.0,36.0,45.0,7.5,4.6,1.32,2.0,59.0,41.0,1.9,1.78,0.0,43,57,2.37,1.51,0.0,0,0,PREMATIPS
2025-08-25,16:00,ZED FC , Wadi Degla,37.0,35.0,28.0,2.1,2.7,3.6,4.0,92.0,8.0,2.95,1.35,0.0,21,79,2.45,1.49,0.0,1,2,PREMATIPS
2025-08-25,16:00,Haka , SJK Seinajoki,31.0,15.0,54.0,3.9,4.0,1.67,2.0,32.0,68.0,1.48,2.6,1.0,66,34,1.5,2.5,1.0,2,3,PREMATIPS
2025-08-25,16:00,Bashkimi , Tikvesh,31.0,34.0,35.0,3.0,2.8,2.3,6.0,63.0,37.0,2.25,1.57,0.0,50,50,1.93,1.75,0.0,3,1,PREMATIPS
2025-08-25,16:00,Pelister Bitola , Shkupi Skopje,46.0,36.0,18.0,1.2,5.75,11.0,1.0,13.0,87.0,1.55,2.25,1.0,66,34,2.2,1.58,1.0,2,0,PREMATIPS
2025-08-25,16:30,Wieczysta Krakow , Gornik Leczna,54.0,37.0,9.0,1.4,4.75,7.0,1.0,37.0,63.0,1.6,2.3,1.0,68,32,1.83,1.83,1.0,2,2,PREMATIPS
2025-08-25,16:45,Aluminium Arak , Kheybar,34.0,36.0,30.0,2.55,2.55,3.2,4.0,63.0,37.0,3.1,1.32,0.0,50,50,2.45,1.49,0.0,0,1,PREMATIPS
2025-08-25,16:45,Paykan , Esteghlal Kh.,37.0,35.0,28.0,2.15,2.85,3.5,4.0,96.0,4.0,2.8,1.37,0.0,50,50,2.37,1.5,0.0,1,1,PREMATIPS
2025-08-25,17:00,Slavia Sofia , Arda Kardzhali,13.0,30.0,57.0,2.4,3.5,2.8,2.0,50.0,50.0,2.0,1.8,0.0,45,55,1.8,1.91,0.0,2,0,PREMATIPS
2025-08-25,17:00,Gnistan , AC Oulu,60.0,23.0,17.0,1.83,4.0,3.4,1.0,34.0,66.0,1.6,2.3,1.0,61,39,1.62,2.2,1.0,3,2,PREMATIPS
2025-08-25,17:00,Sepahan , Persepolis,35.0,35.0,30.0,2.3,2.7,3.4,4.0,96.0,4.0,2.85,1.36,0.0,83,17,2.35,1.52,1.0,0,1,PREMATIPS
2025-08-25,17:00,Siauliai , Suduva,32.0,36.0,32.0,2.2,3.3,2.7,0.0,47.0,53.0,1.75,1.93,1.0,46,54,1.66,2.1,0.0,2,1,PREMATIPS
2025-08-25,17:00,Hermannstadt , Farul Constanta,13.0,58.0,29.0,2.35,3.0,3.1,6.0,49.0,51.0,2.1,1.7,1.0,72,28,1.8,1.91,1.0,1,0,PREMATIPS
2025-08-25,17:00,Eyupspor , Alanyaspor,36.0,31.0,33.0,2.3,3.3,2.7,5.0,49.0,51.0,1.95,1.85,1.0,45,55,1.73,2.0,0.0,2,1,PREMATIPS
2025-08-25,17:15,Connah's Quay , Flint Town Utd,41.0,32.0,27.0,1.6,3.8,4.33,1.0,50.0,50.0,1.63,2.1,1.0,70,30,1.68,2.05,1.0,3,2,PREMATIPS
2025-08-25,17:30,Levadiakos , Kifisia,39.0,33.0,28.0,1.95,3.25,3.9,1.0,95.0,5.0,2.35,1.57,0.0,5,95,2.05,1.7,0.0,3,2,PREMATIPS
2025-08-25,17:30,H. Kfar Shalem , M. Petah Tikva,26.0,33.0,41.0,4.6,3.5,1.61,2.0,80.0,20.0,1.83,1.85,0.0,20,80,1.85,1.83,0.0,0,0,PREMATIPS
2025-08-25,17:30,Kafr Qasim , Hapoel Hadera,33.0,33.0,34.0,2.6,2.95,2.5,0.0,80.0,20.0,1.95,1.73,0.0,20,80,1.75,1.95,0.0,2,2,PREMATIPS
2025-08-25,17:30,M. Herzliya , Hapoel Afula,42.0,32.0,26.0,1.58,3.7,4.6,1.0,80.0,20.0,1.83,1.85,0.0,20,80,1.88,1.8,0.0,1,0,PREMATIPS
2025-08-25,17:30,Udinese , Verona,39.0,34.0,27.0,1.85,3.2,4.75,1.0,96.0,4.0,2.5,1.53,0.0,12,88,2.2,1.62,0.0,1,1,PREMATIPS
2025-08-25,17:30,Rotor Volgograd , Torpedo Moscow,41.0,45.0,14.0,2.78,2.78,2.71,4.0,75.0,25.0,2.87,1.34,0.0,37,63,2.31,1.55,0.0,3,0,PREMATIPS
2025-08-25,18:00,Nordsjaelland , Viborg,38.0,30.0,32.0,1.9,3.7,3.7,1.0,36.0,64.0,1.5,2.5,1.0,65,35,1.5,2.5,1.0,1,0,PREMATIPS
2025-08-25,18:00,Bnei Sakhnin , Beitar Jerusalem,24.0,33.0,43.0,6.25,4.5,1.45,2.0,74.0,26.0,1.7,2.1,0.0,20,80,1.83,1.83,0.0,1,2,PREMATIPS
2025-08-25,18:00,Sarpsborg 08 , Kristiansund,44.0,31.0,25.0,1.53,4.75,5.25,4.0,42.0,58.0,1.4,2.88,1.0,58,42,1.53,2.38,1.0,0,1,PREMATIPS
2025-08-25,18:00,Wisla Plock , Zaglebie Lubin,57.0,28.0,15.0,2.15,3.5,3.3,1.0,59.0,41.0,1.98,1.83,0.0,56,44,1.8,1.95,1.0,2,1,PREMATIPS
2025-08-25,18:00,GKS Tychy , Stal Mielec,60.0,21.0,19.0,1.95,3.5,3.6,1.0,29.0,71.0,1.73,2.08,1.0,70,30,1.62,2.2,1.0,0,1,PREMATIPS
2025-08-25,18:00,Lusitania , Benfica B,8.0,88.0,4.0,2.45,3.3,2.63,4.0,71.0,29.0,2.0,1.8,0.0,65,35,1.8,1.91,1.0,1,1,PREMATIPS
2025-08-25,18:00,GAIS Goteborg , Mjallby,29.0,29.0,42.0,2.3,3.4,3.0,0.0,51.0,49.0,1.9,1.9,0.0,58,42,1.7,2.05,1.0,0,2,PREMATIPS
2025-08-25,18:00,Osters , Norrkoping,29.0,32.0,39.0,2.4,3.5,2.75,6.0,58.0,42.0,1.8,2.0,0.0,50,50,1.67,2.1,1.0,1,2,PREMATIPS
2025-08-25,18:00,Falkenberg , Sandviken,29.0,37.0,34.0,2.05,3.4,3.2,6.0,48.0,52.0,1.7,2.1,1.0,49,51,1.62,2.2,0.0,4,0,PREMATIPS
2025-08-25,18:00,Orebro , Umea,36.0,34.0,30.0,1.85,3.6,3.6,4.0,50.0,50.0,1.65,2.2,1.0,52,48,1.57,2.25,1.0,1,1,PREMATIPS
2025-08-25,18:00,Sundsvall , Oddevold,36.0,32.0,32.0,2.25,3.25,2.88,0.0,52.0,48.0,2.2,1.65,0.0,54,46,1.95,1.8,1.0,0,1,PREMATIPS
2025-08-25,18:00,Trelleborg , Landskrona BoIS,25.0,33.0,42.0,2.4,3.4,2.6,6.0,52.0,48.0,1.8,2.0,0.0,45,55,1.67,2.1,0.0,1,0,PREMATIPS
2025-08-25,18:00,Norrby , Jonkopings S.,35.0,28.0,37.0,2.25,3.1,2.75,5.0,54.0,46.0,1.9,1.78,0.0,41,59,1.73,1.95,0.0,2,1,PREMATIPS
2025-08-25,18:30,Athletic Bilbao , Rayo Vallecano,42.0,34.0,24.0,1.62,3.6,5.75,1.0,17.0,83.0,2.1,1.73,1.0,85,15,2.05,1.7,1.0,1,0,PREMATIPS
2025-08-25,18:30,Albacete , R. Santander,35.0,31.0,34.0,2.45,3.4,2.8,5.0,20.0,80.0,1.7,2.1,1.0,83,17,1.57,2.25,1.0,2,3,PREMATIPS
2025-08-25,18:30,Sollentuna , AFC Eskilstuna,35.0,24.0,41.0,2.37,3.5,2.4,6.0,33.0,67.0,1.41,2.65,1.0,71,29,1.38,2.8,1.0,4,3,PREMATIPS
2025-08-25,19:00,Dep. Riestra , Sarmiento Junin,38.0,35.0,27.0,2.05,3.0,4.1,4.0,68.0,32.0,3.4,1.33,0.0,41,59,2.63,1.44,0.0,3,0,PREMATIPS
2025-08-25,19:00,Petrojet , Arab Contractors,10.0,85.0,3.0,2.15,2.8,3.25,4.0,81.0,19.0,2.55,1.44,0.0,21,79,2.15,1.6,0.0,1,0,PREMATIPS
2025-08-25,19:00,Pyramids , Modern Sport FC,43.0,35.0,22.0,1.47,3.75,5.75,1.0,48.0,52.0,2.2,1.58,1.0,54,46,2.37,1.51,1.0,1,2,PREMATIPS
2025-08-25,19:00,KR Reykjavik , Stjarnan,30.0,27.0,43.0,2.0,4.1,2.85,6.0,29.0,71.0,1.25,3.6,1.0,73,27,1.27,3.4,1.0,1,2,PREMATIPS
2025-08-25,19:00,Jong AZ , Cambuur,33.0,29.0,38.0,2.9,4.0,2.15,5.0,51.0,49.0,1.53,2.4,0.0,49,51,1.5,2.5,0.0,0,1,PREMATIPS
2025-08-25,19:00,Jong Utrecht , Jong Ajax,33.0,31.0,36.0,2.88,3.6,2.3,5.0,51.0,49.0,1.7,2.1,0.0,49,51,1.57,2.25,0.0,4,3,PREMATIPS
2025-08-25,19:15,Beroe , Ludogorets,22.0,34.0,44.0,6.25,4.5,1.45,2.0,52.0,48.0,1.95,1.85,0.0,43,57,2.2,1.62,0.0,-,-,PREMATIPS
2025-08-25,19:15,Aarau ,Ouchy,69.0,9.0,22.0,2.11,3.53,2.85,1.0,39.0,61.0,1.53,2.26,1.0,68,32,1.47,2.44,1.0,3,0,PREMATIPS
2025-08-25,19:15,Neuchatel Xamax , Vaduz,35.0,31.0,34.0,2.35,3.4,2.5,5.0,39.0,61.0,1.53,2.3,1.0,60,40,1.47,2.45,1.0,1,1,PREMATIPS
2025-08-25,19:30,Sampdoria , Modena,36.0,33.0,31.0,2.35,3.0,3.3,4.0,86.0,14.0,2.4,1.53,0.0,22,78,2.0,1.75,0.0,0,2,PREMATIPS
2025-08-25,19:30,Novara , Inter U23,36.0,32.0,32.0,2.25,3.1,2.85,0.0,82.0,18.0,1.9,1.77,0.0,18,82,1.75,1.95,0.0,1,1,PREMATIPS
2025-08-25,19:30,Istanbulspor , Manisa,41.0,32.0,27.0,1.7,3.7,4.33,1.0,49.0,51.0,1.8,2.0,1.0,54,46,1.73,2.0,1.0,1,1,PREMATIPS
2025-08-25,19:45,Pau , Reims,30.0,51.0,19.0,3.1,3.4,1.95,4.0,68.0,32.0,1.95,1.85,0.0,52,48,1.8,1.91,1.0,2,0,PREMATIPS
2025-08-25,19:45,Inter , Torino,45.0,34.0,21.0,1.38,5.0,7.5,1.0,96.0,4.0,1.8,2.0,0.0,12,88,1.95,1.8,0.0,5,0,PREMATIPS
2025-08-25,20:00,Newcastle Utd , Liverpool,31.0,30.0,39.0,3.3,3.8,2.0,5.0,55.0,45.0,1.5,2.63,0.0,43,57,1.5,2.5,0.0,2,3,PREMATIPS
2025-08-25,20:00,Audace Cerignola , Picerno,41.0,35.0,24.0,1.6,3.3,5.0,1.0,84.0,16.0,2.25,1.55,0.0,11,89,2.25,1.55,0.0,2,2,PREMATIPS
2025-08-25,20:00,Casertana , Team Altamura,40.0,34.0,26.0,1.73,3.2,4.33,1.0,84.0,16.0,2.15,1.61,0.0,11,89,2.05,1.68,0.0,3,1,PREMATIPS
2025-08-25,20:00,Crotone , Benevento,35.0,33.0,32.0,2.3,2.95,2.85,4.0,84.0,16.0,2.1,1.63,0.0,11,89,1.87,1.82,0.0,1,2,PREMATIPS
2025-08-25,20:00,Salernitana , Siracusa,47.0,37.0,16.0,1.18,5.75,14.0,1.0,84.0,16.0,1.82,1.85,0.0,11,89,3.0,1.33,0.0,1,0,PREMATIPS
2025-08-25,20:15,Estrela Amadora , Alverca,37.0,33.0,30.0,2.45,3.0,3.1,1.0,49.0,51.0,2.35,1.57,1.0,44,56,1.95,1.8,0.0,2,2,PREMATIPS
2025-08-25,20:30,Sevilla , Getafe,38.0,34.0,28.0,2.1,3.1,3.9,4.0,50.0,50.0,2.75,1.44,0.0,51,49,2.2,1.62,1.0,1,2,PREMATIPS
2025-08-25,20:30,Cordoba , Las Palmas,36.0,32.0,32.0,2.2,3.2,3.3,0.0,54.0,46.0,2.08,1.73,0.0,83,17,1.8,1.91,1.0,1,3,PREMATIPS
2025-08-25,21:00,Godoy Cruz , Velez Sarsfield,36.0,34.0,30.0,2.63,2.9,3.0,4.0,61.0,39.0,3.1,1.36,0.0,48,52,2.5,1.5,0.0,0,2,PREMATIPS
2025-08-25,22:30,Libertad , Guarani As.,36.0,18.0,46.0,1.95,3.3,3.9,6.0,57.0,43.0,2.08,1.73,0.0,41,59,1.83,1.83,0.0,0,4,PREMATIPS
2025-08-25,23:00,CA Belgrano , Central Cordoba,37.0,34.0,29.0,2.0,3.1,4.2,4.0,68.0,32.0,2.7,1.44,0.0,48,52,2.25,1.57,0.0,0,3,PREMATIPS
2025-08-25,23:00,Palmeiras SP , Sport Recife PE,64.0,25.0,11.0,1.3,5.25,9.5,1.0,56.0,44.0,1.75,2.05,0.0,47,53,2.25,1.57,0.0,3,0,PREMATIPS
2025-08-25,23:00,Botafogo SP , Vila Nova GO,24.0,31.0,45.0,2.9,2.63,2.9,6.0,65.0,35.0,3.4,1.33,0.0,37,63,2.5,1.5,0.0,2,0,PREMATIPS
2025-08-25,23:15,Estudiantes LP , Aldosivi,60.0,12.0,28.0,1.63,3.5,5.82,1.0,62.0,38.0,2.41,1.52,0.0,41,59,2.33,1.54,0.0,1,0,PREMATIPS
2025-08-25,23:30,CSA AL , Ponte Preta SP,29.0,31.0,40.0,1.87,3.0,3.9,6.0,66.0,34.0,2.55,1.46,0.0,48,52,2.3,1.55,0.0,1,2,PREMATIPS
2025-08-25,23:30,Guarani SP , Confianca SE,35.0,33.0,32.0,1.98,3.0,3.5,4.0,66.0,34.0,2.45,1.47,0.0,46,54,2.15,1.6,0.0,1,0,PREMATIPS
2025-08-26,00:00,Boyaca Chico , Deportivo Cali,17.0,58.0,25.0,2.75,3.0,2.75,6.0,56.0,44.0,2.5,1.5,0.0,52,48,2.1,1.67,1.0,0,0,PREMATIPS
2025-08-26,01:00,Flamengo RJ , Vitoria BA,49.0,35.0,16.0,1.18,6.5,15.0,1.0,58.0,42.0,1.67,2.15,0.0,46,54,2.63,1.44,0.0,8,0,PREMATIPS
2025-08-26,01:00,Orense SC , Delfin Manta,42.0,30.0,28.0,1.95,3.1,4.33,4.0,56.0,44.0,2.35,1.57,0.0,47,53,2.0,1.73,0.0,3,1,PREMATIPS
2025-08-26,01:05,CA All Boys , San Martin T.,28.0,34.0,38.0,3.0,2.63,2.8,6.0,74.0,26.0,3.5,1.3,0.0,39,61,2.63,1.44,0.0,0,0,PREMATIPS
2025-08-26,01:15,Lanus , River Plate,31.0,34.0,35.0,3.0,2.9,2.6,6.0,62.0,38.0,2.7,1.44,0.0,34,66,2.2,1.62,0.0,1,1,PREMATIPS
2025-08-26,01:30,Avai SC , Amazonas AM,48.0,35.0,17.0,1.67,3.6,5.5,1.0,59.0,41.0,2.25,1.62,0.0,53,47,2.2,1.62,1.0,1,2,PREMATIPS
2025-08-26,15:00,Trinec , Prostejov,35.0,30.0,35.0,2.05,3.6,2.88,5.0,43.0,57.0,1.62,2.25,1.0,60,40,1.57,2.25,1.0,2,2,PREMATIPS
2025-08-26,15:30,Madagascar , Sudan,31.0,34.0,35.0,3.22,2.74,2.38,6.0,67.0,33.0,2.77,1.4,0.0,41,59,2.19,1.6,0.0,0,0,PREMATIPS
2025-08-26,16:00,Sevlievo , Ludogorets II,38.0,30.0,32.0,2.29,2.92,2.87,4.0,74.0,26.0,2.44,1.45,0.0,41,59,2.1,1.63,0.0,3,0,PREMATIPS
2025-08-26,16:00,Kahraba Ismailia , Smouha,32.0,33.0,35.0,2.95,2.85,2.3,6.0,80.0,20.0,2.6,1.43,0.0,55,45,2.2,1.58,1.0,1,2,PREMATIPS
2025-08-26,16:30,SK Kladno , Ceske Budejovice,35.0,30.0,35.0,2.6,3.6,2.2,5.0,42.0,58.0,1.57,2.35,1.0,61,39,1.53,2.38,1.0,2,3,PREMATIPS
2025-08-26,16:30,Mes Rafsanjan , Tractor,26.0,35.0,39.0,4.2,3.1,1.85,6.0,64.0,36.0,2.5,1.47,0.0,48,52,2.25,1.55,0.0,0,0,PREMATIPS
2025-08-26,16:30,Orenburg , Zenit,22.0,33.0,45.0,6.93,4.81,1.41,2.0,43.0,57.0,1.64,2.27,1.0,50,50,1.79,1.92,1.0,3,5,PREMATIPS
2025-08-26,16:30,Pakhtakor , Mash'al Mubarek,46.0,36.0,18.0,1.32,4.4,7.75,1.0,45.0,55.0,1.82,1.85,1.0,41,59,2.15,1.54,0.0,3,1,PREMATIPS
2025-08-26,17:00,Esteghlal Tehran , Zob Ahan,39.0,36.0,25.0,1.66,3.2,5.75,1.0,95.0,5.0,2.55,1.44,0.0,15,85,2.45,1.47,0.0,3,3,PREMATIPS
2025-08-26,17:00,Shams Azar , Chadormalou,35.0,36.0,29.0,2.4,2.65,3.2,4.0,95.0,5.0,3.2,1.3,0.0,48,52,2.5,1.46,0.0,4,4,PREMATIPS
2025-08-26,17:30,A. Lustenau , Kapfenberg,41.0,33.0,26.0,1.69,3.61,4.31,1.0,47.0,53.0,1.73,1.96,1.0,53,47,1.7,2.01,1.0,0,2,PREMATIPS
2025-08-26,17:45,Kairat Almaty , Celtic,26.0,32.0,42.0,5.0,4.33,1.57,2.0,44.0,56.0,1.67,2.15,1.0,54,46,1.77,1.87,1.0,0,0,PREMATIPS
2025-08-26,18:00,Hertha Wels , Sankt Polten,27.0,32.0,41.0,4.5,3.75,1.7,2.0,45.0,55.0,1.7,2.1,1.0,55,45,1.67,2.1,1.0,2,2,PREMATIPS
2025-08-26,18:00,Kalmar , Helsingborg,46.0,31.0,23.0,1.63,3.75,4.2,1.0,55.0,45.0,1.88,1.93,0.0,45,55,1.8,1.95,0.0,2,0,PREMATIPS
2025-08-26,18:30,Amstetten , First Vienna,33.0,30.0,37.0,2.63,3.5,2.4,5.0,45.0,55.0,1.95,1.85,1.0,59,41,1.73,2.0,1.0,2,1,PREMATIPS
2025-08-26,18:30,ASK Voitsberg , Admira Wacker,28.0,32.0,40.0,3.75,3.7,1.81,2.0,47.0,53.0,1.8,2.0,1.0,55,45,1.73,2.0,1.0,1,4,PREMATIPS
2025-08-26,18:30,Morocco , Senegal,38.0,34.0,28.0,1.9,3.0,4.33,4.0,67.0,33.0,2.88,1.4,0.0,40,60,2.38,1.53,0.0,1,1,PREMATIPS
2025-08-26,18:30,Foolad Khuzestan , Malavan,38.0,35.0,27.0,2.05,2.9,3.7,4.0,95.0,5.0,2.55,1.44,0.0,48,52,2.2,1.58,0.0,0,1,PREMATIPS
2025-08-26,18:30,Orlando Pirates , Orbit College,44.0,36.0,20.0,1.43,3.9,7.5,1.0,71.0,29.0,2.3,1.55,0.0,20,80,2.6,1.42,0.0,1,0,PREMATIPS
2025-08-26,18:30,Polokwane City , Durban City,37.0,35.0,28.0,2.2,2.75,3.5,4.0,94.0,6.0,3.2,1.31,0.0,20,80,2.6,1.44,0.0,0,0,PREMATIPS
2025-08-26,18:30,Richards Bay , Chippa Utd,36.0,35.0,29.0,2.25,2.7,3.6,4.0,71.0,29.0,3.1,1.33,0.0,43,57,2.45,1.47,0.0,1,0,PREMATIPS
2025-08-26,18:30,Stellenbosch , Marumo Gallants,23.0,6.0,71.0,1.83,2.85,5.0,2.0,71.0,29.0,2.65,1.42,0.0,43,57,2.35,1.52,0.0,1,0,PREMATIPS
2025-08-26,18:30,TS Galaxy , Siwelele,38.0,35.0,27.0,2.0,2.87,4.0,4.0,71.0,29.0,2.95,1.34,0.0,31,69,2.55,1.46,0.0,2,0,PREMATIPS
2025-08-26,18:30,Wil ,Jona,71.0,6.0,23.0,2.2,3.3,2.75,1.0,47.0,53.0,1.71,2.0,1.0,43,57,1.61,2.15,0.0,1,3,PREMATIPS
2025-08-26,18:45,Akhmat Grozny , Rubin Kazan,39.0,31.0,30.0,1.91,3.57,3.97,1.0,53.0,47.0,1.99,1.84,0.0,51,49,1.8,1.91,1.0,2,0,PREMATIPS
2025-08-26,18:45,Spartak Moscow , Nizhny Novgorod,45.0,35.0,20.0,1.33,5.22,9.1,1.0,45.0,55.0,1.7,2.16,1.0,44,56,2.07,1.68,0.0,4,0,PREMATIPS
2025-08-26,19:00,Zoman , CO Korhogo,34.0,34.0,32.0,2.5,2.75,2.75,0.0,58.0,42.0,2.63,1.4,0.0,45,55,2.15,1.62,0.0,1,2,PREMATIPS
2025-08-26,19:00,Haras El Hodood , El Masry,24.0,34.0,42.0,4.8,3.3,1.63,2.0,58.0,42.0,2.25,1.57,0.0,33,67,2.2,1.58,0.0,1,1,PREMATIPS
2025-08-26,19:00,Zamalek , Pharco,49.0,47.0,3.0,1.33,4.2,8.0,1.0,69.0,31.0,2.05,1.65,0.0,33,67,2.6,1.43,0.0,1,0,PREMATIPS
2025-08-26,19:00,Reading , Wimbledon,37.0,32.0,31.0,2.22,3.21,3.29,4.0,58.0,42.0,2.22,1.6,0.0,47,53,1.93,1.78,0.0,2,1,PREMATIPS
2025-08-26,19:00,Vikingur R. , Vestri,55.0,15.0,30.0,1.27,5.5,8.75,1.0,53.0,47.0,1.51,2.35,0.0,51,49,1.93,1.75,1.0,4,1,PREMATIPS
2025-08-26,19:15,Bellinzona ,Sport,19.0,6.0,75.0,3.6,3.4,1.82,2.0,22.0,78.0,1.72,1.98,1.0,51,49,1.66,2.05,1.0,0,0,PREMATIPS
2025-08-26,19:15,Etoile Carouge , Stade Nyonnais,42.0,31.0,27.0,1.58,3.9,4.4,1.0,56.0,44.0,1.53,2.3,0.0,51,49,1.58,2.2,1.0,1,1,PREMATIPS
2025-08-26,19:30,Cambridge Utd , Charlton,28.0,32.0,40.0,4.2,3.6,1.76,2.0,54.0,46.0,2.05,1.75,0.0,49,51,1.92,1.77,0.0,3,1,PREMATIPS
2025-08-26,19:30,Wolverhampton , West Ham Utd,37.0,31.0,32.0,2.26,3.47,2.99,5.0,48.0,52.0,1.8,1.95,1.0,56,44,1.64,2.14,1.0,3,2,PREMATIPS
2025-08-26,19:45,Accrington , Doncaster Rovers,26.0,33.0,41.0,4.81,3.91,1.66,2.0,47.0,53.0,1.74,2.02,1.0,53,47,1.73,2.0,1.0,0,2,PREMATIPS
2025-08-26,19:45,Barnsley , Rotherham Utd,40.0,32.0,28.0,1.77,3.81,4.21,1.0,46.0,54.0,1.71,2.06,1.0,55,45,1.66,2.09,1.0,2,1,PREMATIPS
2025-08-26,19:45,Birmingham City , Port Vale,44.0,34.0,22.0,1.4,4.72,7.38,1.0,45.0,55.0,1.69,2.09,1.0,48,52,1.93,1.79,0.0,0,1,PREMATIPS
2025-08-26,19:45,Bournemouth , Brentford,40.0,31.0,29.0,1.8,3.9,3.96,1.0,41.0,59.0,1.58,2.3,1.0,59,41,1.55,2.32,1.0,0,2,PREMATIPS
2025-08-26,19:45,Bromley , Wycombe,30.0,31.0,39.0,3.61,3.56,1.97,6.0,51.0,49.0,1.88,1.86,0.0,53,47,1.75,1.98,1.0,1,1,PREMATIPS
2025-08-26,19:45,Burnley , Derby County,44.0,33.0,23.0,1.42,4.5,7.0,1.0,47.0,53.0,1.73,2.08,1.0,48,52,1.95,1.8,0.0,2,1,PREMATIPS
2025-08-26,19:45,Burton Albion , Lincoln City,32.0,32.0,36.0,3.0,3.4,2.3,0.0,50.0,50.0,1.93,1.93,1.0,55,45,1.7,2.05,1.0,0,1,PREMATIPS
2025-08-26,19:45,Cardiff City , Cheltenham Town,44.0,33.0,23.0,1.38,4.96,7.16,1.0,39.0,61.0,1.51,2.45,1.0,54,46,1.72,2.02,1.0,3,0,PREMATIPS
2025-08-26,19:45,Millwall , Coventry City,33.0,32.0,35.0,2.84,3.24,2.45,5.0,55.0,45.0,2.03,1.73,0.0,51,49,1.79,1.93,1.0,2,1,PREMATIPS
2025-08-26,19:45,Norwich City , Southampton,33.0,31.0,36.0,2.88,3.4,2.38,5.0,46.0,54.0,1.75,2.05,1.0,58,42,1.62,2.2,1.0,0,3,PREMATIPS
2025-08-26,19:45,Preston North End , Wrexham,38.0,33.0,29.0,2.01,3.35,3.7,4.0,55.0,45.0,2.07,1.71,0.0,49,51,1.87,1.85,0.0,2,3,PREMATIPS
2025-08-26,19:45,Stoke City , Bradford City,41.0,32.0,27.0,1.72,3.85,4.5,1.0,48.0,52.0,1.78,1.97,1.0,53,47,1.75,1.97,1.0,0,3,PREMATIPS
2025-08-26,19:45,Sunderland , Huddersfield,43.0,33.0,24.0,1.53,4.33,5.75,1.0,47.0,53.0,1.73,2.08,1.0,50,50,1.91,1.91,1.0,1,1,PREMATIPS
2025-08-26,19:45,Swansea City , Plymouth Argyle,42.0,32.0,26.0,1.57,4.1,5.5,1.0,45.0,55.0,1.7,2.1,1.0,54,46,1.75,2.0,1.0,1,1,PREMATIPS
2025-08-26,19:45,Wigan Athletic , Stockport,33.0,31.0,36.0,2.9,3.5,2.3,5.0,48.0,52.0,1.76,1.99,1.0,57,43,1.61,2.18,1.0,1,0,PREMATIPS
2025-08-26,19:45,E. Braunschweig , Stuttgart,23.0,32.0,45.0,7.0,5.75,1.36,2.0,35.0,65.0,1.4,2.88,1.0,55,45,1.7,2.05,1.0,3,3,PREMATIPS
2025-08-26,19:45,Annan Athletic , Stenhousemuir,32.0,31.0,37.0,2.99,3.4,2.09,5.0,48.0,52.0,1.76,1.96,1.0,56,44,1.63,2.14,1.0,1,3,PREMATIPS
2025-08-26,19:45,Montrose , Forfar Athletic,38.0,32.0,30.0,1.85,3.7,3.2,4.0,52.0,48.0,1.95,1.85,0.0,52,48,1.83,1.83,1.0,1,0,PREMATIPS
2025-08-26,19:45,Queen of South , Clyde,42.0,32.0,26.0,1.57,3.9,4.5,1.0,48.0,52.0,1.8,2.0,1.0,52,48,1.83,1.83,1.0,3,1,PREMATIPS
2025-08-26,19:45,The Spartans , Peterhead,34.0,31.0,35.0,2.45,3.3,2.45,5.0,50.0,50.0,1.83,1.98,1.0,54,46,1.73,2.0,1.0,1,1,PREMATIPS
2025-08-26,20:00,Pafos , Crvena Zvezda,30.0,31.0,39.0,3.7,3.9,1.9,6.0,43.0,57.0,1.62,2.25,1.0,59,41,1.57,2.25,1.0,1,1,PREMATIPS
2025-08-26,20:00,Sturm Graz , Bodo Glimt,36.0,29.0,35.0,2.41,3.76,2.57,5.0,37.0,63.0,1.46,2.59,1.0,66,34,1.4,2.73,1.0,2,1,PREMATIPS
2025-08-26,20:00,Sheffield Wed , Leeds Utd,17.0,36.0,47.0,15.9,7.4,1.16,2.0,36.0,64.0,1.44,2.66,1.0,43,57,2.14,1.64,0.0,1,1,PREMATIPS
2025-08-26,20:15,Valur Reykjavik , Afturelding,61.0,20.0,19.0,1.44,4.6,5.5,1.0,37.0,63.0,1.39,2.75,1.0,63,37,1.53,2.3,1.0,4,3,PREMATIPS
2025-11-09,00:00,Ind. Petrolero , Nacional Potosi,36.0,32.0,32.0,2.4,3.5,2.37,5.0,42.0,58.0,1.57,2.2,1.0,61,39,1.53,2.35,1.0,1,2,PREMATIPS
2025-11-09,00:00,Sao Paulo SP , Bragantino SP,45.0,22.0,33.0,1.75,3.4,5.25,4.0,54.0,46.0,2.15,1.67,0.0,49,51,2.0,1.75,0.0,0,1,PREMATIPS
2025-11-09,00:00,LDU Quito , Libertad Loja,45.0,34.0,21.0,1.27,5.5,8.0,1.0,38.0,62.0,1.48,2.6,1.0,50,50,1.83,1.83,1.0,3,1,PREMATIPS
2025-11-09,00:10,Dep. Moron , Dep. Madryn,40.0,34.0,26.0,2.01,2.85,4.2,1.0,65.0,35.0,3.4,1.33,0.0,40,60,2.63,1.44,0.0,1,0,PREMATIPS
2025-11-09,00:30,San Martin SJ , Lanus,33.0,34.0,33.0,2.95,2.65,2.82,0.0,67.0,33.0,4.0,1.25,0.0,34,66,2.63,1.44,0.0,1,1,PREMATIPS
2025-11-09,00:30,Union Santa Fe , Barracas Central,25.0,49.0,26.0,1.76,3.25,5.25,6.0,60.0,40.0,2.7,1.44,0.0,49,51,2.38,1.53,0.0,0,0,PREMATIPS
2025-11-09,01:00,Inter FA , Mun. Limeno,23.0,37.0,40.0,3.4,3.2,1.95,6.0,48.0,52.0,2.05,1.68,1.0,59,41,1.88,1.8,1.0,1,1,PREMATIPS
2025-11-09,01:00,Isidro Metapan , Fuerte SF,40.0,38.0,22.0,1.55,3.5,5.25,4.0,45.0,55.0,2.05,1.68,1.0,51,49,2.1,1.63,1.0,1,2,PREMATIPS
2025-11-09,01:00,Luis Angel Firpo , FAS Santa Ana,37.0,30.0,33.0,1.98,3.0,3.5,5.0,43.0,57.0,1.9,1.78,1.0,56,44,1.75,1.95,1.0,3,1,PREMATIPS
2025-11-09,01:00,Malacateco , Aurora Guatemala,38.0,18.0,44.0,1.68,3.3,4.4,6.0,46.0,54.0,1.85,1.82,1.0,54,46,1.83,1.85,1.0,1,0,PREMATIPS
2025-11-09,01:00,Dep. Toluca , Club America,33.0,35.0,32.0,2.2,3.6,3.05,4.0,38.0,62.0,1.67,2.15,1.0,63,37,1.57,2.25,1.0,2,0,PREMATIPS
2025-11-09,01:00,Leon , Puebla,48.0,29.0,23.0,1.86,3.8,3.75,1.0,47.0,53.0,1.73,2.08,1.0,50,50,1.67,2.1,1.0,1,2,PREMATIPS
2025-11-09,01:00,Cancun , Leones Negros,53.0,20.0,27.0,1.8,3.4,3.6,1.0,53.0,47.0,1.77,1.93,0.0,47,53,1.72,1.98,0.0,0,1,PREMATIPS
2025-11-09,01:00,Coastal Spirit , Miramar Rangers,23.0,19.0,58.0,3.2,3.7,1.87,2.0,20.0,80.0,1.35,2.9,1.0,57,43,1.36,2.87,1.0,1,3,PREMATIPS
2025-11-09,01:00,Western Springs , Wellington Ph B,54.0,35.0,11.0,1.41,4.4,5.5,1.0,21.0,79.0,1.35,2.95,1.0,67,33,1.47,2.45,1.0,3,0,PREMATIPS
2025-11-09,01:00,Western Suburbs , Auckland FC B,37.0,29.0,34.0,1.68,3.9,3.7,5.0,32.0,68.0,1.32,3.1,1.0,49,51,1.35,2.9,0.0,1,1,PREMATIPS
2025-11-09,01:00,Inter Miami , Nashville SC,42.0,30.0,28.0,1.61,4.5,4.5,1.0,32.0,68.0,1.4,2.88,1.0,64,36,1.44,2.63,1.0,4,0,PREMATIPS
2025-11-09,01:30,CA Bucaramanga , La Equidad,59.0,28.0,13.0,1.3,4.75,11.0,1.0,55.0,45.0,1.67,2.15,0.0,44,56,2.1,1.67,0.0,2,1,PREMATIPS
2025-11-09,01:30,Victoria La Ceiba , Real Espana,19.0,26.0,55.0,5.0,3.8,1.52,2.0,40.0,60.0,1.68,2.05,1.0,54,46,1.77,1.9,1.0,0,2,PREMATIPS
2025-11-09,02:00,Birkenhead Utd , Christchurch Utd,37.0,18.0,45.0,2.1,3.8,2.6,6.0,20.0,80.0,1.32,3.1,1.0,56,44,1.33,3.0,1.0,3,0,PREMATIPS
2025-11-09,03:00,Xelaju MC , Dep. Achuapa,43.0,31.0,26.0,1.31,4.6,7.75,1.0,43.0,57.0,1.75,1.95,1.0,51,49,2.15,1.6,1.0,0,0,PREMATIPS
2025-11-09,03:00,Atletico Morelia , Jaiba Brava,25.0,39.0,36.0,2.1,3.1,3.1,6.0,38.0,62.0,1.98,1.72,1.0,62,38,1.8,1.88,1.0,0,0,PREMATIPS
2025-11-09,03:05,Cruz Azul , Pumas UNAM,46.0,32.0,22.0,1.76,3.8,4.33,1.0,49.0,51.0,1.8,2.0,1.0,63,37,1.7,2.05,1.0,2,3,PREMATIPS
2025-11-09,04:00,Sydney , Macarthur,64.0,8.0,28.0,1.71,3.9,4.2,1.0,52.0,48.0,1.57,2.38,0.0,62,38,1.5,2.5,1.0,2,0,PREMATIPS
2025-11-09,04:00,S. Hiroshima , Urawa Red Diam.,35.0,34.0,31.0,1.66,3.7,4.75,4.0,60.0,40.0,1.93,1.88,0.0,45,55,1.95,1.8,0.0,3,0,PREMATIPS
2025-11-09,04:00,Kataller Toyama , Sagan Tosu,23.0,24.0,53.0,3.8,3.3,1.91,2.0,59.0,41.0,2.15,1.67,0.0,47,53,1.91,1.8,0.0,3,1,PREMATIPS
2025-11-09,04:00,Vegalta Sendai , Roasso Kumamoto,47.0,32.0,21.0,1.68,3.6,4.75,1.0,55.0,45.0,1.88,1.93,0.0,52,48,1.8,1.91,1.0,2,0,PREMATIPS
2025-11-09,04:00,SKA, Ural,29.0,30.0,41.0,4.09,3.29,1.92,2.0,64.0,36.0,2.28,1.59,0.0,51,49,2.01,1.71,1.0,0,2,PREMATIPS
2025-11-09,05:00,Kyoto Sanga , Yokohama F M.,53.0,26.0,21.0,2.1,3.6,3.05,1.0,53.0,47.0,1.73,2.08,0.0,48,52,1.62,2.2,0.0,0,3,PREMATIPS
2025-11-09,05:00,Machida Zelvia , Tokyo,46.0,27.0,27.0,1.76,3.6,4.5,5.0,53.0,47.0,2.0,1.8,0.0,43,57,1.91,1.91,0.0,0,1,PREMATIPS
2025-11-09,05:00,Blaublitz Akita , Iwaki FC,29.0,28.0,43.0,3.6,3.05,2.05,6.0,52.0,48.0,2.15,1.67,0.0,57,43,1.83,1.83,1.0,2,0,PREMATIPS
2025-11-09,05:00,JEF Utd Chiba , Fujieda MYFC,51.0,27.0,22.0,1.57,4.0,4.75,1.0,58.0,42.0,1.67,2.15,0.0,49,51,1.73,2.0,0.0,1,1,PREMATIPS
2025-11-09,05:00,M. Yamagata , Imabari,33.0,28.0,39.0,2.55,3.4,2.5,6.0,50.0,50.0,1.83,1.98,1.0,55,45,1.67,2.1,1.0,2,1,PREMATIPS
2025-11-09,05:00,Mito HollyHock , Omiya Ardija,37.0,30.0,33.0,2.4,3.25,2.65,5.0,51.0,49.0,2.03,1.78,0.0,49,51,1.8,1.91,0.0,0,2,PREMATIPS
2025-11-09,05:00,Renofa Yamaguchi , Jubilo Iwata,24.0,36.0,40.0,2.32,3.3,2.82,6.0,55.0,45.0,2.1,1.7,0.0,50,50,1.83,1.83,1.0,1,2,PREMATIPS
2025-11-09,05:00,Tokushima Vortis , Ventforet Kofu,44.0,28.0,28.0,1.62,3.4,5.5,5.0,68.0,32.0,2.3,1.6,0.0,39,61,2.1,1.67,0.0,4,1,PREMATIPS
2025-11-09,05:00,Pohang Steelers , Seoul,34.0,32.0,34.0,2.6,3.3,2.7,0.0,52.0,48.0,1.98,1.83,0.0,53,47,1.73,2.0,1.0,0,0,PREMATIPS
2025-11-09,05:00,Ansan Greeners , Suwon Bluewings,17.0,25.0,58.0,5.0,4.0,1.53,2.0,55.0,45.0,1.65,2.2,0.0,50,50,1.73,2.0,1.0,1,1,PREMATIPS
2025-11-09,05:00,Chungbuk Cheongju ,Land,21.0,33.0,46.0,6.0,3.8,1.5,6.0,53.0,47.0,2.0,1.8,0.0,51,49,2.0,1.73,1.0,0,2,PREMATIPS
2025-11-09,06:00,Brisbane Roar , Newcastle Jets,36.0,31.0,33.0,2.3,3.75,2.75,5.0,41.0,59.0,1.57,2.38,1.0,62,38,1.5,2.5,1.0,3,0,PREMATIPS
2025-11-09,06:00,Gamba Osaka , Vissel Kobe,39.0,16.0,45.0,3.25,3.5,2.1,6.0,55.0,45.0,1.83,1.98,0.0,43,57,1.67,2.1,0.0,1,1,PREMATIPS
2025-11-09,06:00,Shimizu S, Cerezo Osaka,30.0,32.0,38.0,2.82,3.5,2.3,6.0,54.0,46.0,1.67,2.15,0.0,54,46,1.53,2.38,1.0,1,4,PREMATIPS
2025-11-09,07:00,Yenisey , Chernomorets N.,35.0,31.0,34.0,2.39,3.07,3.07,5.0,64.0,36.0,2.49,1.51,0.0,43,57,2.05,1.67,0.0,1,0,PREMATIPS
2025-11-09,07:30,Ulsan HD , Suwon FC,39.0,30.0,31.0,2.0,3.8,3.3,1.0,40.0,60.0,1.62,2.25,1.0,62,38,1.53,2.38,1.0,1,0,PREMATIPS
2025-11-09,07:30,Gimpo , Bucheon 1995,34.0,28.0,38.0,2.55,3.2,2.55,5.0,53.0,47.0,2.05,1.75,0.0,50,50,1.8,1.91,1.0,0,1,PREMATIPS
2025-11-09,08:30,Dewa United , PSM Makassar,36.0,43.0,21.0,1.65,3.7,4.1,4.0,56.0,44.0,1.72,1.98,0.0,65,35,1.75,1.93,1.0,0,1,PREMATIPS
2025-11-09,09:30,Floridsdorfer AC , Austria Wien II,56.0,11.0,33.0,1.68,3.75,4.33,1.0,64.0,36.0,1.83,1.85,0.0,49,51,1.85,1.83,0.0,2,1,PREMATIPS
2025-11-09,09:30,Sparta Prague B , Zbrojovka Brno,23.0,9.0,68.0,5.75,4.0,1.5,2.0,37.0,63.0,1.67,2.15,1.0,47,53,1.73,2.0,0.0,0,3,PREMATIPS
2025-11-09,09:30,Slovan Brat. B , Puchov,50.0,24.0,26.0,2.7,3.4,2.2,1.0,43.0,57.0,1.62,2.15,1.0,59,41,1.55,2.25,1.0,1,1,PREMATIPS
2025-11-09,09:30,Zilina B , STK Samorin,45.0,7.0,48.0,2.2,3.5,2.6,5.0,41.0,59.0,1.55,2.25,1.0,68,32,1.51,2.37,1.0,5,4,PREMATIPS
2025-11-09,10:00,Ordino , Carroi,74.0,20.0,6.0,1.31,4.67,7.14,1.0,45.0,55.0,1.5,2.26,1.0,48,52,1.76,1.94,0.0,3,1,PREMATIPS
2025-11-09,10:00,Isloch Minsk , Smorgon,48.0,33.0,19.0,1.47,3.8,5.75,1.0,56.0,44.0,1.9,1.78,0.0,45,55,2.05,1.65,0.0,0,0,PREMATIPS
2025-11-09,10:00,Krylya Sovetov , Zenit,16.0,42.0,42.0,8.07,4.92,1.41,6.0,55.0,45.0,1.81,2.09,0.0,52,48,2.05,1.74,1.0,1,1,PREMATIPS
2025-11-09,10:00,Slavia TU Kosice , Dukla B. Bystrica,13.0,34.0,53.0,8.25,5.0,1.27,2.0,43.0,57.0,1.46,2.5,1.0,63,37,1.8,1.88,1.0,0,1,PREMATIPS
2025-11-09,10:00,Podillya , Vorskla Poltava,24.0,26.0,50.0,3.5,2.87,2.05,2.0,73.0,27.0,2.45,1.49,0.0,31,69,2.1,1.63,0.0,1,1,PREMATIPS
2025-11-09,10:00,Qizilqum , Andijan,43.0,30.0,27.0,2.15,3.1,2.95,4.0,57.0,43.0,1.9,1.77,0.0,45,55,1.75,1.95,0.0,2,1,PREMATIPS
2025-11-09,10:00,HA Gia Lai , Thanh Hoa,29.0,37.0,34.0,2.6,3.1,2.45,6.0,53.0,47.0,2.05,1.66,0.0,50,50,1.85,1.83,0.0,1,1,PREMATIPS
2025-11-09,10:30,Slavia Sofia , Montana,40.0,36.0,24.0,1.62,3.75,5.0,4.0,54.0,46.0,2.05,1.75,0.0,50,50,2.0,1.73,0.0,2,1,PREMATIPS
2025-11-09,10:30,Adana Demirspor , Keciorengucu,3.0,5.0,91.0,26.0,9.5,1.08,2.0,32.0,68.0,1.3,3.5,1.0,49,51,2.31,1.53,0.0,2,7,PREMATIPS
2025-11-09,10:30,Erzurumspor , Esenler Erokspor,28.0,43.0,29.0,2.0,3.5,3.5,6.0,49.0,51.0,1.98,1.83,1.0,57,43,1.83,1.83,1.0,1,1,PREMATIPS
2025-11-09,11:00,Van , Gandzasar,51.0,21.0,28.0,1.8,3.4,3.7,1.0,64.0,36.0,1.85,1.82,0.0,41,59,1.8,1.88,0.0,2,1,PREMATIPS
2025-11-09,11:00,Kampaniakos , PAOK B,35.0,23.0,42.0,5.25,3.6,1.55,6.0,66.0,34.0,2.15,1.62,0.0,31,69,2.2,1.58,0.0,0,0,PREMATIPS
2025-11-09,11:00,APS Bomet , Mathare United,25.0,16.0,59.0,2.08,2.95,3.23,2.0,61.0,39.0,2.27,1.45,0.0,40,60,2.1,1.63,0.0,1,1,PREMATIPS
2025-11-09,11:00,Ulinzi Stars , Shabana,19.0,46.0,35.0,2.73,2.79,2.47,6.0,59.0,41.0,2.75,1.33,0.0,52,48,2.26,1.54,1.0,0,1,PREMATIPS
2025-11-09,11:00,Grobinas SC , Auda Kekava,33.0,23.0,44.0,2.1,3.25,2.95,6.0,56.0,44.0,1.82,1.87,0.0,47,53,1.7,2.0,0.0,2,2,PREMATIPS
2025-11-09,11:00,Metta , BFC Daugavpils,24.0,30.0,46.0,2.55,3.4,2.3,6.0,45.0,55.0,1.58,2.2,1.0,58,42,1.52,2.35,1.0,3,1,PREMATIPS
2025-11-09,11:00,Super Nova Riga , Liepaja,23.0,28.0,49.0,2.85,3.4,2.1,2.0,44.0,56.0,1.68,2.05,1.0,60,40,1.6,2.2,1.0,3,0,PREMATIPS
2025-11-09,11:00,Tukums 2000 , FS Jelgava,34.0,32.0,34.0,3.0,3.3,2.05,5.0,52.0,48.0,1.62,2.15,0.0,52,48,1.55,2.25,1.0,1,1,PREMATIPS
2025-11-09,11:00,Spartanii , Politechnica UTM,36.0,29.0,35.0,2.95,3.51,2.0,5.0,35.0,65.0,1.41,2.73,1.0,67,33,1.36,2.75,1.0,1,2,PREMATIPS
2025-11-09,11:00,Odra Opole , Gornik Leczna,34.0,50.0,16.0,1.9,3.4,3.7,4.0,43.0,57.0,1.88,1.93,1.0,65,35,1.73,2.0,1.0,3,1,PREMATIPS
2025-11-09,11:00,Leixoes , Torreense,24.0,14.0,62.0,2.9,3.1,2.25,2.0,49.0,51.0,2.08,1.73,1.0,47,53,1.83,1.83,0.0,1,0,PREMATIPS
2025-11-09,11:00,Merida AD , Real Madrid B,41.0,12.0,47.0,2.38,3.1,2.7,6.0,54.0,46.0,2.03,1.78,0.0,37,63,1.8,1.91,0.0,3,0,PREMATIPS
2025-11-09,11:00,Ibiza , Betis B,45.0,35.0,20.0,1.53,3.6,5.75,4.0,69.0,31.0,1.98,1.83,0.0,45,55,2.1,1.67,0.0,0,0,PREMATIPS
2025-11-09,11:00,Marbella , Alcorcon,27.0,42.0,31.0,1.95,3.1,3.5,6.0,65.0,35.0,2.35,1.57,0.0,45,55,2.1,1.67,0.0,1,2,PREMATIPS
2025-11-09,11:00,Sevilla B , Juv. Torremolinos,26.0,34.0,40.0,1.73,3.0,4.75,6.0,72.0,28.0,2.63,1.44,0.0,45,55,2.38,1.53,0.0,1,1,PREMATIPS
2025-11-09,11:00,BG Pathum Utd , Rayong,44.0,19.0,37.0,1.6,3.9,4.2,4.0,48.0,52.0,1.6,2.15,1.0,63,37,1.66,2.05,1.0,1,1,PREMATIPS
2025-11-09,11:00,Oleksandriya , Polissya,26.0,9.0,65.0,4.8,3.6,1.71,2.0,62.0,38.0,2.15,1.62,0.0,40,60,2.1,1.65,0.0,0,3,PREMATIPS
2025-11-09,11:00,Prykarpattia , Probiy Horodenka,33.0,36.0,31.0,2.35,2.9,2.8,4.0,57.0,43.0,2.1,1.65,0.0,43,57,1.83,1.85,0.0,1,0,PREMATIPS
2025-11-09,11:00,Hai Phong , SHB Da Nang,48.0,38.0,14.0,1.51,3.7,5.5,1.0,40.0,60.0,1.98,1.72,1.0,70,30,2.1,1.65,1.0,3,1,PREMATIPS
2025-11-09,11:00,Song Lam NA , Becamex HoChiMinh,22.0,38.0,40.0,2.25,3.1,2.8,6.0,50.0,50.0,1.93,1.77,0.0,67,33,1.75,1.93,1.0,2,1,PREMATIPS
2025-11-09,11:15,Utrecht , Ajax,26.0,41.0,33.0,2.7,3.7,2.45,6.0,39.0,61.0,1.62,2.25,1.0,62,38,1.53,2.38,1.0,2,1,PREMATIPS
2025-11-09,11:30,Atalanta , Sassuolo,30.0,47.0,23.0,1.44,4.5,7.0,4.0,64.0,36.0,1.73,2.1,0.0,55,45,1.91,1.91,1.0,0,3,PREMATIPS
2025-11-09,11:30,Inter U23 , L.R. Vicenza,25.0,40.0,35.0,3.7,3.3,1.8,6.0,50.0,50.0,2.0,1.71,0.0,56,44,1.9,1.78,1.0,1,2,PREMATIPS
2025-11-09,11:30,Juve Next Gen , Forli,34.0,7.0,59.0,2.4,3.0,2.65,2.0,60.0,40.0,2.0,1.68,0.0,50,50,1.82,1.87,1.0,1,0,PREMATIPS
2025-11-09,11:30,Kuching City , Johor DT,18.0,35.0,47.0,11.5,7.25,1.14,2.0,27.0,73.0,1.3,3.2,1.0,41,59,1.98,1.72,0.0,1,2,PREMATIPS
2025-11-09,11:30,Ayutthaya Utd , Ratchaburi,22.0,31.0,47.0,3.6,3.5,1.78,6.0,50.0,50.0,1.7,2.0,1.0,61,39,1.68,2.05,1.0,1,3,PREMATIPS
2025-11-09,11:30,Chonburi , Buriram Utd,17.0,25.0,58.0,5.0,4.0,1.49,2.0,42.0,58.0,1.7,2.0,1.0,69,31,1.83,1.85,1.0,4,2,PREMATIPS
2025-11-09,11:30,Fatih Karagumruk , Konyaspor,14.0,26.0,60.0,3.05,3.5,2.15,2.0,42.0,58.0,1.8,2.0,1.0,60,40,1.62,2.2,1.0,2,0,PREMATIPS
2025-11-09,11:44,Kapaz , Sabah Baku,12.0,24.0,64.0,7.5,4.6,1.32,2.0,47.0,53.0,1.7,2.0,1.0,35,65,2.1,1.65,0.0,1,3,PREMATIPS
2025-11-09,11:45,MTK Budapest , Debrecen,29.0,32.0,39.0,2.05,3.75,3.1,6.0,38.0,62.0,1.57,2.35,1.0,66,34,1.53,2.38,1.0,3,0,PREMATIPS
2025-11-09,12:00,Rudar Prijedor , Posusje,39.0,28.0,33.0,2.35,3.0,2.7,4.0,70.0,30.0,2.2,1.58,0.0,36,64,1.93,1.75,0.0,1,0,PREMATIPS
2025-11-09,12:00,BATE Borisov , Slavia Mozyr,31.0,23.0,46.0,4.5,3.4,1.65,6.0,51.0,49.0,1.98,1.72,0.0,48,52,1.95,1.73,0.0,1,1,PREMATIPS
2025-11-09,12:00,Slovan Liberec , Karvina,36.0,24.0,40.0,1.9,3.4,3.9,5.0,49.0,51.0,1.75,2.05,1.0,63,37,1.67,2.1,1.0,6,0,PREMATIPS
2025-11-09,12:00,Hvidovre , AAB Aalborg,31.0,41.0,28.0,2.65,3.75,2.25,4.0,44.0,56.0,1.73,2.08,1.0,56,44,1.62,2.2,1.0,2,2,PREMATIPS
2025-11-09,12:00,Kalamata , Hellas Syros,46.0,36.0,18.0,1.18,5.5,14.0,1.0,54.0,46.0,1.75,1.95,0.0,56,44,2.8,1.38,1.0,2,0,PREMATIPS
2025-11-09,12:00,Madura Utd , Persijap Jepara,40.0,36.0,24.0,2.25,3.1,2.75,4.0,54.0,46.0,2.05,1.68,0.0,60,40,1.85,1.83,1.0,2,1,PREMATIPS
2025-11-09,12:00,Semen Padang , Borneo Samarinda,12.0,10.0,78.0,4.8,3.7,1.55,2.0,55.0,45.0,1.71,1.98,0.0,48,52,1.78,1.9,0.0,0,2,PREMATIPS
2025-11-09,12:00,Bandari , Kenya CB,50.0,10.0,40.0,2.41,2.64,2.98,1.0,65.0,35.0,2.9,1.3,0.0,36,64,2.33,1.52,0.0,1,1,PREMATIPS
2025-11-09,12:00,Kakamega Homeboyz , Muranga Seal,52.0,28.0,20.0,1.56,3.26,6.06,1.0,54.0,46.0,2.3,1.49,0.0,52,48,2.29,1.5,1.0,1,1,PREMATIPS
2025-11-09,12:00,Ferizaj , Dukagjini,37.0,13.0,50.0,2.2,3.1,2.9,2.0,60.0,40.0,2.0,1.71,0.0,47,53,1.8,1.88,0.0,0,1,PREMATIPS
2025-11-09,12:00,Malisheva , Gjilani,50.0,18.0,32.0,2.1,3.1,3.1,1.0,49.0,51.0,1.9,1.77,1.0,55,45,1.75,1.93,1.0,1,2,PREMATIPS
2025-11-09,12:00,Pelister Bitola , AP Brera,27.0,31.0,42.0,1.92,3.35,3.29,6.0,36.0,64.0,1.76,1.87,1.0,57,43,1.66,2.03,1.0,1,0,PREMATIPS
2025-11-09,12:00,Vardar Skopje , Tikvesh,60.0,25.0,15.0,1.29,4.18,8.82,1.0,42.0,58.0,1.82,1.72,1.0,54,46,2.38,1.53,1.0,3,1,PREMATIPS
2025-11-09,12:00,Grorud , Brattvag,37.0,29.0,34.0,2.1,3.9,2.7,5.0,32.0,68.0,1.36,3.1,1.0,68,32,1.36,3.0,1.0,0,2,PREMATIPS
2025-11-09,12:00,Port Bangkok , Bangkok Utd,34.0,31.0,35.0,2.0,3.5,2.95,5.0,51.0,49.0,1.53,2.3,0.0,50,50,1.5,2.4,1.0,0,0,PREMATIPS
2025-11-09,12:00,Barkchi Hisor , Khujand,35.0,28.0,37.0,2.8,3.0,2.45,5.0,57.0,43.0,2.48,1.47,0.0,49,51,2.15,1.7,0.0,0,1,PREMATIPS
2025-11-09,12:00,CSKA Pamir ,TadAZ,41.0,33.0,26.0,1.89,3.4,3.75,1.0,50.0,50.0,1.96,1.75,0.0,51,49,1.91,1.89,1.0,1,0,PREMATIPS
2025-11-09,12:00,Vakhsh Bokhtar , Istaravshan,46.0,37.0,17.0,1.67,3.7,4.53,1.0,55.0,45.0,1.9,1.8,0.0,60,40,1.95,1.85,1.0,2,0,PREMATIPS
2025-11-09,12:00,Nyva Ternopil , UCSA Tarasivka,57.0,15.0,28.0,1.96,3.07,3.36,1.0,61.0,39.0,2.08,1.56,0.0,36,64,1.89,1.78,0.0,1,4,PREMATIPS
2025-11-09,12:15,UE Santa Coloma , Inter Escaldes,41.0,26.0,33.0,3.16,3.35,1.98,4.0,54.0,46.0,1.82,1.8,0.0,55,45,1.71,2.0,1.0,4,1,PREMATIPS
2025-11-09,12:15,Sabah FA , Selangor,28.0,31.0,41.0,3.2,3.3,1.95,2.0,44.0,56.0,1.58,2.2,1.0,57,43,1.53,2.35,1.0,2,2,PREMATIPS
2025-11-09,12:15,Lok. Moscow , Orenburg,53.0,29.0,18.0,1.57,4.52,5.55,1.0,47.0,53.0,1.56,2.34,1.0,64,36,1.66,2.15,1.0,1,0,PREMATIPS
2025-11-09,12:15,Xorazm Urganch , Sogdiana,27.0,32.0,41.0,3.5,3.3,1.88,6.0,55.0,45.0,1.85,1.83,0.0,50,50,1.75,1.95,1.0,0,2,PREMATIPS
2025-11-09,12:15,Cong An HoChiMinh , Ninh Binh FC,29.0,30.0,41.0,3.4,3.0,2.0,2.0,46.0,54.0,2.2,1.57,1.0,57,43,2.0,1.71,1.0,3,4,PREMATIPS
2025-11-09,12:30,Anderlecht , Club Brugge,37.0,23.0,40.0,2.88,3.5,2.3,5.0,62.0,38.0,1.65,2.2,0.0,48,52,1.53,2.38,0.0,1,0,PREMATIPS
2025-11-09,12:30,Vihren Sandanski , Yantra Gabrovo,40.0,22.0,38.0,2.05,3.01,3.25,5.0,58.0,42.0,1.95,1.69,0.0,45,55,1.77,1.85,0.0,0,0,PREMATIPS
2025-11-09,12:30,E. Braunschweig , Bochum,47.0,17.0,36.0,3.0,3.6,2.2,1.0,39.0,61.0,1.7,2.1,1.0,63,37,1.62,2.2,1.0,0,2,PREMATIPS
2025-11-09,12:30,Holstein Kiel , F. Dusseldorf,39.0,22.0,39.0,1.85,3.75,3.8,5.0,51.0,49.0,1.62,2.25,0.0,54,46,1.57,2.25,1.0,1,0,PREMATIPS
2025-11-09,12:30,Magdeburg , Paderborn,14.0,20.0,66.0,3.7,3.75,1.9,2.0,51.0,49.0,1.57,2.35,0.0,48,52,1.5,2.5,0.0,0,1,PREMATIPS
2025-11-09,12:30,Stuttgart II , Alemannia Aachen,48.0,23.0,29.0,2.25,3.4,2.88,1.0,36.0,64.0,1.7,2.1,1.0,65,35,1.57,2.25,1.0,1,3,PREMATIPS
2025-11-09,12:30,Dedza Dynamos , Mighty Tigers,36.0,34.0,30.0,2.1,2.87,3.3,4.0,68.0,32.0,2.55,1.44,0.0,31,69,2.16,1.6,0.0,1,1,PREMATIPS
2025-11-09,12:30,Unirea Slobozia , CFR Cluj,41.0,35.0,24.0,5.75,3.9,1.57,4.0,52.0,48.0,1.73,2.08,0.0,60,40,1.83,1.83,1.0,0,1,PREMATIPS
2025-11-09,12:45,Pyramids , Cer. Cleopatra,35.0,34.0,31.0,2.92,2.73,2.54,4.0,68.0,32.0,2.8,1.38,0.0,41,59,2.19,1.59,0.0,1,2,PREMATIPS
2025-11-09,13:00,CSKA 1948 , Cherno more,41.0,31.0,28.0,1.79,3.25,4.75,1.0,54.0,46.0,2.15,1.67,0.0,54,46,1.91,1.8,1.0,0,1,PREMATIPS
2025-11-09,13:00,Vlasim , Usti nad Labem,24.0,27.0,49.0,2.4,3.4,2.5,2.0,42.0,58.0,1.73,2.08,1.0,58,42,1.62,2.2,1.0,7,2,PREMATIPS
2025-11-09,13:00,Fredericia , Viborg,42.0,15.0,43.0,2.95,3.75,2.1,5.0,38.0,62.0,1.57,2.35,1.0,61,39,1.5,2.5,1.0,0,3,PREMATIPS
2025-11-09,13:00,Vejle , Copenhagen,22.0,19.0,59.0,5.25,4.2,1.56,2.0,40.0,60.0,1.7,2.1,1.0,68,32,1.75,2.0,1.0,2,0,PREMATIPS
2025-11-09,13:00,HJK Helsinki , KuPS Kuopio,38.0,29.0,33.0,2.05,3.8,2.9,5.0,33.0,67.0,1.4,2.88,1.0,68,32,1.4,2.75,1.0,0,2,PREMATIPS
2025-11-09,13:00,Inter Turku , Ilves Tampere,37.0,30.0,33.0,1.85,3.75,3.6,5.0,38.0,62.0,1.53,2.4,1.0,65,35,1.53,2.38,1.0,2,0,PREMATIPS
2025-11-09,13:00,SJK Seinajoki , Gnistan,43.0,30.0,27.0,1.48,4.5,5.0,1.0,25.0,75.0,1.25,4.0,1.0,68,32,1.36,3.0,1.0,3,0,PREMATIPS
2025-11-09,13:00,Aris , Asteras Tripolis,53.0,28.0,19.0,1.66,3.7,5.0,1.0,51.0,49.0,1.95,1.85,0.0,53,47,1.91,1.91,1.0,0,0,PREMATIPS
2025-11-09,13:00,Kifisia , Olympiacos,27.0,25.0,48.0,10.0,5.0,1.27,2.0,48.0,52.0,1.67,2.15,1.0,61,39,2.05,1.7,1.0,1,3,PREMATIPS
2025-11-09,13:00,Nestos Chrysoupoli , Anag. Karditsas,29.0,29.0,42.0,3.25,2.65,2.3,2.0,66.0,34.0,2.75,1.39,0.0,36,64,2.25,1.55,0.0,0,1,PREMATIPS
2025-11-09,13:00,Niki Volos , Makedonikos,62.0,18.0,20.0,1.23,5.0,11.0,1.0,58.0,42.0,1.8,1.88,0.0,31,69,2.55,1.44,0.0,6,0,PREMATIPS
2025-11-09,13:00,Panargiakos , Marko 1927,24.0,34.0,42.0,6.5,3.4,1.5,2.0,66.0,34.0,2.3,1.55,0.0,52,48,2.4,1.5,1.0,0,1,PREMATIPS
2025-11-09,13:00,Kenya Police , Gor Mahia,23.0,34.0,43.0,2.84,2.66,2.59,6.0,82.0,18.0,3.12,1.29,0.0,20,80,2.45,1.49,0.0,0,2,PREMATIPS
2025-11-09,13:00,Balti , Zimbru Chisinau,25.0,33.0,42.0,5.09,3.69,1.51,2.0,49.0,51.0,1.73,1.84,1.0,50,50,1.85,1.85,1.0,1,3,PREMATIPS
2025-11-09,13:00,Arsenal Tivat , Sutjeska Niksic,29.0,24.0,47.0,3.25,3.0,2.1,6.0,58.0,42.0,2.15,1.61,0.0,46,54,1.9,1.78,0.0,0,0,PREMATIPS
2025-11-09,13:00,Rotor Volgograd , Shinnik Yaroslavl,36.0,37.0,27.0,2.0,3.05,4.11,1.0,68.0,32.0,2.7,1.37,0.0,33,67,2.32,1.52,0.0,3,0,PREMATIPS
2025-11-09,13:00,Torpedo Moscow , Sokol Saratov,36.0,30.0,34.0,1.7,3.47,5.18,5.0,68.0,32.0,2.34,1.58,0.0,39,61,2.18,1.6,0.0,1,1,PREMATIPS
2025-11-09,13:00,Golden Arrows , Marumo Gallants,31.0,33.0,36.0,3.2,2.7,2.3,6.0,65.0,35.0,2.6,1.43,0.0,42,58,2.15,1.6,0.0,2,2,PREMATIPS
2025-11-09,13:00,Athletic Bilbao , Real Oviedo,60.0,20.0,20.0,1.53,3.7,7.5,1.0,60.0,40.0,2.3,1.62,0.0,42,58,2.25,1.57,0.0,1,0,PREMATIPS
2025-11-09,13:00,Las Palmas , R. Santander,36.0,22.0,42.0,1.96,3.2,4.0,6.0,45.0,55.0,1.9,1.9,1.0,59,41,1.73,2.0,1.0,3,1,PREMATIPS
2025-11-09,13:00,Zelezn. Pancevo , Javor Ivanjica,38.0,29.0,33.0,1.98,3.2,3.3,5.0,48.0,52.0,1.93,1.75,1.0,59,41,1.8,1.9,1.0,2,0,PREMATIPS
2025-11-09,13:00,Basel , Lugano,59.0,5.0,36.0,1.79,3.9,3.75,1.0,30.0,70.0,1.5,2.5,1.0,62,38,1.5,2.5,1.0,0,1,PREMATIPS
2025-11-09,13:00,Vaduz ,Ouchy,61.0,10.0,29.0,2.2,3.4,2.65,1.0,39.0,61.0,1.53,2.3,1.0,64,36,1.47,2.45,1.0,3,2,PREMATIPS
2025-11-09,13:00,Pendikspor , Umraniyespor,70.0,11.0,19.0,1.42,4.33,7.0,1.0,54.0,46.0,1.67,2.15,0.0,49,51,1.83,1.83,0.0,3,0,PREMATIPS
2025-11-09,13:00,CA Cerro , Boston River,31.0,39.0,30.0,3.1,2.75,2.4,4.0,57.0,43.0,2.6,1.48,0.0,39,61,2.1,1.67,0.0,0,0,PREMATIPS
2025-11-09,13:00,Kabwe Warriors , Red Arrows,27.0,46.0,27.0,2.8,2.66,2.54,0.0,71.0,29.0,2.75,1.27,0.0,37,63,2.31,1.41,0.0,0,1,PREMATIPS
2025-11-09,13:00,Konkola Blades , Green Eagles,29.0,42.0,29.0,2.6,2.31,3.34,0.0,83.0,17.0,2.97,1.29,0.0,32,68,2.24,1.53,0.0,0,0,PREMATIPS
2025-11-09,13:00,Zanaco , Mufulira Wand.,46.0,25.0,29.0,2.15,2.65,3.6,1.0,86.0,14.0,2.85,1.37,0.0,28,72,2.35,1.52,0.0,1,0,PREMATIPS
2025-11-09,13:30,MC El Bayadh , MC Alger,10.0,34.0,56.0,5.25,2.95,1.68,2.0,75.0,25.0,2.8,1.38,0.0,42,58,2.65,1.42,0.0,0,1,PREMATIPS
2025-11-09,13:30,LASK Linz , Altach,48.0,26.0,26.0,1.86,3.5,4.1,1.0,60.0,40.0,2.1,1.7,0.0,42,58,1.95,1.8,0.0,1,0,PREMATIPS
2025-11-09,13:30,WSG Swarovski , Rapid Wien,32.0,20.0,48.0,3.6,3.4,2.01,6.0,51.0,49.0,1.95,1.85,0.0,61,39,1.75,2.0,1.0,1,1,PREMATIPS
2025-11-09,13:30,Pro Vercelli , Triestina,91.0,5.0,3.0,2.25,2.8,3.1,1.0,64.0,36.0,2.37,1.51,0.0,39,61,2.05,1.68,0.0,3,1,PREMATIPS
2025-11-09,13:30,Trento 1921 , Ospitaletto,26.0,53.0,21.0,1.73,3.25,4.2,4.0,53.0,47.0,1.95,1.73,0.0,58,42,1.9,1.78,1.0,3,1,PREMATIPS
2025-11-09,13:30,Union Brescia , Alcione Milano,40.0,33.0,27.0,1.37,4.0,7.75,4.0,70.0,30.0,2.05,1.66,0.0,44,56,2.45,1.49,0.0,0,1,PREMATIPS
2025-11-09,13:30,Perugia , Arezzo,13.0,20.0,67.0,4.1,3.2,1.77,2.0,57.0,43.0,2.2,1.6,0.0,42,58,2.05,1.68,0.0,0,0,PREMATIPS
2025-11-09,13:30,Catania , Team Altamura,43.0,35.0,22.0,1.31,4.4,8.75,1.0,52.0,48.0,1.85,1.82,0.0,43,57,2.35,1.52,0.0,2,0,PREMATIPS
2025-11-09,13:30,Siracusa , Latina,22.0,28.0,50.0,2.05,3.1,3.25,2.0,58.0,42.0,2.0,1.7,0.0,38,62,1.83,1.85,0.0,3,1,PREMATIPS
2025-11-09,13:30,NEC Nijmegen , Groningen,36.0,14.0,50.0,2.05,3.7,3.4,2.0,33.0,67.0,1.73,2.08,1.0,62,38,1.67,2.1,1.0,2,0,PREMATIPS
2025-11-09,13:30,Rosenborg , Valerenga Oslo,40.0,27.0,33.0,1.95,3.9,3.4,4.0,43.0,57.0,1.44,2.7,1.0,60,40,1.4,2.75,1.0,1,0,PREMATIPS
2025-11-09,13:30,Slask Wroclaw , Polonia Bytom,42.0,21.0,37.0,2.0,3.5,3.3,5.0,39.0,61.0,1.67,2.15,1.0,61,39,1.57,2.25,1.0,2,3,PREMATIPS
2025-11-09,13:30,Ben Guerdane , Stade Tunisien,15.0,53.0,32.0,3.25,2.54,2.46,6.0,83.0,17.0,3.39,1.29,0.0,27,73,2.5,1.44,0.0,1,0,PREMATIPS
2025-11-09,13:30,Club Africain , Esperance Tunis,33.0,32.0,35.0,3.6,2.55,2.2,5.0,71.0,29.0,2.95,1.35,0.0,27,73,2.37,1.51,0.0,0,0,PREMATIPS
2025-11-09,13:30,ES Metlaoui , ES Zarzis,37.0,29.0,34.0,2.55,2.5,2.95,5.0,69.0,31.0,3.25,1.29,0.0,31,69,2.5,1.46,0.0,0,0,PREMATIPS
2025-11-09,13:30,Dynamo Kyiv , LNZ Cherkasy,33.0,35.0,32.0,1.78,3.24,4.16,4.0,56.0,44.0,2.15,1.61,0.0,49,51,1.99,1.7,0.0,0,1,PREMATIPS
2025-11-09,13:45,Korona Kielce , Rakow Czest.,45.0,15.0,40.0,2.9,3.25,2.4,5.0,57.0,43.0,2.1,1.7,0.0,49,51,1.91,1.91,0.0,1,4,PREMATIPS
2025-11-09,13:45,Legia Warszawa , Termalica,47.0,37.0,16.0,1.38,5.25,6.5,1.0,53.0,47.0,1.53,2.4,0.0,58,42,1.75,2.0,1.0,1,2,PREMATIPS
2025-11-09,14:00,Ararat , Shirak,23.0,26.0,51.0,2.75,3.1,2.25,2.0,45.0,55.0,1.87,1.8,1.0,46,54,1.72,1.98,0.0,0,0,PREMATIPS
2025-11-09,14:00,Vitebsk , Torpedo Zhodino,28.0,25.0,47.0,3.1,3.1,2.1,6.0,52.0,48.0,2.4,1.5,0.0,45,55,2.1,1.63,0.0,1,1,PREMATIPS
2025-11-09,14:00,Aston Villa , Bournemouth,32.0,30.0,38.0,2.38,3.3,3.0,6.0,49.0,51.0,1.88,1.98,1.0,50,50,1.67,2.1,1.0,4,0,PREMATIPS
2025-11-09,14:00,Brentford , Newcastle Utd,36.0,34.0,30.0,2.88,3.4,2.45,4.0,45.0,55.0,1.88,1.98,1.0,53,47,1.67,2.1,1.0,3,1,PREMATIPS
2025-11-09,14:00,Crystal Palace , Brighton,37.0,38.0,25.0,2.3,3.4,3.1,4.0,42.0,58.0,1.88,1.98,1.0,60,40,1.62,2.2,1.0,0,0,PREMATIPS
2025-11-09,14:00,Nottingham Forest , Leeds Utd,35.0,16.0,49.0,2.3,3.1,3.25,2.0,45.0,55.0,2.2,1.67,1.0,43,57,1.91,1.91,0.0,3,1,PREMATIPS
2025-11-09,14:00,Lorient , Toulouse,39.0,23.0,38.0,3.0,3.25,2.4,5.0,47.0,53.0,2.1,1.73,1.0,46,54,1.91,1.91,0.0,1,1,PREMATIPS
2025-11-09,14:00,Bologna , Napoli,32.0,33.0,35.0,3.01,2.98,2.55,6.0,54.0,46.0,2.46,1.52,0.0,45,55,2.0,1.74,0.0,2,0,PREMATIPS
2025-11-09,14:00,Genoa , Fiorentina,32.0,46.0,22.0,2.88,2.75,3.0,4.0,50.0,50.0,2.75,1.44,0.0,52,48,2.1,1.67,1.0,2,2,PREMATIPS
2025-11-09,14:00,Cesena , Avellino,33.0,45.0,22.0,1.76,3.6,4.5,4.0,48.0,52.0,2.1,1.7,1.0,65,35,2.0,1.75,1.0,3,0,PREMATIPS
2025-11-09,14:00,Decic Tuzi , Jezero Plav,34.0,35.0,31.0,1.88,3.1,3.75,4.0,48.0,52.0,2.1,1.63,1.0,57,43,1.93,1.75,1.0,1,0,PREMATIPS
2025-11-09,14:00,Mladost DG , Petrovac,37.0,24.0,39.0,2.75,2.95,2.37,5.0,49.0,51.0,1.98,1.71,1.0,58,42,1.77,1.93,1.0,1,0,PREMATIPS
2025-11-09,14:00,Felgueiras 1932 , Academico Viseu,29.0,24.0,47.0,2.25,3.0,2.9,6.0,47.0,53.0,2.15,1.67,1.0,55,45,1.83,1.83,1.0,1,3,PREMATIPS
2025-11-09,14:00,La Fiorita , Folgore,42.0,19.0,39.0,1.73,3.3,4.1,5.0,29.0,71.0,2.1,1.65,1.0,51,49,1.95,1.73,1.0,2,2,PREMATIPS
2025-11-09,14:00,Murata , San Giovanni,44.0,19.0,37.0,2.25,3.25,2.7,4.0,54.0,46.0,1.85,1.83,0.0,47,53,1.67,2.04,0.0,0,0,PREMATIPS
2025-11-09,14:00,SM Academy , Faetano,17.0,6.0,77.0,3.7,3.7,1.73,2.0,46.0,54.0,1.65,2.1,1.0,51,49,1.57,2.2,1.0,1,1,PREMATIPS
2025-11-09,14:00,AIK Stockholm , Halmstad,50.0,28.0,22.0,1.33,4.75,9.0,1.0,50.0,50.0,1.83,1.98,1.0,45,55,2.2,1.62,0.0,0,2,PREMATIPS
2025-11-09,14:00,Brommapojkarna , Degerfors,49.0,10.0,41.0,3.2,4.0,1.96,1.0,50.0,50.0,1.67,2.15,1.0,49,51,1.67,2.1,0.0,1,3,PREMATIPS
2025-11-09,14:00,Hammarby , Elfsborg,66.0,12.0,22.0,1.41,5.0,5.75,1.0,44.0,56.0,1.44,2.7,1.0,50,50,1.57,2.25,1.0,3,0,PREMATIPS
2025-11-09,14:00,IFK Goteborg , Norrkoping,59.0,19.0,22.0,1.66,4.1,4.5,1.0,45.0,55.0,1.48,2.6,1.0,53,47,1.5,2.5,1.0,2,0,PREMATIPS
2025-11-09,14:00,Malmo , GAIS Goteborg,29.0,36.0,35.0,1.91,3.9,3.4,6.0,52.0,48.0,1.62,2.25,0.0,53,47,1.57,2.25,1.0,2,1,PREMATIPS
2025-11-09,14:00,Mjallby , Hacken,52.0,28.0,20.0,1.57,4.2,4.75,1.0,51.0,49.0,1.62,2.25,0.0,54,46,1.67,2.1,1.0,1,0,PREMATIPS
2025-11-09,14:00,Osters , Djurgarden,20.0,24.0,56.0,3.7,3.8,1.86,2.0,60.0,40.0,1.57,2.35,0.0,48,52,1.53,2.38,0.0,1,3,PREMATIPS
2025-11-09,14:00,Sirius , Varnamo,64.0,18.0,18.0,1.27,6.25,7.5,1.0,40.0,60.0,1.29,3.6,1.0,65,35,1.5,2.5,1.0,3,1,PREMATIPS
2025-11-09,14:00,AFC Eskilstuna , Team TG,67.0,13.0,20.0,1.38,4.75,5.75,1.0,34.0,66.0,1.38,2.8,1.0,65,35,1.55,2.25,1.0,1,0,PREMATIPS
2025-11-09,14:00,Gefle , Йоребро Сир.,44.0,25.0,31.0,1.39,4.5,5.75,1.0,44.0,56.0,1.55,2.3,1.0,61,39,1.75,1.93,1.0,3,3,PREMATIPS
2025-11-09,14:00,IFK Haninge , Enkopings SK,39.0,20.0,41.0,2.37,3.7,2.3,5.0,31.0,69.0,1.34,2.95,1.0,68,32,1.34,3.0,1.0,0,0,PREMATIPS
2025-11-09,14:00,IFK Stocksund , Vasalund,31.0,13.0,56.0,2.45,3.6,2.25,2.0,26.0,74.0,1.37,2.85,1.0,68,32,1.36,2.85,1.0,1,7,PREMATIPS
2025-11-09,14:00,Karlstad Fotboll , Hammarby TFF,34.0,27.0,39.0,2.95,3.5,2.0,5.0,40.0,60.0,1.49,2.4,1.0,66,34,1.46,2.5,1.0,1,2,PREMATIPS
2025-11-09,14:00,Nordic United , Arlanda,51.0,19.0,30.0,1.16,6.51,10.84,1.0,39.0,61.0,1.29,3.41,1.0,61,39,1.69,1.94,1.0,3,2,PREMATIPS
2025-11-09,14:00,Sollentuna , Karlbergs BK,38.0,23.0,39.0,2.7,3.5,2.15,5.0,39.0,61.0,1.47,2.5,1.0,68,32,1.44,2.55,1.0,2,2,PREMATIPS
2025-11-09,14:00,Stockholm Inter. , Assyriska FF,49.0,21.0,30.0,1.31,4.79,7.63,1.0,40.0,60.0,1.51,2.22,1.0,58,42,1.75,1.87,1.0,0,1,PREMATIPS
2025-11-09,14:00,Kocaelispor , Galatasaray,19.0,21.0,60.0,6.69,4.66,1.41,2.0,54.0,46.0,1.58,2.27,0.0,48,52,1.78,1.93,0.0,1,0,PREMATIPS
2025-11-09,14:15,Zrinjski Mostar , Zeljeznicar,39.0,32.0,29.0,1.38,4.0,7.25,4.0,72.0,28.0,2.05,1.65,0.0,37,63,2.45,1.47,0.0,2,1,PREMATIPS
2025-11-09,14:15,Kazincbarcikai , Ferencvaros,25.0,23.0,52.0,7.5,5.75,1.3,2.0,31.0,69.0,1.53,2.4,1.0,61,39,1.83,1.83,1.0,1,3,PREMATIPS
2025-11-09,14:25,Al Naser Kuwait , Al Arabi Kuwait,7.0,25.0,68.0,12.0,6.0,1.18,2.0,61.0,39.0,1.55,2.25,0.0,28,72,2.3,1.55,0.0,2,1,PREMATIPS
2025-11-09,14:30,Sigma Olomouc , Pardubice,38.0,45.0,17.0,1.8,3.6,4.0,4.0,61.0,39.0,2.05,1.75,0.0,56,44,1.95,1.8,1.0,2,0,PREMATIPS
2025-11-09,14:30,Sparta Prague , Teplice,54.0,30.0,16.0,1.22,5.75,12.0,1.0,46.0,54.0,1.7,2.1,1.0,60,40,2.5,1.5,1.0,2,2,PREMATIPS
2025-11-09,14:30,Freiburg , Sankt Pauli,43.0,27.0,30.0,1.8,3.6,4.5,4.0,42.0,58.0,2.0,1.8,1.0,48,52,1.95,1.8,0.0,2,1,PREMATIPS
2025-11-09,14:30,Jedinstvo , Buducnost,31.0,31.0,38.0,3.8,3.75,1.68,2.0,67.0,33.0,1.62,2.15,0.0,50,50,1.65,2.1,1.0,0,1,PREMATIPS
2025-11-09,14:30,Al,Rayyan,23.0,6.0,71.0,5.0,4.33,1.46,2.0,56.0,44.0,1.44,2.6,0.0,48,52,1.57,2.25,0.0,1,5,PREMATIPS
2025-11-09,14:30,Akhmat Grozny , Spartak Moscow,32.0,28.0,40.0,3.24,3.4,2.28,6.0,47.0,53.0,2.11,1.78,1.0,57,43,1.83,1.93,1.0,1,2,PREMATIPS
2025-11-09,14:30,Slovan Brat. , Komarno,59.0,15.0,26.0,1.27,5.75,8.0,1.0,42.0,58.0,1.38,2.8,1.0,66,34,1.72,1.98,1.0,3,2,PREMATIPS
2025-11-09,14:44,Qarabag , Neftchi Baku,35.0,41.0,24.0,1.46,3.9,5.75,4.0,67.0,33.0,1.8,1.88,0.0,35,65,1.98,1.73,0.0,2,0,PREMATIPS
2025-11-09,15:00,Esperanca , Penya Encarnada,33.0,28.0,39.0,4.3,3.53,1.66,6.0,64.0,36.0,1.81,1.83,0.0,51,49,1.77,1.92,1.0,0,1,PREMATIPS
2025-11-09,15:00,Petro de Luanda , Primeiro Agosto,40.0,35.0,25.0,1.85,2.87,4.28,1.0,65.0,35.0,2.77,1.37,0.0,48,52,2.43,1.5,0.0,0,1,PREMATIPS
2025-11-09,15:00,Saint Truiden , Standard Liege,57.0,13.0,30.0,1.91,3.4,3.75,1.0,55.0,45.0,1.8,2.0,0.0,48,52,1.7,2.05,0.0,1,0,PREMATIPS
2025-11-09,15:00,Francs Borains , Olympic Charleroi,39.0,46.0,15.0,1.65,3.75,4.5,4.0,54.0,46.0,1.7,2.1,0.0,44,56,1.73,2.0,0.0,0,1,PREMATIPS
2025-11-09,15:00,RWDM Brussels , Beerschot,25.0,28.0,47.0,2.88,3.3,2.25,6.0,51.0,49.0,1.83,1.98,0.0,59,41,1.67,2.1,1.0,0,1,PREMATIPS
2025-11-09,15:00,Istra 1961 , Dinamo Zagreb,27.0,26.0,47.0,5.75,3.9,1.5,6.0,41.0,59.0,1.93,1.88,1.0,55,45,2.0,1.73,1.0,2,1,PREMATIPS
2025-11-09,15:00,AEK Larnaca , Omonia Aradippou,62.0,21.0,17.0,1.34,4.33,7.5,1.0,66.0,34.0,1.82,1.87,0.0,30,70,2.2,1.6,0.0,1,0,PREMATIPS
2025-11-09,15:00,Randers , Midtjylland,29.0,26.0,45.0,4.33,4.0,1.66,6.0,45.0,55.0,1.62,2.25,1.0,59,41,1.62,2.2,1.0,0,2,PREMATIPS
2025-11-09,15:00,Levadiakos , Panserraikos,65.0,25.0,10.0,1.33,4.75,8.5,1.0,51.0,49.0,1.7,2.1,0.0,50,50,2.0,1.75,0.0,5,2,PREMATIPS
2025-11-09,15:00,Shamrock Rovers , Cork City,43.0,34.0,23.0,1.4,4.0,6.5,1.0,52.0,48.0,1.85,1.83,0.0,45,55,2.1,1.63,0.0,2,0,PREMATIPS
2025-11-09,15:00,Differdange , Petange,46.0,36.0,18.0,1.23,5.75,9.0,1.0,42.0,58.0,1.55,2.25,1.0,41,59,2.1,1.63,0.0,2,1,PREMATIPS
2025-11-09,15:00,Etzella , Racing FC Union,34.0,30.0,36.0,2.55,3.3,2.3,5.0,41.0,59.0,1.53,2.3,1.0,64,36,1.46,2.5,1.0,1,1,PREMATIPS
2025-11-09,15:00,F91 Dudelange , Atert Bissen,38.0,30.0,32.0,2.05,3.5,2.85,5.0,35.0,65.0,1.43,2.6,1.0,67,33,1.41,2.7,1.0,1,1,PREMATIPS
2025-11-09,15:00,Mamer 32 , Kaerjeng Un,35.0,31.0,34.0,2.35,3.3,2.5,5.0,41.0,59.0,1.55,2.25,1.0,64,36,1.49,2.45,1.0,2,0,PREMATIPS
2025-11-09,15:00,Difaa El Jadidi , FUS Rabat,28.0,34.0,38.0,3.75,3.0,1.95,6.0,55.0,45.0,2.5,1.5,0.0,43,57,2.2,1.62,0.0,1,0,PREMATIPS
2025-11-09,15:00,Olympique Safi , Wydad Casablanca,13.0,31.0,56.0,3.6,3.1,1.95,2.0,55.0,45.0,2.7,1.44,0.0,53,47,2.38,1.53,1.0,1,2,PREMATIPS
2025-11-09,15:00,Abia Warriors , Enyimba,49.0,21.0,30.0,1.46,3.34,7.06,1.0,81.0,19.0,2.55,1.4,0.0,27,73,2.81,1.38,0.0,0,0,PREMATIPS
2025-11-09,15:00,Kano Pillars , Bayelsa United,25.0,29.0,46.0,1.74,2.96,4.76,6.0,74.0,26.0,2.73,1.36,0.0,43,57,2.57,1.42,0.0,0,0,PREMATIPS
2025-11-09,15:00,Nasarawa United , Kwara United,45.0,29.0,26.0,1.4,3.3,7.98,1.0,78.0,22.0,2.8,1.34,0.0,30,70,3.4,1.25,0.0,1,1,PREMATIPS
2025-11-09,15:00,Wikki Tourists , Niger Tornadoes,40.0,35.0,25.0,1.75,2.95,4.53,1.0,78.0,22.0,2.55,1.4,0.0,36,64,2.4,1.5,0.0,1,0,PREMATIPS
2025-11-09,15:00,Aberdeen , Motherwell,23.0,38.0,39.0,2.25,3.7,2.75,6.0,59.0,41.0,1.85,2.0,0.0,44,56,1.7,2.05,0.0,1,1,PREMATIPS
2025-11-09,15:00,Dundee FC , Rangers,24.0,41.0,35.0,6.5,4.33,1.42,6.0,57.0,43.0,1.67,2.2,0.0,56,44,1.8,1.95,1.0,0,3,PREMATIPS
2025-11-09,15:00,Hearts , Dundee Utd,46.0,37.0,17.0,1.37,4.5,7.5,1.0,42.0,58.0,1.67,2.2,1.0,53,47,1.8,1.95,1.0,1,1,PREMATIPS
2025-11-09,15:00,Cacereno , Real Aviles,20.0,36.0,44.0,2.1,2.9,3.6,6.0,61.0,39.0,2.63,1.44,0.0,47,53,2.2,1.62,0.0,0,4,PREMATIPS
2025-11-09,15:00,Spartak Subotica , Crvena Zvezda,17.0,25.0,58.0,12.5,7.0,1.14,2.0,46.0,54.0,1.39,2.75,1.0,63,37,2.1,1.65,1.0,2,3,PREMATIPS
2025-11-09,15:15,Rayo Vallecano , Real Madrid,28.0,22.0,50.0,5.75,5.0,1.45,2.0,48.0,52.0,1.53,2.5,1.0,48,52,1.75,2.0,0.0,0,0,PREMATIPS
2025-11-09,15:15,Ceuta , Almeria,32.0,28.0,40.0,3.05,3.4,2.15,6.0,54.0,46.0,1.9,1.9,0.0,51,49,1.73,2.0,1.0,-,-,PREMATIPS
2025-11-09,15:30,Ludogorets , Arda Kardzhali,51.0,29.0,20.0,1.33,4.75,8.5,1.0,60.0,40.0,1.83,1.98,0.0,36,64,2.2,1.62,0.0,2,3,PREMATIPS
2025-11-09,15:30,Al Ahly Cairo , Zamalek,35.0,34.0,31.0,2.46,2.78,2.97,4.0,63.0,37.0,2.51,1.45,0.0,44,56,2.04,1.67,0.0,2,0,PREMATIPS
2025-11-09,15:30,Jahn Regensburg , Munchen 1860,33.0,19.0,48.0,2.9,3.5,2.2,6.0,41.0,59.0,1.67,2.15,1.0,62,38,1.62,2.2,1.0,4,0,PREMATIPS
2025-11-09,15:30,OFI Crete , AEK Athens,27.0,13.0,60.0,6.25,4.5,1.42,2.0,52.0,48.0,1.7,2.1,0.0,41,59,1.91,1.91,0.0,0,1,PREMATIPS
2025-11-09,15:30,Mornar Bar , Bokelj Kotor,49.0,34.0,17.0,1.65,3.3,4.75,1.0,42.0,58.0,1.93,1.77,1.0,61,39,1.9,1.78,1.0,0,0,PREMATIPS
2025-11-09,15:30,AVS Futebol SAD , Gil Vicente,9.0,20.0,71.0,5.25,3.6,1.62,2.0,53.0,47.0,2.25,1.62,0.0,34,66,2.1,1.67,0.0,1,1,PREMATIPS
2025-11-09,15:30,Estrela Amadora , Nacional Madeira,31.0,30.0,39.0,2.38,3.13,2.98,6.0,60.0,40.0,2.18,1.63,0.0,44,56,1.87,1.83,0.0,1,1,PREMATIPS
2025-11-09,15:30,Maritimo , Pacos Ferreira,35.0,46.0,19.0,1.57,3.4,5.25,4.0,55.0,45.0,2.05,1.75,0.0,47,53,2.0,1.73,0.0,2,0,PREMATIPS
2025-11-09,15:30,U Craiova , UTA Arad,44.0,36.0,20.0,1.48,4.5,5.75,1.0,52.0,48.0,1.7,2.1,0.0,57,43,1.83,1.83,1.0,1,2,PREMATIPS
2025-11-09,15:30,Lausanne , Sion,42.0,20.0,38.0,1.96,3.6,3.4,5.0,31.0,69.0,1.62,2.25,1.0,63,37,1.53,2.38,1.0,2,2,PREMATIPS
2025-11-09,15:30,St. Gallen , Young Boys,51.0,18.0,31.0,2.25,3.6,2.82,1.0,23.0,77.0,1.53,2.4,1.0,68,32,1.44,2.63,1.0,1,4,PREMATIPS
2025-11-09,15:45,AZ Alkmaar , PSV Eindhoven,40.0,21.0,39.0,3.0,4.0,2.1,5.0,27.0,73.0,1.36,3.1,1.0,68,32,1.36,3.0,1.0,1,5,PREMATIPS
2025-11-09,15:45,RKC Waalwijk , De Graafschap,40.0,30.0,30.0,2.05,4.0,2.85,5.0,40.0,60.0,1.33,3.4,1.0,71,29,1.33,3.25,1.0,1,4,PREMATIPS
2025-11-09,16:00,Elbasani , Egnatia,41.0,24.0,35.0,2.95,2.86,2.31,4.0,74.0,26.0,2.26,1.46,0.0,34,66,2.06,1.66,0.0,1,0,PREMATIPS
2025-11-09,16:00,Teuta Durres , Partizani,45.0,35.0,20.0,2.06,2.8,3.59,4.0,78.0,22.0,2.79,1.37,0.0,27,73,2.3,1.54,0.0,2,3,PREMATIPS
2025-11-09,16:00,Sturm Graz , RB Salzburg,52.0,13.0,35.0,2.1,3.6,2.95,1.0,34.0,66.0,1.65,2.2,1.0,54,46,1.53,2.38,1.0,1,1,PREMATIPS
2025-11-09,16:00,Al, Sitra Club,53.0,28.0,19.0,1.78,3.4,3.7,1.0,62.0,38.0,1.83,1.85,0.0,34,66,1.82,1.87,0.0,2,1,PREMATIPS
2025-11-09,16:00,Al,Hidd,29.0,54.0,17.0,1.41,4.16,6.02,4.0,50.0,50.0,1.66,2.06,1.0,50,50,1.83,1.8,0.0,3,0,PREMATIPS
2025-11-09,16:00,Bodo Glimt , Bryne,65.0,18.0,17.0,1.13,9.5,13.0,1.0,39.0,61.0,1.3,3.5,1.0,59,41,2.0,1.75,1.0,5,0,PREMATIPS
2025-11-09,16:00,Brann Bergen , KFUM Oslo,46.0,27.0,27.0,1.65,3.72,4.76,1.0,36.0,64.0,1.82,1.89,1.0,60,40,1.81,1.89,1.0,1,1,PREMATIPS
2025-11-09,16:00,Kristiansund , Stromsgodset,51.0,19.0,30.0,1.8,4.1,3.8,1.0,35.0,65.0,1.48,2.6,1.0,60,40,1.5,2.5,1.0,2,1,PREMATIPS
2025-11-09,16:00,Sandefjord , Tromso,41.0,13.0,46.0,2.9,3.4,2.35,5.0,38.0,62.0,1.7,2.1,1.0,57,43,1.57,2.25,1.0,1,0,PREMATIPS
2025-11-09,16:00,GKS Tychy , Pogon Grodzisk M.,19.0,23.0,58.0,2.2,3.5,2.8,2.0,23.0,77.0,1.53,2.4,1.0,72,28,1.5,2.5,1.0,1,2,PREMATIPS
2025-11-09,16:00,Celtic , Kilmarnock,50.0,31.0,19.0,1.13,7.5,13.0,1.0,45.0,55.0,1.36,3.2,1.0,46,54,1.95,1.8,0.0,4,0,PREMATIPS
2025-11-09,16:00,IMT New Belgrade , TSC Backa Topola,52.0,19.0,29.0,2.2,3.4,2.65,1.0,55.0,45.0,1.7,2.0,0.0,54,46,1.6,2.15,1.0,1,1,PREMATIPS
2025-11-09,16:00,Corum , Igdir FK,36.0,35.0,29.0,1.9,3.5,3.8,4.0,46.0,54.0,1.9,1.9,1.0,66,34,1.8,1.91,1.0,3,1,PREMATIPS
2025-11-09,16:00,Shakhtar Donetsk , SC Poltava,67.0,21.0,12.0,1.07,12.5,29.0,1.0,49.0,51.0,1.27,3.4,1.0,49,51,2.5,1.47,0.0,7,1,PREMATIPS
2025-11-09,16:15,Angers , Auxerre,55.0,29.0,16.0,2.7,3.0,2.88,1.0,62.0,38.0,2.5,1.53,0.0,40,60,2.05,1.7,0.0,2,0,PREMATIPS
2025-11-09,16:15,Metz , Nice,25.0,28.0,47.0,3.1,3.6,2.2,6.0,47.0,53.0,1.67,2.2,1.0,49,51,1.57,2.25,0.0,2,1,PREMATIPS
2025-11-09,16:15,Strasbourg , Lille,44.0,13.0,43.0,2.7,3.7,2.45,5.0,44.0,56.0,1.67,2.2,1.0,49,51,1.57,2.25,0.0,2,0,PREMATIPS
2025-11-09,16:15,Pescara , Monza 1912,12.0,48.0,40.0,5.5,3.9,1.56,6.0,48.0,52.0,2.05,1.75,1.0,62,38,2.0,1.75,1.0,0,2,PREMATIPS
2025-11-09,16:15,Gendrim , Nouakchott Academy,45.0,43.0,12.0,1.82,3.1,4.31,4.0,41.0,59.0,2.38,1.53,1.0,57,43,2.23,1.65,1.0,2,2,PREMATIPS
2025-11-09,16:15,Kaedi , Chemal,33.0,26.0,41.0,3.35,3.0,1.96,6.0,41.0,59.0,2.21,1.5,1.0,52,48,2.1,1.73,1.0,2,0,PREMATIPS
2025-11-09,16:30,Velez Mostar , Radnik Bijeljina,36.0,26.0,38.0,1.51,3.7,5.5,5.0,58.0,42.0,1.95,1.73,0.0,41,59,2.1,1.65,0.0,1,0,PREMATIPS
2025-11-09,16:30,Manchester City , Liverpool,57.0,5.0,38.0,1.9,3.9,3.7,1.0,42.0,58.0,1.44,2.75,1.0,53,47,1.44,2.63,1.0,3,0,PREMATIPS
2025-11-09,16:30,Stuttgart , Augsburg,43.0,32.0,25.0,1.53,4.2,5.75,1.0,31.0,69.0,1.62,2.3,1.0,62,38,1.67,2.1,1.0,3,2,PREMATIPS
2025-11-09,16:30,Nyiregyhaza Sp. , Puskas Akademia,23.0,28.0,49.0,3.4,3.4,2.05,2.0,41.0,59.0,2.05,1.75,1.0,72,28,1.83,1.83,1.0,1,1,PREMATIPS
2025-11-09,16:30,Giana Erminio , Albinoleffe,32.0,35.0,33.0,2.15,2.87,3.2,6.0,47.0,53.0,2.35,1.51,1.0,58,42,2.05,1.68,1.0,1,1,PREMATIPS
2025-11-09,16:30,Novara , Lecco,15.0,50.0,35.0,2.25,2.85,3.1,6.0,67.0,33.0,2.35,1.51,0.0,50,50,2.0,1.7,0.0,1,0,PREMATIPS
2025-11-09,16:30,Carpi , Livorno,56.0,24.0,20.0,2.1,3.0,3.1,1.0,54.0,46.0,2.1,1.63,0.0,42,58,1.88,1.8,0.0,2,0,PREMATIPS
2025-11-09,16:30,Monopoli 1966 , Casertana,39.0,27.0,34.0,2.2,2.85,3.1,5.0,52.0,48.0,2.45,1.47,0.0,49,51,2.1,1.65,0.0,1,1,PREMATIPS
2025-11-09,16:30,Sorrento , Audace Cerignola,30.0,32.0,38.0,3.3,3.0,2.05,6.0,47.0,53.0,1.98,1.72,1.0,52,48,1.8,1.88,1.0,1,2,PREMATIPS
2025-11-09,16:30,Pogon Szczecin , Jagiellonia,33.0,25.0,42.0,2.38,3.9,2.6,6.0,38.0,62.0,1.57,2.35,1.0,61,39,1.53,2.38,1.0,1,2,PREMATIPS
2025-11-09,16:30,Al,Ahli Doha,50.0,13.0,37.0,1.78,3.6,3.5,1.0,31.0,69.0,1.49,2.45,1.0,60,40,1.49,2.4,1.0,1,0,PREMATIPS
2025-11-09,16:30,Celje , Bravo,45.0,22.0,33.0,1.52,4.4,4.75,1.0,24.0,76.0,1.42,2.65,1.0,61,39,1.53,2.3,1.0,0,0,PREMATIPS
2025-11-09,16:40,Kazma SC , Al Kuwait,15.0,58.0,27.0,6.25,4.1,1.4,2.0,61.0,39.0,1.65,2.05,0.0,49,51,1.87,1.82,0.0,1,2,PREMATIPS
2025-11-09,16:45,ASO Chlef , ES Ben Aknoun,23.0,40.0,37.0,2.0,2.7,3.9,6.0,77.0,23.0,2.75,1.39,0.0,48,52,2.3,1.53,0.0,1,2,PREMATIPS
2025-11-09,16:45,CS Constantine , JS Kabylie,23.0,46.0,31.0,2.3,2.8,3.0,6.0,66.0,34.0,2.5,1.46,0.0,49,51,2.1,1.65,0.0,1,0,PREMATIPS
2025-11-09,16:45,Baltika , Krasnodar,28.0,39.0,33.0,3.22,3.14,2.47,6.0,64.0,36.0,2.45,1.59,0.0,38,62,2.02,1.76,0.0,1,1,PREMATIPS
2025-11-09,17:00,JS Saoura , Paradou AC,67.0,17.0,16.0,1.57,3.4,5.5,1.0,65.0,35.0,2.2,1.57,0.0,52,48,2.25,1.55,1.0,1,2,PREMATIPS
2025-11-09,17:00,Anorthosis , Pafos,15.0,35.0,50.0,6.25,4.1,1.41,2.0,51.0,49.0,1.77,1.9,0.0,41,59,2.0,1.71,0.0,1,1,PREMATIPS
2025-11-09,17:00,Omonia Nicosia , APOEL Nicosia,48.0,20.0,32.0,2.1,3.25,2.95,1.0,44.0,56.0,1.71,2.0,1.0,37,63,1.63,2.1,0.0,2,2,PREMATIPS
2025-11-09,17:00,AGF Aarhus , Sonderjyske,53.0,28.0,19.0,1.62,3.9,4.75,1.0,45.0,55.0,1.57,2.35,1.0,64,36,1.62,2.2,1.0,2,3,PREMATIPS
2025-11-09,17:00,Atromitos , Volos,25.0,24.0,51.0,2.4,2.95,3.05,2.0,51.0,49.0,2.25,1.62,0.0,53,47,1.91,1.91,1.0,0,1,PREMATIPS
2025-11-09,17:00,Roma , Udinese,52.0,15.0,33.0,1.5,4.2,7.0,1.0,64.0,36.0,2.05,1.8,0.0,45,55,2.1,1.67,0.0,2,0,PREMATIPS
2025-11-09,17:00,IR Tanger , Berkane,12.0,54.0,34.0,5.25,2.88,1.75,2.0,52.0,48.0,2.7,1.44,0.0,58,42,2.5,1.5,1.0,1,0,PREMATIPS
2025-11-09,17:00,Tatran Presov , Spartak Trnava,16.0,41.0,43.0,4.1,3.6,1.75,2.0,42.0,58.0,1.8,1.9,1.0,47,53,1.77,1.93,0.0,2,1,PREMATIPS
2025-11-09,17:00,Fenerbahce , Kayserispor,45.0,47.0,8.0,1.15,7.5,12.0,1.0,48.0,52.0,1.36,3.1,1.0,60,40,1.91,1.8,1.0,4,2,PREMATIPS
2025-11-09,17:00,Samsunspor , Eyupspor,55.0,34.0,11.0,1.71,3.7,4.33,1.0,57.0,43.0,1.85,1.95,0.0,51,49,1.8,1.91,1.0,1,0,PREMATIPS
2025-11-09,17:15,Varazdin , Rijeka,31.0,46.0,23.0,3.1,3.2,2.2,4.0,50.0,50.0,2.35,1.57,0.0,61,39,2.0,1.73,1.0,1,0,PREMATIPS
2025-11-09,17:15,Barakaldo , Ponferradina,31.0,40.0,29.0,2.35,2.88,2.88,4.0,64.0,36.0,2.63,1.44,0.0,51,49,2.1,1.67,1.0,0,0,PREMATIPS
2025-11-09,17:15,CD Guadalajara , Lugo,30.0,32.0,38.0,2.35,2.88,3.0,6.0,68.0,32.0,2.5,1.5,0.0,34,66,2.1,1.67,0.0,1,1,PREMATIPS
2025-11-09,17:30,KAA Gent , Genk,43.0,25.0,32.0,3.1,3.4,2.25,4.0,42.0,58.0,1.7,2.1,1.0,66,34,1.57,2.25,1.0,1,1,PREMATIPS
2025-11-09,17:30,Viktoria Plzen , Slavia Prague,26.0,45.0,29.0,3.2,3.25,2.15,6.0,61.0,39.0,1.98,1.83,0.0,53,47,1.75,2.0,1.0,3,5,PREMATIPS
2025-11-09,17:30,Mallorca , Getafe,24.0,29.0,47.0,2.63,2.8,3.1,6.0,51.0,49.0,3.4,1.33,0.0,54,46,2.5,1.5,1.0,1,0,PREMATIPS
2025-11-09,17:30,Valencia , Real Betis,20.0,44.0,36.0,3.4,3.4,2.15,6.0,48.0,52.0,1.93,1.93,1.0,51,49,1.7,2.05,1.0,1,1,PREMATIPS
2025-11-09,17:30,Granada , Real Zaragoza,48.0,29.0,23.0,1.91,3.4,3.9,1.0,59.0,41.0,2.3,1.6,0.0,45,55,2.0,1.73,0.0,3,1,PREMATIPS
2025-11-09,17:30,Partizan , Novi Pazar,45.0,24.0,31.0,1.44,4.2,5.5,1.0,51.0,49.0,1.58,2.2,0.0,57,43,1.75,1.95,1.0,2,0,PREMATIPS
2025-11-09,18:00,FC Ranger's , FC Santa Coloma,35.0,45.0,20.0,2.43,3.21,2.54,1.0,64.0,36.0,1.89,1.78,0.0,36,64,1.7,2.02,0.0,0,0,PREMATIPS
2025-11-09,18:00,Huachipato , Audax Italiano,39.0,15.0,46.0,2.45,3.4,2.55,6.0,46.0,54.0,1.83,1.98,1.0,57,43,1.67,2.1,1.0,2,1,PREMATIPS
2025-11-09,18:00,Tecnico Un. , Vinotinto,38.0,33.0,29.0,2.1,2.95,3.5,4.0,57.0,43.0,2.25,1.62,0.0,48,52,1.91,1.8,0.0,1,1,PREMATIPS
2025-11-09,18:00,Hapoel Haifa , H. Petah Tikva,27.0,44.0,29.0,2.45,3.4,2.63,6.0,47.0,53.0,1.85,1.95,1.0,57,43,1.67,2.1,1.0,2,2,PREMATIPS
2025-11-09,18:00,UTC Cajamarca , Sport Huancayo,37.0,22.0,41.0,2.25,3.5,2.88,5.0,47.0,53.0,1.8,2.0,1.0,56,44,1.67,2.1,1.0,0,3,PREMATIPS
2025-11-09,18:00,Famalicao , Porto,33.0,23.0,44.0,5.75,4.0,1.51,6.0,53.0,47.0,2.03,1.83,0.0,34,66,2.0,1.75,0.0,0,1,PREMATIPS
2025-11-09,18:15,Mechelen , Union SG,25.0,36.0,39.0,5.75,4.33,1.53,2.0,55.0,45.0,1.6,2.3,0.0,56,44,1.7,2.05,1.0,1,1,PREMATIPS
2025-11-09,18:15,Haugesund , Molde,21.0,16.0,63.0,8.5,4.75,1.36,2.0,36.0,64.0,1.48,2.6,1.0,51,49,1.7,2.05,1.0,0,2,PREMATIPS
2025-11-09,18:30,E. Frankfurt , Mainz 05,74.0,16.0,10.0,1.9,4.0,3.7,1.0,39.0,61.0,1.57,2.38,1.0,62,38,1.53,2.38,1.0,1,0,PREMATIPS
2025-11-09,18:30,Wehen Wiesbaden , Viktoria Koln,37.0,20.0,43.0,2.15,3.4,3.0,6.0,44.0,56.0,1.67,2.15,1.0,55,45,1.57,2.25,1.0,0,1,PREMATIPS
2025-11-09,18:30,Maccabi Tel Aviv , Beitar Jerusalem,51.0,17.0,32.0,1.57,3.9,5.25,1.0,35.0,65.0,1.53,2.4,1.0,57,43,1.62,2.2,1.0,2,6,PREMATIPS
2025-11-09,18:30,Hermannstadt , FC FCSB,24.0,32.0,44.0,3.9,3.6,1.85,6.0,59.0,41.0,2.0,1.8,0.0,51,49,1.83,1.83,1.0,3,3,PREMATIPS
2025-11-09,19:00,Oriente Petrolero , Blooming,36.0,30.0,34.0,2.1,3.4,2.85,5.0,40.0,60.0,1.53,2.3,1.0,63,37,1.49,2.4,1.0,2,3,PREMATIPS
2025-11-09,19:00,Corinthians SP , Ceara CE,40.0,30.0,30.0,1.7,3.4,6.0,1.0,64.0,36.0,2.2,1.65,0.0,44,56,2.1,1.67,0.0,0,1,PREMATIPS
2025-11-09,19:00,Cruzeiro MG , Fluminense RJ,48.0,21.0,31.0,1.91,3.25,4.5,1.0,59.0,41.0,2.25,1.62,0.0,43,57,1.95,1.8,0.0,0,0,PREMATIPS
2025-11-09,19:00,Vitoria BA , Botafogo RJ,26.0,30.0,44.0,3.25,3.3,2.15,6.0,61.0,39.0,2.05,1.75,0.0,40,60,1.8,1.95,0.0,0,0,PREMATIPS
2025-11-09,19:00,Once Caldas , Dep. Pasto,46.0,34.0,20.0,1.6,3.7,5.5,1.0,54.0,46.0,2.05,1.75,0.0,52,48,2.0,1.73,1.0,1,0,PREMATIPS
2025-11-09,19:00,Brondby , Nordsjaelland,70.0,9.0,21.0,2.01,3.5,3.3,1.0,42.0,58.0,1.62,2.25,1.0,52,48,1.57,2.25,1.0,2,0,PREMATIPS
2025-11-09,19:00,Panathinaikos , PAOK,24.0,35.0,41.0,2.7,3.3,2.5,6.0,58.0,42.0,2.03,1.78,0.0,48,52,1.8,1.95,0.0,2,1,PREMATIPS
2025-11-09,19:00,FAR Rabat , Maghreb Fez,43.0,36.0,21.0,1.6,3.2,5.75,1.0,69.0,31.0,2.5,1.5,0.0,29,71,2.38,1.53,0.0,0,0,PREMATIPS
2025-11-09,19:00,Go Ahead Eagles , Feyenoord,21.0,28.0,51.0,6.25,5.0,1.44,2.0,36.0,64.0,1.48,2.6,1.0,53,47,1.67,2.1,1.0,2,1,PREMATIPS
2025-11-09,19:15,Arka Gdynia , Lech Poznan,23.0,36.0,41.0,4.2,3.7,1.83,2.0,43.0,57.0,1.8,2.0,1.0,59,41,1.75,2.0,1.0,3,1,PREMATIPS
2025-11-09,19:30,Boca Juniors , River Plate,35.0,37.0,28.0,2.5,2.82,3.25,4.0,58.0,42.0,2.6,1.48,0.0,46,54,2.05,1.7,0.0,2,0,PREMATIPS
2025-11-09,19:30,Ternana , Vis Pesaro 1898,38.0,37.0,25.0,1.75,3.1,4.33,1.0,68.0,32.0,2.35,1.51,0.0,45,55,2.2,1.58,0.0,1,1,PREMATIPS
2025-11-09,19:30,Foggia , Benevento,17.0,29.0,54.0,7.5,4.6,1.32,2.0,58.0,42.0,1.78,1.9,0.0,38,62,2.15,1.61,0.0,0,3,PREMATIPS
2025-11-09,19:30,Villarreal B , Atl. Sanluqueno,41.0,40.0,19.0,1.7,3.4,4.33,4.0,59.0,41.0,2.1,1.7,0.0,52,48,2.0,1.73,1.0,2,0,PREMATIPS
2025-11-09,19:30,Defensor Sp. , Nacional M.,32.0,28.0,40.0,4.0,3.25,1.83,6.0,53.0,47.0,2.03,1.78,0.0,37,63,1.83,1.83,0.0,1,1,PREMATIPS
2025-11-09,19:30,Juventud de LP , Progreso M.,38.0,22.0,40.0,1.75,3.25,4.5,5.0,60.0,40.0,2.03,1.78,0.0,37,63,1.83,1.83,0.0,1,1,PREMATIPS
2025-11-09,19:30,Mont. City Torque , Penarol,31.0,33.0,36.0,3.3,3.2,2.1,6.0,48.0,52.0,1.98,1.83,1.0,44,56,1.73,2.0,0.0,0,2,PREMATIPS
2025-11-09,19:45,Lyon , Paris SG,42.0,20.0,38.0,4.5,3.8,1.75,5.0,56.0,44.0,1.73,2.1,0.0,43,57,1.7,2.05,0.0,2,3,PREMATIPS
2025-11-09,19:45,Inter , Lazio,54.0,21.0,25.0,1.33,5.25,8.5,1.0,50.0,50.0,1.67,2.2,1.0,38,62,2.0,1.75,0.0,2,0,PREMATIPS
2025-11-09,20:00,Criciuma SC , Atletico GO,38.0,31.0,31.0,1.86,3.2,4.75,5.0,63.0,37.0,2.5,1.5,0.0,49,51,2.2,1.62,0.0,1,0,PREMATIPS
2025-11-09,20:00,Celta Vigo , Barcelona,19.0,45.0,36.0,4.0,4.2,1.75,6.0,45.0,55.0,1.4,3.0,1.0,73,27,1.4,2.75,1.0,2,4,PREMATIPS
2025-11-09,20:00,Cadiz , Valladolid,37.0,32.0,31.0,2.82,3.2,2.4,4.0,65.0,35.0,2.35,1.57,0.0,45,55,2.0,1.73,0.0,0,0,PREMATIPS
2025-11-09,20:15,Alianza Atl. , Alianza Huanuco,47.0,21.0,32.0,1.45,4.2,7.0,1.0,53.0,47.0,1.7,2.1,0.0,45,55,1.91,1.8,0.0,2,1,PREMATIPS
2025-11-09,20:30,U. de Chile , Dep. Limache,60.0,21.0,19.0,1.37,4.5,7.0,1.0,49.0,51.0,1.57,2.35,1.0,51,49,1.73,2.0,1.0,4,3,PREMATIPS
2025-11-09,20:30,El Nacional , Emelec,33.0,32.0,35.0,2.7,3.3,2.45,5.0,54.0,46.0,2.1,1.7,0.0,51,49,1.83,1.83,1.0,2,1,PREMATIPS
2025-11-09,20:30,Benfica , Casa Pia,65.0,23.0,12.0,1.13,7.5,15.0,1.0,46.0,54.0,1.7,2.1,1.0,41,59,2.63,1.44,0.0,2,2,PREMATIPS
2025-11-09,20:30,SC Braga , Moreirense,40.0,15.0,45.0,1.37,4.75,7.5,5.0,43.0,57.0,1.93,1.93,1.0,47,53,2.2,1.62,0.0,2,1,PREMATIPS
2025-11-09,20:30,Lusitania , Uniao Leiria,14.0,52.0,34.0,2.88,3.1,2.2,6.0,49.0,51.0,2.15,1.67,1.0,60,40,1.83,1.83,1.0,1,1,PREMATIPS
2025-11-09,21:00,Cacahuatique , Aguila,32.0,33.0,35.0,3.2,2.95,2.1,6.0,46.0,54.0,2.15,1.61,1.0,51,49,1.9,1.78,1.0,1,2,PREMATIPS
2025-11-09,21:00,Platense Zac. , Hercules Salvador,38.0,38.0,24.0,1.61,3.5,4.6,4.0,48.0,52.0,1.88,1.8,1.0,58,42,1.9,1.78,1.0,4,0,PREMATIPS
2025-11-09,21:00,Dep. Mixco , Municipal,35.0,31.0,34.0,2.7,2.7,2.6,5.0,50.0,50.0,2.5,1.47,0.0,51,49,2.05,1.68,1.0,1,0,PREMATIPS
2025-11-09,21:00,Genesis PN , Ol. Tegucigalpa,17.0,22.0,61.0,5.5,3.5,1.55,2.0,42.0,58.0,1.9,1.78,1.0,63,37,1.95,1.73,1.0,6,2,PREMATIPS
2025-11-09,21:00,Guarani As. , Libertad,49.0,29.0,22.0,2.2,3.1,3.0,1.0,53.0,47.0,2.05,1.75,0.0,48,52,1.8,1.91,0.0,1,2,PREMATIPS
2025-11-09,21:00,Sp. Trinidense , Cerro Porteno,37.0,22.0,41.0,4.2,3.4,1.7,5.0,62.0,38.0,1.9,1.9,0.0,48,52,1.83,1.83,0.0,0,0,PREMATIPS
2025-11-09,21:10,Alianza Valledupar , Boyaca Chico,59.0,20.0,21.0,1.4,4.2,9.5,1.0,63.0,37.0,2.1,1.7,0.0,40,60,2.5,1.5,0.0,2,0,PREMATIPS
2025-11-09,21:15,The Strongest , Bolivar La Paz,32.0,30.0,38.0,2.75,3.7,2.05,5.0,34.0,66.0,1.39,2.75,1.0,68,32,1.39,2.75,1.0,3,5,PREMATIPS
2025-11-09,21:30,Flamengo RJ , Santos SP,51.0,28.0,21.0,1.33,5.0,9.5,1.0,55.0,45.0,1.88,1.98,0.0,44,56,2.2,1.62,0.0,3,2,PREMATIPS
2025-11-09,21:30,CRB AL , Operario PR,46.0,21.0,33.0,1.76,3.6,4.33,1.0,62.0,38.0,1.98,1.83,0.0,46,54,1.83,1.83,0.0,2,2,PREMATIPS
2025-11-09,21:30,Dep. Tachira , Metropolitanos,44.0,33.0,23.0,1.43,4.0,6.0,1.0,46.0,54.0,1.7,2.0,1.0,49,51,1.87,1.8,0.0,2,0,PREMATIPS
2025-11-09,22:00,Atletico Ottawa , Cavalry,36.0,31.0,33.0,2.25,3.2,2.7,5.0,48.0,52.0,1.73,1.98,1.0,57,43,1.61,2.15,1.0,1,1,PREMATIPS
2025-11-09,22:20,Banfield , Aldosivi,53.0,18.0,29.0,1.98,3.14,4.05,1.0,65.0,35.0,2.38,1.54,0.0,34,66,2.07,1.68,0.0,0,1,PREMATIPS
2025-11-09,22:20,Sarmiento Junin , Instituto ACC,30.0,35.0,35.0,3.3,2.57,2.65,6.0,75.0,25.0,3.4,1.33,0.0,27,73,2.38,1.53,0.0,2,1,PREMATIPS
2025-11-09,23:00,Cobresal , Everton VM,60.0,20.0,20.0,1.91,3.5,3.7,1.0,51.0,49.0,1.88,1.93,0.0,53,47,1.73,2.0,1.0,1,2,PREMATIPS
2025-11-09,23:00,Orense SC , Barcelona SC,33.0,33.0,34.0,2.71,3.05,2.52,0.0,57.0,43.0,2.15,1.63,0.0,49,51,1.86,1.84,0.0,1,2,PREMATIPS
2025-11-09,23:00,Alianza Salvador , Zacatecoluca FC,57.0,26.0,17.0,1.35,4.2,7.5,1.0,58.0,42.0,1.83,1.85,0.0,48,52,2.15,1.6,0.0,1,1,PREMATIPS
2025-11-09,23:00,Guastatoya , Antigua GFC,25.0,18.0,57.0,2.5,3.1,2.5,2.0,45.0,55.0,2.15,1.62,1.0,48,52,1.88,1.8,0.0,0,3,PREMATIPS
2025-11-09,23:00,Santos Laguna , Pachuca,36.0,24.0,40.0,3.9,3.9,1.81,5.0,44.0,56.0,1.5,2.5,1.0,50,50,1.5,2.5,1.0,1,0,PREMATIPS
2025-11-09,23:00,Tapatio , Dorados Sinaloa,69.0,15.0,16.0,1.47,4.1,5.25,1.0,48.0,52.0,1.62,2.15,1.0,49,51,1.77,1.93,0.0,4,1,PREMATIPS
2025-11-09,23:00,Carabobo , Caracas,38.0,34.0,28.0,2.0,2.9,3.5,4.0,61.0,39.0,2.3,1.53,0.0,45,55,2.05,1.68,0.0,2,0,PREMATIPS
2025-11-09,23:15,Motagua , Dep. Choloma,56.0,27.0,17.0,1.16,7.0,10.5,1.0,31.0,69.0,1.34,3.0,1.0,59,41,1.87,1.8,1.0,2,1,PREMATIPS
2025-11-09,23:20,America de Cali , Union Magdalena,46.0,27.0,27.0,1.29,4.75,13.0,1.0,55.0,45.0,1.93,1.88,0.0,52,48,2.5,1.5,1.0,3,0,PREMATIPS
2025-11-09,23:30,Aurora Cochabamba , J. Wilstermann,42.0,32.0,26.0,1.49,4.2,5.0,1.0,42.0,58.0,1.57,2.25,1.0,57,43,1.7,2.0,1.0,2,2,PREMATIPS
2025-11-09,23:30,Fortaleza CE , Gremio RS,34.0,23.0,43.0,2.1,3.4,3.5,6.0,62.0,38.0,2.05,1.8,0.0,48,52,1.8,1.95,0.0,2,2,PREMATIPS
2025-11-09,23:30,Mirassol SP , Palmeiras SP,36.0,27.0,37.0,3.6,3.4,2.05,5.0,53.0,47.0,2.1,1.7,0.0,52,48,1.91,1.91,1.0,2,1,PREMATIPS
2025-11-09,23:30,Paysandu PA , Coritiba PR,20.0,29.0,51.0,6.5,4.0,1.49,2.0,67.0,33.0,2.15,1.67,0.0,42,58,2.25,1.57,0.0,1,2,PREMATIPS
2025-11-10,00:30,Atl. Tucuman , Godoy Cruz,36.0,37.0,27.0,2.15,3.05,3.6,1.0,67.0,33.0,2.5,1.5,0.0,39,61,2.1,1.67,0.0,2,1,PREMATIPS
2025-11-10,00:30,Tigre Victoria , Estudiantes LP,26.0,43.0,31.0,3.75,2.75,2.3,6.0,67.0,33.0,3.4,1.33,0.0,48,52,2.38,1.53,0.0,1,0,PREMATIPS
2025-11-10,01:30,Santa Fe Bogota , Deportivo Cali,42.0,30.0,28.0,1.65,3.5,5.75,4.0,53.0,47.0,2.08,1.73,0.0,50,50,2.0,1.73,0.0,1,0,PREMATIPS
2025-11-10,01:30,Marathon , Platense,51.0,29.0,20.0,1.35,4.4,7.0,1.0,47.0,53.0,1.68,2.05,1.0,56,44,1.98,1.72,1.0,-,-,PREMATIPS
2025-11-10,02:00,San Diego FC , Portland Timbers,43.0,31.0,26.0,1.45,4.75,5.75,1.0,35.0,65.0,1.4,2.88,1.0,61,39,1.53,2.38,1.0,4,0,PREMATIPS
2025-11-10,10:00,Hulbuk Vose , Ravshan Kulob,19.0,24.0,57.0,3.5,3.1,2.03,2.0,61.0,39.0,2.29,1.54,0.0,46,54,1.97,1.72,0.0,1,1,PREMATIPS
2025-11-10,10:00,Istiklol , Eskhata,43.0,32.0,25.0,1.28,4.65,9.45,4.0,57.0,43.0,1.85,1.85,0.0,51,49,2.29,1.53,1.0,6,2,PREMATIPS
2025-11-10,10:00,Panjsher Balkh , Khosilot,23.0,24.0,53.0,2.56,3.24,2.42,2.0,51.0,49.0,1.89,1.8,0.0,55,45,1.69,2.01,1.0,1,1,PREMATIPS
2025-11-10,11:00,Nam Dinh , Ha Noi FC,33.0,17.0,50.0,2.1,3.5,2.75,2.0,41.0,59.0,1.58,2.2,1.0,66,34,1.53,2.3,1.0,1,1,PREMATIPS
2025-11-10,12:00,Sofapaka , Posta Rangers,25.0,32.0,43.0,2.03,2.99,3.33,6.0,45.0,55.0,2.25,1.46,1.0,52,48,2.02,1.67,1.0,2,0,PREMATIPS
2025-11-10,12:00,Shkendija 79 , Makedonija GP,61.0,19.0,20.0,1.3,5.0,7.0,1.0,55.0,45.0,1.57,2.25,0.0,47,53,1.93,1.77,0.0,7,2,PREMATIPS
2025-11-10,12:00,Sileks Kratovo , Shkupi Skopje,91.0,5.0,3.0,1.08,9.0,23.0,1.0,38.0,62.0,1.33,3.1,1.0,53,47,2.4,1.49,1.0,5,1,PREMATIPS
2025-11-10,12:15,Cong An Ha Noi , Hong Linh Ha Tinh,43.0,31.0,26.0,1.29,5.0,7.5,1.0,60.0,40.0,1.51,2.35,0.0,54,46,1.87,1.82,1.0,3,0,PREMATIPS
2025-11-10,13:00,Ilioupoli , Athens Kallithea,25.0,33.0,42.0,5.03,3.42,1.63,2.0,50.0,50.0,2.1,1.61,0.0,51,49,2.06,1.69,1.0,0,1,PREMATIPS
2025-11-10,13:00,FC Chelyabinsk , Ufa,40.0,39.0,21.0,2.2,3.07,3.61,4.0,60.0,40.0,2.58,1.41,0.0,45,55,2.19,1.61,0.0,2,1,PREMATIPS
2025-11-10,13:00,Termez Surkhon , Shurtan Guzar,49.0,30.0,21.0,1.43,4.0,6.0,1.0,54.0,46.0,1.87,1.82,0.0,46,54,2.1,1.65,0.0,1,0,PREMATIPS
2025-11-10,13:30,JS El Omrane , Olympique Beja,66.0,15.0,19.0,1.47,3.4,7.0,1.0,66.0,34.0,2.7,1.41,0.0,22,78,2.9,1.35,0.0,0,1,PREMATIPS
2025-11-10,15:00,Kun Khalifat , Rivers United,19.0,53.0,28.0,2.3,2.95,2.95,6.0,75.0,25.0,2.23,1.53,0.0,39,61,1.88,1.76,0.0,0,1,PREMATIPS
2025-11-10,15:00,Plateau United , Bendel Insurance,52.0,24.0,24.0,1.71,3.15,4.75,1.0,75.0,25.0,2.45,1.45,0.0,42,58,2.25,1.53,0.0,1,0,PREMATIPS
2025-11-10,15:30,Dunav Ruse , Fratria Varna,46.0,12.0,42.0,1.29,4.11,9.0,5.0,56.0,44.0,1.93,1.68,0.0,41,59,2.48,1.45,0.0,2,0,PREMATIPS
2025-11-10,15:30,Olympic Sport , Stella Club,26.0,22.0,52.0,2.43,2.91,2.89,2.0,57.0,43.0,2.49,1.46,0.0,42,58,2.04,1.67,0.0,2,0,PREMATIPS
2025-11-10,16:15,Police , Nouakchott Kings,29.0,49.0,22.0,2.08,3.02,3.46,4.0,58.0,42.0,1.85,1.85,0.0,60,40,1.66,2.05,1.0,2,0,PREMATIPS
2025-11-10,16:30,Fakel Voronezh , Spartak Kostroma,41.0,22.0,37.0,1.86,3.18,4.6,5.0,64.0,36.0,2.55,1.41,0.0,49,51,2.3,1.54,0.0,3,2,PREMATIPS
2025-11-10,17:00,Ironi Modi'in , Hapoel Afula,51.0,21.0,28.0,1.98,3.4,3.1,1.0,38.0,62.0,1.71,2.0,1.0,63,37,1.65,2.1,1.0,3,1,PREMATIPS
2025-11-10,17:00,Kiryat Yam , Maccabi Jaffa,48.0,26.0,26.0,1.8,3.4,3.6,1.0,44.0,56.0,1.75,1.93,1.0,57,43,1.72,1.98,1.0,0,6,PREMATIPS
2025-11-10,17:00,Rishon LeZion , Hapoel Hadera,47.0,30.0,23.0,1.95,3.3,3.2,1.0,47.0,53.0,1.85,1.83,1.0,51,49,1.75,1.93,1.0,1,1,PREMATIPS
2025-11-10,18:00,Esbjerg , Middelfart,60.0,27.0,13.0,1.62,4.0,4.33,1.0,48.0,52.0,1.7,2.1,1.0,50,50,1.73,2.0,1.0,4,2,PREMATIPS
2025-11-10,19:30,Salernitana , Crotone,39.0,32.0,29.0,1.88,3.2,3.6,1.0,44.0,56.0,1.93,1.75,1.0,46,54,1.83,1.85,0.0,0,0,PREMATIPS
2025-11-10,19:30,Burgos , Castellon,51.0,27.0,22.0,2.65,2.85,2.75,1.0,48.0,52.0,2.3,1.6,1.0,59,41,1.91,1.8,1.0,0,0,PREMATIPS
2025-11-10,20:00,Gimnasia LP , Velez Sarsfield,33.0,23.0,44.0,3.9,2.95,2.1,6.0,60.0,40.0,2.7,1.44,0.0,37,63,2.2,1.62,0.0,2,0,PREMATIPS
2025-11-10,20:00,Cheltenham Town , Notts County,26.0,17.0,57.0,3.6,3.3,1.96,2.0,53.0,47.0,1.88,1.98,0.0,49,51,1.67,2.1,0.0,1,2,PREMATIPS
2025-11-10,20:00,Sp. Ameliano , 2 de Mayo,28.0,24.0,48.0,2.38,3.0,2.75,6.0,58.0,42.0,2.35,1.57,0.0,50,50,2.0,1.73,0.0,2,3,PREMATIPS
2025-11-10,20:00,ADT Tarma , Los Chankas CYC,47.0,10.0,43.0,1.6,3.8,5.5,1.0,45.0,55.0,1.7,2.1,1.0,50,50,1.8,1.91,1.0,1,0,PREMATIPS
2025-11-10,22:00,Dep. Riestra , Independiente,30.0,36.0,34.0,2.85,2.7,2.82,6.0,67.0,33.0,3.5,1.3,0.0,37,63,2.5,1.5,0.0,0,1,PREMATIPS
2025-11-10,22:00,Botafogo SP , Amazonas AM,36.0,33.0,31.0,2.05,3.2,3.6,4.0,61.0,39.0,2.5,1.5,0.0,48,52,2.1,1.67,0.0,1,0,PREMATIPS
2025-11-10,22:00,Chapecoense SC , America MG,53.0,19.0,28.0,1.91,3.3,4.2,1.0,58.0,42.0,2.15,1.67,0.0,49,51,1.91,1.8,0.0,0,1,PREMATIPS
2025-11-10,22:30,Atl. Tembetary , Nacional As.,28.0,30.0,42.0,5.5,3.7,1.57,6.0,62.0,38.0,1.95,1.85,0.0,54,46,2.0,1.73,1.0,0,2,PREMATIPS
2025-11-11,00:00,Aucas Quito , Delfin Manta,43.0,34.0,23.0,1.43,4.22,6.6,1.0,49.0,51.0,1.8,1.9,1.0,47,53,1.99,1.73,0.0,8,0,PREMATIPS
2025-11-11,00:15,Argentinos Jrs , CA Belgrano,29.0,42.0,29.0,1.57,3.6,5.75,0.0,63.0,37.0,2.35,1.57,0.0,34,66,2.2,1.62,0.0,1,0,PREMATIPS
2025-11-11,00:15,Ind. Rivadavia , Central Cordoba,17.0,50.0,33.0,2.7,2.95,2.7,6.0,60.0,40.0,2.7,1.44,0.0,44,56,2.2,1.62,0.0,0,0,PREMATIPS
2025-11-11,00:30,Ind. Medellin , Envigado,45.0,35.0,20.0,1.33,5.0,9.0,1.0,49.0,51.0,1.75,2.05,1.0,42,58,2.2,1.62,0.0,1,1,PREMATIPS
2025-11-11,12:30,Inter Bratislava , Skalica,26.0,33.0,41.0,3.61,3.14,1.92,2.0,54.0,46.0,2.0,1.68,0.0,48,52,1.82,1.82,0.0,0,2,PREMATIPS
2025-11-11,14:30,Al,Wakrah SC,29.0,30.0,41.0,3.4,3.9,1.75,2.0,33.0,67.0,1.38,2.75,1.0,65,35,1.41,2.65,1.0,2,2,PREMATIPS
2025-11-11,19:00,Barnsley , Lincoln City,37.0,31.0,32.0,2.8,3.6,2.35,5.0,47.0,53.0,1.65,2.2,1.0,57,43,1.57,2.25,1.0,0,2,PREMATIPS
2025-11-11,19:00,Bristol Rovers , Plymouth Argyle,32.0,31.0,37.0,3.2,3.7,2.1,5.0,45.0,55.0,1.6,2.3,1.0,58,42,1.53,2.38,1.0,1,0,PREMATIPS
2025-11-11,19:00,Burton Albion , Crewe Alexandra,36.0,31.0,33.0,2.15,3.7,3.0,5.0,44.0,56.0,1.65,2.2,1.0,59,41,1.57,2.25,1.0,1,3,PREMATIPS
2025-11-11,19:00,Doncaster Rovers , Bradford City,35.0,31.0,34.0,2.6,3.5,2.55,5.0,48.0,52.0,1.6,2.3,1.0,57,43,1.5,2.5,1.0,3,1,PREMATIPS
2025-11-11,19:00,Gillingham , Wycombe,30.0,32.0,38.0,4.75,4.0,1.67,6.0,51.0,49.0,1.73,2.08,0.0,53,47,1.73,2.0,1.0,0,3,PREMATIPS
2025-11-11,19:00,MK Dons , Swindon Town,31.0,30.0,39.0,3.0,4.0,2.05,5.0,44.0,56.0,1.53,2.38,1.0,58,42,1.53,2.38,1.0,0,4,PREMATIPS
2025-11-11,19:00,Newport County , Exeter City,29.0,32.0,39.0,3.6,3.75,1.91,6.0,47.0,53.0,1.67,2.15,1.0,56,44,1.62,2.2,1.0,0,1,PREMATIPS
2025-11-11,19:00,Northampton Town , Shrewsbury Town,39.0,32.0,29.0,1.8,3.7,4.33,1.0,50.0,50.0,2.05,1.75,0.0,52,48,2.0,1.73,1.0,2,1,PREMATIPS
2025-11-11,19:00,Oldham Athletic , Bolton Wanderers,25.0,32.0,43.0,8.0,4.75,1.36,2.0,41.0,59.0,1.5,2.5,1.0,55,45,1.8,1.91,1.0,2,6,PREMATIPS
2025-11-11,19:00,Port Vale , Fleetwood Town,42.0,32.0,26.0,1.65,3.9,5.25,1.0,42.0,58.0,1.6,2.3,1.0,56,44,1.67,2.1,1.0,3,3,PREMATIPS
2025-11-11,19:00,Stockport , Wigan Athletic,40.0,32.0,28.0,1.53,4.1,5.75,1.0,45.0,55.0,1.67,2.15,1.0,56,44,1.8,1.91,1.0,1,1,PREMATIPS
2025-11-11,19:00,Tranmere Rovers , Blackpool,33.0,30.0,37.0,2.8,3.75,2.25,5.0,43.0,57.0,1.57,2.35,1.0,60,40,1.5,2.5,1.0,2,1,PREMATIPS
2025-11-11,19:45,Forest Green R. , Tamworth,48.0,22.0,30.0,1.42,4.2,6.25,1.0,52.0,48.0,1.6,2.3,0.0,56,44,1.8,1.95,1.0,4,2,PREMATIPS
2025-11-11,19:45,York City , Rochdale,38.0,21.0,41.0,1.91,3.6,3.5,5.0,44.0,56.0,1.65,2.2,1.0,50,50,1.57,2.25,1.0,4,1,PREMATIPS
2025-11-11,19:45,Bromley , Wimbledon,33.0,31.0,36.0,2.75,3.4,2.45,5.0,47.0,53.0,1.83,1.98,1.0,57,43,1.67,2.1,1.0,1,2,PREMATIPS
2025-11-11,19:45,Crawley Town , Peterborough Utd,33.0,30.0,37.0,4.2,4.33,1.67,5.0,39.0,61.0,1.44,2.63,1.0,63,37,1.5,2.5,1.0,1,2,PREMATIPS
2025-11-11,19:45,Alloa Athletic , Clyde,39.0,31.0,30.0,2.1,4.1,2.55,1.0,46.0,54.0,1.65,2.2,1.0,56,44,1.62,2.2,1.0,4,4,PREMATIPS
2025-11-11,19:45,Cove Rangers , Forfar Athletic,40.0,31.0,29.0,1.7,4.33,3.5,1.0,49.0,51.0,1.6,2.3,1.0,53,47,1.62,2.2,1.0,1,2,PREMATIPS
2025-11-11,19:45,Dumbarton , Stenhousemuir,34.0,30.0,36.0,2.55,3.8,2.25,5.0,45.0,55.0,1.65,2.2,1.0,58,42,1.62,2.2,1.0,-,-,PREMATIPS
2025-11-11,19:45,East Fife , Edinburgh City,39.0,32.0,29.0,1.57,3.9,4.5,1.0,46.0,54.0,1.6,2.3,1.0,56,44,1.67,2.1,1.0,3,0,PREMATIPS
2025-11-11,19:45,Stirling Albion , Peterhead,28.0,32.0,40.0,3.9,3.8,1.67,2.0,46.0,54.0,1.7,2.1,1.0,55,45,1.73,2.0,1.0,2,1,PREMATIPS
2025-11-11,22:30,Zamora Barinas , Puerto Cabello,32.0,32.0,36.0,2.9,3.1,2.2,5.0,56.0,44.0,2.05,1.68,0.0,49,51,1.83,1.85,0.0,-,-,PREMATIPS
2025-11-05,00:00,LDU Quito , Orense SC,43.0,34.0,23.0,1.45,4.1,6.5,1.0,51.0,49.0,2.1,1.7,0.0,45,55,2.25,1.57,0.0,4,0,PREMATIPS
2025-11-05,10:00,Pas de la Casa , FC Santa Coloma,14.0,49.0,37.0,13.55,6.72,1.12,6.0,60.0,40.0,1.59,2.12,0.0,23,77,2.64,1.43,0.0,-,-,PREMATIPS
2025-11-05,10:00,Vissel Kobe , Ulsan HD,45.0,34.0,21.0,1.34,5.0,8.5,1.0,41.0,59.0,1.58,2.2,1.0,47,53,1.9,1.78,0.0,1,0,PREMATIPS
2025-11-05,11:00,Gokulam , Mohammedan,43.0,31.0,26.0,1.46,4.31,5.26,1.0,39.0,61.0,1.49,2.34,1.0,56,44,1.62,2.11,1.0,3,0,PREMATIPS
2025-11-05,11:00,Regar, Panjsher Balkh,52.0,34.0,14.0,1.33,4.5,7.5,1.0,57.0,43.0,1.73,1.98,0.0,46,54,2.22,1.62,0.0,1,2,PREMATIPS
2025-11-05,11:00,Becamex HoChiMinh , Hai Phong,28.0,18.0,54.0,3.0,3.3,2.0,2.0,31.0,69.0,1.78,1.9,1.0,68,32,1.7,2.0,1.0,2,1,PREMATIPS
2025-11-05,11:00,Ninh Binh FC , Song Lam NA,43.0,47.0,10.0,1.4,4.2,6.0,4.0,49.0,51.0,1.73,1.95,1.0,72,28,1.95,1.73,1.0,1,0,PREMATIPS
2025-11-05,11:00,SHB Da Nang , Cong An HoChiMinh,26.0,20.0,54.0,2.7,3.0,2.37,2.0,49.0,51.0,2.2,1.58,1.0,61,39,1.95,1.75,1.0,0,1,PREMATIPS
2025-11-05,12:00,Borneo Samarinda , Dewa United,72.0,5.0,23.0,1.83,3.4,3.6,1.0,49.0,51.0,1.75,1.93,1.0,58,42,1.7,2.0,1.0,4,0,PREMATIPS
2025-11-05,12:00,Kenya Police , Sofapaka,12.0,60.0,28.0,1.66,3.1,4.89,6.0,70.0,30.0,2.4,1.43,0.0,31,69,2.36,1.5,0.0,1,0,PREMATIPS
2025-11-05,12:15,Johor DT , Shanghai Shenhua,41.0,31.0,28.0,1.66,4.1,4.4,1.0,43.0,57.0,1.58,2.2,1.0,56,44,1.62,2.15,1.0,3,1,PREMATIPS
2025-11-05,12:15,Nam Dinh , Gamba Osaka,28.0,31.0,41.0,5.25,3.8,1.52,2.0,42.0,58.0,1.57,2.2,1.0,57,43,1.65,2.1,1.0,0,1,PREMATIPS
2025-11-05,12:30,CIVO United , Chitipa United,43.0,33.0,24.0,1.7,3.2,4.5,4.0,73.0,27.0,2.4,1.49,0.0,26,74,2.29,1.53,0.0,0,1,PREMATIPS
2025-11-05,12:30,Dedza Dynamos , Silver Strikers,23.0,29.0,48.0,3.45,3.08,2.07,2.0,64.0,36.0,2.32,1.54,0.0,38,62,2.0,1.71,0.0,0,0,PREMATIPS
2025-11-05,12:30,Mighty Wanderers , Ekhaya FC,47.0,27.0,26.0,1.52,3.4,6.0,1.0,67.0,33.0,2.2,1.58,0.0,34,66,2.32,1.52,0.0,-,-,PREMATIPS
2025-11-05,12:30,AP Brera , Sileks Kratovo,36.0,13.0,51.0,3.8,3.3,1.8,2.0,36.0,64.0,1.82,1.85,1.0,54,46,1.75,1.95,1.0,3,3,PREMATIPS
2025-11-05,12:30,Petrzalka , DAC Dun. Streda,19.0,35.0,46.0,10.5,6.25,1.19,2.0,34.0,66.0,1.39,2.75,1.0,49,51,1.9,1.8,0.0,0,2,PREMATIPS
2025-11-05,13:00,Orenburg , Krasnodar,26.0,31.0,43.0,5.47,4.47,1.55,2.0,42.0,58.0,1.62,2.34,1.0,55,45,1.65,2.09,1.0,1,3,PREMATIPS
2025-11-05,13:00,Power Dynamos , ZESCO United,56.0,10.0,34.0,2.2,2.7,3.77,1.0,64.0,36.0,2.9,1.36,0.0,30,70,2.4,1.52,0.0,1,0,PREMATIPS
2025-11-05,13:30,UE Santa Coloma , Atletic Escaldes,27.0,43.0,30.0,2.91,3.01,2.26,6.0,52.0,48.0,2.06,1.63,0.0,40,60,1.85,1.83,0.0,2,0,PREMATIPS
2025-11-05,13:30,AS La Marsa , Bizertin,34.0,25.0,41.0,2.2,2.75,3.25,6.0,73.0,27.0,2.75,1.38,0.0,18,82,2.3,1.55,0.0,2,0,PREMATIPS
2025-11-05,13:30,ES Metlaoui , Monastir,24.0,53.0,23.0,3.4,2.7,2.15,4.0,83.0,17.0,2.9,1.35,0.0,32,68,2.4,1.49,0.0,2,2,PREMATIPS
2025-11-05,13:30,Etoile du Sahel , ES Zarzis,35.0,15.0,50.0,2.0,3.0,3.4,2.0,62.0,38.0,2.4,1.49,0.0,39,61,2.1,1.63,0.0,1,0,PREMATIPS
2025-11-05,13:30,Olympique Beja , Sfaxien Sfax,15.0,44.0,41.0,6.5,3.7,1.44,6.0,63.0,37.0,2.4,1.5,0.0,32,68,2.7,1.41,0.0,0,1,PREMATIPS
2025-11-05,13:45,Al,Muharraq,43.0,31.0,26.0,1.5,3.9,5.0,1.0,41.0,59.0,1.58,2.2,1.0,55,45,1.7,2.0,1.0,2,2,PREMATIPS
2025-11-05,13:45,Arkadag ,Ahli Doha,30.0,31.0,39.0,3.25,3.4,1.93,6.0,48.0,52.0,1.75,1.95,1.0,54,46,1.68,2.05,1.0,1,1,PREMATIPS
2025-11-05,14:00,Bengaluru , Punjab FC,40.0,31.0,29.0,1.83,3.4,3.6,1.0,44.0,56.0,1.68,2.05,1.0,58,42,1.61,2.11,1.0,0,0,PREMATIPS
2025-11-05,14:00,Ural , FC Chelyabinsk,37.0,37.0,26.0,1.73,3.54,4.9,1.0,60.0,40.0,2.19,1.63,0.0,49,51,2.05,1.67,0.0,1,0,PREMATIPS
2025-11-05,15:00,Omonia Aradippou , Ayia Napa,45.0,35.0,20.0,1.2,5.25,12.0,1.0,43.0,57.0,1.57,2.35,1.0,48,52,2.06,1.67,0.0,4,0,PREMATIPS
2025-11-05,15:00,Hassania Agadir , Wydad Casablanca,27.0,27.0,46.0,4.75,3.14,1.73,5.0,61.0,39.0,2.47,1.49,0.0,48,52,2.25,1.56,0.0,1,2,PREMATIPS
2025-11-05,15:15,Dyn. Makhachkala , CSKA Moscow,29.0,32.0,39.0,3.99,3.39,1.97,6.0,58.0,42.0,2.25,1.65,0.0,47,53,1.96,1.76,0.0,1,0,PREMATIPS
2025-11-05,15:30,AFAD Djekanou , Stella Club,28.0,27.0,45.0,2.4,2.63,2.94,6.0,67.0,33.0,2.7,1.3,0.0,36,64,2.15,1.44,0.0,2,0,PREMATIPS
2025-11-05,15:30,Pardubice , Banik Ostrava,34.0,32.0,34.0,2.55,3.4,2.55,0.0,51.0,49.0,1.8,2.0,0.0,54,46,1.67,2.1,1.0,3,3,PREMATIPS
2025-11-05,16:00,Al, Andijan,43.0,35.0,22.0,1.49,3.75,5.75,1.0,56.0,44.0,2.0,1.7,0.0,42,58,2.2,1.6,0.0,0,0,PREMATIPS
2025-11-05,16:00,Al, Istiklol,42.0,32.0,26.0,1.51,3.9,5.0,1.0,44.0,56.0,1.7,2.0,1.0,54,46,1.82,1.87,1.0,2,1,PREMATIPS
2025-11-05,16:00,Pelister Bitola , Vardar Skopje,13.0,29.0,58.0,11.0,5.0,1.23,2.0,36.0,64.0,1.9,1.8,1.0,57,43,2.75,1.39,1.0,1,2,PREMATIPS
2025-11-05,16:00,Javor Ivanjica , Partizan,25.0,30.0,45.0,6.75,4.2,1.38,2.0,43.0,57.0,1.8,1.88,1.0,58,42,2.1,1.65,1.0,2,3,PREMATIPS
2025-11-05,16:15,Nouakchott Academy , Kaedi,35.0,33.0,32.0,2.32,3.1,2.86,4.0,28.0,72.0,2.25,1.55,1.0,74,26,1.91,1.85,1.0,3,0,PREMATIPS
2025-11-05,17:00,Olympique Safi , Difaa El Jadidi,41.0,43.0,16.0,1.6,3.3,5.75,4.0,55.0,45.0,2.5,1.5,0.0,42,58,2.5,1.5,0.0,1,2,PREMATIPS
2025-11-05,17:30,Zenit , Dynamo Moscow,41.0,32.0,27.0,1.54,4.29,5.68,1.0,43.0,57.0,1.65,2.22,1.0,56,44,1.72,2.01,1.0,1,3,PREMATIPS
2025-11-05,17:30,Durban City , Marumo Gallants,42.0,27.0,31.0,2.05,2.87,3.8,1.0,72.0,28.0,3.1,1.32,0.0,43,57,2.6,1.44,0.0,1,0,PREMATIPS
2025-11-05,17:30,Golden Arrows , Orlando Pirates,42.0,14.0,44.0,5.75,3.4,1.58,5.0,65.0,35.0,2.35,1.52,0.0,36,64,2.37,1.51,0.0,1,3,PREMATIPS
2025-11-05,17:30,Mamelodi Sund. , TS Galaxy,53.0,22.0,25.0,1.3,4.75,9.5,1.0,68.0,32.0,2.0,1.7,0.0,45,55,2.65,1.41,0.0,1,0,PREMATIPS
2025-11-05,17:30,Stellenbosch , Siwelele,44.0,22.0,34.0,1.78,3.1,4.75,4.0,81.0,19.0,2.7,1.4,0.0,25,75,2.45,1.47,0.0,0,2,PREMATIPS
2025-11-05,17:45,Pafos , Villarreal,23.0,33.0,44.0,7.5,5.25,1.38,2.0,42.0,58.0,1.57,2.38,1.0,51,49,1.8,1.95,1.0,1,0,PREMATIPS
2025-11-05,17:45,Qarabag , Chelsea,22.0,33.0,45.0,8.5,5.25,1.33,2.0,38.0,62.0,1.5,2.63,1.0,52,48,1.8,1.95,1.0,2,2,PREMATIPS
2025-11-05,18:00,Bohemians 1905 , Mlada Boleslav,39.0,32.0,29.0,1.9,3.5,3.9,1.0,53.0,47.0,1.85,1.95,0.0,51,49,1.8,1.91,1.0,0,0,PREMATIPS
2025-11-05,18:15,Al, Goa,48.0,38.0,14.0,1.03,16.0,31.0,1.0,24.0,76.0,1.22,3.9,1.0,33,67,2.8,1.38,0.0,4,0,PREMATIPS
2025-11-05,18:30,Differdange , Rodange 91,65.0,21.0,14.0,1.1,7.75,19.0,1.0,48.0,52.0,1.41,2.65,1.0,41,59,2.5,1.47,0.0,-,-,PREMATIPS
2025-11-05,19:00,Berkane , CODM Meknes,45.0,36.0,19.0,1.36,4.5,8.5,1.0,50.0,50.0,1.98,1.83,0.0,51,49,2.38,1.53,1.0,2,0,PREMATIPS
2025-11-05,19:00,Real Sociedad B , Huesca,32.0,33.0,35.0,2.65,3.05,2.57,6.0,52.0,48.0,2.6,1.48,0.0,53,47,2.1,1.67,1.0,2,0,PREMATIPS
2025-11-05,19:45,Preston North End , Swansea City,44.0,32.0,24.0,2.25,2.85,3.5,4.0,62.0,38.0,2.5,1.53,0.0,51,49,2.0,1.73,1.0,2,1,PREMATIPS
2025-11-05,19:45,QPR , Southampton,39.0,37.0,24.0,2.85,3.3,2.35,4.0,49.0,51.0,1.85,2.0,1.0,66,34,1.62,2.2,1.0,1,2,PREMATIPS
2025-11-05,19:45,Sheffield Wed , Norwich City,3.0,22.0,74.0,2.95,3.6,2.15,2.0,49.0,51.0,1.83,2.03,1.0,53,47,1.67,2.1,1.0,1,1,PREMATIPS
2025-11-05,19:45,Altrincham , Boston United,29.0,22.0,49.0,1.9,3.4,3.6,2.0,48.0,52.0,1.95,1.85,1.0,59,41,1.8,1.95,1.0,1,0,PREMATIPS
2025-11-05,19:45,Braintree , Brackley Town,29.0,37.0,34.0,2.45,3.3,2.55,6.0,62.0,38.0,1.83,1.98,0.0,41,59,1.67,2.1,0.0,0,1,PREMATIPS
2025-11-05,19:45,Solihull Moors , Truro City,48.0,26.0,26.0,2.45,3.3,2.63,1.0,50.0,50.0,1.83,1.98,1.0,44,56,1.67,2.1,0.0,4,0,PREMATIPS
2025-11-05,19:45,Sutton Utd , Eastleigh,16.0,31.0,53.0,2.2,3.3,3.0,2.0,50.0,50.0,1.9,1.9,1.0,57,43,1.7,2.05,1.0,2,1,PREMATIPS
2025-11-05,19:45,Woking , Southend Utd,23.0,32.0,45.0,4.1,3.4,1.8,2.0,53.0,47.0,2.0,1.8,0.0,45,55,1.91,1.91,0.0,1,1,PREMATIPS
2025-11-05,19:45,York City , Gateshead,44.0,29.0,27.0,1.25,6.25,7.5,4.0,38.0,62.0,1.25,4.0,1.0,56,44,1.53,2.38,1.0,4,0,PREMATIPS
2025-11-05,19:45,H&W Welders , Linfield,26.0,30.0,44.0,4.6,5.75,1.38,2.0,40.0,60.0,1.52,2.35,1.0,50,50,1.82,1.85,1.0,3,3,PREMATIPS
2025-11-05,20:00,Ajax , Galatasaray,32.0,30.0,38.0,3.1,3.8,2.1,5.0,35.0,65.0,1.44,2.75,1.0,67,33,1.4,2.75,1.0,0,3,PREMATIPS
2025-11-05,20:00,Benfica , Bayer Leverkusen,40.0,31.0,29.0,1.9,3.6,4.0,1.0,44.0,56.0,1.73,2.1,1.0,58,42,1.62,2.2,1.0,0,1,PREMATIPS
2025-11-05,20:00,Club Brugge , Barcelona,27.0,30.0,43.0,5.25,4.75,1.53,2.0,28.0,72.0,1.33,3.4,1.0,66,34,1.4,2.75,1.0,3,3,PREMATIPS
2025-11-05,20:00,Inter , Kairat Almaty,49.0,39.0,12.0,1.04,15.0,41.0,1.0,21.0,79.0,1.2,4.5,1.0,33,67,2.63,1.44,0.0,2,1,PREMATIPS
2025-11-05,20:00,Manchester City , B. Dortmund,44.0,31.0,25.0,1.45,5.0,5.75,1.0,35.0,65.0,1.44,2.75,1.0,59,41,1.62,2.2,1.0,4,1,PREMATIPS
2025-11-05,20:00,Marseille , Atalanta,36.0,31.0,33.0,2.4,3.6,2.75,5.0,45.0,55.0,1.73,2.1,1.0,59,41,1.62,2.2,1.0,0,1,PREMATIPS
2025-11-05,20:00,Newcastle Utd , Athletic Bilbao,45.0,34.0,21.0,1.4,4.5,8.5,1.0,47.0,53.0,1.8,2.0,1.0,46,54,2.0,1.75,0.0,2,0,PREMATIPS
2025-11-05,20:00,Portsmouth , Wrexham,31.0,28.0,41.0,2.55,3.05,2.75,6.0,57.0,43.0,2.2,1.67,0.0,59,41,1.83,1.83,1.0,0,0,PREMATIPS
2025-11-05,20:00,Dep. Achuapa , Malacateco,49.0,16.0,35.0,1.62,3.6,4.5,1.0,42.0,58.0,1.65,2.1,1.0,51,49,1.66,2.05,1.0,0,1,PREMATIPS
2025-11-05,20:15,Los Chankas CYC , Alianza Lima,46.0,11.0,43.0,2.92,3.19,2.3,5.0,40.0,60.0,1.98,1.75,1.0,56,44,1.76,1.94,1.0,1,2,PREMATIPS
2025-11-05,20:30,U. de Chile , Everton VM,65.0,12.0,23.0,1.42,4.1,6.5,1.0,49.0,51.0,1.75,2.05,1.0,50,50,1.83,1.83,1.0,2,0,PREMATIPS
2025-11-05,20:30,Gen.Caballero JLM , Nacional As.,29.0,33.0,38.0,3.5,2.85,2.05,6.0,61.0,39.0,2.6,1.44,0.0,44,56,2.2,1.58,0.0,2,1,PREMATIPS
2025-11-05,21:00,Mun. Limeno , Alianza Salvador,32.0,15.0,53.0,2.9,3.0,2.2,2.0,48.0,52.0,2.2,1.58,1.0,58,42,1.93,1.75,1.0,0,1,PREMATIPS
2025-11-05,21:00,Zacatecoluca FC , Fuerte SF,30.0,26.0,44.0,1.88,3.3,3.5,6.0,55.0,45.0,1.88,1.8,0.0,48,52,1.8,1.88,0.0,0,0,PREMATIPS
2025-11-05,21:15,Aguila , Inter FA,40.0,35.0,25.0,1.6,3.6,4.6,1.0,51.0,49.0,1.85,1.82,0.0,55,45,1.9,1.78,1.0,3,0,PREMATIPS
2025-11-05,22:00,Bragantino SP , Corinthians SP,34.0,29.0,37.0,2.63,3.3,2.7,5.0,54.0,46.0,2.15,1.67,0.0,52,48,1.95,1.8,1.0,2,1,PREMATIPS
2025-11-05,22:00,Sport Recife PE , Juventude RS,25.0,31.0,44.0,1.85,3.7,4.1,6.0,56.0,44.0,1.9,1.95,0.0,45,55,1.75,2.0,0.0,0,2,PREMATIPS
2025-11-05,22:00,Vitoria BA , Internacional RS,31.0,33.0,36.0,2.4,3.2,3.0,6.0,58.0,42.0,2.25,1.62,0.0,51,49,1.95,1.8,1.0,1,0,PREMATIPS
2025-11-05,22:00,Aurora Guatemala , Comunicaciones,56.0,26.0,18.0,2.1,3.2,3.0,1.0,53.0,47.0,1.88,1.8,0.0,48,52,1.73,1.95,0.0,0,0,PREMATIPS
2025-11-05,22:30,Botafogo RJ , Vasco da Gama RJ,44.0,24.0,32.0,1.83,3.58,4.09,1.0,57.0,43.0,1.76,1.98,0.0,42,58,1.68,2.07,0.0,3,0,PREMATIPS
2025-11-05,23:00,Atletico MG , Bahia BA,27.0,33.0,40.0,2.25,3.3,3.2,6.0,58.0,42.0,2.2,1.65,0.0,46,54,1.95,1.8,0.0,3,0,PREMATIPS
2025-11-05,23:00,Gremio RS , Cruzeiro MG,24.0,37.0,39.0,3.2,3.25,2.3,6.0,60.0,40.0,2.08,1.73,0.0,48,52,1.8,1.95,0.0,0,1,PREMATIPS
2025-11-05,23:00,UNAN Managua , Managua FC,24.0,15.0,61.0,5.0,3.9,1.5,2.0,40.0,60.0,1.7,2.0,1.0,51,49,1.82,1.87,1.0,0,3,PREMATIPS
2025-11-05,23:00,2 de Mayo , Guarani As.,30.0,33.0,37.0,3.3,2.8,2.1,6.0,63.0,37.0,2.5,1.46,0.0,43,57,2.15,1.62,0.0,1,0,PREMATIPS
2025-11-05,23:30,Caracas , Dep. Tachira,30.0,33.0,37.0,3.1,2.95,2.15,6.0,59.0,41.0,2.35,1.52,0.0,47,53,2.05,1.66,0.0,0,0,PREMATIPS
2025-11-05,23:30,Metropolitanos , Carabobo,31.0,33.0,36.0,3.6,2.85,2.0,6.0,58.0,42.0,2.25,1.57,0.0,49,51,2.05,1.68,0.0,0,4,PREMATIPS
2025-11-06,00:00,Antigua GFC , Coban Imperial,58.0,15.0,27.0,1.68,3.5,4.2,1.0,43.0,57.0,1.88,1.8,1.0,52,48,1.88,1.8,1.0,0,0,PREMATIPS
2025-11-06,00:10,Ind. Rivadavia , Argentinos Jrs,29.0,35.0,36.0,3.6,2.65,2.15,6.0,69.0,31.0,3.1,1.32,0.0,39,61,2.5,1.46,0.0,2,2,PREMATIPS
2025-11-06,00:30,Sao Paulo SP , Flamengo RJ,32.0,21.0,47.0,4.0,3.1,2.05,6.0,60.0,40.0,2.5,1.5,0.0,40,60,2.1,1.67,0.0,2,2,PREMATIPS
2025-11-06,01:00,Isidro Metapan , Platense Zac.,36.0,35.0,29.0,1.68,3.25,4.6,4.0,44.0,56.0,2.25,1.57,1.0,62,38,2.15,1.61,1.0,0,0,PREMATIPS
2025-11-06,01:30,FAS Santa Ana , Cacahuatique,45.0,21.0,34.0,1.61,3.6,4.6,1.0,46.0,54.0,1.9,1.78,1.0,51,49,1.95,1.75,1.0,2,1,PREMATIPS
2025-11-06,01:30,Hercules Salvador , Luis Angel Firpo,18.0,19.0,63.0,5.25,4.2,1.46,2.0,43.0,57.0,1.62,2.15,1.0,55,45,1.78,1.9,1.0,1,3,PREMATIPS
2025-11-06,02:00,Marquense , Xelaju MC,38.0,21.0,41.0,2.13,2.92,3.3,5.0,42.0,58.0,2.16,1.6,1.0,50,50,1.87,1.8,0.0,1,0,PREMATIPS
2025-11-06,02:00,Walter Ferretti , Matagalpa,43.0,27.0,30.0,1.98,3.3,3.2,1.0,33.0,67.0,1.77,1.93,1.0,57,43,1.68,2.05,1.0,1,2,PREMATIPS
2025-11-06,07:45,Macarthur , Cong An Ha Noi,37.0,30.0,33.0,2.16,3.48,2.83,5.0,42.0,58.0,1.58,2.2,1.0,61,39,1.5,2.37,1.0,2,1,PREMATIPS
2025-11-06,08:30,PSBS Biak , Persita Tangerang,12.0,47.0,41.0,4.2,3.7,1.63,6.0,44.0,56.0,1.71,2.0,1.0,55,45,1.75,1.95,1.0,2,1,PREMATIPS
2025-11-06,10:00,Lion City Sail. , Bangkok Utd,37.0,30.0,33.0,1.98,3.5,3.0,5.0,42.0,58.0,1.57,2.25,1.0,60,40,1.53,2.3,1.0,1,2,PREMATIPS
2025-11-06,10:00,Pohang Steelers , Tampines Rovers,47.0,36.0,17.0,1.27,5.0,8.0,1.0,30.0,70.0,1.47,2.45,1.0,44,56,1.82,1.87,0.0,1,1,PREMATIPS
2025-11-06,11:00,Rajasthan Utd , Sporting Delhi,36.0,31.0,33.0,2.06,3.34,3.19,5.0,46.0,54.0,1.69,2.04,1.0,59,41,1.57,2.23,1.0,2,2,PREMATIPS
2025-11-06,11:30,A. Niigata , Balestier Khalsa,39.0,30.0,31.0,1.9,3.5,3.25,1.0,36.0,64.0,1.46,2.5,1.0,65,35,1.43,2.6,1.0,3,2,PREMATIPS
2025-11-06,12:15,Selangor , Persib Bandung,35.0,30.0,35.0,2.8,3.5,2.1,5.0,43.0,57.0,1.62,2.15,1.0,60,40,1.57,2.25,1.0,2,3,PREMATIPS
2025-11-06,12:30,Blue Eagles , Big Bullets,32.0,18.0,50.0,3.6,3.0,1.93,2.0,56.0,44.0,2.25,1.55,0.0,34,66,2.03,1.7,0.0,0,0,PREMATIPS
2025-11-06,13:00,Malavan , Shams Azar,42.0,43.0,15.0,2.15,2.85,3.4,4.0,85.0,15.0,2.8,1.37,0.0,36,64,2.35,1.52,0.0,0,0,PREMATIPS
2025-11-06,13:30,Penya Encarnada , Ordino,79.0,10.0,11.0,2.13,3.33,2.87,1.0,70.0,30.0,1.89,1.76,0.0,47,53,1.73,1.96,0.0,3,4,PREMATIPS
2025-11-06,13:30,Esperance Tunis , JS El Omrane,46.0,33.0,21.0,1.13,6.75,16.0,1.0,71.0,29.0,1.6,2.2,0.0,23,77,2.75,1.39,0.0,4,0,PREMATIPS
2025-11-06,13:30,Stade Tunisien , Club Africain,44.0,16.0,40.0,2.85,2.8,2.37,5.0,74.0,26.0,2.5,1.46,0.0,32,68,2.1,1.63,0.0,0,0,PREMATIPS
2025-11-06,14:00,Mumbai City , Kerala Blasters,35.0,31.0,34.0,2.5,2.95,2.55,5.0,48.0,52.0,2.35,1.52,1.0,57,43,1.94,1.74,1.0,1,0,PREMATIPS
2025-11-06,14:00,Gol Gohar , Zob Ahan,42.0,46.0,12.0,2.2,2.8,3.5,4.0,86.0,14.0,2.8,1.37,0.0,27,73,2.35,1.53,0.0,1,2,PREMATIPS
2025-11-06,14:55,Al,Khaleej,22.0,34.0,44.0,3.0,3.3,2.05,6.0,48.0,52.0,1.8,2.0,1.0,59,41,1.67,2.1,1.0,1,4,PREMATIPS
2025-11-06,15:00,Al Ahly Cairo , Cer. Cleopatra,41.0,35.0,24.0,1.68,2.95,5.25,1.0,65.0,35.0,2.55,1.44,0.0,38,62,2.45,1.49,0.0,2,1,PREMATIPS
2025-11-06,15:00,Bendel Insurance , Rivers United,10.0,68.0,22.0,1.89,3.07,3.74,6.0,86.0,14.0,2.45,1.44,0.0,39,61,2.15,1.59,0.0,0,0,PREMATIPS
2025-11-06,15:00,Nasarawa United , Remo Stars,73.0,6.0,21.0,1.49,3.59,5.72,1.0,74.0,26.0,2.07,1.59,0.0,35,65,2.17,1.58,0.0,2,1,PREMATIPS
2025-11-06,15:30,Racing Abidjan , ISCA Abidjan,46.0,10.0,44.0,2.18,2.92,3.04,5.0,75.0,25.0,2.47,1.36,0.0,24,76,2.1,1.48,0.0,-,-,PREMATIPS
2025-11-06,16:30,Spartak Moscow , Lok. Moscow,39.0,31.0,30.0,2.0,3.62,3.56,1.0,46.0,54.0,1.74,2.09,1.0,57,43,1.63,2.16,1.0,3,1,PREMATIPS
2025-11-06,17:30,Zamalek , Pyramids,32.0,33.0,35.0,2.93,2.89,2.37,6.0,61.0,39.0,2.37,1.51,0.0,46,54,1.98,1.73,0.0,0,0,PREMATIPS
2025-11-06,17:30,Al,Kholood,54.0,18.0,28.0,1.45,4.1,5.5,1.0,39.0,61.0,1.57,2.35,1.0,64,36,1.67,2.1,1.0,4,0,PREMATIPS
2025-11-06,17:30,Al, Damac,61.0,21.0,18.0,2.0,3.2,3.4,1.0,43.0,57.0,2.08,1.73,1.0,78,22,1.83,1.83,1.0,1,1,PREMATIPS
2025-11-06,17:45,AEK Athens , Shamrock Rovers,47.0,37.0,16.0,1.14,7.0,17.0,1.0,37.0,63.0,1.5,2.5,1.0,39,61,2.38,1.53,0.0,1,1,PREMATIPS
2025-11-06,17:45,AEK Larnaca , Aberdeen,44.0,34.0,22.0,1.5,4.1,6.25,1.0,49.0,51.0,1.9,1.9,1.0,45,55,2.0,1.73,0.0,0,0,PREMATIPS
2025-11-06,17:45,Celje , Legia Warszawa,36.0,31.0,33.0,2.3,3.5,2.9,5.0,46.0,54.0,1.74,2.02,1.0,58,42,1.61,2.21,1.0,2,1,PREMATIPS
2025-11-06,17:45,KuPS Kuopio , Slovan Brat.,30.0,31.0,39.0,3.25,3.7,2.05,6.0,45.0,55.0,1.7,2.1,1.0,57,43,1.62,2.2,1.0,3,1,PREMATIPS
2025-11-06,17:45,Mainz 05 , Fiorentina,37.0,32.0,31.0,2.2,3.25,3.3,4.0,55.0,45.0,2.08,1.73,0.0,51,49,1.8,1.91,1.0,2,1,PREMATIPS
2025-11-06,17:45,Noah , Sigma Olomouc,39.0,32.0,29.0,1.95,3.4,3.8,1.0,52.0,48.0,2.0,1.8,0.0,51,49,1.8,1.91,1.0,1,2,PREMATIPS
2025-11-06,17:45,Samsunspor , Hamrun Spartans,47.0,35.0,18.0,1.2,6.5,13.0,1.0,35.0,65.0,1.5,2.5,1.0,45,55,2.1,1.67,0.0,3,0,PREMATIPS
2025-11-06,17:45,Shakhtar Donetsk , Breidablik,47.0,35.0,18.0,1.2,7.0,12.0,1.0,29.0,71.0,1.36,3.1,1.0,48,52,1.83,1.83,0.0,2,0,PREMATIPS
2025-11-06,17:45,Sparta Prague , Rakow Czest.,41.0,33.0,26.0,1.75,3.6,4.5,1.0,53.0,47.0,2.05,1.75,0.0,49,51,1.83,1.83,0.0,0,0,PREMATIPS
2025-11-06,17:45,Basel , FC FCSB,43.0,32.0,25.0,1.55,4.33,5.5,1.0,44.0,56.0,1.67,2.2,1.0,52,48,1.75,2.0,1.0,3,1,PREMATIPS
2025-11-06,17:45,Crvena Zvezda , Lille,33.0,30.0,37.0,3.0,3.4,2.3,5.0,44.0,56.0,1.67,2.2,1.0,60,40,1.53,2.38,1.0,1,0,PREMATIPS
2025-11-06,17:45,Dinamo Zagreb , Celta Vigo,34.0,32.0,34.0,2.63,3.37,2.58,0.0,51.0,49.0,1.9,1.87,0.0,54,46,1.69,2.07,1.0,0,3,PREMATIPS
2025-11-06,17:45,Malmo , Panathinaikos,34.0,31.0,35.0,2.7,3.3,2.6,5.0,53.0,47.0,2.05,1.8,0.0,52,48,1.75,2.0,1.0,0,1,PREMATIPS
2025-11-06,17:45,Midtjylland , Celtic,38.0,31.0,31.0,2.0,3.6,3.5,5.0,43.0,57.0,1.62,2.3,1.0,59,41,1.53,2.38,1.0,3,1,PREMATIPS
2025-11-06,17:45,Nice , Freiburg,34.0,32.0,34.0,2.6,3.4,2.6,0.0,50.0,50.0,1.93,1.93,1.0,55,45,1.7,2.05,1.0,1,3,PREMATIPS
2025-11-06,17:45,RB Salzburg , Go Ahead Eagles,42.0,31.0,27.0,1.57,4.1,5.25,1.0,39.0,61.0,1.57,2.38,1.0,59,41,1.62,2.2,1.0,2,0,PREMATIPS
2025-11-06,17:45,Sturm Graz , Nottingham Forest,27.0,32.0,41.0,5.0,3.9,1.67,2.0,46.0,54.0,1.73,2.1,1.0,54,46,1.75,2.0,1.0,0,0,PREMATIPS
2025-11-06,17:45,Utrecht , Porto,27.0,32.0,41.0,4.75,4.2,1.67,2.0,47.0,53.0,1.83,2.03,1.0,53,47,1.8,1.95,1.0,1,1,PREMATIPS
2025-11-06,19:00,FAR Rabat , FUS Rabat,57.0,22.0,21.0,1.55,3.2,6.25,1.0,55.0,45.0,2.35,1.57,0.0,37,63,2.38,1.53,0.0,1,0,PREMATIPS
2025-11-06,20:00,Crystal Palace , AZ Alkmaar,44.0,33.0,23.0,1.44,4.75,6.0,1.0,41.0,59.0,1.6,2.3,1.0,52,48,1.73,2.0,1.0,3,1,PREMATIPS
2025-11-06,20:00,Dynamo Kyiv , Zrinjski Mostar,42.0,33.0,25.0,1.67,3.8,5.0,1.0,53.0,47.0,2.05,1.75,0.0,47,53,2.0,1.73,0.0,6,0,PREMATIPS
2025-11-06,20:00,Hacken , Strasbourg,31.0,30.0,39.0,3.3,3.9,1.95,5.0,42.0,58.0,1.57,2.35,1.0,60,40,1.53,2.38,1.0,1,2,PREMATIPS
2025-11-06,20:00,Lausanne , Omonia Nicosia,38.0,31.0,31.0,2.15,3.4,3.25,5.0,46.0,54.0,1.75,2.05,1.0,57,43,1.62,2.2,1.0,1,1,PREMATIPS
2025-11-06,20:00,Lincoln Red Imps , Rijeka,21.0,34.0,45.0,9.0,4.5,1.36,2.0,47.0,53.0,1.8,2.0,1.0,45,55,2.1,1.67,0.0,1,1,PREMATIPS
2025-11-06,20:00,Rapid Wien , U Craiova,41.0,32.0,27.0,1.8,3.5,4.33,1.0,50.0,50.0,1.85,1.95,1.0,52,48,1.73,2.0,1.0,0,1,PREMATIPS
2025-11-06,20:00,Rayo Vallecano , Lech Poznan,44.0,33.0,23.0,1.46,4.4,6.54,1.0,44.0,56.0,1.66,2.14,1.0,51,49,1.81,1.91,1.0,3,2,PREMATIPS
2025-11-06,20:00,Shelbourne , Drita,40.0,33.0,27.0,1.75,3.7,4.5,1.0,53.0,47.0,2.0,1.8,0.0,50,50,1.83,1.83,1.0,0,1,PREMATIPS
2025-11-06,20:00,Shkendija 79 , Jagiellonia,29.0,32.0,39.0,4.0,3.5,1.9,6.0,50.0,50.0,1.85,1.95,1.0,53,47,1.73,2.0,1.0,1,1,PREMATIPS
2025-11-06,20:00,Reading , Stevenage,22.0,25.0,53.0,2.82,3.2,2.4,2.0,63.0,37.0,2.15,1.67,0.0,56,44,1.91,1.91,1.0,1,0,PREMATIPS
2025-11-06,20:00,Aston Villa , Maccabi Tel Aviv,47.0,35.0,18.0,1.2,7.0,11.0,1.0,37.0,63.0,1.5,2.63,1.0,44,56,2.05,1.7,0.0,2,0,PREMATIPS
2025-11-06,20:00,Bologna , Brann Bergen,45.0,34.0,21.0,1.36,4.75,8.0,1.0,42.0,58.0,1.62,2.3,1.0,49,51,1.91,1.91,0.0,0,0,PREMATIPS
2025-11-06,20:00,Ferencvaros , Ludogorets,42.0,33.0,25.0,1.62,4.1,5.0,1.0,49.0,51.0,1.85,2.0,1.0,50,50,1.8,1.95,1.0,3,1,PREMATIPS
2025-11-06,20:00,PAOK , Young Boys,42.0,31.0,27.0,1.65,4.33,4.75,1.0,41.0,59.0,1.57,2.38,1.0,57,43,1.62,2.2,1.0,4,0,PREMATIPS
2025-11-06,20:00,Rangers , Roma,26.0,32.0,42.0,5.0,4.0,1.62,2.0,50.0,50.0,1.9,1.95,1.0,50,50,1.91,1.91,1.0,0,2,PREMATIPS
2025-11-06,20:00,Real Betis , Lyon,41.0,31.0,28.0,1.7,3.9,4.5,1.0,43.0,57.0,1.62,2.3,1.0,57,43,1.62,2.2,1.0,2,0,PREMATIPS
2025-11-06,20:00,SC Braga , Genk,41.0,32.0,27.0,1.73,3.9,4.33,1.0,46.0,54.0,1.73,2.1,1.0,55,45,1.7,2.05,1.0,3,4,PREMATIPS
2025-11-06,20:00,Stuttgart , Feyenoord,41.0,31.0,28.0,1.73,3.8,4.5,1.0,43.0,57.0,1.67,2.2,1.0,57,43,1.62,2.2,1.0,2,0,PREMATIPS
2025-11-06,20:00,Viktoria Plzen , Fenerbahce,32.0,31.0,37.0,3.2,3.4,2.2,5.0,48.0,52.0,1.83,2.03,1.0,56,44,1.67,2.1,1.0,0,0,PREMATIPS
2025-11-06,21:00,ART Mun. Jalapa , Rancho Santana,53.0,15.0,32.0,1.44,4.17,4.77,1.0,33.0,67.0,1.47,2.45,1.0,57,43,1.58,2.18,1.0,4,0,PREMATIPS
2025-11-06,22:30,Fluminense RJ , Mirassol SP,35.0,23.0,42.0,1.91,3.3,4.33,6.0,57.0,43.0,2.1,1.7,0.0,49,51,1.95,1.8,0.0,1,0,PREMATIPS
2025-11-06,23:00,Bolivar La Paz , Aurora Cochabamba,80.0,16.0,3.0,1.33,5.0,7.5,1.0,30.0,70.0,1.33,3.4,1.0,67,33,1.57,2.25,1.0,6,1,PREMATIPS
2025-11-06,23:00,Ceara CE , Fortaleza CE,48.0,28.0,24.0,2.35,3.0,3.4,1.0,63.0,37.0,2.88,1.4,0.0,41,59,2.25,1.57,0.0,1,1,PREMATIPS
2025-11-06,23:00,Guastatoya , Dep. Mixco,20.0,19.0,61.0,2.25,3.1,2.75,2.0,46.0,54.0,1.95,1.73,1.0,49,51,1.78,1.9,0.0,1,0,PREMATIPS
2025-11-06,23:10,Boyaca Chico , America de Cali,21.0,41.0,38.0,4.75,3.9,1.67,2.0,63.0,37.0,2.2,1.65,0.0,45,55,2.2,1.62,0.0,0,2,PREMATIPS
2025-11-07,00:30,Palmeiras SP , Santos SP,57.0,24.0,19.0,1.48,4.5,6.5,1.0,52.0,48.0,1.93,1.93,0.0,49,51,2.05,1.7,0.0,2,0,PREMATIPS
2025-11-07,01:00,Real Esteli , Sport Sebaco,41.0,26.0,33.0,1.31,4.75,7.5,4.0,41.0,59.0,1.66,2.05,1.0,55,45,2.05,1.68,1.0,3,0,PREMATIPS
2025-11-07,01:30,Municipal , Dep. Mictlan,59.0,23.0,18.0,1.28,4.8,8.5,1.0,52.0,48.0,1.73,1.95,0.0,49,51,2.25,1.57,0.0,1,0,PREMATIPS
2025-11-07,02:00,Venados , Tlaxcala,31.0,39.0,30.0,1.7,3.7,3.8,4.0,43.0,57.0,1.61,2.15,1.0,57,43,1.63,2.1,1.0,5,1,PREMATIPS
2025-11-07,08:30,Bhayangkara , Bali United,37.0,36.0,27.0,2.45,3.1,2.55,4.0,64.0,36.0,1.88,1.8,0.0,52,48,1.72,1.98,1.0,2,1,PREMATIPS
2025-11-07,08:35,Adelaide Utd , WS Wanderers,37.0,29.0,34.0,2.2,3.9,2.75,5.0,50.0,50.0,1.44,2.75,1.0,75,25,1.4,2.75,1.0,2,0,PREMATIPS
2025-11-07,10:00,Shamakhi , Imishli FK,33.0,20.0,47.0,2.05,3.0,3.3,6.0,54.0,46.0,2.25,1.55,0.0,44,56,2.0,1.71,0.0,1,0,PREMATIPS
2025-11-07,10:00,FC Molodechno , ML Vitebsk,15.0,8.0,77.0,11.0,6.0,1.19,2.0,53.0,47.0,1.51,2.35,0.0,40,60,2.2,1.6,0.0,0,1,PREMATIPS
2025-11-07,10:45,Perth Glory , CC Mariners,39.0,31.0,30.0,1.96,3.75,3.4,1.0,50.0,50.0,1.73,2.1,1.0,53,47,1.62,2.2,1.0,0,1,PREMATIPS
2025-11-07,11:30,Tanjong Pagar , Hougang Utd,31.0,29.0,40.0,3.2,4.1,1.78,2.0,26.0,74.0,1.25,3.6,1.0,72,28,1.28,3.3,1.0,2,3,PREMATIPS
2025-11-07,11:30,Sariyer SK , Vanspor,16.0,42.0,42.0,2.2,3.4,3.1,6.0,52.0,48.0,2.05,1.75,0.0,49,51,1.83,1.83,0.0,2,1,PREMATIPS
2025-11-07,12:00,Persik Kediri , Persebaya,28.0,37.0,35.0,2.3,3.0,2.8,6.0,56.0,44.0,2.1,1.65,0.0,57,43,1.87,1.82,1.0,1,1,PREMATIPS
2025-11-07,12:00,Chadormalou , Aluminium Arak,41.0,33.0,26.0,3.1,2.4,2.75,4.0,74.0,26.0,3.7,1.24,0.0,35,65,2.75,1.39,0.0,1,0,PREMATIPS
2025-11-07,12:00,PT Prachuap , Lamphun Warriors,64.0,26.0,10.0,1.66,3.5,4.2,1.0,44.0,56.0,1.75,1.93,1.0,60,40,1.75,1.93,1.0,1,1,PREMATIPS
2025-11-07,12:30,CSKA Sofia II , Minyor Pernik,51.0,22.0,27.0,1.51,3.6,5.29,1.0,57.0,43.0,1.74,1.86,0.0,56,44,1.83,1.85,1.0,0,1,PREMATIPS
2025-11-07,12:30,OFK Malzenice , Pohronie,35.0,22.0,43.0,2.45,3.4,2.35,6.0,30.0,70.0,1.55,2.3,1.0,68,32,1.5,2.37,1.0,0,0,PREMATIPS
2025-11-07,13:00,Gabala , Sumgayit,20.0,17.0,63.0,2.6,3.0,2.45,2.0,54.0,46.0,2.25,1.55,0.0,41,59,1.95,1.73,0.0,0,2,PREMATIPS
2025-11-07,13:00,Gomel , Dinamo Brest,31.0,26.0,43.0,2.96,3.18,2.17,6.0,62.0,38.0,2.14,1.63,0.0,39,61,1.89,1.8,0.0,3,0,PREMATIPS
2025-11-07,13:00,Spartak Varna , Septemvri Sofia,47.0,31.0,22.0,2.4,3.2,2.82,1.0,49.0,51.0,1.93,1.88,1.0,62,38,1.73,2.0,1.0,1,4,PREMATIPS
2025-11-07,13:00,Fajr Sepasi , Mes Rafsanjan,62.0,22.0,16.0,2.4,2.8,3.1,1.0,74.0,26.0,3.0,1.34,0.0,35,65,2.4,1.49,0.0,1,1,PREMATIPS
2025-11-07,13:00,Persepolis , Esteghlal Kh.,27.0,52.0,21.0,1.46,3.9,6.75,4.0,82.0,18.0,2.2,1.58,0.0,50,50,2.5,1.46,0.0,3,0,PREMATIPS
2025-11-07,13:00,H. Kfar Saba , H. Ramat Gan,46.0,14.0,40.0,2.5,3.25,2.4,4.0,53.0,47.0,1.82,1.85,0.0,54,46,1.7,2.0,1.0,0,0,PREMATIPS
2025-11-07,13:00,H. Kfar Shalem , Kafr Qasim,29.0,41.0,30.0,2.2,3.25,2.75,6.0,47.0,53.0,1.9,1.77,1.0,57,43,1.77,1.93,1.0,4,1,PREMATIPS
2025-11-07,13:00,H. Nof HaGalil , M. Petah Tikva,8.0,36.0,56.0,8.25,4.8,1.29,2.0,44.0,56.0,1.68,2.05,1.0,60,40,2.15,1.62,1.0,2,0,PREMATIPS
2025-11-07,13:00,Hapoel Raanana , Bnei Yehuda,49.0,12.0,39.0,2.8,3.3,2.15,1.0,56.0,44.0,1.82,1.87,0.0,36,64,1.71,2.0,0.0,1,1,PREMATIPS
2025-11-07,13:00,M. Herzliya , Hapoel Acre,41.0,42.0,17.0,1.85,3.3,3.6,4.0,59.0,41.0,1.9,1.78,0.0,54,46,1.82,1.85,1.0,2,2,PREMATIPS
2025-11-07,13:00,Bidco United , Tusker,34.0,41.0,25.0,2.93,2.59,2.58,4.0,66.0,34.0,3.25,1.28,0.0,44,56,2.5,1.46,0.0,0,1,PREMATIPS
2025-11-07,13:00,AGMK Olmaliq , Navbahor,37.0,29.0,34.0,1.98,3.3,3.1,5.0,54.0,46.0,1.77,1.93,0.0,42,58,1.68,2.05,0.0,3,1,PREMATIPS
2025-11-07,13:00,Buxoro , Neftchi Fergana,21.0,29.0,50.0,4.75,3.4,1.62,2.0,53.0,47.0,2.05,1.66,0.0,43,57,2.05,1.66,0.0,1,1,PREMATIPS
2025-11-07,13:00,Mutondo Stars , Green Buffaloes,27.0,17.0,56.0,3.24,2.72,2.24,2.0,70.0,30.0,3.0,1.33,0.0,38,62,2.3,1.45,0.0,0,0,PREMATIPS
2025-11-07,13:20,Al, Bahrain SC,80.0,9.0,11.0,1.7,3.5,4.1,1.0,53.0,47.0,1.85,1.83,0.0,48,52,1.83,1.85,0.0,3,0,PREMATIPS
2025-11-07,13:20,Al,Okhdood,45.0,41.0,14.0,1.67,3.5,5.0,4.0,34.0,66.0,2.0,1.8,1.0,68,32,2.0,1.73,1.0,2,0,PREMATIPS
2025-11-07,13:30,Epitsentr , Obolon,31.0,20.0,49.0,2.75,3.2,2.55,2.0,53.0,47.0,2.15,1.61,0.0,49,51,1.9,1.78,0.0,1,2,PREMATIPS
2025-11-07,14:00,Bodrum , Istanbulspor,44.0,32.0,24.0,1.42,4.75,6.5,1.0,52.0,48.0,1.65,2.2,0.0,54,46,1.83,1.83,1.0,5,0,PREMATIPS
2025-11-07,14:25,Al Salmiya , Al Fahaheel,49.0,21.0,30.0,2.05,3.3,3.0,1.0,60.0,40.0,1.78,1.9,0.0,39,61,1.68,2.05,0.0,1,2,PREMATIPS
2025-11-07,14:30,Foolad Khuzestan , Paykan,33.0,39.0,28.0,2.05,2.87,3.8,4.0,82.0,18.0,2.9,1.36,0.0,42,58,2.4,1.49,0.0,1,0,PREMATIPS
2025-11-07,14:30,Al,Wakrah SC,41.0,30.0,29.0,2.1,3.6,2.75,4.0,49.0,51.0,1.5,2.37,1.0,51,49,1.49,2.45,1.0,2,2,PREMATIPS
2025-11-07,14:35,Al,Taawoun,21.0,6.0,73.0,2.45,3.3,2.5,2.0,38.0,62.0,1.75,2.05,1.0,64,36,1.62,2.2,1.0,2,5,PREMATIPS
2025-11-07,15:00,Gareji Sagarejo , Dinamo Tbilisi,22.0,39.0,39.0,4.1,3.5,1.68,2.0,55.0,45.0,1.83,1.85,0.0,55,45,1.8,1.88,1.0,0,1,PREMATIPS
2025-11-07,15:30,Botev Plovdiv , Dobrudzha,58.0,16.0,26.0,1.66,3.75,4.75,1.0,49.0,51.0,1.95,1.85,1.0,50,50,1.83,1.83,1.0,2,1,PREMATIPS
2025-11-07,16:00,Bylis Ballsh , Flamurtari,62.0,24.0,14.0,3.12,2.96,2.14,1.0,67.0,33.0,2.04,1.62,0.0,38,62,1.88,1.83,0.0,0,1,PREMATIPS
2025-11-07,16:00,Al, Malkia,14.0,47.0,39.0,2.6,3.1,2.37,6.0,64.0,36.0,2.15,1.61,0.0,48,52,1.9,1.77,0.0,0,1,PREMATIPS
2025-11-07,16:00,Taborsko , Vysocina Jihlava,51.0,28.0,21.0,1.38,4.5,7.5,1.0,39.0,61.0,1.73,2.08,1.0,49,51,2.0,1.73,0.0,2,0,PREMATIPS
2025-11-07,16:00,Gagra , Kolkheti Poti,53.0,27.0,20.0,1.58,3.6,4.8,1.0,53.0,47.0,1.87,1.82,0.0,50,50,1.9,1.78,0.0,1,3,PREMATIPS
2025-11-07,16:00,Ruch Chorzow , Miedz Legnica,45.0,19.0,36.0,2.3,3.5,2.75,4.0,30.0,70.0,1.73,2.08,1.0,70,30,1.57,2.25,1.0,3,1,PREMATIPS
2025-11-07,16:00,U Cluj , Metaloglobus,45.0,40.0,15.0,1.4,4.33,8.5,4.0,50.0,50.0,1.98,1.83,0.0,56,44,2.2,1.62,1.0,3,1,PREMATIPS
2025-11-07,16:00,FC Kudrivka , Kolos Kovalivka,32.0,28.0,40.0,4.1,3.6,1.82,6.0,56.0,44.0,1.98,1.73,0.0,52,48,1.9,1.78,1.0,1,3,PREMATIPS
2025-11-07,16:30,Al, Qatar SC,46.0,18.0,36.0,1.68,3.75,3.9,1.0,53.0,47.0,1.53,2.3,0.0,55,45,1.55,2.25,1.0,2,1,PREMATIPS
2025-11-07,16:30,Mura , FC Koper,19.0,39.0,42.0,3.1,3.4,2.1,6.0,40.0,60.0,1.78,1.9,1.0,60,40,1.68,2.05,1.0,3,2,PREMATIPS
2025-11-07,16:40,Al Tadamon , Al Shabab Kuwait,25.0,22.0,53.0,2.35,3.0,2.75,2.0,71.0,29.0,2.25,1.55,0.0,27,73,1.98,1.72,0.0,1,1,PREMATIPS
2025-11-07,17:00,Amstetten , SV Stripfing,30.0,57.0,13.0,1.21,5.69,10.26,4.0,50.0,50.0,1.52,2.39,1.0,48,52,2.02,1.71,0.0,3,0,PREMATIPS
2025-11-07,17:00,Hertha Wels , First Vienna,25.0,26.0,49.0,2.85,3.4,2.25,2.0,56.0,44.0,1.87,1.82,0.0,48,52,1.73,1.95,0.0,0,0,PREMATIPS
2025-11-07,17:00,Liefering , Kapfenberg,36.0,32.0,32.0,1.82,3.6,3.7,5.0,50.0,50.0,1.65,2.1,1.0,54,46,1.62,2.15,1.0,5,2,PREMATIPS
2025-11-07,17:00,HNK Gorica , Vukovar 1991,61.0,16.0,23.0,1.8,3.6,3.9,1.0,43.0,57.0,1.85,1.95,1.0,63,37,1.8,1.91,1.0,1,1,PREMATIPS
2025-11-07,17:00,AEL Limassol , Enosis Paralimni,75.0,19.0,6.0,1.51,3.7,5.25,1.0,59.0,41.0,1.87,1.82,0.0,26,74,1.98,1.72,0.0,3,0,PREMATIPS
2025-11-07,17:00,Ceske Budejovice , Opava,24.0,41.0,35.0,2.88,3.25,2.15,6.0,49.0,51.0,1.93,1.88,1.0,41,59,1.73,2.0,0.0,0,1,PREMATIPS
2025-11-07,17:00,Pribram , Viktoria Zizkov,38.0,20.0,42.0,2.3,3.2,2.7,5.0,53.0,47.0,1.95,1.85,0.0,45,55,1.73,2.0,0.0,1,0,PREMATIPS
2025-11-07,17:00,Hobro , Aarhus Fremad,21.0,41.0,38.0,2.95,3.8,2.05,6.0,46.0,54.0,1.73,2.08,1.0,56,44,1.62,2.2,1.0,2,0,PREMATIPS
2025-11-07,17:00,Riga FC , RFS Riga,43.0,18.0,39.0,2.0,3.4,3.0,5.0,42.0,58.0,1.73,1.98,1.0,53,47,1.66,2.05,1.0,3,4,PREMATIPS
2025-11-07,17:00,Radomiak Radom , Cracovia Krakow,33.0,26.0,41.0,2.63,3.4,2.55,6.0,41.0,59.0,2.03,1.78,1.0,66,34,1.8,1.95,1.0,3,0,PREMATIPS
2025-11-07,17:00,Zlate Moravce , Inter Bratislava,41.0,28.0,31.0,1.53,4.1,4.6,1.0,39.0,61.0,1.49,2.45,1.0,72,28,1.58,2.2,1.0,3,0,PREMATIPS
2025-11-07,17:00,Genclerbirligi , Ist. Basaksehir,24.0,22.0,54.0,2.95,3.3,2.25,2.0,54.0,46.0,2.0,1.8,0.0,53,47,1.8,1.91,1.0,2,1,PREMATIPS
2025-11-07,17:30,HB Koge , Hillerod,31.0,12.0,57.0,3.6,3.6,1.91,2.0,35.0,65.0,1.8,2.0,1.0,65,35,1.67,2.1,1.0,1,1,PREMATIPS
2025-11-07,17:30,Dynamo Dresden , Nurnberg,35.0,30.0,35.0,2.55,3.6,2.55,5.0,39.0,61.0,1.7,2.1,1.0,64,36,1.57,2.25,1.0,1,2,PREMATIPS
2025-11-07,17:30,Greuther Furth , Preussen Munster,35.0,13.0,52.0,2.6,3.3,2.63,2.0,26.0,74.0,1.7,2.1,1.0,70,30,1.53,2.38,1.0,1,0,PREMATIPS
2025-11-07,17:30,Al,Hilal Riyadh,6.0,18.0,76.0,17.0,8.0,1.13,2.0,38.0,62.0,1.33,3.25,1.0,59,41,2.0,1.73,1.0,2,4,PREMATIPS
2025-11-07,18:00,Odense , Silkeborg,51.0,16.0,33.0,2.01,3.6,3.4,1.0,30.0,70.0,1.65,2.2,1.0,73,27,1.57,2.25,1.0,1,1,PREMATIPS
2025-11-07,18:00,Kolding , Horsens,39.0,23.0,38.0,2.95,2.95,2.4,5.0,53.0,47.0,2.5,1.5,0.0,47,53,2.1,1.67,0.0,1,3,PREMATIPS
2025-11-07,18:00,Duisburg , Waldhof Mannheim,52.0,20.0,28.0,2.05,3.4,3.3,1.0,36.0,64.0,1.7,2.1,1.0,62,38,1.57,2.25,1.0,2,1,PREMATIPS
2025-11-07,18:00,Cusco , Sport Boys,54.0,23.0,23.0,1.3,5.25,8.5,1.0,54.0,46.0,1.6,2.3,0.0,47,53,2.0,1.73,0.0,3,0,PREMATIPS
2025-11-07,18:00,Feirense , Farense,32.0,33.0,35.0,2.7,3.3,2.35,6.0,60.0,40.0,2.3,1.6,0.0,45,55,2.0,1.73,0.0,0,0,PREMATIPS
2025-11-07,18:00,Sabadell , Tarazona,35.0,41.0,24.0,1.67,3.1,5.25,4.0,68.0,32.0,2.75,1.4,0.0,32,68,2.63,1.44,0.0,0,0,PREMATIPS
2025-11-07,18:30,Aubagne Air Bel , Le Puy Foot 43,34.0,50.0,16.0,2.55,3.0,2.5,4.0,58.0,42.0,2.1,1.63,0.0,56,44,1.87,1.82,1.0,1,4,PREMATIPS
2025-11-07,18:30,Bourg Peronnas , Dijon,12.0,47.0,41.0,4.8,3.3,1.63,6.0,58.0,42.0,2.1,1.62,0.0,47,53,2.1,1.65,0.0,1,2,PREMATIPS
2025-11-07,18:30,Caen , Paris 13 Atl.,36.0,36.0,28.0,1.75,3.1,4.33,4.0,54.0,46.0,2.15,1.6,0.0,56,44,2.05,1.68,1.0,0,0,PREMATIPS
2025-11-07,18:30,Concarneau , Orleans,34.0,26.0,40.0,2.75,3.1,2.25,6.0,52.0,48.0,1.95,1.73,0.0,50,50,1.78,1.9,1.0,3,0,PREMATIPS
2025-11-07,18:30,Fleury 91 , Sochaux,32.0,25.0,43.0,2.6,2.95,2.5,6.0,64.0,36.0,2.2,1.6,0.0,41,59,1.9,1.78,0.0,0,0,PREMATIPS
2025-11-07,18:30,Quevilly, Chateauroux,17.0,59.0,24.0,2.2,3.0,2.95,6.0,45.0,55.0,2.25,1.55,1.0,62,38,2.0,1.71,1.0,0,3,PREMATIPS
2025-11-07,18:30,Versailles 78 , Valenciennes,45.0,30.0,25.0,2.1,3.1,3.0,4.0,58.0,42.0,2.1,1.65,0.0,47,53,1.88,1.8,0.0,1,1,PREMATIPS
2025-11-07,18:30,Villefranche , Stade Briochin,58.0,22.0,20.0,2.5,2.95,2.6,1.0,43.0,57.0,2.1,1.63,1.0,53,47,1.85,1.82,1.0,3,1,PREMATIPS
2025-11-07,18:30,Farul Constanta , Botosani,27.0,35.0,38.0,2.2,3.4,3.1,6.0,54.0,46.0,1.98,1.83,0.0,56,44,1.8,1.91,1.0,2,0,PREMATIPS
2025-11-07,18:30,Rapperswil, Wil,69.0,12.0,19.0,2.37,3.25,2.5,1.0,42.0,58.0,1.77,1.93,1.0,58,42,1.65,2.1,1.0,1,2,PREMATIPS
2025-11-07,18:30,Stade Nyonnais , Etoile Carouge,61.0,14.0,25.0,2.55,3.25,2.35,1.0,48.0,52.0,1.78,1.9,1.0,58,42,1.66,2.05,1.0,0,0,PREMATIPS
2025-11-07,19:00,Lommel , Beveren,30.0,15.0,55.0,3.6,3.4,1.9,2.0,42.0,58.0,1.8,2.0,1.0,53,47,1.67,2.1,1.0,2,2,PREMATIPS
2025-11-07,19:00,RFC Liege , Jong KAA Gent,59.0,13.0,28.0,2.2,3.6,2.7,1.0,57.0,43.0,1.67,2.15,0.0,43,57,1.57,2.25,0.0,0,2,PREMATIPS
2025-11-07,19:00,U. de Vinto , SA Bulo Bulo,36.0,32.0,32.0,2.2,3.21,2.9,5.0,48.0,52.0,1.79,1.89,1.0,56,44,1.64,2.11,1.0,5,2,PREMATIPS
2025-11-07,19:00,Bastia , Reims,13.0,39.0,48.0,3.4,3.0,2.2,6.0,61.0,39.0,2.35,1.57,0.0,45,55,2.0,1.73,0.0,1,3,PREMATIPS
2025-11-07,19:00,Clermont Foot , Amiens,30.0,33.0,37.0,1.85,3.4,4.2,6.0,54.0,46.0,2.05,1.75,0.0,52,48,1.83,1.83,1.0,2,1,PREMATIPS
2025-11-07,19:00,Dunkerque , Boulogne,51.0,25.0,24.0,1.66,3.64,5.0,1.0,47.0,53.0,1.94,1.79,1.0,50,50,1.9,1.8,0.0,1,1,PREMATIPS
2025-11-07,19:00,Grenoble Foot , Rodez AF,30.0,40.0,30.0,2.25,3.2,3.2,0.0,57.0,43.0,1.95,1.85,0.0,55,45,1.73,2.0,1.0,2,1,PREMATIPS
2025-11-07,19:00,Montpellier , Annecy,55.0,20.0,25.0,1.8,3.6,4.5,1.0,62.0,38.0,2.15,1.67,0.0,50,50,2.0,1.73,0.0,1,0,PREMATIPS
2025-11-07,19:00,Nancy , Laval,40.0,35.0,25.0,2.1,3.1,3.6,4.0,61.0,39.0,2.4,1.53,0.0,43,57,2.0,1.73,0.0,0,2,PREMATIPS
2025-11-07,19:00,Pr. Niedercorn , Jeunesse Esch,42.0,32.0,26.0,1.53,3.8,4.8,1.0,42.0,58.0,1.55,2.25,1.0,56,44,1.62,2.15,1.0,1,0,PREMATIPS
2025-11-07,19:00,Twente , Telstar,67.0,15.0,18.0,1.36,5.5,7.0,1.0,39.0,61.0,1.44,2.7,1.0,62,38,1.67,2.1,1.0,0,0,PREMATIPS
2025-11-07,19:00,ADO Den Haag , Roda Kerkrade,49.0,14.0,37.0,1.24,5.75,9.5,1.0,33.0,67.0,1.48,2.6,1.0,61,39,1.8,1.91,1.0,4,0,PREMATIPS
2025-11-07,19:00,Almere City , MVV Maastricht,41.0,31.0,28.0,1.39,4.75,6.5,4.0,39.0,61.0,1.48,2.6,1.0,55,45,1.67,2.1,1.0,4,0,PREMATIPS
2025-11-07,19:00,FC Eindhoven , Den Bosch,31.0,11.0,58.0,2.75,3.6,2.25,2.0,39.0,61.0,1.6,2.3,1.0,48,52,1.5,2.5,0.0,1,3,PREMATIPS
2025-11-07,19:00,Jong Ajax , Dordrecht,15.0,35.0,50.0,2.75,3.9,2.15,2.0,42.0,58.0,1.4,2.88,1.0,60,40,1.36,3.0,1.0,0,0,PREMATIPS
2025-11-07,19:00,Jong AZ ,Venlo,37.0,5.0,58.0,1.81,4.0,3.5,2.0,39.0,61.0,1.48,2.6,1.0,53,47,1.44,2.63,1.0,0,2,PREMATIPS
2025-11-07,19:00,Jong Utrecht , Emmen,42.0,23.0,35.0,2.95,3.6,2.15,4.0,42.0,58.0,1.57,2.35,1.0,55,45,1.53,2.38,1.0,1,2,PREMATIPS
2025-11-07,19:00,Vitesse , Cambuur,13.0,25.0,62.0,2.95,3.8,2.05,2.0,36.0,64.0,1.6,2.3,1.0,66,34,1.5,2.5,1.0,0,4,PREMATIPS
2025-11-07,19:00,Willem II , TOP Oss,49.0,30.0,21.0,1.62,4.1,4.5,1.0,39.0,61.0,1.57,2.35,1.0,62,38,1.57,2.25,1.0,1,1,PREMATIPS
2025-11-07,19:15,Neuchatel Xamax ,Sport,32.0,29.0,39.0,2.55,3.4,2.3,6.0,37.0,63.0,1.66,2.05,1.0,63,37,1.58,2.2,1.0,2,2,PREMATIPS
2025-11-07,19:15,Olimpija , Primorje,59.0,18.0,23.0,1.4,4.6,6.25,1.0,38.0,62.0,1.55,2.3,1.0,58,42,1.77,1.93,1.0,2,0,PREMATIPS
2025-11-07,19:30,Admira Wacker , Sankt Polten,28.0,36.0,36.0,2.87,3.2,2.3,6.0,45.0,55.0,1.95,1.73,1.0,56,44,1.78,1.9,1.0,2,1,PREMATIPS
2025-11-07,19:30,Werder Bremen , Wolfsburg,37.0,31.0,32.0,2.15,3.6,3.1,5.0,39.0,61.0,1.57,2.38,1.0,51,49,1.5,2.5,1.0,2,1,PREMATIPS
2025-11-07,19:30,Spezia , Bari,39.0,34.0,27.0,1.86,3.25,4.2,1.0,55.0,45.0,2.4,1.53,0.0,58,42,2.05,1.7,1.0,1,1,PREMATIPS
2025-11-07,19:30,Ascoli , Gubbio,43.0,28.0,29.0,1.9,2.95,3.8,1.0,71.0,29.0,2.45,1.47,0.0,34,66,2.15,1.6,0.0,1,1,PREMATIPS
2025-11-07,19:30,Campobasso , Sambenedettese,38.0,32.0,30.0,2.37,2.95,2.7,4.0,60.0,40.0,2.25,1.57,0.0,48,52,1.95,1.75,0.0,1,1,PREMATIPS
2025-11-07,19:30,Cavese 1919 , Potenza,33.0,23.0,44.0,2.2,3.1,2.9,6.0,47.0,53.0,2.1,1.65,1.0,43,57,1.88,1.8,0.0,3,0,PREMATIPS
2025-11-07,19:30,Zaglebie Lubin , Gornik Zabrze,21.0,39.0,40.0,2.93,3.4,2.23,6.0,40.0,60.0,1.78,1.95,1.0,64,36,1.63,2.14,1.0,2,0,PREMATIPS
2025-11-07,19:30,Znicz Pruszkow , Chrobry Glogow,19.0,24.0,57.0,3.0,3.4,2.2,2.0,41.0,59.0,1.9,1.9,1.0,52,48,1.67,2.1,1.0,0,2,PREMATIPS
2025-11-07,19:30,Mirandes , Sporting Gijon,27.0,15.0,58.0,3.05,3.05,2.3,2.0,52.0,48.0,2.35,1.57,0.0,56,44,2.0,1.73,1.0,2,1,PREMATIPS
2025-11-07,19:30,Miramar Misiones , Racing Club M.,33.0,39.0,28.0,3.25,3.0,2.2,4.0,45.0,55.0,2.15,1.67,1.0,47,53,1.83,1.83,0.0,0,2,PREMATIPS
2025-11-07,19:45,Dender , Zulte Waregem,12.0,33.0,55.0,2.5,3.5,2.63,2.0,58.0,42.0,1.75,2.05,0.0,53,47,1.62,2.2,1.0,2,2,PREMATIPS
2025-11-07,19:45,Paris FC , Rennes,25.0,45.0,30.0,2.15,3.6,3.2,6.0,38.0,62.0,1.73,2.1,1.0,64,36,1.67,2.1,1.0,0,1,PREMATIPS
2025-11-07,19:45,Bray Wanderers , Waterford,31.0,32.0,37.0,3.2,3.3,2.1,6.0,51.0,49.0,1.85,1.83,0.0,53,47,1.72,1.98,1.0,1,2,PREMATIPS
2025-11-07,19:45,Pisa , Cremonese,15.0,50.0,35.0,2.25,3.1,3.4,6.0,60.0,40.0,2.38,1.57,0.0,52,48,1.95,1.8,1.0,1,0,PREMATIPS
2025-11-07,19:45,Larne , Portadown,63.0,9.0,28.0,1.42,4.2,6.5,1.0,57.0,43.0,1.82,1.87,0.0,36,64,2.05,1.65,0.0,3,0,PREMATIPS
2025-11-07,19:45,Airdrieonians , Partick Thistle,14.0,31.0,55.0,4.75,3.8,1.65,2.0,53.0,47.0,1.98,1.83,0.0,52,48,2.0,1.73,1.0,1,1,PREMATIPS
2025-11-07,19:45,Briton Ferry , Bala Town,32.0,19.0,49.0,2.7,3.2,2.25,2.0,51.0,49.0,1.75,1.93,0.0,44,56,1.65,2.1,0.0,2,0,PREMATIPS
2025-11-07,19:45,TNS , Cardiff Met,52.0,28.0,20.0,1.14,7.5,12.0,1.0,35.0,65.0,1.32,3.1,1.0,51,49,1.95,1.73,1.0,2,3,PREMATIPS
2025-11-07,20:00,Watford , Bristol City,39.0,27.0,34.0,2.05,3.5,3.3,5.0,49.0,51.0,2.03,1.83,1.0,58,42,1.8,1.91,1.0,1,1,PREMATIPS
2025-11-07,20:00,Europa FC , Lions Gibraltar,40.0,9.0,51.0,1.58,4.75,3.6,2.0,39.0,61.0,1.34,2.95,1.0,54,46,1.44,2.55,1.0,3,2,PREMATIPS
2025-11-07,20:00,Elche , Real Sociedad,40.0,39.0,21.0,2.75,3.2,2.7,4.0,53.0,47.0,2.2,1.67,0.0,64,36,1.91,1.91,1.0,1,1,PREMATIPS
2025-11-07,20:15,Sp. Cristal , Cienciano,43.0,21.0,36.0,1.53,4.0,5.75,4.0,49.0,51.0,1.62,2.25,1.0,45,55,1.73,2.0,0.0,2,1,PREMATIPS
2025-11-07,20:15,Estoril Praia , Arouca,39.0,33.0,28.0,1.96,3.6,3.5,1.0,46.0,54.0,1.95,1.9,1.0,50,50,1.8,1.95,1.0,4,3,PREMATIPS
2025-11-07,20:15,Atl. Madrid B , Eldense,33.0,46.0,21.0,1.8,3.0,4.33,1.0,62.0,38.0,2.35,1.57,0.0,45,55,2.1,1.67,0.0,1,1,PREMATIPS
2025-11-07,20:30,Envigado , Millonarios,28.0,33.0,39.0,4.5,3.4,1.8,2.0,61.0,39.0,2.15,1.67,0.0,48,52,2.0,1.73,0.0,1,1,PREMATIPS
2025-11-07,21:30,Recoleta , Sp. Luqueno,46.0,27.0,27.0,2.2,3.4,2.9,5.0,55.0,45.0,1.9,1.9,0.0,52,48,1.73,2.0,1.0,2,3,PREMATIPS
2025-11-07,22:00,Athletic Club MG , Ferroviaria SP,32.0,36.0,32.0,1.81,3.4,4.33,0.0,53.0,47.0,2.1,1.7,0.0,55,45,1.91,1.8,1.0,2,1,PREMATIPS
2025-11-07,22:30,Cerro Largo Melo , Liverpool M.,38.0,27.0,35.0,2.75,3.1,2.45,5.0,57.0,43.0,2.05,1.75,0.0,49,51,1.73,2.0,0.0,2,0,PREMATIPS
2025-11-07,23:00,Guabira Montero , Real Tomayapo,44.0,32.0,24.0,1.46,4.4,5.0,1.0,43.0,57.0,1.42,2.65,1.0,52,48,1.55,2.3,1.0,2,2,PREMATIPS
2025-11-07,23:00,Union La Calera , Dep. Iquique,55.0,26.0,19.0,2.05,3.5,3.3,1.0,51.0,49.0,2.03,1.78,0.0,49,51,1.83,1.83,0.0,1,2,PREMATIPS
2025-11-08,00:00,Rosario Central , San Lorenzo,33.0,43.0,24.0,2.05,2.82,4.5,4.0,70.0,30.0,3.6,1.29,0.0,42,58,2.75,1.4,0.0,0,0,PREMATIPS
2025-11-08,00:00,Dep. Cuenca , Macara Ambato,39.0,33.0,28.0,2.1,2.95,3.8,1.0,59.0,41.0,2.35,1.57,0.0,46,54,2.0,1.73,0.0,0,2,PREMATIPS
2025-11-08,00:00,Charlotte FC , New York City,35.0,32.0,33.0,2.45,3.5,2.7,5.0,49.0,51.0,1.88,1.93,1.0,56,44,1.7,2.05,1.0,1,3,PREMATIPS
2025-11-08,00:30,Cuiaba MT , Goias GO,34.0,26.0,40.0,2.15,3.25,3.3,6.0,61.0,39.0,2.2,1.65,0.0,50,50,1.91,1.8,0.0,0,1,PREMATIPS
2025-11-08,01:00,Juarez , Queretaro,49.0,25.0,26.0,1.53,3.8,6.25,1.0,47.0,53.0,1.9,1.9,1.0,56,44,1.95,1.8,1.0,1,2,PREMATIPS
2025-11-08,01:00,Alebrijes Oaxaca , Correcaminos,34.0,32.0,34.0,1.44,4.33,5.25,5.0,43.0,57.0,1.55,2.3,1.0,62,38,1.71,2.0,1.0,1,1,PREMATIPS
2025-11-08,01:00,Zacatecas , Irapuato,31.0,40.0,29.0,2.1,3.3,2.85,4.0,38.0,62.0,1.78,1.9,1.0,54,46,1.68,2.0,1.0,2,2,PREMATIPS
2025-11-08,01:20,Deportes Tolima , Llaneros FC,47.0,23.0,30.0,1.57,3.6,6.25,1.0,59.0,41.0,2.08,1.73,0.0,36,64,2.1,1.67,0.0,3,1,PREMATIPS
2025-11-08,02:00,Auckland City , Auckland United,39.0,46.0,15.0,1.77,3.75,3.4,4.0,36.0,64.0,1.42,2.6,1.0,52,48,1.44,2.55,1.0,4,2,PREMATIPS
2025-11-08,02:00,Un. de Deportes , Dep. Garcilaso,46.0,25.0,29.0,1.13,8.0,17.0,1.0,53.0,47.0,1.48,2.6,0.0,53,47,2.5,1.5,1.0,0,0,PREMATIPS
2025-11-08,03:00,Club Tijuana , Atlas,40.0,36.0,24.0,1.66,3.9,4.75,4.0,44.0,56.0,1.6,2.3,1.0,56,44,1.57,2.25,1.0,2,0,PREMATIPS
2025-11-08,03:00,Mazatlan , Necaxa,32.0,36.0,32.0,3.3,3.5,2.1,0.0,42.0,58.0,1.65,2.2,1.0,65,35,1.53,2.38,1.0,1,1,PREMATIPS
2025-11-08,03:00,Atletico La Paz , Atlante,28.0,27.0,45.0,3.6,3.6,1.77,6.0,38.0,62.0,1.55,2.25,1.0,57,43,1.55,2.25,1.0,0,6,PREMATIPS
2025-11-08,05:00,Kashima Antlers , Yokohama FC,58.0,24.0,18.0,1.62,3.6,5.5,1.0,61.0,39.0,2.15,1.67,0.0,42,58,2.05,1.7,0.0,2,1,PREMATIPS
2025-11-08,05:00,Tokyo Verdy , Avispa Fukuoka,44.0,22.0,34.0,2.7,2.95,2.7,4.0,65.0,35.0,3.1,1.36,0.0,35,65,2.38,1.53,0.0,0,0,PREMATIPS
2025-11-08,05:00,Consadole Sap. , Oita Trinita,42.0,26.0,32.0,2.15,2.95,3.5,4.0,55.0,45.0,2.4,1.53,0.0,49,51,2.0,1.73,0.0,3,1,PREMATIPS
2025-11-08,05:00,Daegu , Gwangju,34.0,31.0,35.0,2.6,3.5,2.6,5.0,51.0,49.0,1.9,1.9,0.0,54,46,1.73,2.0,1.0,1,0,PREMATIPS
2025-11-08,05:00,Jeju SK , Anyang,35.0,31.0,34.0,2.4,3.4,2.88,5.0,49.0,51.0,1.83,1.98,1.0,56,44,1.67,2.1,1.0,1,2,PREMATIPS
2025-11-08,05:00,Hwaseong FC , Gyeongnam,42.0,27.0,31.0,2.15,3.25,3.1,4.0,58.0,42.0,1.93,1.88,0.0,49,51,1.67,2.1,0.0,0,1,PREMATIPS
2025-11-08,05:00,Jeonnam Dragons , Incheon Utd,31.0,24.0,45.0,2.8,3.25,2.35,2.0,51.0,49.0,1.98,1.83,0.0,51,49,1.73,2.0,1.0,2,1,PREMATIPS
2025-11-08,05:30,Ehime ,Varen Nagasaki,15.0,30.0,55.0,5.75,4.5,1.37,2.0,52.0,48.0,1.57,2.35,0.0,59,41,1.8,1.91,1.0,0,4,PREMATIPS
2025-11-08,06:00,Wellington Ph. , Auckland FC,23.0,49.0,28.0,4.33,3.75,1.71,6.0,52.0,48.0,1.88,1.98,0.0,62,38,1.8,1.95,1.0,1,2,PREMATIPS
2025-11-08,06:00,Kawasaki Front. , Fagiano Okayama,46.0,28.0,26.0,1.57,4.33,4.75,4.0,53.0,47.0,1.6,2.3,0.0,50,50,1.67,2.1,1.0,1,1,PREMATIPS
2025-11-08,06:00,Shonan Bellmare , Albirex Niigata,42.0,25.0,33.0,2.82,3.3,2.35,4.0,54.0,46.0,1.9,1.9,0.0,49,51,1.7,2.05,0.0,5,2,PREMATIPS
2025-11-08,07:00,Kashiwa Reysol , Nagoya Grampus,49.0,31.0,20.0,1.56,4.0,5.25,1.0,52.0,48.0,1.85,1.95,0.0,52,48,1.91,1.91,1.0,1,0,PREMATIPS
2025-11-08,07:30,Gimcheon Sangmu , Gangwon,37.0,31.0,32.0,2.3,3.4,2.9,5.0,49.0,51.0,1.85,1.95,1.0,55,45,1.67,2.1,1.0,0,1,PREMATIPS
2025-11-08,07:30,Jeonbuk Motors , Daejeon Citizen,38.0,30.0,32.0,2.15,3.6,3.2,5.0,43.0,57.0,1.67,2.15,1.0,60,40,1.57,2.25,1.0,3,1,PREMATIPS
2025-11-08,07:30,Busan I'Park , Chungnam Asan,37.0,36.0,27.0,1.9,3.4,3.75,4.0,59.0,41.0,1.95,1.85,0.0,49,51,1.8,1.91,0.0,0,3,PREMATIPS
2025-11-08,07:30,Cheonan City , Seongnam,24.0,30.0,46.0,4.2,3.5,1.73,6.0,56.0,44.0,1.95,1.85,0.0,45,55,1.83,1.83,0.0,1,3,PREMATIPS
2025-11-08,08:30,Arema Malang , Persija Jakarta,38.0,9.0,53.0,3.6,3.4,1.82,2.0,37.0,63.0,1.72,1.98,1.0,69,31,1.68,2.05,1.0,1,2,PREMATIPS
2025-11-08,08:35,Melbourne Victory , Melbourne City,7.0,82.0,11.0,2.75,3.6,2.3,6.0,63.0,37.0,1.85,2.0,0.0,40,60,1.7,2.05,0.0,0,2,PREMATIPS
2025-11-08,09:15,Chrudim , Prostejov,41.0,20.0,39.0,2.05,3.2,3.1,5.0,44.0,56.0,1.95,1.85,1.0,56,44,1.73,2.0,1.0,2,2,PREMATIPS
2025-11-08,10:00,Naftan , Slutsk,51.0,23.0,26.0,1.9,3.25,3.4,1.0,49.0,51.0,2.05,1.66,1.0,39,61,1.93,1.77,0.0,1,2,PREMATIPS
2025-11-08,10:00,Lokomotiv Sofia , Botev Vratsa,24.0,48.0,28.0,1.68,3.6,5.0,6.0,63.0,37.0,2.05,1.75,0.0,45,55,1.91,1.8,0.0,0,1,PREMATIPS
2025-11-08,10:30,Harju JK Laagri , FCI Levadia,26.0,11.0,63.0,17.0,8.0,1.1,2.0,24.0,76.0,1.29,3.25,1.0,58,42,2.05,1.66,1.0,2,2,PREMATIPS
2025-11-08,10:30,Nomme Kalju , Paide,48.0,9.0,43.0,2.25,3.5,2.55,1.0,40.0,60.0,1.47,2.5,1.0,50,50,1.44,2.55,1.0,1,1,PREMATIPS
2025-11-08,10:30,Parnu Vaprus , Flora Tallinn,27.0,22.0,51.0,8.5,5.75,1.23,2.0,30.0,70.0,1.43,2.6,1.0,56,44,1.85,1.83,1.0,0,3,PREMATIPS
2025-11-08,10:30,Tallinna Kalev , Kuressaare,39.0,9.0,52.0,4.1,3.9,1.62,2.0,35.0,65.0,1.57,2.25,1.0,52,48,1.62,2.15,1.0,2,1,PREMATIPS
2025-11-08,10:30,Tartu Tammeka , Narva Trans,29.0,13.0,58.0,3.1,3.7,1.88,2.0,31.0,69.0,1.47,2.45,1.0,56,44,1.47,2.45,1.0,2,0,PREMATIPS
2025-11-08,10:30,Bandirmaspor , Boluspor,19.0,58.0,23.0,2.4,3.4,2.8,6.0,52.0,48.0,1.9,1.9,0.0,60,40,1.73,2.0,1.0,1,0,PREMATIPS
2025-11-08,10:30,Sivasspor , Manisa,34.0,44.0,22.0,1.5,4.2,6.0,4.0,52.0,48.0,1.7,2.1,0.0,51,49,1.83,1.83,1.0,3,2,PREMATIPS
2025-11-08,11:00,Alashkert , BKMA,59.0,26.0,15.0,1.37,4.33,6.5,1.0,42.0,58.0,1.63,2.1,1.0,57,43,1.9,1.78,1.0,2,0,PREMATIPS
2025-11-08,11:00,Dacia Buiucani , Milsami Orhei,22.0,34.0,44.0,5.14,4.02,1.46,2.0,49.0,51.0,1.68,1.9,1.0,45,55,1.83,1.84,0.0,0,2,PREMATIPS
2025-11-08,11:00,Penafiel , Sporting CP B,33.0,16.0,51.0,3.25,3.3,2.05,2.0,53.0,47.0,2.08,1.73,0.0,37,63,1.83,1.83,0.0,1,1,PREMATIPS
2025-11-08,11:00,Dynamo Moscow , Akron Tolyatti,37.0,32.0,31.0,1.4,5.19,7.55,4.0,52.0,48.0,1.46,2.62,0.0,59,41,1.7,2.1,1.0,1,2,PREMATIPS
2025-11-08,11:00,Sukhothai , Kanchanaburi,51.0,29.0,20.0,2.3,3.3,2.6,1.0,64.0,36.0,1.75,1.95,0.0,52,48,1.65,2.1,1.0,1,1,PREMATIPS
2025-11-08,11:00,Metalist 1925 , Zorya Luhansk,38.0,34.0,28.0,2.0,3.2,3.75,4.0,68.0,32.0,2.25,1.55,0.0,46,54,2.05,1.68,0.0,1,3,PREMATIPS
2025-11-08,11:00,Metalist Kharkov , Chornomorets Od,16.0,37.0,47.0,4.4,3.25,1.7,2.0,65.0,35.0,2.15,1.61,0.0,42,58,2.05,1.66,0.0,1,1,PREMATIPS
2025-11-08,11:00,Kokand , Pakhtakor,23.0,26.0,51.0,6.75,4.6,1.35,2.0,51.0,49.0,1.55,2.25,0.0,40,60,1.8,1.88,0.0,0,0,PREMATIPS
2025-11-08,11:00,PVF, Viettel,11.0,53.0,36.0,4.2,3.3,1.72,6.0,49.0,51.0,2.15,1.62,1.0,62,38,2.05,1.68,1.0,2,2,PREMATIPS
2025-11-08,11:30,Chiangrai Utd , Nakhon Ratch.,52.0,25.0,23.0,1.87,3.25,3.6,1.0,64.0,36.0,2.0,1.71,0.0,59,41,1.88,1.8,1.0,2,0,PREMATIPS
2025-11-08,11:30,Gaziantep , Caykur Rizespor,41.0,37.0,22.0,2.1,3.5,3.2,4.0,48.0,52.0,1.83,1.98,1.0,51,49,1.67,2.1,1.0,2,2,PREMATIPS
2025-11-08,11:44,Araz, Karvan Yevlakh,59.0,27.0,14.0,1.41,4.0,6.5,1.0,45.0,55.0,1.98,1.72,1.0,54,46,2.25,1.55,1.0,2,1,PREMATIPS
2025-11-08,11:45,Ujpest , Gyori ETO,26.0,41.0,33.0,2.88,4.0,2.15,6.0,48.0,52.0,1.6,2.3,1.0,69,31,1.53,2.38,1.0,0,3,PREMATIPS
2025-11-08,12:00,FC Minsk , Neman Grodno,45.0,18.0,37.0,2.87,3.1,2.2,4.0,48.0,52.0,2.05,1.66,1.0,50,50,1.87,1.82,0.0,1,4,PREMATIPS
2025-11-08,12:00,Arm. Bielefeld , Karlsruher,29.0,28.0,43.0,2.2,3.6,3.0,6.0,39.0,61.0,1.53,2.4,1.0,61,39,1.44,2.63,1.0,4,0,PREMATIPS
2025-11-08,12:00,Hannover 96 , Darmstadt 98,49.0,17.0,34.0,2.0,3.5,3.5,1.0,39.0,61.0,1.62,2.25,1.0,52,48,1.53,2.38,1.0,2,3,PREMATIPS
2025-11-08,12:00,Schalke 04 , Elversberg,52.0,5.0,43.0,2.5,3.25,2.75,1.0,48.0,52.0,1.75,2.05,1.0,43,57,1.57,2.25,0.0,1,0,PREMATIPS
2025-11-08,12:00,Ast. Tripolis B , Kavala,54.0,20.0,26.0,1.53,3.5,5.5,1.0,58.0,42.0,2.05,1.68,0.0,53,47,2.1,1.63,1.0,1,0,PREMATIPS
2025-11-08,12:00,Iraklis , PAS Giannina,54.0,28.0,18.0,1.31,4.6,7.75,1.0,54.0,46.0,1.71,1.98,0.0,49,51,2.1,1.63,0.0,4,0,PREMATIPS
2025-11-08,12:00,Persis Solo , PSIM Yogyakarta,16.0,24.0,60.0,2.6,3.2,2.35,2.0,47.0,53.0,1.9,1.77,1.0,56,44,1.75,1.93,1.0,2,2,PREMATIPS
2025-11-08,12:00,Nairobi United , Kariobangi Sharks,62.0,20.0,18.0,2.46,2.81,2.73,1.0,60.0,40.0,2.75,1.3,0.0,35,65,2.29,1.54,0.0,4,2,PREMATIPS
2025-11-08,12:00,Llapi , Prishtina e Re,45.0,31.0,24.0,1.73,3.33,4.24,4.0,54.0,46.0,2.12,1.63,0.0,44,56,2.06,1.77,0.0,1,1,PREMATIPS
2025-11-08,12:00,Bashkimi , Rabotnicki Skopje,49.0,39.0,12.0,1.72,3.51,3.93,1.0,48.0,52.0,1.79,1.8,1.0,57,43,1.78,1.89,1.0,2,1,PREMATIPS
2025-11-08,12:00,Struga Trim, Arsimi Cegrane,53.0,25.0,22.0,1.58,4.02,4.12,1.0,37.0,63.0,1.44,2.31,1.0,59,41,1.41,2.58,1.0,4,0,PREMATIPS
2025-11-08,12:00,Arsenal Tula , Chayka Pesch.,35.0,45.0,20.0,1.39,4.36,8.32,4.0,48.0,52.0,1.99,1.78,1.0,57,43,2.26,1.55,1.0,1,0,PREMATIPS
2025-11-08,12:00,Banik Lehota , Tatran LM,27.0,25.0,48.0,2.87,3.3,2.1,6.0,37.0,63.0,1.7,2.0,1.0,70,30,1.61,2.15,1.0,2,2,PREMATIPS
2025-11-08,12:00,Povazska Bystrica , Petrzalka,32.0,28.0,40.0,1.93,3.5,3.2,6.0,52.0,48.0,1.57,2.25,0.0,56,44,1.53,2.3,1.0,2,1,PREMATIPS
2025-11-08,12:00,Stara Lubovna , Zvolen,27.0,33.0,40.0,2.6,3.1,2.35,6.0,52.0,48.0,1.8,1.88,0.0,59,41,1.66,2.05,1.0,1,2,PREMATIPS
2025-11-08,12:00,Uthai Thani , Muangthong Utd,19.0,50.0,31.0,2.7,3.4,2.15,6.0,54.0,46.0,1.63,2.1,0.0,66,34,1.57,2.25,1.0,3,1,PREMATIPS
2025-11-08,12:00,Bukovyna , Met. Zaporizhya,78.0,14.0,8.0,1.07,9.75,21.0,1.0,51.0,49.0,1.38,2.75,0.0,39,61,2.85,1.37,0.0,3,0,PREMATIPS
2025-11-08,12:00,Bunyodkor , Din. Samarqand,33.0,35.0,32.0,3.25,3.25,1.98,4.0,49.0,51.0,1.82,1.87,1.0,56,44,1.7,2.0,1.0,1,3,PREMATIPS
2025-11-08,12:30,Sloga Doboj , Siroki Brijeg,28.0,32.0,40.0,2.15,3.0,3.0,6.0,65.0,35.0,2.3,1.53,0.0,42,58,2.0,1.68,0.0,0,0,PREMATIPS
2025-11-08,12:30,Belasitsa Petrich , Sevlievo,25.0,31.0,44.0,1.99,2.89,3.53,6.0,66.0,34.0,2.26,1.47,0.0,36,64,2.05,1.66,0.0,1,0,PREMATIPS
2025-11-08,12:30,Chernom. Burgas , Marek Dupnitsa,31.0,41.0,28.0,1.63,3.21,4.71,4.0,69.0,31.0,2.08,1.58,0.0,52,48,2.02,1.66,1.0,3,0,PREMATIPS
2025-11-08,12:30,Hebar , Etar V. Tarnovo,32.0,40.0,28.0,1.92,3.13,3.34,4.0,57.0,43.0,1.88,1.7,0.0,54,46,1.76,1.88,1.0,2,0,PREMATIPS
2025-11-08,12:30,Lokomotiv GO , Ludogorets II,53.0,19.0,28.0,1.89,3.06,3.6,1.0,55.0,45.0,2.1,1.56,0.0,53,47,1.94,1.76,1.0,0,1,PREMATIPS
2025-11-08,12:30,Pirin Blagoevgrad , Sportist Svoge,58.0,20.0,22.0,1.57,3.42,4.82,1.0,51.0,49.0,1.89,1.71,0.0,57,43,1.93,1.77,1.0,0,0,PREMATIPS
2025-11-08,12:30,Tottenham , Manchester Utd,38.0,27.0,35.0,2.8,3.5,2.45,5.0,39.0,61.0,1.67,2.2,1.0,53,47,1.57,2.25,1.0,2,2,PREMATIPS
2025-11-08,12:30,Blackburn Rovers , Derby County,31.0,25.0,44.0,1.91,3.5,3.8,6.0,58.0,42.0,2.1,1.73,0.0,52,48,1.83,1.83,1.0,1,2,PREMATIPS
2025-11-08,12:30,Hull City , Portsmouth,47.0,38.0,15.0,1.91,3.5,3.6,1.0,49.0,51.0,1.95,1.9,1.0,56,44,1.8,1.91,1.0,3,2,PREMATIPS
2025-11-08,12:30,Millwall , Preston North End,42.0,21.0,37.0,2.1,3.25,3.3,5.0,54.0,46.0,2.3,1.62,0.0,46,54,2.0,1.73,0.0,1,1,PREMATIPS
2025-11-08,12:30,Northampton Town , Mansfield Town,33.0,22.0,45.0,3.2,3.25,2.15,2.0,65.0,35.0,2.25,1.62,0.0,47,53,1.95,1.8,0.0,2,1,PREMATIPS
2025-11-08,12:30,Wycombe , Leyton Orient,40.0,18.0,42.0,1.81,3.6,3.9,5.0,50.0,50.0,1.88,1.98,1.0,51,49,1.75,2.0,1.0,4,1,PREMATIPS
2025-11-08,12:30,Colchester Utd , Bromley,34.0,37.0,29.0,2.1,3.3,3.25,4.0,53.0,47.0,1.93,1.93,0.0,61,39,1.67,2.1,1.0,0,2,PREMATIPS
2025-11-08,12:30,Crewe Alexandra , Shrewsbury Town,60.0,17.0,23.0,1.96,3.05,4.0,1.0,49.0,51.0,2.2,1.65,1.0,51,49,1.91,1.8,1.0,3,1,PREMATIPS
2025-11-08,12:30,Aldershot Town , Forest Green R.,29.0,31.0,40.0,4.1,3.75,1.7,2.0,43.0,57.0,1.6,2.3,1.0,57,43,1.57,2.25,1.0,2,3,PREMATIPS
2025-11-08,12:30,Kamuzu Barracks , Karonga United,38.0,27.0,35.0,2.15,2.81,3.18,5.0,63.0,37.0,2.67,1.39,0.0,29,71,2.19,1.6,0.0,1,0,PREMATIPS
2025-11-08,12:30,Mzuzu Hammers , Moyale Barracks,35.0,25.0,40.0,2.7,2.8,2.5,5.0,68.0,32.0,2.55,1.44,0.0,40,60,2.15,1.62,0.0,2,2,PREMATIPS
2025-11-08,12:30,Petrolul , Otelul Galati,25.0,30.0,45.0,3.0,3.0,2.55,6.0,61.0,39.0,2.5,1.5,0.0,44,56,2.1,1.67,0.0,0,0,PREMATIPS
2025-11-08,13:00,KF Tirana , Vora FK,22.0,30.0,48.0,1.91,3.03,3.72,6.0,64.0,36.0,2.14,1.55,0.0,42,58,1.97,1.74,0.0,0,2,PREMATIPS
2025-11-08,13:00,Levski Sofia , CSKA Sofia,41.0,35.0,24.0,2.01,3.3,3.6,1.0,54.0,46.0,2.35,1.57,0.0,50,50,2.0,1.73,0.0,0,1,PREMATIPS
2025-11-08,13:00,HS Kromeriz , Banik Ostrava B,23.0,19.0,58.0,2.5,3.3,2.4,2.0,40.0,60.0,1.8,2.0,1.0,49,51,1.67,2.1,0.0,0,2,PREMATIPS
2025-11-08,13:00,B.93 Copenhagen , Lyngby,28.0,25.0,47.0,3.7,4.0,1.76,6.0,37.0,63.0,1.53,2.4,1.0,63,37,1.5,2.5,1.0,0,3,PREMATIPS
2025-11-08,13:00,Guingamp , Pau,33.0,37.0,30.0,2.1,3.5,3.2,4.0,46.0,54.0,1.9,1.9,1.0,50,50,1.73,2.0,1.0,2,2,PREMATIPS
2025-11-08,13:00,Le Mans , Red Star Paris,30.0,20.0,50.0,2.25,3.2,3.3,2.0,54.0,46.0,2.3,1.6,0.0,50,50,2.0,1.73,0.0,0,0,PREMATIPS
2025-11-08,13:00,Energie Cottbus , Osnabruck,38.0,32.0,30.0,2.15,3.4,3.0,4.0,38.0,62.0,1.67,2.15,1.0,57,43,1.57,2.25,1.0,0,1,PREMATIPS
2025-11-08,13:00,Ingolstadt ,Weiss Essen,21.0,45.0,34.0,2.6,3.5,2.38,6.0,38.0,62.0,1.48,2.6,1.0,78,22,1.4,2.75,1.0,1,2,PREMATIPS
2025-11-08,13:00,Schweinfurt 05 , Hoffenheim II,11.0,6.0,83.0,4.5,3.9,1.65,2.0,33.0,67.0,1.5,2.5,1.0,62,38,1.5,2.5,1.0,2,1,PREMATIPS
2025-11-08,13:00,Ulm 1846 , Hansa Rostock,28.0,32.0,40.0,3.2,3.4,2.1,6.0,33.0,67.0,1.67,2.15,1.0,68,32,1.57,2.25,1.0,0,5,PREMATIPS
2025-11-08,13:00,Verl , Erzgebirge Aue,52.0,27.0,21.0,1.73,3.7,4.2,1.0,33.0,67.0,1.5,2.5,1.0,68,32,1.5,2.5,1.0,1,1,PREMATIPS
2025-11-08,13:00,Chania , Panionios,28.0,34.0,38.0,4.0,2.85,1.93,2.0,70.0,30.0,2.5,1.46,0.0,53,47,2.2,1.58,1.0,0,2,PREMATIPS
2025-11-08,13:00,Egaleo , Olympiacos B,31.0,33.0,36.0,3.09,2.97,2.21,6.0,62.0,38.0,2.24,1.52,0.0,53,47,1.96,1.71,1.0,-,-,PREMATIPS
2025-11-08,13:00,Hapoel Jerusalem , Hapoel Tel Aviv,14.0,25.0,61.0,4.1,4.0,1.73,2.0,36.0,64.0,1.73,2.08,1.0,60,40,1.73,2.0,1.0,0,0,PREMATIPS
2025-11-08,13:00,Dainava Alytus , Riteriai,29.0,22.0,49.0,2.3,3.3,2.55,2.0,44.0,56.0,1.75,1.93,1.0,52,48,1.62,2.16,1.0,1,1,PREMATIPS
2025-11-08,13:00,Hegelmann , Suduva,38.0,29.0,33.0,1.9,3.25,3.5,5.0,50.0,50.0,1.87,1.8,0.0,48,52,1.76,1.95,0.0,2,1,PREMATIPS
2025-11-08,13:00,Kauno Zalgiris , Banga Gargzdai,52.0,22.0,26.0,1.42,4.2,5.75,1.0,52.0,48.0,1.7,2.0,0.0,45,55,1.86,1.83,0.0,0,0,PREMATIPS
2025-11-08,13:00,Panevezys , Zalgiris,30.0,23.0,47.0,4.0,3.6,1.7,6.0,48.0,52.0,1.68,2.05,1.0,54,46,1.65,2.1,1.0,3,1,PREMATIPS
2025-11-08,13:00,Siauliai , Dziugas Telsiai,45.0,20.0,35.0,1.77,3.6,3.6,4.0,49.0,51.0,1.65,2.1,1.0,50,50,1.61,2.17,1.0,2,2,PREMATIPS
2025-11-08,13:00,Petrocub , Sheriff Tiraspol,31.0,33.0,36.0,2.1,2.87,3.31,6.0,60.0,40.0,2.22,1.48,0.0,47,53,1.96,1.73,0.0,4,2,PREMATIPS
2025-11-08,13:00,Sarpsborg 08 , Fredrikstad,32.0,33.0,35.0,2.1,3.6,3.2,6.0,43.0,57.0,1.57,2.35,1.0,59,41,1.5,2.5,1.0,0,2,PREMATIPS
2025-11-08,13:00,Rodina Moscow , Neftekhimik,39.0,39.0,22.0,1.65,3.69,5.15,4.0,64.0,36.0,2.14,1.67,0.0,51,49,2.05,1.67,1.0,1,1,PREMATIPS
2025-11-08,13:00,Richards Bay , Orlando Pirates,24.0,35.0,41.0,5.0,3.1,1.66,2.0,66.0,34.0,2.65,1.42,0.0,37,63,2.5,1.46,0.0,0,1,PREMATIPS
2025-11-08,13:00,Girona , Alaves,22.0,28.0,50.0,2.25,3.3,3.3,2.0,50.0,50.0,2.2,1.67,0.0,58,42,1.95,1.8,1.0,1,0,PREMATIPS
2025-11-08,13:00,Real Sociedad B , Leganes,22.0,51.0,27.0,3.3,3.05,2.2,6.0,60.0,40.0,2.35,1.57,0.0,48,52,2.0,1.73,0.0,2,1,PREMATIPS
2025-11-08,13:00,Teruel , Cartagena,27.0,52.0,21.0,2.2,2.7,3.5,4.0,69.0,31.0,3.0,1.36,0.0,35,65,2.5,1.5,0.0,1,2,PREMATIPS
2025-11-08,13:00,Radnik Surdulica , OFK Belgrade,33.0,18.0,49.0,2.2,3.25,2.75,2.0,53.0,47.0,1.87,1.82,0.0,55,45,1.73,1.95,1.0,1,0,PREMATIPS
2025-11-08,13:00,Sakaryaspor , Serik,39.0,27.0,34.0,1.6,4.1,5.0,5.0,41.0,59.0,1.8,2.0,1.0,57,43,1.83,1.83,1.0,2,3,PREMATIPS
2025-11-08,13:00,FC Chernihiv , Ahrobiznes,31.0,33.0,36.0,2.65,2.95,2.45,6.0,64.0,36.0,2.35,1.51,0.0,34,66,2.05,1.68,0.0,0,2,PREMATIPS
2025-11-08,13:00,Viktoriya Sumy , FSC Mariupol,53.0,27.0,20.0,1.9,3.0,3.75,1.0,66.0,34.0,2.15,1.6,0.0,36,64,1.95,1.73,0.0,1,2,PREMATIPS
2025-11-08,13:00,MUZА , ZESCO United,52.0,22.0,26.0,3.31,2.62,2.25,1.0,73.0,27.0,2.65,1.29,0.0,22,78,2.12,1.46,0.0,0,0,PREMATIPS
2025-11-08,13:00,Nkana , Power Dynamos,11.0,43.0,46.0,3.75,2.55,2.15,6.0,78.0,22.0,3.5,1.25,0.0,23,77,2.8,1.38,0.0,1,1,PREMATIPS
2025-11-08,13:00,Nkwazi , Mines United,44.0,37.0,19.0,1.5,3.5,6.25,1.0,73.0,27.0,2.45,1.49,0.0,44,56,2.6,1.43,0.0,2,1,PREMATIPS
2025-11-08,13:00,Prison Leopards , NAPSA Stars,17.0,55.0,28.0,2.6,2.65,2.75,6.0,79.0,21.0,2.8,1.38,0.0,43,57,2.3,1.55,0.0,2,0,PREMATIPS
2025-11-08,13:15,Nasaf Qarshi , Mash'al Mubarek,61.0,23.0,16.0,1.27,5.25,7.75,1.0,51.0,49.0,1.6,2.15,0.0,43,57,2.05,1.66,0.0,1,2,PREMATIPS
2025-11-08,13:20,Budaiya Club ,Najma Manama,30.0,56.0,14.0,2.25,3.2,2.7,4.0,47.0,53.0,1.87,1.82,1.0,58,42,1.73,1.98,1.0,1,1,PREMATIPS
2025-11-08,13:30,CR Belouizdad , USM Alger,34.0,35.0,31.0,1.88,2.95,4.0,4.0,79.0,21.0,2.35,1.51,0.0,53,47,2.1,1.63,1.0,0,0,PREMATIPS
2025-11-08,13:30,USM Khenchela , ES Mostaganem,40.0,39.0,21.0,1.98,2.75,3.9,4.0,88.0,12.0,2.87,1.36,0.0,39,61,2.4,1.5,0.0,1,0,PREMATIPS
2025-11-08,13:30,Austria Salzburg , Sturm Graz II,55.0,29.0,16.0,2.0,3.7,3.1,1.0,36.0,64.0,1.58,2.2,1.0,59,41,1.55,2.25,1.0,1,2,PREMATIPS
2025-11-08,13:30,Rapid Wien II , A. Klagenfurt,27.0,26.0,47.0,3.6,3.5,1.87,6.0,50.0,50.0,1.73,1.95,1.0,54,46,1.68,2.05,1.0,2,1,PREMATIPS
2025-11-08,13:30,SW Bregenz , A. Lustenau,7.0,54.0,39.0,4.1,3.75,1.71,6.0,50.0,50.0,1.68,2.05,1.0,62,38,1.7,2.0,1.0,1,2,PREMATIPS
2025-11-08,13:30,ArzignanoChiampo , Pergolettese,19.0,49.0,32.0,2.2,2.87,3.1,6.0,47.0,53.0,2.4,1.49,1.0,59,41,2.1,1.65,1.0,1,0,PREMATIPS
2025-11-08,13:30,Dolomiti Bellunesi , Cittadella,25.0,36.0,39.0,3.7,3.1,1.9,6.0,58.0,42.0,2.25,1.57,0.0,50,50,2.05,1.68,0.0,0,1,PREMATIPS
2025-11-08,13:30,Renate , Virtus Verona,41.0,32.0,27.0,1.93,3.0,3.6,4.0,58.0,42.0,2.15,1.62,0.0,59,41,1.95,1.75,1.0,1,0,PREMATIPS
2025-11-08,13:30,Bra , Pineto,30.0,33.0,37.0,3.2,3.0,2.1,6.0,52.0,48.0,2.2,1.58,0.0,56,44,1.95,1.75,1.0,1,2,PREMATIPS
2025-11-08,13:30,Atalanta U23 , Giugliano,43.0,36.0,21.0,1.55,3.9,4.6,4.0,47.0,53.0,1.55,2.3,1.0,54,46,1.63,2.1,1.0,0,1,PREMATIPS
2025-11-08,13:30,Trapani , Picerno,46.0,31.0,23.0,1.68,3.4,4.33,1.0,44.0,56.0,2.1,1.65,1.0,57,43,2.05,1.68,1.0,2,1,PREMATIPS
2025-11-08,13:30,Wisla Krakow , Polonia Warszawa,48.0,31.0,21.0,1.4,4.75,6.0,1.0,32.0,68.0,1.5,2.5,1.0,63,37,1.73,2.0,1.0,1,2,PREMATIPS
2025-11-08,13:30,Dyn. Makhachkala , CSKA Moscow,21.0,36.0,43.0,3.23,3.18,2.41,6.0,66.0,34.0,2.49,1.57,0.0,45,55,2.06,1.73,0.0,0,1,PREMATIPS
2025-11-08,13:30,Nizhny Novgorod , Rubin Kazan,17.0,24.0,59.0,3.01,3.22,2.55,2.0,54.0,46.0,2.28,1.67,0.0,38,62,1.91,1.84,0.0,0,0,PREMATIPS
2025-11-08,13:30,Bizertin , Etoile du Sahel,32.0,26.0,42.0,2.8,2.65,2.55,6.0,75.0,25.0,2.8,1.37,0.0,25,75,2.25,1.55,0.0,1,1,PREMATIPS
2025-11-08,13:30,Gabes , AS Soliman,36.0,34.0,30.0,2.15,2.7,3.5,4.0,75.0,25.0,2.8,1.37,0.0,27,73,2.3,1.53,0.0,1,1,PREMATIPS
2025-11-08,13:30,Monastir , JS Kairouan,45.0,35.0,20.0,1.25,4.8,10.5,1.0,65.0,35.0,1.88,1.8,0.0,40,60,2.6,1.42,0.0,2,0,PREMATIPS
2025-11-08,13:30,Sfaxien Sfax , AS La Marsa,62.0,15.0,23.0,1.7,3.0,5.25,1.0,67.0,33.0,2.85,1.37,0.0,30,70,2.6,1.43,0.0,2,0,PREMATIPS
2025-11-08,13:30,Veres Rivne , Rukh Lviv,52.0,27.0,21.0,2.35,2.87,3.3,1.0,64.0,36.0,2.95,1.35,0.0,40,60,2.4,1.49,0.0,1,0,PREMATIPS
2025-11-08,13:45,Zalaegerszeg , Diosgyori VTK,36.0,30.0,34.0,1.91,3.7,3.5,5.0,30.0,70.0,1.65,2.2,1.0,72,28,1.57,2.25,1.0,2,0,PREMATIPS
2025-11-08,13:45,Lechia Gdansk , Widzew Lodz,35.0,19.0,46.0,2.25,3.4,3.0,6.0,39.0,61.0,1.8,2.0,1.0,62,38,1.62,2.2,1.0,2,1,PREMATIPS
2025-11-08,13:50,Neom SC ,Nassr Riyadh,33.0,16.0,51.0,6.0,4.75,1.36,2.0,43.0,57.0,1.36,3.0,1.0,59,41,1.57,2.25,1.0,1,3,PREMATIPS
2025-11-08,14:00,Ararat, Urartu,39.0,27.0,34.0,1.9,3.3,3.4,5.0,51.0,49.0,1.78,1.9,0.0,45,55,1.7,2.0,0.0,1,1,PREMATIPS
2025-11-08,14:00,Dinamo Minsk , Arsenal Dzerzh.,47.0,29.0,24.0,1.42,3.8,6.75,1.0,51.0,49.0,2.1,1.65,0.0,48,52,2.37,1.51,0.0,1,0,PREMATIPS
2025-11-08,14:00,Lok. Zagreb , Slaven Belupo,45.0,16.0,39.0,2.25,3.2,3.0,4.0,41.0,59.0,1.95,1.85,1.0,69,31,1.73,2.0,1.0,1,1,PREMATIPS
2025-11-08,14:00,Akritas Chloraka , Ol. Nicosia,38.0,18.0,44.0,2.55,2.95,2.55,6.0,55.0,45.0,2.15,1.61,0.0,41,59,1.87,1.8,0.0,1,1,PREMATIPS
2025-11-08,14:00,Dukla Prague , Mlada Boleslav,42.0,30.0,28.0,2.25,3.3,3.1,4.0,58.0,42.0,1.83,1.98,0.0,59,41,1.67,2.1,1.0,0,1,PREMATIPS
2025-11-08,14:00,Hradec Kralove , Slovacko,42.0,43.0,15.0,1.83,3.6,3.8,4.0,60.0,40.0,1.9,1.9,0.0,54,46,1.8,1.95,1.0,4,0,PREMATIPS
2025-11-08,14:00,Zlin , Bohemians 1905,35.0,42.0,23.0,2.55,3.1,2.75,4.0,60.0,40.0,2.15,1.67,0.0,54,46,1.91,1.91,1.0,0,1,PREMATIPS
2025-11-08,14:00,Telavi , Dila Gori,22.0,23.0,55.0,4.5,3.4,1.65,2.0,55.0,45.0,2.05,1.68,0.0,43,57,2.0,1.7,0.0,0,2,PREMATIPS
2025-11-08,14:00,Como , Cagliari,44.0,34.0,22.0,1.53,4.33,6.0,1.0,70.0,30.0,1.93,1.93,0.0,49,51,2.0,1.75,0.0,0,0,PREMATIPS
2025-11-08,14:00,Lecce , Verona,42.0,40.0,18.0,2.8,2.75,2.9,4.0,60.0,40.0,2.75,1.44,0.0,45,55,2.1,1.67,0.0,0,0,PREMATIPS
2025-11-08,14:00,Empoli , Catanzaro,15.0,64.0,21.0,2.55,2.75,3.05,6.0,51.0,49.0,2.25,1.62,0.0,68,32,1.91,1.91,1.0,1,0,PREMATIPS
2025-11-08,14:00,Frosinone , Modena,37.0,31.0,32.0,2.85,3.05,2.45,5.0,54.0,46.0,2.1,1.7,0.0,47,53,1.8,1.95,0.0,2,2,PREMATIPS
2025-11-08,14:00,Mantova , Padova,25.0,30.0,45.0,2.2,3.05,3.4,6.0,54.0,46.0,2.08,1.73,0.0,59,41,1.91,1.91,1.0,1,0,PREMATIPS
2025-11-08,14:00,Reggiana 1919 , Entella,46.0,32.0,22.0,3.4,2.85,2.32,4.0,48.0,52.0,2.4,1.53,1.0,65,35,1.95,1.8,1.0,0,0,PREMATIPS
2025-11-08,14:00,Sudtirol , Carrarese,28.0,35.0,37.0,2.3,3.05,3.05,6.0,51.0,49.0,2.3,1.6,0.0,62,38,1.95,1.8,1.0,1,1,PREMATIPS
2025-11-08,14:00,Portimonense , Oliveirense,39.0,32.0,29.0,1.83,3.3,3.75,1.0,53.0,47.0,1.88,1.93,0.0,60,40,1.73,2.0,1.0,1,1,PREMATIPS
2025-11-08,14:00,KAMAZ , Volga Ulyanovsk,55.0,27.0,18.0,2.13,3.17,3.47,1.0,52.0,48.0,2.24,1.62,0.0,59,41,1.91,1.78,1.0,2,3,PREMATIPS
2025-11-08,14:00,Cailungo , Tre Fiori,13.0,23.0,64.0,16.5,6.0,1.15,2.0,55.0,45.0,1.65,2.1,0.0,30,70,2.81,1.36,0.0,1,4,PREMATIPS
2025-11-08,14:00,Fiorentino , Cosmos,28.0,21.0,51.0,7.25,4.2,1.36,2.0,63.0,37.0,1.77,1.93,0.0,30,70,2.09,1.62,0.0,0,1,PREMATIPS
2025-11-08,14:00,Juvenes/Dogana , Virtus,21.0,35.0,44.0,10.0,4.75,1.26,2.0,55.0,45.0,1.83,1.85,0.0,43,57,2.48,1.44,0.0,0,3,PREMATIPS
2025-11-08,14:00,Libertas , Pennarossa,33.0,31.0,36.0,2.7,3.3,2.2,5.0,46.0,54.0,1.75,1.95,1.0,51,49,1.6,2.13,1.0,2,2,PREMATIPS
2025-11-08,14:00,Aluminij , Domzale,60.0,17.0,23.0,2.0,3.6,3.1,1.0,33.0,67.0,1.58,2.2,1.0,67,33,1.55,2.3,1.0,3,1,PREMATIPS
2025-11-08,14:00,Brage , Landskrona BoIS,36.0,25.0,39.0,2.05,3.6,3.0,5.0,41.0,59.0,1.57,2.35,1.0,59,41,1.57,2.25,1.0,4,1,PREMATIPS
2025-11-08,14:00,Kalmar , Falkenberg,48.0,26.0,26.0,1.36,5.0,7.0,1.0,48.0,52.0,1.53,2.4,1.0,47,53,1.8,1.95,0.0,1,2,PREMATIPS
2025-11-08,14:00,Oddevold , Helsingborg,44.0,27.0,29.0,2.15,3.5,2.75,1.0,51.0,49.0,1.73,2.08,0.0,48,52,1.57,2.25,0.0,1,4,PREMATIPS
2025-11-08,14:00,Sandviken , Ostersund,42.0,26.0,32.0,2.0,3.6,3.2,4.0,46.0,54.0,1.57,2.35,1.0,48,52,1.53,2.38,0.0,5,0,PREMATIPS
2025-11-08,14:00,Sundsvall , Orgryte,30.0,28.0,42.0,3.5,3.7,1.85,6.0,48.0,52.0,1.53,2.4,1.0,53,47,1.5,2.5,1.0,1,1,PREMATIPS
2025-11-08,14:00,Trelleborg , Orebro,38.0,29.0,33.0,2.38,3.3,2.88,5.0,46.0,54.0,1.85,1.95,1.0,54,46,1.67,2.1,1.0,1,1,PREMATIPS
2025-11-08,14:00,Utsiktens , Umea,50.0,29.0,21.0,1.9,3.7,3.4,1.0,41.0,59.0,1.57,2.35,1.0,60,40,1.57,2.25,1.0,1,4,PREMATIPS
2025-11-08,14:00,Vasteras , Varbergs BoIS,43.0,31.0,26.0,1.38,5.0,6.25,1.0,42.0,58.0,1.5,2.5,1.0,57,43,1.75,2.0,1.0,4,1,PREMATIPS
2025-11-08,14:00,Ariana , Torslanda IK,54.0,18.0,28.0,1.73,3.7,3.7,1.0,39.0,61.0,1.55,2.3,1.0,53,47,1.53,2.3,1.0,1,4,PREMATIPS
2025-11-08,14:00,Eskilsminne IF , Jonkopings S.,25.0,25.0,50.0,3.5,3.4,1.83,2.0,45.0,55.0,1.78,1.9,1.0,49,51,1.72,1.98,0.0,4,2,PREMATIPS
2025-11-08,14:00,Hassleholms IF , Angelholms,43.0,29.0,28.0,1.98,3.4,3.1,4.0,39.0,61.0,1.68,2.05,1.0,56,44,1.62,2.15,1.0,3,0,PREMATIPS
2025-11-08,14:00,Husqvarna , Rosengard 1917,37.0,22.0,41.0,1.9,3.25,3.4,5.0,45.0,55.0,1.93,1.77,1.0,55,45,1.82,1.87,1.0,5,0,PREMATIPS
2025-11-08,14:00,Lund , IFK Skovde,56.0,24.0,20.0,1.42,4.4,5.5,1.0,37.0,63.0,1.41,2.65,1.0,56,44,1.55,2.25,1.0,1,0,PREMATIPS
2025-11-08,14:00,Oskarshamns AIK , Ljungskile,21.0,27.0,52.0,2.4,3.7,2.3,2.0,40.0,60.0,1.47,2.5,1.0,49,51,1.46,2.5,0.0,2,1,PREMATIPS
2025-11-08,14:00,Skovde , Olympic Malmo,32.0,27.0,41.0,1.83,3.7,3.25,6.0,38.0,62.0,1.53,2.3,1.0,59,41,1.55,2.3,1.0,3,2,PREMATIPS
2025-11-08,14:00,Trollhattan , Norrby,29.0,23.0,48.0,3.5,3.6,1.8,2.0,37.0,63.0,1.58,2.2,1.0,58,42,1.57,2.2,1.0,2,3,PREMATIPS
2025-11-08,14:00,Trabzonspor , Alanyaspor,39.0,40.0,21.0,1.66,3.9,4.5,1.0,63.0,37.0,1.73,2.08,0.0,44,56,1.73,2.0,0.0,1,1,PREMATIPS
2025-11-08,14:25,Al Jahra , Qadsia SC Kuwait,23.0,43.0,34.0,9.75,5.0,1.24,6.0,49.0,51.0,1.66,2.05,1.0,41,59,2.2,1.57,0.0,0,2,PREMATIPS
2025-11-08,14:30,Bayer Leverkusen , Heidenheim,76.0,15.0,9.0,1.42,4.75,7.0,1.0,39.0,61.0,1.53,2.5,1.0,62,38,1.7,2.05,1.0,6,0,PREMATIPS
2025-11-08,14:30,Hamburger , B. Dortmund,28.0,31.0,41.0,3.9,3.9,1.85,2.0,50.0,50.0,1.62,2.3,1.0,40,60,1.57,2.25,0.0,1,1,PREMATIPS
2025-11-08,14:30,Hoffenheim , RB Leipzig,35.0,29.0,36.0,2.6,3.9,2.4,5.0,35.0,65.0,1.4,3.0,1.0,58,42,1.36,3.0,1.0,3,1,PREMATIPS
2025-11-08,14:30,Union Berlin , Bayern Munchen,31.0,19.0,50.0,12.0,6.5,1.22,2.0,28.0,72.0,1.44,2.75,1.0,43,57,1.91,1.91,0.0,2,2,PREMATIPS
2025-11-08,14:30,Umm,Sadd,37.0,5.0,58.0,6.5,5.25,1.31,2.0,36.0,64.0,1.27,3.4,1.0,60,40,1.47,2.5,1.0,3,8,PREMATIPS
2025-11-08,14:30,Ruzomberok , DAC Dun. Streda,18.0,33.0,49.0,4.6,3.7,1.65,2.0,49.0,51.0,1.8,1.9,1.0,54,46,1.82,1.87,1.0,0,1,PREMATIPS
2025-11-08,14:30,Trencin , Kosice,69.0,11.0,20.0,2.3,3.5,2.6,1.0,37.0,63.0,1.61,2.15,1.0,60,40,1.55,2.3,1.0,2,0,PREMATIPS
2025-11-08,14:30,Z. Podbrezova , Skalica,50.0,24.0,26.0,1.73,3.5,3.9,1.0,43.0,57.0,1.73,1.98,1.0,57,43,1.7,2.0,1.0,2,0,PREMATIPS
2025-11-08,14:30,Barry Town Utd , Flint Town Utd,44.0,34.0,22.0,1.83,3.6,3.3,4.0,39.0,61.0,1.49,2.4,1.0,53,47,1.49,2.4,1.0,0,0,PREMATIPS
2025-11-08,14:30,Caernarfon Town , Haverfordwest,67.0,14.0,19.0,1.61,3.75,4.33,1.0,35.0,65.0,1.55,2.25,1.0,59,41,1.61,2.15,1.0,2,2,PREMATIPS
2025-11-08,14:30,Colwyn Bay , Llanelli Town,60.0,26.0,14.0,1.26,5.0,8.5,1.0,52.0,48.0,1.55,2.25,0.0,38,62,1.98,1.72,0.0,3,1,PREMATIPS
2025-11-08,14:44,Zira Baku , Turan Tovuz,35.0,22.0,43.0,1.98,3.0,3.4,6.0,45.0,55.0,2.15,1.61,1.0,50,50,1.93,1.75,0.0,0,0,PREMATIPS
2025-11-08,14:45,Al,Ettifaq,37.0,20.0,43.0,1.95,3.5,3.4,6.0,43.0,57.0,1.83,1.98,1.0,64,36,1.73,2.0,1.0,1,1,PREMATIPS
2025-11-08,15:00,Academica Lobito , Wiliete Benguela,25.0,48.0,27.0,2.34,2.8,2.99,6.0,82.0,18.0,2.67,1.37,0.0,42,58,2.2,1.59,0.0,1,2,PREMATIPS
2025-11-08,15:00,Kabuscorp SCP , Primeiro de Maio,58.0,33.0,9.0,1.59,3.3,5.66,1.0,88.0,12.0,2.38,1.53,0.0,31,69,2.47,1.52,0.0,0,0,PREMATIPS
2025-11-08,15:00,Cercle Brugge , OH Leuven,40.0,32.0,28.0,1.8,3.7,4.1,4.0,55.0,45.0,1.73,2.08,0.0,53,47,1.67,2.1,1.0,1,2,PREMATIPS
2025-11-08,15:00,Everton , Fulham,39.0,29.0,32.0,2.3,3.25,3.3,4.0,52.0,48.0,2.2,1.67,0.0,53,47,1.95,1.8,1.0,2,0,PREMATIPS
2025-11-08,15:00,West Ham Utd , Burnley,47.0,6.0,47.0,1.9,3.6,4.1,1.0,42.0,58.0,2.05,1.8,1.0,50,50,1.91,1.91,1.0,3,2,PREMATIPS
2025-11-08,15:00,Middlesbrough , Birmingham City,43.0,27.0,30.0,2.32,3.4,2.82,4.0,56.0,44.0,2.2,1.67,0.0,46,54,1.83,1.83,0.0,2,1,PREMATIPS
2025-11-08,15:00,Norwich City , Leicester City,24.0,21.0,55.0,2.95,3.4,2.25,2.0,59.0,41.0,1.88,1.98,0.0,61,39,1.67,2.1,1.0,1,2,PREMATIPS
2025-11-08,15:00,Sheffield Utd , QPR,28.0,11.0,61.0,2.05,3.5,3.3,2.0,49.0,51.0,1.93,1.93,1.0,56,44,1.73,2.0,1.0,0,0,PREMATIPS
2025-11-08,15:00,Southampton , Sheffield Wed,47.0,47.0,6.0,1.42,4.75,6.0,1.0,47.0,53.0,1.67,2.2,1.0,61,39,1.8,1.91,1.0,3,1,PREMATIPS
2025-11-08,15:00,Stoke City , Coventry City,39.0,24.0,37.0,3.05,3.6,2.1,5.0,49.0,51.0,1.8,2.0,1.0,49,51,1.62,2.2,0.0,0,1,PREMATIPS
2025-11-08,15:00,Swansea City , Ipswich Town,25.0,40.0,35.0,3.3,3.3,2.1,2.0,55.0,45.0,2.2,1.67,0.0,60,40,1.83,1.83,1.0,1,4,PREMATIPS
2025-11-08,15:00,West Bromwich , Oxford Utd,45.0,32.0,23.0,1.66,3.4,5.5,4.0,54.0,46.0,2.1,1.73,0.0,49,51,2.0,1.73,0.0,2,1,PREMATIPS
2025-11-08,15:00,Wrexham , Charlton,23.0,41.0,36.0,2.15,3.2,3.3,6.0,61.0,39.0,2.2,1.67,0.0,56,44,1.83,1.83,1.0,1,0,PREMATIPS
2025-11-08,15:00,Blackpool , Cardiff City,19.0,33.0,48.0,3.5,3.4,1.96,2.0,59.0,41.0,1.98,1.88,0.0,45,55,1.75,2.0,0.0,3,1,PREMATIPS
2025-11-08,15:00,Bolton Wanderers , Port Vale,51.0,30.0,19.0,1.66,3.7,4.5,1.0,62.0,38.0,1.98,1.88,0.0,47,53,1.8,1.95,0.0,4,0,PREMATIPS
2025-11-08,15:00,Bradford City , Burton Albion,45.0,35.0,20.0,1.62,3.7,4.75,4.0,48.0,52.0,1.85,2.0,1.0,54,46,1.8,1.95,1.0,1,2,PREMATIPS
2025-11-08,15:00,Doncaster Rovers , Barnsley,36.0,29.0,35.0,2.05,3.5,3.05,5.0,55.0,45.0,1.7,2.1,0.0,52,48,1.62,2.2,1.0,1,2,PREMATIPS
2025-11-08,15:00,Exeter City , Wigan Athletic,32.0,32.0,36.0,2.7,3.2,2.45,5.0,65.0,35.0,2.25,1.62,0.0,42,58,1.95,1.8,0.0,1,1,PREMATIPS
2025-11-08,15:00,Huddersfield , Plymouth Argyle,66.0,10.0,24.0,1.79,3.6,4.0,1.0,49.0,51.0,1.75,2.05,1.0,45,55,1.67,2.1,0.0,3,1,PREMATIPS
2025-11-08,15:00,Peterborough Utd , Wimbledon,18.0,11.0,71.0,2.55,3.2,2.65,2.0,51.0,49.0,2.15,1.67,0.0,48,52,1.91,1.91,0.0,5,0,PREMATIPS
2025-11-08,15:00,Rotherham Utd , Lincoln City,28.0,32.0,40.0,3.25,3.3,2.1,2.0,57.0,43.0,2.1,1.7,0.0,44,56,1.91,1.91,0.0,3,0,PREMATIPS
2025-11-08,15:00,Stockport , Luton Town,50.0,22.0,28.0,2.05,3.2,3.5,1.0,56.0,44.0,2.1,1.7,0.0,47,53,1.95,1.8,0.0,0,3,PREMATIPS
2025-11-08,15:00,Barnet , MK Dons,34.0,23.0,43.0,2.15,3.6,2.95,6.0,51.0,49.0,1.95,1.9,0.0,54,46,1.73,2.0,1.0,2,2,PREMATIPS
2025-11-08,15:00,Barrow , Grimsby Town,34.0,27.0,39.0,3.3,3.4,2.05,5.0,51.0,49.0,2.0,1.85,0.0,51,49,1.73,2.0,1.0,2,2,PREMATIPS
2025-11-08,15:00,Bristol Rovers , Gillingham,29.0,28.0,43.0,2.55,3.05,2.65,6.0,51.0,49.0,2.1,1.7,0.0,56,44,1.8,1.91,1.0,0,1,PREMATIPS
2025-11-08,15:00,Chesterfield , Accrington,53.0,29.0,18.0,1.68,3.6,4.75,1.0,56.0,44.0,2.0,1.85,0.0,58,42,1.83,1.83,1.0,3,3,PREMATIPS
2025-11-08,15:00,Crawley Town , Fleetwood Town,37.0,31.0,32.0,2.2,3.4,2.95,5.0,51.0,49.0,1.75,2.05,0.0,56,44,1.62,2.2,1.0,2,1,PREMATIPS
2025-11-08,15:00,Harrogate Town , Oldham Athletic,35.0,30.0,35.0,3.4,3.2,2.05,5.0,58.0,42.0,2.1,1.7,0.0,49,51,1.83,1.83,0.0,0,1,PREMATIPS
2025-11-08,15:00,Newport County , Walsall,17.0,21.0,62.0,4.0,3.4,1.86,2.0,53.0,47.0,2.08,1.73,0.0,56,44,1.83,1.83,1.0,2,4,PREMATIPS
2025-11-08,15:00,Salford City , Cambridge Utd,49.0,21.0,30.0,2.05,3.25,3.5,1.0,53.0,47.0,2.1,1.7,0.0,56,44,1.83,1.83,1.0,0,0,PREMATIPS
2025-11-08,15:00,Swindon Town , Tranmere Rovers,48.0,34.0,18.0,1.68,3.7,4.5,1.0,46.0,54.0,1.73,2.08,1.0,61,39,1.67,2.1,1.0,2,1,PREMATIPS
2025-11-08,15:00,Boston United , Rochdale,30.0,21.0,49.0,4.2,3.9,1.67,2.0,53.0,47.0,1.8,2.0,0.0,46,54,1.8,1.95,0.0,1,3,PREMATIPS
2025-11-08,15:00,Brackley Town , Boreham Wood,22.0,36.0,42.0,3.5,3.7,1.85,6.0,60.0,40.0,1.75,2.05,0.0,45,55,1.7,2.05,0.0,1,3,PREMATIPS
2025-11-08,15:00,Eastleigh , York City,26.0,36.0,38.0,4.75,4.5,1.53,2.0,49.0,51.0,1.53,2.4,1.0,53,47,1.67,2.1,1.0,2,4,PREMATIPS
2025-11-08,15:00,Gateshead , Solihull Moors,33.0,31.0,36.0,2.38,3.7,2.45,5.0,42.0,58.0,1.5,2.5,1.0,50,50,1.44,2.63,1.0,0,2,PREMATIPS
2025-11-08,15:00,Halifax Town , Hartlepool Utd,34.0,39.0,27.0,2.25,3.5,2.75,4.0,54.0,46.0,1.83,1.98,0.0,54,46,1.67,2.1,1.0,0,1,PREMATIPS
2025-11-08,15:00,Morecambe , Sutton Utd,39.0,23.0,38.0,2.25,3.7,2.63,5.0,35.0,65.0,1.5,2.5,1.0,61,39,1.44,2.63,1.0,2,2,PREMATIPS
2025-11-08,15:00,Scunthorpe Utd , Yeovil Town,57.0,18.0,25.0,1.65,4.33,3.9,1.0,53.0,47.0,1.7,2.1,0.0,56,44,1.75,2.0,1.0,1,0,PREMATIPS
2025-11-08,15:00,Tamworth , Woking,46.0,28.0,26.0,1.91,3.25,3.8,4.0,53.0,47.0,2.0,1.8,0.0,56,44,1.8,1.95,1.0,0,1,PREMATIPS
2025-11-08,15:00,Truro City , Altrincham,30.0,19.0,51.0,2.38,3.3,2.7,2.0,44.0,56.0,1.9,1.9,1.0,48,52,1.67,2.1,0.0,0,1,PREMATIPS
2025-11-08,15:00,Wealdstone , Braintree,54.0,25.0,21.0,1.7,3.9,3.9,1.0,52.0,48.0,1.53,2.4,0.0,48,52,1.57,2.25,0.0,1,0,PREMATIPS
2025-11-08,15:00,Iberia 1999 , Samgurali,48.0,22.0,30.0,1.36,4.4,6.5,1.0,54.0,46.0,1.68,2.05,0.0,50,50,1.95,1.73,0.0,2,0,PREMATIPS
2025-11-08,15:00,Panetolikos , AEL Larissa,37.0,28.0,35.0,2.35,3.2,2.95,5.0,63.0,37.0,2.3,1.6,0.0,50,50,1.95,1.8,0.0,3,0,PREMATIPS
2025-11-08,15:00,Hassania Agadir , Ol. Dcheira,34.0,21.0,45.0,2.05,3.0,3.5,6.0,60.0,40.0,2.4,1.53,0.0,48,52,2.1,1.67,0.0,0,3,PREMATIPS
2025-11-08,15:00,Katsina United , Barau,73.0,8.0,19.0,1.35,3.52,8.85,1.0,80.0,20.0,2.6,1.4,0.0,31,69,3.09,1.3,0.0,1,1,PREMATIPS
2025-11-08,15:00,Bangor , Ballymena Utd,49.0,8.0,43.0,2.35,3.4,2.65,1.0,49.0,51.0,1.73,1.95,1.0,43,57,1.63,2.1,0.0,2,3,PREMATIPS
2025-11-08,15:00,Carrick Rangers , Crusaders,72.0,4.0,24.0,1.82,3.6,3.75,1.0,51.0,49.0,1.75,1.95,0.0,44,56,1.71,2.0,0.0,1,2,PREMATIPS
2025-11-08,15:00,Cliftonville , Dungannon Swifts,31.0,19.0,50.0,1.82,3.6,3.7,2.0,51.0,49.0,1.73,1.95,0.0,42,58,1.71,2.0,0.0,2,0,PREMATIPS
2025-11-08,15:00,Glenavon , Glentoran,14.0,4.0,82.0,7.5,4.75,1.34,2.0,61.0,39.0,1.72,1.98,0.0,39,61,2.05,1.66,0.0,3,1,PREMATIPS
2025-11-08,15:00,Asane , Kongsvinger,21.0,34.0,45.0,5.5,4.75,1.5,6.0,35.0,65.0,1.48,2.6,1.0,67,33,1.57,2.25,1.0,0,0,PREMATIPS
2025-11-08,15:00,Hodd , Aalesunds,27.0,30.0,43.0,6.5,4.75,1.38,6.0,39.0,61.0,1.6,2.3,1.0,61,39,1.83,1.83,1.0,0,0,PREMATIPS
2025-11-08,15:00,Lillestrom , Stabaek,54.0,27.0,19.0,1.22,7.0,9.5,1.0,35.0,65.0,1.29,3.6,1.0,61,39,1.67,2.1,1.0,3,0,PREMATIPS
2025-11-08,15:00,Lyn Oslo , Start,30.0,33.0,37.0,2.6,3.6,2.5,6.0,37.0,63.0,1.53,2.4,1.0,59,41,1.44,2.63,1.0,0,3,PREMATIPS
2025-11-08,15:00,Mjondalen , Egersunds,18.0,26.0,56.0,2.75,4.1,2.15,2.0,43.0,57.0,1.57,2.35,1.0,59,41,1.5,2.5,1.0,1,2,PREMATIPS
2025-11-08,15:00,Moss , Raufoss,38.0,24.0,38.0,2.1,3.5,3.4,5.0,32.0,68.0,1.73,2.08,1.0,66,34,1.57,2.25,1.0,1,1,PREMATIPS
2025-11-08,15:00,Skeid , Odds BK,14.0,35.0,51.0,3.25,3.75,2.0,2.0,43.0,57.0,1.5,2.5,1.0,69,31,1.44,2.63,1.0,5,2,PREMATIPS
2025-11-08,15:00,Sogndal , Ranheim,36.0,28.0,36.0,2.88,4.1,2.1,5.0,35.0,65.0,1.44,2.7,1.0,68,32,1.4,2.75,1.0,0,3,PREMATIPS
2025-11-08,15:00,Falkirk , Livingston,38.0,45.0,17.0,1.96,3.5,3.7,4.0,28.0,72.0,1.8,2.0,1.0,66,34,1.67,2.1,1.0,1,1,PREMATIPS
2025-11-08,15:00,Dunfermline , Saint Johnstone,28.0,21.0,51.0,3.9,3.4,1.95,2.0,53.0,47.0,2.15,1.67,0.0,39,61,2.0,1.73,0.0,2,2,PREMATIPS
2025-11-08,15:00,Greenock Morton , Arbroath,21.0,43.0,36.0,2.25,3.2,3.2,6.0,56.0,44.0,2.2,1.65,0.0,57,43,1.83,1.83,1.0,1,0,PREMATIPS
2025-11-08,15:00,Queen's Park , Raith Rovers,24.0,36.0,40.0,4.2,3.4,1.85,6.0,68.0,32.0,2.2,1.65,0.0,42,58,2.0,1.73,0.0,2,1,PREMATIPS
2025-11-08,15:00,Ross County , Ayr United,28.0,33.0,39.0,2.35,3.3,2.9,6.0,58.0,42.0,2.0,1.8,0.0,55,45,1.8,1.91,1.0,3,3,PREMATIPS
2025-11-08,15:00,Hamilton , Peterhead,47.0,12.0,41.0,1.75,3.75,4.0,1.0,35.0,65.0,1.75,2.05,1.0,55,45,1.67,2.1,1.0,3,0,PREMATIPS
2025-11-08,15:00,Inverness , Cove Rangers,67.0,17.0,16.0,1.36,5.0,7.5,1.0,55.0,45.0,1.7,2.1,0.0,38,62,2.0,1.73,0.0,1,0,PREMATIPS
2025-11-08,15:00,Montrose , Alloa Athletic,38.0,7.0,55.0,2.75,3.3,2.4,2.0,52.0,48.0,1.98,1.83,0.0,43,57,1.8,1.91,0.0,0,4,PREMATIPS
2025-11-08,15:00,Queen of South , East Fife,35.0,26.0,39.0,2.25,3.5,2.88,5.0,47.0,53.0,1.75,2.05,1.0,57,43,1.62,2.2,1.0,3,0,PREMATIPS
2025-11-08,15:00,Stenhousemuir , Kelty Hearts,60.0,24.0,16.0,1.48,4.1,6.0,1.0,47.0,53.0,1.88,1.93,1.0,46,54,2.0,1.73,0.0,2,2,PREMATIPS
2025-11-08,15:00,Clyde , Stranraer,51.0,27.0,22.0,1.8,3.75,3.9,1.0,44.0,56.0,1.83,1.98,1.0,64,36,1.8,1.91,1.0,0,0,PREMATIPS
2025-11-08,15:00,Dumbarton , Annan Athletic,36.0,28.0,36.0,1.91,3.75,3.4,5.0,37.0,63.0,1.7,2.1,1.0,70,30,1.67,2.1,1.0,2,1,PREMATIPS
2025-11-08,15:00,East Kilbride , Stirling Albion,52.0,23.0,25.0,1.36,5.0,6.5,1.0,31.0,69.0,1.4,2.75,1.0,67,33,1.62,2.2,1.0,2,0,PREMATIPS
2025-11-08,15:00,Edinburgh City , Elgin City,16.0,50.0,34.0,2.25,3.5,2.88,6.0,37.0,63.0,1.73,2.08,1.0,67,33,1.62,2.2,1.0,1,3,PREMATIPS
2025-11-08,15:00,Forfar Athletic , The Spartans,30.0,13.0,57.0,3.5,3.3,2.0,2.0,44.0,56.0,2.08,1.73,1.0,58,42,1.83,1.83,1.0,1,1,PREMATIPS
2025-11-08,15:00,Celta Fortuna , Talavera,48.0,24.0,28.0,2.1,2.9,3.4,1.0,67.0,33.0,2.35,1.57,0.0,48,52,2.1,1.67,0.0,4,3,PREMATIPS
2025-11-08,15:00,Radnicki 1923 , Cukaricki,38.0,32.0,30.0,1.94,3.36,3.4,4.0,49.0,51.0,1.76,1.89,1.0,55,45,1.64,2.06,1.0,-,-,PREMATIPS
2025-11-08,15:15,Sevilla , Osasuna,38.0,33.0,29.0,2.05,3.4,3.6,4.0,47.0,53.0,2.1,1.73,1.0,55,45,1.91,1.91,1.0,1,0,PREMATIPS
2025-11-08,15:15,Eibar , Albacete,24.0,45.0,31.0,1.91,3.3,4.0,6.0,52.0,48.0,2.1,1.7,0.0,53,47,1.91,1.8,1.0,3,2,PREMATIPS
2025-11-08,15:15,Huesca , FC Andorra,38.0,26.0,36.0,2.25,3.05,3.25,5.0,52.0,48.0,2.3,1.6,0.0,56,44,2.0,1.73,1.0,2,2,PREMATIPS
2025-11-08,15:15,Arenteiro , Racing Ferrol,19.0,37.0,44.0,2.8,2.8,2.5,6.0,57.0,43.0,2.63,1.44,0.0,51,49,2.2,1.62,1.0,0,2,PREMATIPS
2025-11-08,15:15,Hercules , CE Europa,31.0,24.0,45.0,2.15,2.9,3.2,6.0,59.0,41.0,2.38,1.53,0.0,52,48,2.1,1.67,1.0,1,0,PREMATIPS
2025-11-08,15:30,Dep. La Serena , U. Catolica,22.0,34.0,44.0,3.3,3.4,2.01,6.0,52.0,48.0,1.98,1.83,0.0,58,42,1.8,1.91,1.0,0,1,PREMATIPS
2025-11-08,15:30,Saarbrucken , Havelse,62.0,27.0,11.0,1.45,5.0,5.25,1.0,41.0,59.0,1.5,2.5,1.0,73,27,1.67,2.1,1.0,1,1,PREMATIPS
2025-11-08,15:30,Bnei Sakhnin , Maccabi Haifa,24.0,55.0,21.0,6.0,4.1,1.53,4.0,47.0,53.0,1.8,2.0,1.0,60,40,1.83,1.83,1.0,3,3,PREMATIPS
2025-11-08,15:30,Excelsior , Heracles,73.0,4.0,23.0,1.91,3.9,3.5,1.0,27.0,73.0,1.57,2.35,1.0,53,47,1.53,2.38,1.0,1,2,PREMATIPS
2025-11-08,15:30,Helmond Sport , Jong PSV,31.0,16.0,53.0,1.86,4.0,3.4,2.0,37.0,63.0,1.4,2.88,1.0,59,41,1.4,2.75,1.0,2,3,PREMATIPS
2025-11-08,15:30,Alverca , Rio Ave,33.0,31.0,36.0,2.05,3.4,3.4,5.0,36.0,64.0,2.05,1.75,1.0,50,50,1.8,1.95,1.0,1,1,PREMATIPS
2025-11-08,15:30,Din. Bucuresti , Csikszereda,52.0,34.0,14.0,1.38,4.75,7.5,1.0,52.0,48.0,1.73,2.08,0.0,60,40,2.0,1.73,1.0,4,0,PREMATIPS
2025-11-08,16:00,Vllaznia , Dinamo City,49.0,16.0,35.0,2.12,3.05,3.11,1.0,71.0,29.0,2.18,1.54,0.0,35,65,1.95,1.75,0.0,1,0,PREMATIPS
2025-11-08,16:00,MB Rouissat , MC Oran,31.0,29.0,40.0,2.0,2.9,3.5,6.0,70.0,30.0,2.55,1.46,0.0,48,52,2.2,1.6,0.0,1,3,PREMATIPS
2025-11-08,16:00,Austria Wien , Grazer AK,57.0,24.0,19.0,1.71,3.6,4.75,1.0,44.0,56.0,2.0,1.8,1.0,53,47,1.91,1.91,1.0,2,1,PREMATIPS
2025-11-08,16:00,Ried ,Weiss Linz,57.0,23.0,20.0,1.96,3.4,3.75,1.0,55.0,45.0,2.15,1.67,0.0,39,61,1.95,1.8,0.0,2,1,PREMATIPS
2025-11-08,16:00,Wolfsberger AC , Hartberg,52.0,27.0,21.0,1.81,3.5,4.2,1.0,44.0,56.0,1.9,1.9,1.0,55,45,1.75,2.0,1.0,1,2,PREMATIPS
2025-11-08,16:00,A'Ali CSC ,Riffa,14.0,64.0,22.0,5.5,3.75,1.49,6.0,69.0,31.0,1.98,1.72,0.0,31,69,2.1,1.63,0.0,1,4,PREMATIPS
2025-11-08,16:00,Lokomotiv Pd , Beroe,48.0,32.0,20.0,1.51,3.9,6.0,1.0,50.0,50.0,2.15,1.67,0.0,54,46,2.2,1.62,1.0,1,0,PREMATIPS
2025-11-08,16:00,Ethnikos Achna , Apollon Limassol,39.0,21.0,40.0,4.1,3.4,1.71,5.0,44.0,56.0,1.78,1.9,1.0,37,63,1.75,1.93,0.0,0,1,PREMATIPS
2025-11-08,16:00,Artis Brno , Slavia Prague B,42.0,32.0,26.0,1.57,3.5,5.0,1.0,45.0,55.0,1.7,2.1,1.0,45,55,1.8,1.91,0.0,2,1,PREMATIPS
2025-11-08,16:00,Marseille , Brest,64.0,22.0,14.0,1.44,4.75,7.0,1.0,44.0,56.0,1.67,2.2,1.0,46,54,1.91,1.91,0.0,3,0,PREMATIPS
2025-11-08,16:00,Torpedo Kutaisi , Dinamo Batumi,39.0,35.0,26.0,1.47,3.9,5.5,1.0,56.0,44.0,1.82,1.85,0.0,54,46,1.98,1.72,1.0,5,1,PREMATIPS
2025-11-08,16:00,Sochi , Rostov,24.0,31.0,45.0,3.49,3.4,2.18,6.0,54.0,46.0,2.15,1.75,0.0,50,50,1.87,1.88,1.0,0,1,PREMATIPS
2025-11-08,16:00,Amed SFK , Hatayspor,63.0,32.0,5.0,1.14,8.0,13.0,1.0,32.0,68.0,1.4,2.88,1.0,63,37,2.1,1.67,1.0,2,1,PREMATIPS
2025-11-08,16:00,Karpaty Lviv , Kryvbas,24.0,40.0,36.0,1.93,3.7,3.5,6.0,49.0,51.0,1.65,2.1,1.0,55,45,1.6,2.15,1.0,1,0,PREMATIPS
2025-11-08,16:15,Juve Stabia , Palermo,30.0,39.0,31.0,2.95,3.05,2.35,6.0,52.0,48.0,2.35,1.57,0.0,48,52,2.0,1.75,0.0,1,0,PREMATIPS
2025-11-08,16:15,Douane , Inter Nouakchott,65.0,24.0,11.0,1.57,3.6,5.34,1.0,41.0,59.0,2.2,1.65,1.0,51,49,2.23,1.65,1.0,6,1,PREMATIPS
2025-11-08,16:15,Ksar , Pompiers,7.0,43.0,50.0,4.58,3.25,1.75,2.0,49.0,51.0,2.38,1.53,1.0,34,66,2.27,1.62,0.0,2,3,PREMATIPS
2025-11-08,16:30,Ironi Tiberias , Kiryat Shmona,49.0,24.0,27.0,3.1,3.25,2.25,1.0,47.0,53.0,2.15,1.67,1.0,52,48,1.83,1.83,1.0,2,3,PREMATIPS
2025-11-08,16:30,Maccabi Netanya , M. Bnei Reineh,90.0,5.0,3.0,1.75,4.1,3.9,1.0,29.0,71.0,1.62,2.25,1.0,64,36,1.57,2.25,1.0,2,1,PREMATIPS
2025-11-08,16:30,Pro Patria , Lumezzane,32.0,35.0,33.0,2.65,2.9,2.45,6.0,52.0,48.0,2.35,1.53,0.0,45,55,2.0,1.7,0.0,1,1,PREMATIPS
2025-11-08,16:30,Guidonia , Pontedera,51.0,26.0,23.0,1.71,3.4,4.1,1.0,63.0,37.0,2.05,1.68,0.0,37,63,2.0,1.7,0.0,2,0,PREMATIPS
2025-11-08,16:30,Pianese , Rimini,63.0,33.0,4.0,2.2,2.9,3.0,1.0,68.0,32.0,2.37,1.51,0.0,42,58,2.05,1.66,0.0,1,0,PREMATIPS
2025-11-08,16:30,Ravenna , Torres,62.0,28.0,10.0,1.78,3.1,4.2,1.0,63.0,37.0,2.37,1.51,0.0,42,58,2.2,1.6,0.0,3,0,PREMATIPS
2025-11-08,16:30,Cosenza , Casarano,46.0,18.0,36.0,2.0,3.25,3.1,1.0,36.0,64.0,1.82,1.87,1.0,57,43,1.71,2.0,1.0,4,1,PREMATIPS
2025-11-08,16:30,Motor Lublin , Wisla Plock,17.0,49.0,34.0,2.3,3.5,2.88,6.0,57.0,43.0,1.8,2.0,0.0,55,45,1.67,2.1,1.0,1,1,PREMATIPS
2025-11-08,16:30,Al,Sailiya,65.0,13.0,22.0,1.26,5.25,8.0,1.0,48.0,52.0,1.37,2.85,1.0,52,48,1.68,2.05,1.0,2,2,PREMATIPS
2025-11-08,16:30,NK Radomlje , Maribor,32.0,12.0,56.0,4.75,4.2,1.55,2.0,33.0,67.0,1.55,2.25,1.0,58,42,1.65,2.1,1.0,1,1,PREMATIPS
2025-11-08,16:45,Hajduk Split , Osijek,59.0,25.0,16.0,1.53,3.9,5.5,1.0,55.0,45.0,1.95,1.85,0.0,41,59,1.91,1.8,0.0,2,0,PREMATIPS
2025-11-08,17:00,ES Setif , Olympique Akbou,21.0,37.0,42.0,1.78,3.0,4.33,6.0,67.0,33.0,2.5,1.46,0.0,55,45,2.25,1.55,1.0,1,1,PREMATIPS
2025-11-08,17:00,Aris Limassol , Krasava Ypsonas,64.0,15.0,21.0,1.15,6.75,12.0,1.0,51.0,49.0,1.44,2.6,0.0,37,63,2.15,1.61,0.0,3,0,PREMATIPS
2025-11-08,17:00,Banik Ostrava , Jablonec,17.0,21.0,62.0,2.6,3.2,2.63,2.0,75.0,25.0,1.95,1.85,0.0,44,56,1.75,2.0,0.0,0,1,PREMATIPS
2025-11-08,17:00,Juventus , Torino,34.0,40.0,26.0,1.48,4.1,7.0,1.0,57.0,43.0,2.05,1.8,0.0,45,55,2.1,1.67,0.0,0,0,PREMATIPS
2025-11-08,17:00,UTS Touarga , RCA Zemamra,33.0,50.0,17.0,2.35,3.0,2.88,4.0,73.0,27.0,2.25,1.62,0.0,50,50,1.91,1.8,0.0,1,2,PREMATIPS
2025-11-08,17:00,Viking , Hamarkameratene,57.0,23.0,20.0,1.27,5.75,9.0,1.0,34.0,66.0,1.36,3.1,1.0,64,36,1.7,2.05,1.0,3,0,PREMATIPS
2025-11-08,17:00,Unionistas , Pontevedra,35.0,23.0,42.0,2.45,2.8,2.8,6.0,67.0,33.0,2.63,1.44,0.0,38,62,2.2,1.62,0.0,1,1,PREMATIPS
2025-11-08,17:00,Algeciras , Antequera,25.0,41.0,34.0,2.05,3.0,3.4,6.0,65.0,35.0,2.38,1.53,0.0,55,45,2.1,1.67,1.0,1,0,PREMATIPS
2025-11-08,17:00,Napredak Kr. , Mladost Lucani,32.0,29.0,39.0,2.15,3.1,3.0,6.0,49.0,51.0,1.98,1.71,1.0,56,44,1.8,1.88,1.0,0,1,PREMATIPS
2025-11-08,17:00,Winterthur , Grasshopper,42.0,31.0,27.0,2.95,3.4,2.2,4.0,20.0,80.0,1.7,2.1,1.0,66,34,1.57,2.25,1.0,0,1,PREMATIPS
2025-11-08,17:00,Zurich , Luzern,35.0,20.0,45.0,2.35,3.6,2.7,6.0,25.0,75.0,1.57,2.35,1.0,69,31,1.5,2.5,1.0,3,2,PREMATIPS
2025-11-08,17:00,Bellinzona , Aarau,10.0,20.0,70.0,5.5,4.1,1.46,2.0,45.0,55.0,1.7,2.0,1.0,47,53,1.85,1.83,0.0,5,1,PREMATIPS
2025-11-08,17:00,Zilina , Z. Michalovce,36.0,39.0,25.0,1.62,4.2,4.1,1.0,37.0,63.0,1.43,2.6,1.0,65,35,1.5,2.4,1.0,2,0,PREMATIPS
2025-11-08,17:00,Antalyaspor , Besiktas,33.0,25.0,42.0,4.75,4.2,1.57,6.0,45.0,55.0,1.65,2.2,1.0,57,43,1.73,2.0,1.0,1,3,PREMATIPS
2025-11-08,17:00,Kasimpasa , Goztepe,17.0,43.0,40.0,3.6,3.05,2.1,6.0,63.0,37.0,2.1,1.7,0.0,47,53,1.83,1.83,0.0,0,2,PREMATIPS
2025-11-08,17:15,Charleroi , Westerlo,35.0,31.0,34.0,1.91,3.5,3.75,5.0,55.0,45.0,1.67,2.15,0.0,53,47,1.62,2.2,1.0,2,0,PREMATIPS
2025-11-08,17:15,Tre Penne , Domagnano,30.0,36.0,34.0,1.58,3.7,4.6,6.0,55.0,45.0,1.75,1.93,0.0,30,70,1.77,1.9,0.0,0,0,PREMATIPS
2025-11-08,17:15,Connah's Quay ,Bont,31.0,28.0,41.0,1.78,3.5,3.6,6.0,42.0,58.0,1.68,2.05,1.0,46,54,1.65,2.1,0.0,4,0,PREMATIPS
2025-11-08,17:30,FK Sarajevo , Borac B. Luka,31.0,24.0,45.0,2.8,2.95,2.35,6.0,51.0,49.0,2.15,1.6,0.0,51,49,1.9,1.78,1.0,1,0,PREMATIPS
2025-11-08,17:30,Sunderland , Arsenal,20.0,35.0,45.0,6.5,4.5,1.45,2.0,62.0,38.0,2.1,1.73,0.0,37,63,2.25,1.57,0.0,2,2,PREMATIPS
2025-11-08,17:30,Southend Utd , Carlisle Utd,34.0,26.0,40.0,2.2,3.5,2.8,6.0,53.0,47.0,1.83,1.98,0.0,45,55,1.7,2.05,0.0,1,2,PREMATIPS
2025-11-08,17:30,B. M'gladbach , Koln,26.0,29.0,45.0,2.1,3.7,3.25,6.0,43.0,57.0,1.62,2.3,1.0,51,49,1.53,2.38,1.0,3,1,PREMATIPS
2025-11-08,17:30,H. Beer Sheva , M.S. Ashdod,57.0,14.0,29.0,1.18,6.5,13.0,1.0,40.0,60.0,1.4,2.88,1.0,60,40,1.91,1.8,1.0,2,2,PREMATIPS
2025-11-08,17:30,Linfield , Coleraine,43.0,11.0,46.0,2.15,3.3,3.0,5.0,45.0,55.0,1.95,1.75,1.0,41,59,1.8,1.88,0.0,1,1,PREMATIPS
2025-11-08,17:30,Al,Ahli Jeddah,36.0,24.0,40.0,2.9,3.5,2.2,5.0,62.0,38.0,1.57,2.35,0.0,54,46,1.5,2.5,1.0,0,1,PREMATIPS
2025-11-08,17:30,Atletico Madrid , Levante,56.0,28.0,16.0,1.2,7.0,13.0,1.0,50.0,50.0,1.44,2.75,1.0,61,39,2.0,1.75,1.0,3,1,PREMATIPS
2025-11-08,17:30,Dep. La Coruna , Leonesa,44.0,31.0,25.0,1.66,3.8,4.5,4.0,54.0,46.0,1.95,1.85,0.0,48,52,1.83,1.83,0.0,3,0,PREMATIPS
2025-11-08,17:30,Ourense , Orihuela,41.0,33.0,26.0,1.66,3.5,4.33,1.0,53.0,47.0,1.9,1.77,0.0,48,52,1.88,1.82,0.0,3,0,PREMATIPS
2025-11-08,17:45,Volendam , NAC Breda,32.0,37.0,31.0,2.7,3.5,2.45,4.0,30.0,70.0,1.8,2.0,1.0,65,35,1.62,2.2,1.0,2,1,PREMATIPS
2025-11-08,17:45,Saint Mirren , Hibernian,18.0,53.0,29.0,2.7,3.25,2.5,6.0,51.0,49.0,1.95,1.9,0.0,55,45,1.7,2.05,1.0,0,3,PREMATIPS
2025-11-08,18:00,Union Espanola ,Colo,29.0,24.0,47.0,3.25,3.5,2.01,6.0,48.0,52.0,1.75,2.05,1.0,47,53,1.62,2.2,0.0,1,2,PREMATIPS
2025-11-08,18:00,Le Havre , Nantes,36.0,37.0,27.0,1.83,3.3,4.75,4.0,56.0,44.0,2.2,1.67,0.0,46,54,1.95,1.8,0.0,1,1,PREMATIPS
2025-11-08,18:00,Ayacucho , Comerciantes Un,29.0,23.0,48.0,1.8,3.5,4.5,6.0,46.0,54.0,2.03,1.78,1.0,55,45,1.83,1.83,1.0,-,-,PREMATIPS
2025-11-08,18:00,Tondela , V. Guimaraes,24.0,26.0,50.0,2.65,3.05,2.65,2.0,46.0,54.0,2.2,1.65,1.0,37,63,1.95,1.8,0.0,0,1,PREMATIPS
2025-11-08,18:00,Benfica B , Vizela,17.0,46.0,37.0,2.5,3.25,2.4,6.0,55.0,45.0,1.9,1.9,0.0,63,37,1.67,2.1,1.0,1,2,PREMATIPS
2025-11-08,18:00,Chaves , Porto B,44.0,45.0,11.0,1.62,3.3,4.75,4.0,63.0,37.0,2.05,1.75,0.0,46,54,2.0,1.73,0.0,0,1,PREMATIPS
2025-11-08,18:00,Radnicki Nis , Vojvodina,25.0,25.0,50.0,3.6,3.4,1.8,2.0,45.0,55.0,1.8,1.88,1.0,57,43,1.73,1.95,1.0,0,1,PREMATIPS
2025-11-08,18:15,Paks , Kisvarda,35.0,39.0,26.0,1.67,4.1,4.33,4.0,39.0,61.0,1.62,2.25,1.0,65,35,1.67,2.1,1.0,5,3,PREMATIPS
2025-11-08,18:30,Atletic Escaldes , Pas de la Casa,47.0,36.0,17.0,1.13,6.06,13.25,1.0,49.0,51.0,1.46,2.45,1.0,28,72,2.22,1.57,0.0,-,-,PREMATIPS
2025-11-08,18:30,Venezia , Sampdoria,41.0,33.0,26.0,1.56,3.8,5.5,1.0,51.0,49.0,1.9,1.9,0.0,59,41,1.91,1.91,1.0,3,1,PREMATIPS
2025-11-08,18:30,LKS Lodz , Puszcza Niepol.,36.0,42.0,22.0,1.85,3.5,3.75,1.0,41.0,59.0,1.85,1.95,1.0,61,39,1.73,2.0,1.0,0,3,PREMATIPS
2025-11-08,18:30,Stal Mielec , Pogon Siedlce,24.0,31.0,45.0,2.25,3.4,2.9,6.0,41.0,59.0,1.73,2.08,1.0,68,32,1.62,2.2,1.0,0,0,PREMATIPS
2025-11-08,18:30,Wieczysta Krakow , Stal Rzeszow,46.0,19.0,35.0,1.42,4.75,5.25,1.0,32.0,68.0,1.4,2.88,1.0,68,32,1.53,2.38,1.0,1,2,PREMATIPS
2025-11-08,18:30,Rapid Bucuresti , Arges Pitesti,42.0,28.0,30.0,1.85,3.3,4.33,1.0,59.0,41.0,2.35,1.57,0.0,51,49,2.1,1.67,1.0,2,0,PREMATIPS
2025-11-08,18:30,Tenerife , Bilbao Athletic,64.0,23.0,13.0,1.57,3.4,5.5,1.0,61.0,39.0,2.25,1.62,0.0,38,62,2.25,1.57,0.0,0,1,PREMATIPS
2025-11-08,19:00,Club Brugge NXT , Lierse K.,23.0,34.0,43.0,2.88,3.5,2.25,6.0,54.0,46.0,1.65,2.2,0.0,55,45,1.53,2.38,1.0,0,1,PREMATIPS
2025-11-08,19:00,Kortrijk , Patro Eisden,47.0,21.0,32.0,1.55,4.0,5.25,1.0,44.0,56.0,1.75,2.05,1.0,57,43,1.8,1.91,1.0,2,0,PREMATIPS
2025-11-08,19:00,Seraing , Lokeren,29.0,17.0,54.0,3.1,3.2,2.25,2.0,47.0,53.0,1.8,2.0,1.0,54,46,1.62,2.2,1.0,1,1,PREMATIPS
2025-11-08,19:00,Always Ready , ABB La Paz,44.0,31.0,25.0,1.26,5.5,7.75,1.0,30.0,70.0,1.31,3.1,1.0,62,38,1.61,2.15,1.0,5,1,PREMATIPS
2025-11-08,19:00,Sport Recife PE , Atletico MG,18.0,35.0,47.0,4.0,3.2,2.0,6.0,59.0,41.0,2.2,1.65,0.0,44,56,1.95,1.8,0.0,2,4,PREMATIPS
2025-11-08,19:00,Novorizontino SP , Remo PA,30.0,42.0,28.0,1.62,3.75,5.0,4.0,65.0,35.0,2.08,1.73,0.0,52,48,2.0,1.73,1.0,1,1,PREMATIPS
2025-11-08,19:00,Manta FC , Mushuc Runa,34.0,32.0,34.0,2.5,3.25,2.57,0.0,56.0,44.0,2.1,1.7,0.0,50,50,1.83,1.83,1.0,3,0,PREMATIPS
2025-11-08,19:00,Troyes , Saint Etienne,48.0,14.0,38.0,2.4,3.5,2.63,1.0,44.0,56.0,1.7,2.1,1.0,52,48,1.57,2.25,1.0,2,3,PREMATIPS
2025-11-08,19:00,CODM Meknes , Yacoub El Mansour,48.0,31.0,21.0,2.55,2.8,2.8,1.0,74.0,26.0,2.6,1.48,0.0,43,57,2.1,1.67,0.0,1,0,PREMATIPS
2025-11-08,19:00,Fortuna Sittard , Heerenveen,38.0,30.0,32.0,2.9,3.6,2.3,4.0,33.0,67.0,1.7,2.1,1.0,71,29,1.57,2.25,1.0,2,0,PREMATIPS
2025-11-08,19:15,GKS Katowice , Piast Gliwice,57.0,26.0,17.0,2.45,3.2,2.9,1.0,47.0,53.0,2.15,1.67,1.0,50,50,1.91,1.91,1.0,1,3,PREMATIPS
2025-11-08,19:30,Kaiserslautern , Hertha Berlin,42.0,20.0,38.0,2.25,3.6,2.9,5.0,48.0,52.0,1.62,2.25,1.0,49,51,1.5,2.5,0.0,0,1,PREMATIPS
2025-11-08,19:30,Servette , Thun,23.0,18.0,59.0,2.05,3.7,3.2,2.0,20.0,80.0,1.6,2.3,1.0,72,28,1.5,2.5,1.0,0,1,PREMATIPS
2025-11-08,19:30,Danubio , Plaza Colonia,54.0,19.0,27.0,1.85,3.1,4.1,1.0,64.0,36.0,2.7,1.44,0.0,37,63,2.25,1.57,0.0,2,0,PREMATIPS
2025-11-08,19:45,Royal Antwerp , RAAL La Louviere,25.0,35.0,40.0,2.2,3.0,3.5,6.0,68.0,32.0,2.3,1.6,0.0,48,52,1.95,1.8,0.0,3,1,PREMATIPS
2025-11-08,19:45,Parma , Milan,15.0,42.0,43.0,5.75,4.1,1.55,2.0,60.0,40.0,1.98,1.88,0.0,45,55,2.05,1.7,0.0,2,2,PREMATIPS
2025-11-08,20:00,Atl. Huracan , Newells Old Boys,43.0,26.0,31.0,1.76,3.2,5.5,4.0,67.0,33.0,2.88,1.4,0.0,39,61,2.5,1.5,0.0,0,2,PREMATIPS
2025-11-08,20:00,Racing Club , Def. Y Justicia,33.0,36.0,31.0,1.81,3.2,4.75,4.0,65.0,35.0,2.25,1.62,0.0,44,56,2.05,1.7,0.0,1,0,PREMATIPS
2025-11-08,20:00,Chelsea , Wolverhampton,72.0,21.0,7.0,1.4,4.75,7.5,1.0,42.0,58.0,1.67,2.2,1.0,53,47,1.91,1.91,1.0,3,0,PREMATIPS
2025-11-08,20:00,Zwolle , Sparta Rotterdam,27.0,14.0,59.0,2.55,3.6,2.55,2.0,36.0,64.0,1.65,2.2,1.0,50,50,1.53,2.38,1.0,1,0,PREMATIPS
2025-11-08,20:00,Olimpia As. , Gen.Caballero JLM,36.0,26.0,38.0,1.53,3.9,5.25,5.0,56.0,44.0,1.88,1.93,0.0,52,48,1.91,1.8,1.0,1,1,PREMATIPS
2025-11-08,20:00,Espanyol , Villarreal,41.0,21.0,38.0,2.8,3.5,2.45,5.0,47.0,53.0,1.8,2.0,1.0,52,48,1.62,2.2,1.0,0,2,PREMATIPS
2025-11-08,20:00,Malaga , Cordoba,36.0,32.0,32.0,2.25,3.05,3.2,5.0,52.0,48.0,2.05,1.75,0.0,53,47,1.8,1.91,1.0,2,2,PREMATIPS
2025-11-08,20:00,Arenas Club , Osasuna B,36.0,39.0,25.0,2.05,3.0,3.3,4.0,57.0,43.0,2.2,1.65,0.0,44,56,2.0,1.73,0.0,1,0,PREMATIPS
2025-11-08,20:00,Real Murcia , Gimnastic,19.0,45.0,36.0,1.73,3.1,4.75,6.0,59.0,41.0,2.38,1.53,0.0,52,48,2.38,1.53,1.0,3,2,PREMATIPS
2025-11-08,20:05,Monaco , Lens,42.0,18.0,40.0,2.0,3.9,3.4,5.0,41.0,59.0,1.53,2.5,1.0,55,45,1.5,2.5,1.0,1,4,PREMATIPS
2025-11-08,20:15,Juan Pablo II , Atletico Grau,29.0,32.0,39.0,1.8,3.4,4.75,6.0,58.0,42.0,2.25,1.62,0.0,49,51,2.1,1.67,0.0,3,1,PREMATIPS
2025-11-08,20:30,Palestino , Coquimbo Unido,33.0,18.0,49.0,2.57,3.05,2.7,2.0,55.0,45.0,2.25,1.62,0.0,47,53,2.0,1.73,0.0,1,2,PREMATIPS
2025-11-08,20:30,Santa Clara , Sporting CP,27.0,14.0,59.0,7.0,4.5,1.39,2.0,50.0,50.0,1.93,1.93,1.0,40,60,2.1,1.67,0.0,1,2,PREMATIPS
2025-11-08,21:00,Vasco da Gama RJ , Juventude RS,52.0,20.0,28.0,1.5,4.33,6.0,1.0,53.0,47.0,1.75,2.05,0.0,44,56,1.8,1.95,0.0,1,3,PREMATIPS
2025-11-08,21:00,Dep. Mictlan , Marquense,42.0,23.0,35.0,1.71,3.3,4.33,4.0,55.0,45.0,1.95,1.75,0.0,40,60,1.9,1.78,0.0,1,1,PREMATIPS
2025-11-08,21:00,Minnesota Utd , Seattle Sounders,32.0,32.0,36.0,2.95,3.5,2.2,5.0,49.0,51.0,1.85,1.95,1.0,56,44,1.7,2.05,1.0,3,3,PREMATIPS
2025-11-08,21:10,Fortaleza CEIF , J. Barranquilla,38.0,30.0,32.0,2.2,3.1,3.4,4.0,52.0,48.0,2.35,1.57,0.0,53,47,2.0,1.73,1.0,1,1,PREMATIPS
2025-11-08,21:30,GV San Jose , CDT Real Oruro,36.0,30.0,34.0,2.2,3.2,2.8,5.0,44.0,56.0,1.72,1.98,1.0,59,41,1.61,2.15,1.0,2,2,PREMATIPS
2025-11-08,21:30,Internacional RS , Bahia BA,29.0,26.0,45.0,2.25,3.1,3.4,6.0,55.0,45.0,2.2,1.65,0.0,50,50,1.91,1.91,1.0,2,2,PREMATIPS
2025-11-08,21:30,Atletico PR , Volta Redonda RJ,49.0,28.0,23.0,1.33,4.5,9.0,1.0,61.0,39.0,2.03,1.78,0.0,46,54,2.5,1.5,0.0,2,0,PREMATIPS
2025-11-08,21:30,Ind. del Valle , Un. Catolica Q.,40.0,32.0,28.0,1.68,3.8,4.33,1.0,45.0,55.0,1.7,2.1,1.0,56,44,1.67,2.1,1.0,0,2,PREMATIPS
2025-11-08,22:15,Talleres , Platense,39.0,33.0,28.0,1.86,2.95,4.75,4.0,62.0,38.0,3.1,1.36,0.0,44,56,2.63,1.44,0.0,1,0,PREMATIPS
2025-11-08,22:40,Est. Buenos Aires , Est. Rio Cuarto,39.0,37.0,24.0,1.91,2.75,5.25,1.0,71.0,29.0,3.5,1.3,0.0,34,66,2.75,1.4,0.0,1,0,PREMATIPS
2025-11-08,23:00,Comunicaciones , Coban Imperial,37.0,24.0,39.0,1.82,3.2,3.9,5.0,56.0,44.0,2.0,1.71,0.0,38,62,1.88,1.8,0.0,1,0,PREMATIPS
2025-11-08,23:00,Tigres UANL , Atl. San Luis,64.0,17.0,19.0,1.39,4.5,7.5,1.0,51.0,49.0,1.53,2.4,0.0,56,44,1.67,2.1,1.0,3,1,PREMATIPS
2025-11-08,23:00,FC Cincinnati , Columbus Crew,35.0,30.0,35.0,2.47,3.56,2.56,5.0,40.0,60.0,1.62,2.22,1.0,63,37,1.51,2.41,1.0,2,1,PREMATIPS
2025-11-08,23:07,Guadalajara , Monterrey,39.0,16.0,45.0,2.15,3.4,3.3,6.0,43.0,57.0,1.88,1.93,1.0,56,44,1.7,2.05,1.0,4,2,PREMATIPS
2025-11-08,23:15,Olancho FC , Lobos UPNFM,41.0,30.0,29.0,1.57,3.75,4.75,1.0,41.0,59.0,1.6,2.15,1.0,71,29,1.65,2.05,1.0,1,1,PREMATIPS
2025-11-08,23:20,Atl. Nacional , Aguilas Doradas,39.0,35.0,26.0,1.45,4.2,7.0,1.0,44.0,56.0,1.73,2.08,1.0,59,41,1.83,1.83,1.0,2,1,PREMATIPS
2025-11-08,23:30,Vila Nova GO , Avai SC,32.0,36.0,32.0,2.1,2.95,3.7,0.0,61.0,39.0,2.6,1.48,0.0,50,50,2.2,1.62,0.0,2,2,PREMATIPS
2025-11-08,23:30,O'Higgins , Nublense,46.0,29.0,25.0,1.71,3.6,4.33,1.0,60.0,40.0,1.85,1.95,0.0,46,54,1.8,1.91,0.0,4,2,PREMATIPS
2025-11-08,23:30,Dep. La Guaira , Puerto Cabello,39.0,33.0,28.0,2.25,2.95,2.95,1.0,57.0,43.0,2.25,1.57,0.0,47,53,1.95,1.73,0.0,0,0,PREMATIPS
2025-11-08,23:30,Monagas , Zamora Barinas,36.0,33.0,31.0,2.3,3.2,2.7,4.0,54.0,46.0,1.83,1.85,0.0,51,49,1.7,2.0,1.0,1,0,PREMATIPS
2025-11-09,01:00,Inter Miami , Nashville SC,42.0,30.0,28.0,1.62,4.36,4.38,1.0,32.0,68.0,1.38,2.89,1.0,64,36,1.42,2.66,1.0,4,0,PREMATIPS
2025-11-09,03:00,Xelaju MC , Dep. Achuapa,43.0,31.0,26.0,1.29,4.52,8.31,1.0,43.0,57.0,1.76,1.93,1.0,51,49,2.15,1.6,1.0,0,0,PREMATIPS
2025-11-09,12:00,Ferizaj , Dukagjini,37.0,13.0,50.0,2.23,3.12,2.93,2.0,60.0,40.0,2.02,1.7,0.0,47,53,1.8,1.89,0.0,0,1,PREMATIPS
2025-11-09,14:00,Bologna , Napoli,32.0,33.0,35.0,3.0,3.0,2.55,6.0,54.0,46.0,2.5,1.53,0.0,45,55,2.0,1.75,0.0,2,0,PREMATIPS
2025-11-09,14:00,Brommapojkarna , Degerfors,49.0,10.0,41.0,3.21,3.55,2.04,1.0,50.0,50.0,1.72,2.03,1.0,49,51,1.61,2.18,0.0,1,3,PREMATIPS
2025-11-09,14:00,Kocaelispor , Galatasaray,19.0,21.0,60.0,6.5,4.75,1.39,2.0,54.0,46.0,1.62,2.25,0.0,48,52,1.8,1.91,0.0,1,0,PREMATIPS
2025-11-09,15:00,Olympique Safi , Wydad Casablanca,13.0,31.0,56.0,3.99,2.88,1.96,2.0,55.0,45.0,2.7,1.41,0.0,53,47,2.26,1.55,1.0,1,2,PREMATIPS
2025-11-09,15:30,Estrela Amadora , Nacional Madeira,31.0,30.0,39.0,2.3,3.2,2.95,6.0,60.0,40.0,2.2,1.65,0.0,44,56,1.95,1.8,0.0,1,1,PREMATIPS
2025-11-09,16:00,Brann Bergen , KFUM Oslo,46.0,27.0,27.0,1.62,3.8,5.25,1.0,36.0,64.0,1.85,1.95,1.0,60,40,1.91,1.91,1.0,1,1,PREMATIPS
2025-11-09,16:45,CS Constantine , JS Kabylie,23.0,46.0,31.0,2.33,2.78,3.02,6.0,66.0,34.0,2.56,1.45,0.0,49,51,2.08,1.64,0.0,1,0,PREMATIPS
2025-11-09,18:15,Haugesund , Molde,21.0,16.0,63.0,7.82,5.12,1.31,2.0,36.0,64.0,1.43,2.64,1.0,51,49,1.69,2.03,1.0,0,2,PREMATIPS
2025-11-09,19:15,Arka Gdynia , Lech Poznan,23.0,36.0,41.0,4.09,3.59,1.78,2.0,43.0,57.0,1.75,1.98,1.0,59,41,1.69,2.06,1.0,3,1,PREMATIPS
2025-11-09,20:00,Celta Vigo , Barcelona,19.0,45.0,36.0,4.08,4.16,1.75,6.0,45.0,55.0,1.37,2.98,1.0,73,27,1.39,2.8,1.0,2,4,PREMATIPS
2025-11-09,22:20,Banfield , Aldosivi,53.0,18.0,29.0,2.01,2.95,4.2,1.0,65.0,35.0,2.4,1.53,0.0,34,66,2.05,1.7,0.0,0,1,PREMATIPS
2025-11-09,23:00,Orense SC , Barcelona SC,33.0,33.0,34.0,2.7,2.95,2.57,0.0,57.0,43.0,2.2,1.65,0.0,49,51,1.83,1.83,0.0,1,2,PREMATIPS
2025-11-11,00:00,Aucas Quito , Delfin Manta,43.0,34.0,23.0,1.42,4.2,6.5,1.0,49.0,51.0,1.83,1.98,1.0,47,53,2.0,1.73,0.0,8,0,PREMATIPS
2025-11-11,12:30,Inter Bratislava , Skalica,26.0,33.0,41.0,3.4,3.0,2.0,2.0,54.0,46.0,2.0,1.7,0.0,48,52,1.83,1.85,0.0,0,2,PREMATIPS
2025-11-01,00:00,Delfin Manta , Dep. Cuenca,32.0,33.0,35.0,2.82,2.95,2.45,6.0,62.0,38.0,2.5,1.5,0.0,45,55,2.04,1.69,0.0,2,0,PREMATIPS
2025-11-01,00:10,Est. Rio Cuarto , Gimnasia y Tiro,35.0,36.0,29.0,2.45,2.57,3.5,4.0,72.0,28.0,3.5,1.3,0.0,36,64,2.5,1.5,0.0,2,0,PREMATIPS
2025-11-01,00:15,Instituto ACC , Rosario Central,31.0,34.0,35.0,3.05,2.82,2.55,6.0,76.0,24.0,2.88,1.4,0.0,34,66,2.25,1.57,0.0,1,3,PREMATIPS
2025-11-01,00:15,Newells Old Boys , Union Santa Fe,23.0,40.0,37.0,3.05,2.85,2.45,6.0,58.0,42.0,2.7,1.44,0.0,49,51,2.2,1.62,0.0,0,1,PREMATIPS
2025-11-01,00:30,Blooming , Aurora Cochabamba,39.0,31.0,30.0,1.85,3.5,3.4,1.0,46.0,54.0,1.68,2.0,1.0,56,44,1.65,2.1,1.0,4,1,PREMATIPS
2025-11-01,00:30,Christchurch Utd , Auckland City,52.0,8.0,40.0,2.1,3.6,2.7,1.0,40.0,60.0,1.47,2.5,1.0,50,50,1.46,2.5,1.0,2,2,PREMATIPS
2025-11-01,00:35,Ferroviaria SP , Criciuma SC,22.0,41.0,37.0,2.75,3.05,2.55,6.0,57.0,43.0,2.25,1.62,0.0,56,44,1.91,1.8,1.0,0,0,PREMATIPS
2025-11-01,01:00,Necaxa , Santos Laguna,29.0,32.0,39.0,1.46,4.5,5.75,6.0,44.0,56.0,1.4,2.88,1.0,57,43,1.53,2.38,1.0,4,1,PREMATIPS
2025-11-01,01:00,Correcaminos , Zacatecas,20.0,29.0,51.0,3.7,3.5,1.77,2.0,33.0,67.0,1.68,2.05,1.0,66,34,1.65,2.1,1.0,0,2,PREMATIPS
2025-11-01,01:00,Irapuato , Tapatio,46.0,33.0,21.0,1.65,3.76,4.33,4.0,45.0,55.0,1.64,2.1,1.0,49,51,1.64,2.1,0.0,2,1,PREMATIPS
2025-11-01,01:00,Miramar Rangers , Western Springs,37.0,25.0,38.0,2.45,3.7,2.25,5.0,16.0,84.0,1.39,2.75,1.0,71,29,1.38,2.8,1.0,1,2,PREMATIPS
2025-11-01,01:00,Alianza Lima , Melgar Arequipa,32.0,41.0,27.0,1.76,3.38,4.33,4.0,50.0,50.0,2.14,1.64,0.0,56,44,2.0,1.72,1.0,2,2,PREMATIPS
2025-11-01,02:00,Sp. San Jose , Herediano,37.0,37.0,26.0,2.15,3.2,3.3,4.0,55.0,45.0,2.1,1.7,0.0,44,56,1.83,1.83,0.0,0,1,PREMATIPS
2025-11-01,02:00,Auckland United , Coastal Spirit,30.0,27.0,43.0,1.57,4.33,4.0,6.0,40.0,60.0,1.36,2.9,1.0,50,50,1.44,2.55,1.0,3,0,PREMATIPS
2025-11-01,03:00,Atl. San Luis , Juarez,38.0,23.0,39.0,2.1,3.4,3.3,5.0,46.0,54.0,1.8,2.0,1.0,63,37,1.7,2.05,1.0,1,2,PREMATIPS
2025-11-01,03:05,Puebla , Cruz Azul,15.0,29.0,56.0,5.5,4.0,1.56,2.0,42.0,58.0,1.75,2.05,1.0,61,39,1.75,2.0,1.0,0,3,PREMATIPS
2025-11-01,04:00,Auckland FC , Adelaide Utd,66.0,10.0,24.0,1.76,4.1,3.9,1.0,50.0,50.0,1.67,2.2,1.0,50,50,1.67,2.1,1.0,2,1,PREMATIPS
2025-11-01,04:05,Kashiwa Reysol , S. Hiroshima,33.0,33.0,34.0,2.8,3.06,2.4,0.0,56.0,44.0,2.08,1.67,0.0,51,49,1.79,1.88,1.0,1,3,PREMATIPS
2025-11-01,05:00,Daejeon Citizen , Seoul,35.0,31.0,34.0,2.5,3.4,2.7,5.0,45.0,55.0,1.7,2.1,1.0,58,42,1.57,2.25,1.0,3,1,PREMATIPS
2025-11-01,05:00,Gangwon , Jeonbuk Motors,34.0,31.0,35.0,2.92,3.28,2.29,5.0,52.0,48.0,1.89,1.83,0.0,54,46,1.7,2.02,1.0,0,0,PREMATIPS
2025-11-01,05:00,Gyeongnam ,Land,23.0,27.0,50.0,4.5,3.8,1.7,2.0,52.0,48.0,1.75,2.05,0.0,52,48,1.73,2.0,1.0,0,0,PREMATIPS
2025-11-01,05:00,Suwon Bluewings , Chungbuk Cheongju,49.0,31.0,20.0,1.33,5.5,7.0,1.0,47.0,53.0,1.5,2.5,1.0,55,45,1.8,1.91,1.0,2,0,PREMATIPS
2025-11-01,06:00,Newcastle Jets , Sydney,66.0,4.0,30.0,2.57,3.9,2.32,1.0,34.0,66.0,1.44,2.75,1.0,66,34,1.4,2.75,1.0,1,4,PREMATIPS
2025-11-01,07:30,Changchun Yatai , Beijing Guoan,16.0,28.0,56.0,2.45,4.1,2.3,2.0,39.0,61.0,1.36,3.1,1.0,61,39,1.36,3.0,1.0,0,4,PREMATIPS
2025-11-01,07:30,Shandong Taishan , Tianjin J. Tiger,39.0,27.0,34.0,1.35,5.25,6.5,5.0,38.0,62.0,1.4,2.88,1.0,61,39,1.57,2.25,1.0,2,1,PREMATIPS
2025-11-01,07:30,Gimcheon Sangmu , Pohang Steelers,36.0,31.0,33.0,2.63,3.4,2.55,5.0,47.0,53.0,1.7,2.1,1.0,57,43,1.62,2.2,1.0,0,1,PREMATIPS
2025-11-01,07:30,Anyang , Ulsan HD,32.0,31.0,37.0,3.1,3.5,2.2,5.0,50.0,50.0,1.93,1.88,0.0,55,45,1.73,2.0,1.0,3,1,PREMATIPS
2025-11-01,07:30,Bucheon 1995 , Ansan Greeners,49.0,33.0,18.0,1.7,3.7,4.75,1.0,54.0,46.0,2.05,1.75,0.0,48,52,1.91,1.8,0.0,2,0,PREMATIPS
2025-11-01,07:30,Gimpo , Hwaseong FC,39.0,34.0,27.0,1.93,3.22,3.66,4.0,63.0,37.0,2.13,1.63,0.0,48,52,1.92,1.77,0.0,5,1,PREMATIPS
2025-11-01,08:30,Bhayangkara , Persita Tangerang,32.0,32.0,36.0,2.1,3.1,3.0,0.0,62.0,38.0,2.1,1.63,0.0,41,59,1.9,1.78,0.0,1,1,PREMATIPS
2025-11-01,08:35,Macarthur , WS Wanderers,34.0,30.0,36.0,2.75,3.7,2.3,5.0,67.0,33.0,1.62,2.3,0.0,50,50,1.53,2.38,1.0,1,1,PREMATIPS
2025-11-01,10:00,Karvan Yevlakh , Zira Baku,15.0,35.0,50.0,10.0,4.75,1.26,2.0,48.0,52.0,1.77,1.93,1.0,50,50,2.37,1.5,0.0,2,3,PREMATIPS
2025-11-01,10:00,Dobrudzha , Spartak Varna,15.0,39.0,46.0,1.86,3.3,4.0,6.0,55.0,45.0,2.0,1.8,0.0,55,45,1.8,1.91,1.0,2,0,PREMATIPS
2025-11-01,10:00,Mara Sugar , Bandari,16.0,72.0,12.0,2.32,2.79,3.08,4.0,64.0,36.0,2.99,1.31,0.0,36,64,2.4,1.5,0.0,0,0,PREMATIPS
2025-11-01,10:00,Met. Zaporizhya , Livyi Bereh Kyiv,13.0,22.0,65.0,9.75,4.6,1.27,2.0,61.0,39.0,2.1,1.65,0.0,34,66,2.87,1.36,0.0,0,5,PREMATIPS
2025-11-01,10:30,Keciorengucu , Sariyer SK,36.0,32.0,32.0,2.25,3.3,2.9,5.0,52.0,48.0,1.85,1.95,0.0,55,45,1.67,2.1,1.0,3,0,PREMATIPS
2025-11-01,11:00,Smorgon , Vitebsk,36.0,17.0,47.0,2.5,3.0,2.55,6.0,52.0,48.0,2.3,1.55,0.0,45,55,1.98,1.72,0.0,0,2,PREMATIPS
2025-11-01,11:00,Sporting CP B , Feirense,51.0,21.0,28.0,1.95,3.1,3.6,1.0,58.0,42.0,2.15,1.67,0.0,35,65,1.91,1.8,0.0,3,2,PREMATIPS
2025-11-01,11:00,Ural , Sokol Saratov,52.0,32.0,16.0,1.45,4.14,7.21,1.0,66.0,34.0,2.07,1.73,0.0,46,54,2.24,1.57,0.0,2,0,PREMATIPS
2025-11-01,11:00,Ratchaburi , Chiangrai Utd,41.0,33.0,26.0,1.57,3.6,4.8,1.0,66.0,34.0,2.05,1.66,0.0,53,47,2.1,1.63,1.0,-,-,PREMATIPS
2025-11-01,11:00,Kryvbas , SC Poltava,77.0,14.0,9.0,1.32,5.25,8.5,1.0,43.0,57.0,1.6,2.2,1.0,55,45,1.98,1.73,1.0,2,2,PREMATIPS
2025-11-01,11:00,UCSA Tarasivka , Metalist Kharkov,36.0,24.0,40.0,2.5,3.0,2.5,5.0,67.0,33.0,2.15,1.62,0.0,34,66,1.88,1.8,0.0,2,1,PREMATIPS
2025-11-01,11:00,Ninh Binh FC , Becamex HoChiMinh,54.0,29.0,17.0,1.36,4.4,6.5,1.0,32.0,68.0,1.65,2.1,1.0,67,33,1.9,1.77,1.0,1,1,PREMATIPS
2025-11-01,11:00,SHB Da Nang , Song Lam NA,39.0,24.0,37.0,2.0,3.0,3.4,5.0,53.0,47.0,2.25,1.55,0.0,71,29,2.0,1.7,1.0,1,1,PREMATIPS
2025-11-01,11:30,Avellino , Reggiana 1919,39.0,33.0,28.0,1.86,3.5,4.0,1.0,47.0,53.0,2.2,1.65,1.0,64,36,2.0,1.75,1.0,4,3,PREMATIPS
2025-11-01,11:30,Sabah FA , Selangor,22.0,34.0,44.0,4.2,4.0,1.58,6.0,40.0,60.0,1.58,2.2,1.0,43,57,1.66,2.05,0.0,1,2,PREMATIPS
2025-11-01,11:30,Geylang Int , A. Niigata,37.0,29.0,34.0,2.1,3.9,2.55,5.0,27.0,73.0,1.28,3.4,1.0,72,28,1.29,3.25,1.0,0,3,PREMATIPS
2025-11-01,11:30,Kanchanaburi , Ayutthaya Utd,27.0,48.0,25.0,1.87,3.4,3.4,4.0,52.0,48.0,1.73,1.95,0.0,60,40,1.66,2.05,1.0,1,2,PREMATIPS
2025-11-01,11:35,Meizhou Hakka , Dalian Yingbo,31.0,26.0,43.0,2.01,3.8,3.2,6.0,44.0,56.0,1.57,2.35,1.0,56,44,1.5,2.5,1.0,2,2,PREMATIPS
2025-11-01,12:00,Hertha Berlin , Dynamo Dresden,48.0,30.0,22.0,1.91,3.5,3.9,1.0,38.0,62.0,1.53,2.4,1.0,55,45,1.44,2.63,1.0,2,0,PREMATIPS
2025-11-01,12:00,Karlsruher , Schalke 04,39.0,7.0,54.0,2.8,3.1,2.6,2.0,48.0,52.0,1.75,2.05,1.0,45,55,1.57,2.25,0.0,2,1,PREMATIPS
2025-11-01,12:00,Nurnberg , E. Braunschweig,34.0,20.0,46.0,1.73,3.8,4.5,6.0,41.0,59.0,1.67,2.15,1.0,61,39,1.67,2.1,1.0,2,1,PREMATIPS
2025-11-01,12:00,Athens Kallithea , Marko 1927,38.0,33.0,29.0,1.75,3.1,4.4,4.0,63.0,37.0,2.2,1.6,0.0,49,51,2.05,1.66,0.0,1,1,PREMATIPS
2025-11-01,12:00,Bali United , Persib Bandung,31.0,33.0,36.0,3.2,3.3,1.95,6.0,49.0,51.0,1.75,1.93,1.0,61,39,1.68,2.05,1.0,0,1,PREMATIPS
2025-11-01,12:00,Nairobi United , Sofapaka,38.0,33.0,29.0,1.85,3.06,3.72,4.0,73.0,27.0,2.29,1.44,0.0,35,65,2.1,1.6,0.0,0,3,PREMATIPS
2025-11-01,12:00,Ballkani , Ferizaj,54.0,28.0,18.0,1.35,4.23,7.32,1.0,53.0,47.0,1.69,2.06,0.0,44,56,1.88,1.79,0.0,1,1,PREMATIPS
2025-11-01,12:00,Politechnica UTM , Dacia Buiucani,29.0,31.0,40.0,3.79,3.52,1.72,2.0,43.0,57.0,1.55,2.1,1.0,57,43,1.58,2.16,1.0,2,1,PREMATIPS
2025-11-01,12:00,Povazska Bystrica , Puchov,56.0,26.0,18.0,1.61,3.8,4.1,1.0,48.0,52.0,1.57,2.25,1.0,61,39,1.63,2.1,1.0,0,1,PREMATIPS
2025-11-01,12:00,Tatran LM , Petrzalka,41.0,25.0,34.0,1.63,3.9,4.1,4.0,46.0,54.0,1.7,2.0,1.0,61,39,1.75,1.95,1.0,4,2,PREMATIPS
2025-11-01,12:00,Zvolen , STK Samorin,51.0,19.0,30.0,1.82,3.6,3.4,1.0,48.0,52.0,1.65,2.1,1.0,66,34,1.63,2.1,1.0,1,3,PREMATIPS
2025-11-01,12:00,Falkenberg , Vasteras,32.0,24.0,44.0,4.5,3.9,1.62,6.0,38.0,62.0,1.67,2.15,1.0,51,49,1.7,2.05,1.0,0,1,PREMATIPS
2025-11-01,12:00,Orgryte , Kalmar,30.0,39.0,31.0,2.6,3.5,2.45,6.0,49.0,51.0,1.62,2.25,1.0,50,50,1.53,2.38,1.0,0,2,PREMATIPS
2025-11-01,12:00,Йоребро Сир. , AFC Eskilstuna,35.0,19.0,46.0,3.4,3.6,1.83,2.0,34.0,66.0,1.47,2.45,1.0,69,31,1.47,2.45,1.0,2,4,PREMATIPS
2025-11-01,12:00,Ljungskile , Skovde,60.0,16.0,24.0,1.22,5.75,9.0,1.0,37.0,63.0,1.36,2.87,1.0,54,46,1.75,1.93,1.0,5,1,PREMATIPS
2025-11-01,12:00,Norrby , Husqvarna,53.0,27.0,20.0,1.57,4.1,4.2,1.0,41.0,59.0,1.51,2.37,1.0,54,46,1.6,2.15,1.0,4,1,PREMATIPS
2025-11-01,12:00,Rosengard 1917 , Hassleholms IF,30.0,14.0,56.0,3.0,3.4,2.0,2.0,47.0,53.0,1.75,1.93,1.0,51,49,1.68,2.05,1.0,1,2,PREMATIPS
2025-11-01,12:00,Buriram Utd , Nakhon Ratch.,52.0,33.0,15.0,1.13,7.25,13.5,1.0,45.0,55.0,1.47,2.45,1.0,63,37,2.4,1.5,1.0,2,1,PREMATIPS
2025-11-01,12:00,Khujand , CSKA Pamir,33.0,19.0,48.0,2.31,3.3,2.66,6.0,43.0,57.0,1.85,1.85,1.0,57,43,1.67,2.06,1.0,0,0,PREMATIPS
2025-11-01,12:00,Andijan , Buxoro,43.0,25.0,32.0,2.2,3.0,3.0,4.0,53.0,47.0,2.0,1.7,0.0,48,52,1.8,1.88,0.0,1,1,PREMATIPS
2025-11-01,12:15,Kazincbarcikai , Puskas Akademia,36.0,15.0,49.0,4.5,4.0,1.67,2.0,38.0,62.0,1.7,2.1,1.0,60,40,1.73,2.0,1.0,1,3,PREMATIPS
2025-11-01,12:15,Kuala Lumpur , Kelantan Warriors,47.0,27.0,26.0,1.19,6.25,9.5,1.0,39.0,61.0,1.34,3.0,1.0,50,50,1.78,1.9,1.0,2,1,PREMATIPS
2025-11-01,12:15,Cong An HoChiMinh , Hai Phong,34.0,38.0,28.0,2.45,3.1,2.55,4.0,36.0,64.0,2.05,1.66,1.0,58,42,1.85,1.82,1.0,1,2,PREMATIPS
2025-11-01,12:30,Leicester City , Blackburn Rovers,48.0,30.0,22.0,1.71,3.9,4.2,1.0,53.0,47.0,2.03,1.83,0.0,55,45,1.91,1.8,1.0,0,2,PREMATIPS
2025-11-01,12:30,Norwich City , Hull City,20.0,23.0,57.0,2.01,3.9,3.25,2.0,43.0,57.0,1.73,2.1,1.0,65,35,1.62,2.2,1.0,0,2,PREMATIPS
2025-11-01,12:30,West Bromwich , Sheffield Wed,64.0,32.0,3.0,1.45,4.5,6.25,1.0,49.0,51.0,1.93,1.93,1.0,51,49,2.0,1.73,1.0,0,0,PREMATIPS
2025-11-01,12:30,Flora Tallinn , Kuressaare,69.0,11.0,20.0,1.16,6.75,12.0,1.0,33.0,67.0,1.29,3.25,1.0,57,43,1.78,1.9,1.0,2,0,PREMATIPS
2025-11-01,12:30,Ekhaya FC , Dedza Dynamos,62.0,9.0,29.0,1.7,3.06,4.49,1.0,63.0,37.0,2.22,1.54,0.0,28,72,2.1,1.66,0.0,1,1,PREMATIPS
2025-11-01,12:30,Kamuzu Barracks , Chitipa United,34.0,36.0,30.0,1.61,3.37,5.53,4.0,67.0,33.0,2.29,1.55,0.0,26,74,2.2,1.59,0.0,3,0,PREMATIPS
2025-11-01,12:30,Mzuzu Hammers , Creck Sporting,29.0,28.0,43.0,2.8,2.8,2.4,6.0,67.0,33.0,2.6,1.43,0.0,36,64,2.16,1.61,0.0,1,1,PREMATIPS
2025-11-01,12:30,Rayong , Sukhothai,29.0,52.0,19.0,1.82,3.4,3.6,4.0,58.0,42.0,1.68,2.05,0.0,66,34,1.65,2.1,1.0,2,0,PREMATIPS
2025-11-01,12:45,Lokomotiv Pd , Botev Plovdiv,60.0,17.0,23.0,1.91,3.4,3.75,1.0,49.0,51.0,2.15,1.67,1.0,58,42,1.91,1.8,1.0,0,4,PREMATIPS
2025-11-01,13:00,Neftchi Baku , Kapaz,43.0,38.0,19.0,1.33,4.4,7.5,4.0,52.0,48.0,1.7,2.0,0.0,32,68,2.05,1.68,0.0,5,1,PREMATIPS
2025-11-01,13:00,Opava , Taborsko,36.0,20.0,44.0,2.05,3.4,3.0,6.0,43.0,57.0,1.85,1.95,1.0,50,50,1.67,2.1,1.0,2,2,PREMATIPS
2025-11-01,13:00,Aarhus Fremad , Hvidovre,32.0,23.0,45.0,2.1,3.75,2.95,6.0,44.0,56.0,1.75,2.05,1.0,61,39,1.62,2.2,1.0,0,0,PREMATIPS
2025-11-01,13:00,Hillerod , Kolding,44.0,28.0,28.0,2.57,3.7,2.35,0.0,39.0,61.0,1.9,1.9,1.0,61,39,1.73,2.0,1.0,1,1,PREMATIPS
2025-11-01,13:00,Middelfart , AAB Aalborg,17.0,34.0,49.0,4.2,3.8,1.71,2.0,41.0,59.0,1.73,2.08,1.0,49,51,1.67,2.1,0.0,1,2,PREMATIPS
2025-11-01,13:00,Amiens , Grenoble Foot,47.0,28.0,25.0,3.0,3.2,2.4,1.0,58.0,42.0,2.15,1.67,0.0,52,48,1.83,1.83,1.0,2,3,PREMATIPS
2025-11-01,13:00,Reims , Dunkerque,37.0,32.0,31.0,2.1,3.25,3.5,1.0,46.0,54.0,1.9,1.9,1.0,52,48,1.73,2.0,1.0,1,2,PREMATIPS
2025-11-01,13:00,Erzgebirge Aue , Jahn Regensburg,39.0,25.0,36.0,2.1,3.7,3.1,5.0,46.0,54.0,1.75,2.05,1.0,55,45,1.62,2.2,1.0,4,3,PREMATIPS
2025-11-01,13:00,Havelse , Wehen Wiesbaden,15.0,39.0,46.0,3.6,4.0,1.8,2.0,43.0,57.0,1.53,2.4,1.0,66,34,1.53,2.38,1.0,0,2,PREMATIPS
2025-11-01,13:00,Munchen 1860 , Energie Cottbus,30.0,20.0,50.0,2.2,3.75,2.8,2.0,32.0,68.0,1.6,2.3,1.0,72,28,1.5,2.5,1.0,3,0,PREMATIPS
2025-11-01,13:00,Osnabruck , Duisburg,32.0,34.0,34.0,2.15,3.3,3.1,6.0,40.0,60.0,1.95,1.85,1.0,61,39,1.73,2.0,1.0,0,0,PREMATIPS
2025-11-01,13:00,Ulm 1846 , Stuttgart II,34.0,13.0,53.0,2.4,3.6,2.75,2.0,29.0,71.0,1.6,2.3,1.0,72,28,1.5,2.5,1.0,1,3,PREMATIPS
2025-11-01,13:00,Kalamata , Panargiakos,47.0,37.0,16.0,1.11,7.25,20.0,1.0,49.0,51.0,1.61,2.15,1.0,58,42,3.2,1.3,1.0,5,1,PREMATIPS
2025-11-01,13:00,Nestos Chrysoupoli , Niki Volos,32.0,18.0,50.0,4.8,3.4,1.62,2.0,59.0,41.0,2.37,1.51,0.0,34,66,2.35,1.52,0.0,0,0,PREMATIPS
2025-11-01,13:00,Olympiacos B , Ilioupoli,46.0,36.0,18.0,1.25,4.9,9.76,1.0,59.0,41.0,1.63,2.05,0.0,49,51,2.15,1.59,0.0,2,3,PREMATIPS
2025-11-01,13:00,PAOK B , Makedonikos,49.0,19.0,32.0,1.7,3.3,4.4,1.0,68.0,32.0,2.05,1.68,0.0,44,56,1.98,1.72,0.0,3,0,PREMATIPS
2025-11-01,13:00,Maccabi Haifa , Hapoel Jerusalem,69.0,20.0,11.0,1.3,5.5,7.5,1.0,47.0,53.0,1.44,2.7,1.0,61,39,1.8,1.91,1.0,2,2,PREMATIPS
2025-11-01,13:00,Kariobangi Sharks , Shabana,23.0,38.0,39.0,2.76,2.74,2.55,6.0,53.0,47.0,2.7,1.35,0.0,54,46,2.26,1.55,1.0,0,0,PREMATIPS
2025-11-01,13:00,PDRM , Kuching City,21.0,45.0,34.0,3.72,3.5,1.8,6.0,40.0,60.0,1.67,2.05,1.0,43,57,1.61,2.14,0.0,0,5,PREMATIPS
2025-11-01,13:00,Bokelj Kotor , Sutjeska Niksic,22.0,26.0,52.0,3.3,3.2,1.95,2.0,51.0,49.0,1.98,1.72,0.0,48,52,1.83,1.85,0.0,4,5,PREMATIPS
2025-11-01,13:00,Villarreal , Rayo Vallecano,54.0,15.0,31.0,1.73,3.8,5.0,1.0,58.0,42.0,1.73,2.1,0.0,49,51,1.7,2.05,0.0,4,0,PREMATIPS
2025-11-01,13:00,Pontevedra , Zamora CF,28.0,45.0,27.0,2.1,3.0,3.3,4.0,61.0,39.0,2.5,1.5,0.0,45,55,2.1,1.67,0.0,4,1,PREMATIPS
2025-11-01,13:00,Umraniyespor , Sivasspor,24.0,34.0,42.0,5.5,4.0,1.5,2.0,59.0,41.0,1.73,2.08,0.0,46,54,1.83,1.83,0.0,1,0,PREMATIPS
2025-11-01,13:00,Al Dhafra Club , Al Ittihad Kalba,45.0,7.0,48.0,3.1,3.4,1.95,5.0,52.0,48.0,1.68,2.05,0.0,48,52,1.63,2.1,0.0,3,0,PREMATIPS
2025-11-01,13:00,Progreso M. , Mont. City Torque,40.0,8.0,52.0,3.5,3.4,2.0,2.0,52.0,48.0,1.9,1.9,0.0,46,54,1.73,2.0,0.0,0,5,PREMATIPS
2025-11-01,13:00,Green Eagles , Zanaco,27.0,30.0,43.0,3.0,2.55,2.5,6.0,86.0,14.0,3.0,1.33,0.0,35,65,2.4,1.49,0.0,1,0,PREMATIPS
2025-11-01,13:00,Mufulira Wand. , Kabwe Warriors,34.0,34.0,32.0,2.5,2.75,2.8,0.0,82.0,18.0,3.0,1.33,0.0,27,73,2.45,1.47,0.0,0,1,PREMATIPS
2025-11-01,13:00,Mutondo Stars , Konkola Blades,34.0,34.0,32.0,2.45,2.75,2.85,0.0,83.0,17.0,2.95,1.34,0.0,26,74,2.4,1.49,0.0,1,2,PREMATIPS
2025-11-01,13:00,Red Arrows , Nkana,61.0,31.0,8.0,1.58,3.3,5.5,1.0,78.0,22.0,2.6,1.43,0.0,35,65,2.6,1.42,0.0,3,0,PREMATIPS
2025-11-01,13:15,Slavia Mozyr , Naftan,62.0,18.0,20.0,1.47,3.8,5.75,1.0,47.0,53.0,1.98,1.71,1.0,47,53,2.15,1.6,0.0,2,0,PREMATIPS
2025-11-01,13:30,Olympique Akbou , MB Rouissat,34.0,37.0,29.0,1.63,3.3,5.0,4.0,72.0,28.0,2.5,1.47,0.0,48,52,2.45,1.49,0.0,2,1,PREMATIPS
2025-11-01,13:30,First Vienna , Amstetten,24.0,44.0,32.0,2.6,3.25,2.45,6.0,56.0,44.0,1.85,1.82,0.0,45,55,1.71,1.98,0.0,2,3,PREMATIPS
2025-11-01,13:30,Hertha Wels , SW Bregenz,63.0,25.0,12.0,1.88,3.6,3.5,1.0,50.0,50.0,1.63,2.1,1.0,57,43,1.61,2.15,1.0,1,1,PREMATIPS
2025-11-01,13:30,Sankt Polten , Floridsdorfer AC,44.0,25.0,31.0,2.37,3.3,2.65,1.0,50.0,50.0,1.8,1.88,1.0,51,49,1.66,2.05,1.0,0,2,PREMATIPS
2025-11-01,13:30,Paykan , Fajr Sepasi,15.0,63.0,22.0,2.6,2.9,2.7,6.0,77.0,23.0,2.6,1.42,0.0,42,58,2.2,1.6,0.0,2,2,PREMATIPS
2025-11-01,13:30,Pergolettese , Novara,34.0,34.0,32.0,2.37,2.95,2.7,0.0,71.0,29.0,2.5,1.46,0.0,50,50,2.15,1.62,0.0,2,2,PREMATIPS
2025-11-01,13:30,Arezzo , Campobasso,52.0,22.0,26.0,1.46,3.7,6.25,1.0,57.0,43.0,2.1,1.63,0.0,41,59,2.3,1.53,0.0,5,1,PREMATIPS
2025-11-01,13:30,Pineto , Pianese,40.0,36.0,24.0,1.75,3.25,4.1,4.0,60.0,40.0,2.1,1.63,0.0,44,56,2.0,1.7,0.0,1,1,PREMATIPS
2025-11-01,13:30,Audace Cerignola , Atalanta U23,39.0,32.0,29.0,1.85,3.4,3.4,1.0,50.0,50.0,1.73,1.95,1.0,48,52,1.68,2.0,0.0,2,4,PREMATIPS
2025-11-01,13:30,Casarano , Monopoli 1966,39.0,28.0,33.0,1.87,3.2,3.6,4.0,47.0,53.0,2.05,1.68,1.0,42,58,1.9,1.78,0.0,1,3,PREMATIPS
2025-11-01,13:30,Team Altamura , Cosenza,20.0,49.0,31.0,3.9,3.25,1.8,6.0,41.0,59.0,2.0,1.7,1.0,57,43,1.9,1.78,1.0,1,1,PREMATIPS
2025-11-01,13:30,Mamelodi Sund. , Orlando Pirates,38.0,34.0,28.0,2.0,3.0,3.75,1.0,72.0,28.0,2.6,1.42,0.0,30,70,2.25,1.55,0.0,1,1,PREMATIPS
2025-11-01,13:30,Orbit College , Magesi,51.0,22.0,27.0,3.1,2.85,2.35,1.0,61.0,39.0,2.8,1.38,0.0,43,57,2.3,1.53,0.0,3,1,PREMATIPS
2025-11-01,13:30,Al,Qadsiah,41.0,18.0,41.0,3.4,3.7,1.95,5.0,32.0,68.0,1.88,1.93,1.0,65,35,1.73,2.0,1.0,2,0,PREMATIPS
2025-11-01,13:30,Ben Guerdane , JS Kairouan,30.0,38.0,32.0,1.59,3.32,5.86,6.0,70.0,30.0,2.49,1.42,0.0,33,67,2.48,1.47,0.0,2,0,PREMATIPS
2025-11-01,13:30,Club Africain , AS Soliman,65.0,15.0,20.0,1.16,5.75,18.0,1.0,76.0,24.0,1.83,1.85,0.0,24,76,3.4,1.28,0.0,1,1,PREMATIPS
2025-11-01,13:30,Etoile du Sahel , ES Metlaoui,35.0,17.0,48.0,1.51,3.4,6.25,6.0,76.0,24.0,2.6,1.42,0.0,30,70,2.75,1.39,0.0,2,0,PREMATIPS
2025-11-01,13:30,Gabes , Monastir,13.0,48.0,39.0,4.6,2.85,1.8,6.0,73.0,27.0,2.9,1.35,0.0,33,67,2.6,1.43,0.0,1,1,PREMATIPS
2025-11-01,13:30,Kolos Kovalivka , Oleksandriya,48.0,36.0,16.0,2.05,2.95,4.1,1.0,63.0,37.0,2.75,1.39,0.0,45,55,2.35,1.52,0.0,1,1,PREMATIPS
2025-11-01,14:00,Jablonec , Zlin,37.0,35.0,28.0,1.62,3.8,4.75,4.0,69.0,31.0,2.0,1.8,0.0,51,49,1.95,1.8,1.0,1,3,PREMATIPS
2025-11-01,14:00,Pardubice , Dukla Prague,36.0,37.0,27.0,1.8,3.4,4.1,1.0,62.0,38.0,2.0,1.8,0.0,59,41,1.91,1.91,1.0,1,1,PREMATIPS
2025-11-01,14:00,Slovacko , Slovan Liberec,19.0,30.0,51.0,3.3,3.25,2.1,2.0,72.0,28.0,2.1,1.7,0.0,49,51,1.8,1.95,0.0,0,3,PREMATIPS
2025-11-01,14:00,Zbrojovka Brno , HS Kromeriz,75.0,11.0,14.0,1.3,5.25,7.5,1.0,39.0,61.0,1.44,2.7,1.0,52,48,1.73,2.0,1.0,5,2,PREMATIPS
2025-11-01,14:00,Rouen , Villefranche,60.0,22.0,18.0,1.52,3.6,5.5,1.0,49.0,51.0,1.93,1.75,1.0,47,53,2.05,1.68,0.0,2,1,PREMATIPS
2025-11-01,14:00,Udinese , Atalanta,27.0,32.0,41.0,4.75,3.9,1.7,2.0,61.0,39.0,1.67,2.2,0.0,67,33,1.7,2.05,1.0,1,0,PREMATIPS
2025-11-01,14:00,Carrarese , Frosinone,27.0,41.0,32.0,2.5,3.2,2.75,6.0,47.0,53.0,2.05,1.75,1.0,54,46,1.8,1.95,1.0,0,2,PREMATIPS
2025-11-01,14:00,Padova , Sudtirol,27.0,57.0,16.0,2.35,2.95,3.2,4.0,50.0,50.0,2.4,1.53,0.0,64,36,1.95,1.8,1.0,1,1,PREMATIPS
2025-11-01,14:00,Zimbru Chisinau , Spartanii,49.0,40.0,11.0,1.02,16.0,55.0,1.0,24.0,76.0,1.21,4.0,1.0,20,80,4.55,1.16,0.0,2,3,PREMATIPS
2025-11-01,14:00,Shinnik Yaroslavl , FC Chelyabinsk,26.0,43.0,31.0,2.41,2.87,3.25,6.0,68.0,32.0,2.92,1.33,0.0,44,56,2.36,1.52,0.0,1,0,PREMATIPS
2025-11-01,14:00,Juvenes/Dogana , Tre Penne,24.0,45.0,31.0,5.0,3.6,1.55,6.0,65.0,35.0,1.88,1.8,0.0,32,68,1.93,1.76,0.0,1,1,PREMATIPS
2025-11-01,14:00,Virtus , San Giovanni,71.0,17.0,12.0,1.19,5.5,13.0,1.0,41.0,59.0,1.58,2.2,1.0,42,58,2.36,1.52,0.0,2,0,PREMATIPS
2025-11-01,14:00,Bravo , Maribor,50.0,14.0,36.0,2.75,3.5,2.25,1.0,30.0,70.0,1.65,2.1,1.0,58,42,1.57,2.25,1.0,2,3,PREMATIPS
2025-11-01,14:00,Hacken , Malmo,24.0,28.0,48.0,2.57,3.5,2.45,6.0,49.0,51.0,1.65,2.2,1.0,52,48,1.57,2.25,1.0,1,1,PREMATIPS
2025-11-01,14:00,Helsingborg , Sundsvall,39.0,18.0,43.0,1.83,3.6,3.7,5.0,50.0,50.0,1.8,2.0,1.0,48,52,1.7,2.05,0.0,1,1,PREMATIPS
2025-11-01,14:00,Ostersund , Trelleborg,58.0,22.0,20.0,2.3,3.25,2.88,1.0,50.0,50.0,1.88,1.93,1.0,46,54,1.7,2.05,0.0,2,0,PREMATIPS
2025-11-01,14:00,Umea , Sandviken,24.0,25.0,51.0,2.63,3.3,2.45,2.0,46.0,54.0,1.67,2.15,1.0,50,50,1.53,2.38,1.0,1,2,PREMATIPS
2025-11-01,14:00,Varbergs BoIS , Brage,37.0,35.0,28.0,2.05,3.5,3.1,4.0,43.0,57.0,1.62,2.25,1.0,61,39,1.53,2.38,1.0,1,2,PREMATIPS
2025-11-01,14:00,Goztepe , Genclerbirligi,44.0,34.0,22.0,1.46,4.1,6.5,1.0,54.0,46.0,1.85,1.95,0.0,51,49,1.91,1.8,1.0,1,0,PREMATIPS
2025-11-01,14:30,Redonda FC , Academica Lobito,27.0,36.0,37.0,3.8,2.61,2.11,6.0,92.0,8.0,2.87,1.31,0.0,30,70,2.39,1.5,0.0,1,0,PREMATIPS
2025-11-01,14:30,Heidenheim , E. Frankfurt,31.0,30.0,39.0,3.75,4.1,1.85,5.0,30.0,70.0,1.5,2.63,1.0,63,37,1.44,2.63,1.0,1,1,PREMATIPS
2025-11-01,14:30,Mainz 05 , Werder Bremen,24.0,15.0,61.0,1.75,3.8,4.33,2.0,38.0,62.0,1.5,2.63,1.0,46,54,1.5,2.5,0.0,1,1,PREMATIPS
2025-11-01,14:30,RB Leipzig , Stuttgart,39.0,30.0,31.0,2.0,3.8,3.4,1.0,42.0,58.0,1.44,2.75,1.0,46,54,1.44,2.63,0.0,3,1,PREMATIPS
2025-11-01,14:30,Sankt Pauli , B. M'gladbach,37.0,32.0,31.0,2.25,3.4,3.2,4.0,47.0,53.0,1.85,2.0,1.0,42,58,1.7,2.05,0.0,0,4,PREMATIPS
2025-11-01,14:30,Union Berlin , Freiburg,35.0,26.0,39.0,2.6,3.3,2.7,5.0,38.0,62.0,2.2,1.67,1.0,54,46,1.91,1.91,1.0,0,0,PREMATIPS
2025-11-01,14:30,Gyori ETO , Paks,28.0,33.0,39.0,1.95,3.9,3.3,6.0,39.0,61.0,1.44,2.7,1.0,76,24,1.44,2.63,1.0,0,0,PREMATIPS
2025-11-01,14:30,Al Fahaheel , Kazma SC,26.0,22.0,52.0,3.4,3.25,1.93,2.0,54.0,46.0,2.0,1.71,0.0,43,57,1.87,1.82,0.0,1,1,PREMATIPS
2025-11-01,14:30,Al,Ahli Doha,58.0,5.0,35.0,3.0,3.4,2.0,1.0,45.0,55.0,1.68,2.05,1.0,46,54,1.62,2.15,0.0,1,2,PREMATIPS
2025-11-01,14:30,Skalica , Ruzomberok,33.0,33.0,34.0,2.35,3.2,2.75,0.0,49.0,51.0,2.05,1.68,1.0,51,49,1.83,1.85,1.0,0,0,PREMATIPS
2025-11-01,14:30,Tatran Presov , Zilina,15.0,44.0,41.0,2.6,3.5,2.3,6.0,34.0,66.0,1.61,2.15,1.0,64,36,1.55,2.3,1.0,0,4,PREMATIPS
2025-11-01,14:30,Z. Podbrezova , Slovan Brat.,24.0,35.0,41.0,3.4,3.7,1.88,6.0,36.0,64.0,1.46,2.5,1.0,65,35,1.44,2.55,1.0,1,3,PREMATIPS
2025-11-01,14:30,Caernarfon Town , Briton Ferry,53.0,21.0,26.0,1.29,5.0,7.25,1.0,38.0,62.0,1.38,2.75,1.0,57,43,1.65,2.1,1.0,4,1,PREMATIPS
2025-11-01,14:30,Cardiff Met , Connah's Quay,31.0,31.0,38.0,3.6,3.4,1.8,2.0,38.0,62.0,1.75,1.95,1.0,59,41,1.7,2.0,1.0,0,3,PREMATIPS
2025-11-01,14:30,Flint Town Utd ,Bont,23.0,22.0,55.0,3.6,3.5,1.77,2.0,42.0,58.0,1.66,2.05,1.0,45,55,1.63,2.1,0.0,3,4,PREMATIPS
2025-11-01,14:30,Haverfordwest , TNS,18.0,27.0,55.0,9.25,5.5,1.23,2.0,38.0,62.0,1.47,2.45,1.0,45,55,1.93,1.75,0.0,2,3,PREMATIPS
2025-11-01,14:35,Al,Ittihad,50.0,19.0,31.0,2.88,3.9,2.15,1.0,48.0,52.0,1.53,2.38,1.0,60,40,1.5,2.5,1.0,4,4,PREMATIPS
2025-11-01,14:45,Dyn. Makhachkala , Krylya Sovetov,28.0,39.0,33.0,2.19,3.12,3.84,6.0,67.0,33.0,2.68,1.43,0.0,48,52,2.25,1.61,0.0,2,0,PREMATIPS
2025-11-01,14:45,Rubin Kazan , Dynamo Moscow,46.0,20.0,34.0,3.41,3.46,2.2,4.0,49.0,51.0,1.91,1.95,1.0,53,47,1.71,2.07,1.0,0,0,PREMATIPS
2025-11-01,15:00,Noah ,Armenia,38.0,29.0,33.0,1.63,3.75,4.1,5.0,44.0,56.0,1.62,2.15,1.0,49,51,1.66,2.05,0.0,1,2,PREMATIPS
2025-11-01,15:00,Zulte Waregem , Union SG,32.0,25.0,43.0,5.0,4.33,1.57,2.0,59.0,41.0,1.67,2.15,0.0,48,52,1.75,2.0,0.0,1,4,PREMATIPS
2025-11-01,15:00,Jong KAA Gent , Eupen,24.0,35.0,41.0,2.88,3.4,2.38,6.0,55.0,45.0,1.85,1.95,0.0,42,58,1.73,2.0,0.0,2,1,PREMATIPS
2025-11-01,15:00,Dinamo Zagreb , Rijeka,48.0,30.0,22.0,1.45,4.2,6.0,1.0,45.0,55.0,1.85,1.95,1.0,55,45,2.0,1.73,1.0,2,1,PREMATIPS
2025-11-01,15:00,Omonia Aradippou , Ol. Nicosia,36.0,32.0,32.0,2.2,3.1,2.8,0.0,63.0,37.0,2.05,1.66,0.0,37,63,1.85,1.82,0.0,0,1,PREMATIPS
2025-11-01,15:00,Ghazl El Mahalla , Modern Sport FC,30.0,43.0,27.0,3.6,2.65,2.1,4.0,63.0,37.0,2.8,1.37,0.0,45,55,2.35,1.52,0.0,0,0,PREMATIPS
2025-11-01,15:00,Brighton , Leeds Utd,45.0,26.0,29.0,2.0,3.7,3.6,4.0,42.0,58.0,1.88,1.98,1.0,61,39,1.75,2.0,1.0,3,0,PREMATIPS
2025-11-01,15:00,Burnley , Arsenal,26.0,14.0,60.0,10.0,6.25,1.25,2.0,53.0,47.0,1.8,2.0,0.0,43,57,2.38,1.53,0.0,0,2,PREMATIPS
2025-11-01,15:00,Crystal Palace , Brentford,39.0,31.0,30.0,1.95,3.5,3.7,1.0,42.0,58.0,1.83,2.03,1.0,58,42,1.67,2.1,1.0,2,0,PREMATIPS
2025-11-01,15:00,Fulham , Wolverhampton,67.0,25.0,8.0,1.75,3.75,4.5,1.0,53.0,47.0,2.03,1.83,0.0,58,42,1.91,1.91,1.0,3,0,PREMATIPS
2025-11-01,15:00,Nottingham Forest , Manchester Utd,21.0,15.0,64.0,3.3,3.75,2.05,2.0,45.0,55.0,1.73,2.1,1.0,50,50,1.62,2.2,1.0,2,2,PREMATIPS
2025-11-01,15:00,Birmingham City , Portsmouth,31.0,44.0,25.0,1.68,3.7,4.75,4.0,63.0,37.0,2.1,1.73,0.0,48,52,2.0,1.73,0.0,4,0,PREMATIPS
2025-11-01,15:00,Charlton , Swansea City,48.0,25.0,27.0,2.05,3.3,3.6,1.0,63.0,37.0,2.63,1.5,0.0,48,52,2.2,1.62,0.0,1,1,PREMATIPS
2025-11-01,15:00,Oxford Utd , Millwall,19.0,36.0,45.0,2.7,3.3,2.45,6.0,54.0,46.0,2.2,1.67,0.0,46,54,1.91,1.8,0.0,2,2,PREMATIPS
2025-11-01,15:00,QPR , Ipswich Town,31.0,32.0,37.0,3.3,3.4,2.1,6.0,50.0,50.0,1.9,1.95,1.0,61,39,1.73,2.0,1.0,1,4,PREMATIPS
2025-11-01,15:00,Sheffield Utd , Derby County,37.0,23.0,40.0,1.71,3.6,4.5,5.0,63.0,37.0,2.2,1.67,0.0,48,52,2.0,1.73,0.0,1,3,PREMATIPS
2025-11-01,15:00,Southampton , Preston North End,20.0,47.0,33.0,1.68,3.9,4.33,6.0,52.0,48.0,1.95,1.9,0.0,62,38,1.83,1.83,1.0,0,2,PREMATIPS
2025-11-01,15:00,Stoke City , Bristol City,36.0,32.0,32.0,2.32,3.3,2.85,0.0,60.0,40.0,2.1,1.73,0.0,48,52,1.83,1.83,0.0,5,1,PREMATIPS
2025-11-01,15:00,Watford , Middlesbrough,31.0,28.0,41.0,2.5,3.4,2.57,6.0,52.0,48.0,2.03,1.83,0.0,57,43,1.8,1.91,1.0,3,0,PREMATIPS
2025-11-01,15:00,Barnsley , York City,40.0,30.0,30.0,1.79,3.8,3.9,1.0,38.0,62.0,1.5,2.63,1.0,63,37,1.5,2.5,1.0,3,2,PREMATIPS
2025-11-01,15:00,Blackpool , Scunthorpe Utd,41.0,31.0,28.0,1.71,3.8,4.33,1.0,49.0,51.0,1.83,2.03,1.0,52,48,1.75,2.0,1.0,1,0,PREMATIPS
2025-11-01,15:00,Bolton Wanderers , Huddersfield,41.0,31.0,28.0,1.71,4.1,3.9,1.0,47.0,53.0,1.8,2.0,1.0,54,46,1.75,2.0,1.0,2,1,PREMATIPS
2025-11-01,15:00,Boreham Wood , Crawley Town,34.0,29.0,37.0,2.45,3.75,2.45,5.0,41.0,59.0,1.62,2.3,1.0,62,38,1.5,2.5,1.0,3,0,PREMATIPS
2025-11-01,15:00,Bromley , Bristol Rovers,40.0,32.0,28.0,1.79,3.6,4.0,1.0,50.0,50.0,1.9,1.95,1.0,53,47,1.8,1.95,1.0,1,2,PREMATIPS
2025-11-01,15:00,Cambridge Utd , Chester,45.0,34.0,21.0,1.33,4.75,8.0,1.0,46.0,54.0,1.73,2.1,1.0,46,54,2.0,1.75,0.0,3,0,PREMATIPS
2025-11-01,15:00,Cheltenham Town , Bradford City,25.0,33.0,42.0,5.41,4.03,1.54,2.0,45.0,55.0,1.68,2.09,1.0,53,47,1.75,1.97,1.0,1,0,PREMATIPS
2025-11-01,15:00,Colchester Utd , MK Dons,36.0,31.0,33.0,2.32,3.5,2.75,5.0,48.0,52.0,1.8,2.0,1.0,56,44,1.62,2.2,1.0,2,3,PREMATIPS
2025-11-01,15:00,Crewe Alexandra , Doncaster Rovers,32.0,30.0,38.0,2.95,3.7,2.15,5.0,41.0,59.0,1.73,2.1,1.0,61,39,1.62,2.2,1.0,1,2,PREMATIPS
2025-11-01,15:00,Fleetwood Town , Barnet,33.0,31.0,36.0,2.89,3.4,2.27,5.0,50.0,50.0,1.85,1.86,1.0,55,45,1.68,2.06,1.0,2,1,PREMATIPS
2025-11-01,15:00,Grimsby Town , Ebbsfleet Utd,45.0,33.0,22.0,1.33,5.0,7.5,1.0,41.0,59.0,1.62,2.3,1.0,50,50,1.91,1.91,1.0,3,1,PREMATIPS
2025-11-01,15:00,Halifax Town , Exeter City,30.0,31.0,39.0,3.6,3.4,1.96,6.0,49.0,51.0,1.83,2.03,1.0,55,45,1.67,2.1,1.0,0,2,PREMATIPS
2025-11-01,15:00,Mansfield Town , Harrogate Town,43.0,32.0,25.0,1.45,4.33,6.5,1.0,43.0,57.0,1.62,2.3,1.0,54,46,1.75,2.0,1.0,3,2,PREMATIPS
2025-11-01,15:00,Newport County , Gillingham,28.0,32.0,40.0,3.75,3.5,1.91,2.0,53.0,47.0,2.0,1.85,0.0,50,50,1.8,1.95,1.0,1,1,PREMATIPS
2025-11-01,15:00,Oldham Athletic , Northampton Town,34.0,33.0,33.0,2.55,3.25,2.65,0.0,57.0,43.0,2.2,1.67,0.0,49,51,1.91,1.91,0.0,3,1,PREMATIPS
2025-11-01,15:00,Peterborough Utd , Cardiff City,31.0,31.0,38.0,3.25,3.75,2.01,0.0,43.0,57.0,1.67,2.2,1.0,59,41,1.62,2.2,1.0,1,0,PREMATIPS
2025-11-01,15:00,Reading , Carlisle Utd,41.0,32.0,27.0,1.68,3.8,4.5,1.0,45.0,55.0,1.67,2.2,1.0,56,44,1.67,2.1,1.0,2,2,PREMATIPS
2025-11-01,15:00,Rotherham Utd , Swindon Town,37.0,31.0,32.0,2.2,3.5,2.95,5.0,48.0,52.0,1.8,2.0,1.0,56,44,1.62,2.2,1.0,1,1,PREMATIPS
2025-11-01,15:00,Salford City , Lincoln City,32.0,31.0,37.0,2.95,3.5,2.2,5.0,50.0,50.0,1.85,2.0,1.0,55,45,1.67,2.1,1.0,1,1,PREMATIPS
2025-11-01,15:00,Stevenage , Chesterfield,41.0,31.0,28.0,1.65,4.03,4.47,1.0,43.0,57.0,1.62,2.19,1.0,56,44,1.64,2.13,1.0,0,1,PREMATIPS
2025-11-01,15:00,Sutton Utd , Telford United,37.0,30.0,33.0,2.15,3.6,2.95,5.0,43.0,57.0,1.67,2.2,1.0,60,40,1.53,2.38,1.0,2,1,PREMATIPS
2025-11-01,15:00,Tranmere Rovers , Stockport,28.0,31.0,41.0,4.43,3.98,1.66,2.0,42.0,58.0,1.58,2.26,1.0,58,42,1.59,2.21,1.0,1,3,PREMATIPS
2025-11-01,15:00,Wealdstone , Southend Utd,29.0,31.0,40.0,4.1,3.7,1.79,2.0,45.0,55.0,1.67,2.2,1.0,56,44,1.62,2.2,1.0,1,0,PREMATIPS
2025-11-01,15:00,Wimbledon , Gateshead,45.0,32.0,23.0,1.35,5.0,7.0,1.0,39.0,61.0,1.53,2.5,1.0,52,48,1.75,2.0,1.0,0,2,PREMATIPS
2025-11-01,15:00,Wycombe , Plymouth Argyle,41.0,32.0,27.0,1.68,3.8,4.5,1.0,48.0,52.0,1.85,2.0,1.0,53,47,1.75,2.0,1.0,2,0,PREMATIPS
2025-11-01,15:00,Yacoub El Mansour , RCA Zemamra,34.0,33.0,33.0,2.35,3.0,2.9,0.0,72.0,28.0,2.5,1.5,0.0,51,49,2.1,1.67,1.0,2,0,PREMATIPS
2025-11-01,15:00,Bendel Insurance , Warri Wolves,20.0,27.0,53.0,1.83,2.96,3.91,2.0,83.0,17.0,2.18,1.51,0.0,40,60,1.96,1.71,0.0,1,1,PREMATIPS
2025-11-01,15:00,Coleraine , Glenavon,86.0,10.0,4.0,1.16,7.25,12.5,1.0,51.0,49.0,1.44,2.55,0.0,39,61,2.2,1.6,0.0,5,1,PREMATIPS
2025-11-01,15:00,Dungannon Swifts , Crusaders,63.0,4.0,33.0,2.0,3.4,3.25,1.0,42.0,58.0,1.78,1.9,1.0,42,58,1.7,2.0,0.0,2,0,PREMATIPS
2025-11-01,15:00,Valerenga Oslo , Bodo Glimt,31.0,22.0,47.0,5.25,4.5,1.53,2.0,38.0,62.0,1.3,3.5,1.0,60,40,1.4,2.75,1.0,3,1,PREMATIPS
2025-11-01,15:00,Aalesunds , Asane,48.0,30.0,22.0,1.3,5.5,8.0,1.0,40.0,60.0,1.44,2.7,1.0,64,36,1.73,2.0,1.0,3,0,PREMATIPS
2025-11-01,15:00,Egersunds , Hodd,45.0,28.0,27.0,1.62,4.1,4.75,4.0,44.0,56.0,1.73,2.08,1.0,60,40,1.8,1.91,1.0,0,0,PREMATIPS
2025-11-01,15:00,Kongsvinger , Lillestrom,30.0,23.0,47.0,3.5,4.0,1.9,2.0,28.0,72.0,1.4,2.88,1.0,63,37,1.4,2.75,1.0,0,2,PREMATIPS
2025-11-01,15:00,Odds BK , Sogndal,34.0,25.0,41.0,2.55,3.7,2.45,6.0,42.0,58.0,1.5,2.5,1.0,68,32,1.44,2.63,1.0,1,4,PREMATIPS
2025-11-01,15:00,Ranheim , Skeid,60.0,27.0,13.0,1.27,5.75,9.5,1.0,37.0,63.0,1.44,2.7,1.0,69,31,1.73,2.0,1.0,4,2,PREMATIPS
2025-11-01,15:00,Start , Moss,62.0,21.0,17.0,1.4,5.0,6.5,1.0,33.0,67.0,1.44,2.7,1.0,62,38,1.62,2.2,1.0,2,1,PREMATIPS
2025-11-01,15:00,Falkirk , Kilmarnock,26.0,49.0,25.0,1.79,3.9,3.8,4.0,37.0,63.0,1.73,2.1,1.0,57,43,1.67,2.1,1.0,3,1,PREMATIPS
2025-11-01,15:00,Hearts , Dundee FC,55.0,31.0,14.0,1.24,5.25,11.0,1.0,47.0,53.0,1.57,2.38,1.0,51,49,2.0,1.75,1.0,4,0,PREMATIPS
2025-11-01,15:00,Livingston , Hibernian,20.0,27.0,53.0,3.8,3.6,1.86,2.0,37.0,63.0,1.83,2.03,1.0,61,39,1.7,2.05,1.0,2,2,PREMATIPS
2025-11-01,15:00,Arbroath , Ross County,32.0,51.0,17.0,2.8,3.4,2.25,4.0,51.0,49.0,2.05,1.75,0.0,58,42,1.83,1.83,1.0,3,0,PREMATIPS
2025-11-01,15:00,Partick Thistle , Queen's Park,38.0,48.0,14.0,1.48,3.6,7.0,1.0,62.0,38.0,1.9,1.9,0.0,58,42,2.0,1.73,1.0,5,0,PREMATIPS
2025-11-01,15:00,Raith Rovers , Greenock Morton,38.0,42.0,20.0,1.83,3.75,3.9,4.0,70.0,30.0,2.1,1.7,0.0,44,56,2.0,1.73,0.0,1,1,PREMATIPS
2025-11-01,15:00,Saint Johnstone , Airdrieonians,57.0,35.0,8.0,1.25,5.5,9.5,1.0,51.0,49.0,1.67,2.15,0.0,50,50,2.25,1.57,0.0,3,0,PREMATIPS
2025-11-01,15:00,Alloa Athletic , Kelty Hearts,55.0,26.0,19.0,1.48,3.8,6.0,1.0,49.0,51.0,1.73,2.08,1.0,43,57,1.83,1.83,0.0,3,0,PREMATIPS
2025-11-01,15:00,Cove Rangers , Peterhead,20.0,13.0,67.0,2.57,3.16,2.49,2.0,43.0,57.0,1.83,1.86,1.0,46,54,1.66,2.06,0.0,1,2,PREMATIPS
2025-11-01,15:00,East Fife , Hamilton,41.0,22.0,37.0,2.55,3.5,2.38,5.0,43.0,57.0,1.7,2.1,1.0,55,45,1.62,2.2,1.0,1,1,PREMATIPS
2025-11-01,15:00,Inverness , Montrose,54.0,26.0,20.0,1.36,5.25,5.75,1.0,46.0,54.0,1.57,2.35,1.0,46,54,1.83,1.83,0.0,1,0,PREMATIPS
2025-11-01,15:00,Queen of South , Stenhousemuir,41.0,14.0,45.0,2.45,3.3,2.6,5.0,49.0,51.0,2.03,1.78,1.0,46,54,1.83,1.83,0.0,1,1,PREMATIPS
2025-11-01,15:00,Clyde , Dumbarton,27.0,47.0,26.0,2.0,3.8,3.0,4.0,33.0,67.0,1.57,2.35,1.0,75,25,1.53,2.38,1.0,3,1,PREMATIPS
2025-11-01,15:00,Elgin City , Annan Athletic,36.0,24.0,40.0,2.15,3.5,2.88,5.0,43.0,57.0,1.9,1.9,1.0,58,42,1.67,2.1,1.0,2,0,PREMATIPS
2025-11-01,15:00,Stirling Albion , Edinburgh City,53.0,24.0,23.0,3.2,3.9,1.91,1.0,30.0,70.0,1.57,2.35,1.0,75,25,1.53,2.38,1.0,0,1,PREMATIPS
2025-11-01,15:00,Stranraer , Forfar Athletic,23.0,36.0,41.0,2.7,3.2,2.45,6.0,53.0,47.0,2.15,1.67,0.0,55,45,1.91,1.8,1.0,3,1,PREMATIPS
2025-11-01,15:00,The Spartans , East Kilbride,45.0,21.0,34.0,2.38,3.6,2.55,4.0,33.0,67.0,1.62,2.25,1.0,65,35,1.53,2.38,1.0,2,1,PREMATIPS
2025-11-01,15:00,Bilbao Athletic , Unionistas,40.0,18.0,42.0,2.05,3.0,3.4,5.0,64.0,36.0,2.35,1.57,0.0,41,59,2.0,1.73,0.0,0,0,PREMATIPS
2025-11-01,15:00,CD Guadalajara , Merida AD,58.0,18.0,24.0,2.2,3.1,3.0,1.0,53.0,47.0,2.3,1.6,0.0,37,63,1.91,1.8,0.0,0,2,PREMATIPS
2025-11-01,15:00,Juv. Torremolinos , Sabadell,24.0,41.0,35.0,3.2,2.75,2.25,6.0,63.0,37.0,2.5,1.5,0.0,40,60,2.1,1.67,0.0,1,1,PREMATIPS
2025-11-01,15:00,Javor Ivanjica , Spartak Subotica,47.0,28.0,25.0,2.1,3.1,3.1,1.0,48.0,52.0,2.0,1.7,1.0,59,41,1.83,1.85,1.0,1,1,PREMATIPS
2025-11-01,15:00,Arlanda , Karlstad Fotboll,34.0,20.0,46.0,2.85,3.6,2.0,6.0,40.0,60.0,1.55,2.3,1.0,64,36,1.52,2.35,1.0,3,5,PREMATIPS
2025-11-01,15:00,Karlbergs BK , Nordic United,26.0,28.0,46.0,5.71,4.29,1.43,6.0,44.0,56.0,1.53,2.28,1.0,63,37,1.67,2.05,1.0,1,4,PREMATIPS
2025-11-01,15:00,Angelholms , Oskarshamns AIK,48.0,25.0,27.0,2.37,3.3,2.5,1.0,44.0,56.0,1.65,2.1,1.0,51,49,1.57,2.25,1.0,1,2,PREMATIPS
2025-11-01,15:00,IFK Skovde , Eskilsminne IF,33.0,26.0,41.0,4.33,4.0,1.57,6.0,38.0,62.0,1.46,2.55,1.0,54,46,1.52,2.35,1.0,1,3,PREMATIPS
2025-11-01,15:00,Jonkopings S. , Ariana,46.0,28.0,26.0,1.44,4.0,5.75,1.0,45.0,55.0,1.78,1.9,1.0,51,49,1.98,1.71,1.0,1,0,PREMATIPS
2025-11-01,15:15,ML Vitebsk , Isloch Minsk,41.0,30.0,29.0,1.77,3.2,4.1,4.0,57.0,43.0,2.2,1.58,0.0,42,58,2.05,1.66,0.0,3,1,PREMATIPS
2025-11-01,15:15,Atletico Madrid , Sevilla,54.0,17.0,29.0,1.33,5.0,9.0,1.0,48.0,52.0,1.67,2.2,1.0,69,31,1.95,1.8,1.0,3,0,PREMATIPS
2025-11-01,15:15,Leonesa , Mirandes,32.0,34.0,34.0,1.96,3.25,3.9,6.0,61.0,39.0,2.08,1.73,0.0,44,56,1.91,1.8,0.0,3,2,PREMATIPS
2025-11-01,15:15,Eldense , Algeciras,31.0,39.0,30.0,1.8,3.2,4.0,4.0,70.0,30.0,2.25,1.62,0.0,44,56,2.0,1.73,0.0,3,2,PREMATIPS
2025-11-01,15:30,Septemvri Sofia , Slavia Sofia,39.0,28.0,33.0,3.7,3.25,1.96,4.0,47.0,53.0,2.0,1.8,1.0,58,42,1.8,1.91,1.0,0,1,PREMATIPS
2025-11-01,15:30,Hansa Rostock , Verl,27.0,29.0,44.0,2.1,3.7,3.1,6.0,35.0,65.0,1.62,2.25,1.0,66,34,1.53,2.38,1.0,2,2,PREMATIPS
2025-11-01,15:30,Hapoel Tel Aviv , Ironi Tiberias,65.0,6.0,29.0,1.4,4.75,7.0,1.0,44.0,56.0,1.65,2.2,1.0,56,44,1.83,1.83,1.0,2,0,PREMATIPS
2025-11-01,15:30,Mornar Bar , Jedinstvo,39.0,40.0,21.0,1.82,3.1,4.0,4.0,56.0,44.0,2.05,1.66,0.0,54,46,1.93,1.75,1.0,3,1,PREMATIPS
2025-11-01,15:30,Ajax , Heerenveen,53.0,20.0,27.0,1.53,4.5,5.25,1.0,30.0,70.0,1.44,2.7,1.0,73,27,1.53,2.38,1.0,1,1,PREMATIPS
2025-11-01,15:30,Roda Kerkrade , Jong Utrecht,53.0,23.0,24.0,1.53,4.5,4.5,1.0,41.0,59.0,1.57,2.35,1.0,55,45,1.62,2.2,1.0,1,1,PREMATIPS
2025-11-01,15:30,Nacional Madeira , Famalicao,32.0,28.0,40.0,3.3,3.25,2.15,6.0,65.0,35.0,2.05,1.8,0.0,43,57,1.8,1.95,0.0,0,1,PREMATIPS
2025-11-01,15:30,Unirea Slobozia , Arges Pitesti,31.0,24.0,45.0,3.7,3.1,2.0,6.0,59.0,41.0,2.5,1.5,0.0,49,51,2.2,1.62,0.0,0,1,PREMATIPS
2025-11-01,15:45,Al, Al Bataeh Club,64.0,21.0,15.0,1.35,4.53,6.7,1.0,52.0,48.0,1.54,2.26,0.0,42,58,1.79,1.9,0.0,1,0,PREMATIPS
2025-11-01,16:00,Blau, LASK Linz,42.0,6.0,52.0,3.5,3.4,2.01,2.0,56.0,44.0,2.05,1.75,0.0,34,66,1.8,1.95,0.0,0,1,PREMATIPS
2025-11-01,16:00,Grazer AK , Altach,28.0,50.0,22.0,3.05,3.25,2.3,4.0,62.0,38.0,2.5,1.5,0.0,43,57,2.1,1.67,0.0,3,1,PREMATIPS
2025-11-01,16:00,Hartberg , Austria Wien,43.0,26.0,31.0,3.5,3.3,2.05,4.0,44.0,56.0,1.95,1.85,1.0,52,48,1.75,2.0,1.0,2,1,PREMATIPS
2025-11-01,16:00,Al,Khalidiya,49.0,22.0,29.0,2.28,3.25,2.67,1.0,59.0,41.0,1.87,1.8,0.0,35,65,1.69,1.98,0.0,0,2,PREMATIPS
2025-11-01,16:00,Paris SG , Nice,46.0,26.0,28.0,1.2,7.0,12.0,1.0,52.0,48.0,1.33,3.4,0.0,54,46,1.8,1.95,1.0,1,0,PREMATIPS
2025-11-01,16:00,Volos , Panathinaikos,38.0,20.0,42.0,5.5,3.6,1.61,5.0,55.0,45.0,1.9,1.9,0.0,58,42,1.91,1.91,1.0,1,0,PREMATIPS
2025-11-01,16:00,Polokwane City , Richards Bay,47.0,29.0,24.0,2.3,2.7,3.3,1.0,74.0,26.0,3.1,1.31,0.0,36,64,2.5,1.46,0.0,1,1,PREMATIPS
2025-11-01,16:00,Serik , Adana Demirspor,91.0,5.0,3.0,1.09,7.93,15.0,1.0,34.0,66.0,1.3,3.1,1.0,46,54,2.2,1.55,0.0,4,0,PREMATIPS
2025-11-01,16:00,Epitsentr , Veres Rivne,37.0,25.0,38.0,2.3,3.3,3.0,5.0,66.0,34.0,2.0,1.7,0.0,42,58,1.83,1.85,0.0,2,3,PREMATIPS
2025-11-01,16:15,Entella , Empoli,31.0,35.0,34.0,2.25,2.95,3.3,6.0,50.0,50.0,2.3,1.6,0.0,70,30,1.95,1.8,1.0,1,0,PREMATIPS
2025-11-01,16:30,Cork City , Derry City,21.0,32.0,47.0,7.94,4.36,1.35,6.0,54.0,46.0,1.82,1.86,0.0,59,41,2.17,1.61,1.0,0,1,PREMATIPS
2025-11-01,16:30,Drogheda Utd , Bohemians,37.0,30.0,33.0,3.6,3.1,2.05,5.0,57.0,43.0,2.0,1.8,0.0,47,53,1.75,2.0,0.0,1,4,PREMATIPS
2025-11-01,16:30,Shamrock Rovers , Sligo Rovers,58.0,19.0,23.0,1.9,3.3,3.7,1.0,52.0,48.0,1.85,1.95,0.0,52,48,1.7,2.05,1.0,1,2,PREMATIPS
2025-11-01,16:30,Shelbourne , St Patrick's,39.0,30.0,31.0,2.45,3.25,2.63,4.0,56.0,44.0,1.98,1.83,0.0,50,50,1.8,1.95,1.0,0,0,PREMATIPS
2025-11-01,16:30,Waterford , Galway,44.0,27.0,29.0,2.8,2.88,2.45,4.0,52.0,48.0,1.85,1.95,0.0,55,45,1.62,2.2,1.0,1,1,PREMATIPS
2025-11-01,16:30,H. Petah Tikva , Bnei Sakhnin,33.0,27.0,40.0,1.9,3.75,3.6,6.0,47.0,53.0,2.03,1.78,1.0,53,47,1.83,1.83,1.0,2,2,PREMATIPS
2025-11-01,16:30,M.S. Ashdod , Hapoel Haifa,39.0,17.0,44.0,2.8,3.3,2.45,5.0,47.0,53.0,1.93,1.88,1.0,61,39,1.73,2.0,1.0,4,1,PREMATIPS
2025-11-01,16:30,Virtus Verona , Trento 1921,16.0,59.0,25.0,2.7,3.0,2.4,6.0,59.0,41.0,2.15,1.61,0.0,65,35,1.88,1.8,1.0,0,3,PREMATIPS
2025-11-01,16:30,Rimini , Bra,20.0,16.0,64.0,2.35,2.95,2.8,2.0,60.0,40.0,2.37,1.51,0.0,47,53,2.05,1.68,0.0,1,2,PREMATIPS
2025-11-01,16:30,Umm,Shamal SC,29.0,17.0,54.0,3.75,3.9,1.68,2.0,40.0,60.0,1.43,2.6,1.0,65,35,1.47,2.45,1.0,0,5,PREMATIPS
2025-11-01,16:30,Celje , Aluminij,51.0,26.0,23.0,1.19,7.25,10.5,1.0,27.0,73.0,1.26,3.5,1.0,61,39,1.68,2.05,1.0,2,1,PREMATIPS
2025-11-01,16:30,Norrkoping , Sirius,44.0,19.0,37.0,2.4,3.7,2.5,4.0,40.0,60.0,1.57,2.35,1.0,63,37,1.5,2.5,1.0,1,2,PREMATIPS
2025-11-01,16:45,CA Atlanta , Dep. Moron,37.0,36.0,27.0,2.2,2.57,4.1,4.0,73.0,27.0,3.6,1.29,0.0,35,65,2.63,1.44,0.0,0,0,PREMATIPS
2025-11-01,16:45,Al Shabab Kuwait , Al Salmiya,32.0,20.0,48.0,4.2,3.3,1.73,2.0,76.0,24.0,2.0,1.68,0.0,29,71,1.95,1.75,0.0,0,0,PREMATIPS
2025-11-01,17:00,MC Oran , CS Constantine,43.0,32.0,25.0,2.0,2.95,3.5,4.0,65.0,35.0,2.4,1.5,0.0,50,50,2.1,1.63,0.0,1,0,PREMATIPS
2025-11-01,17:00,APOEL Nicosia , Ethnikos Achna,41.0,31.0,28.0,1.29,4.8,8.0,1.0,47.0,53.0,1.7,2.0,1.0,37,63,2.15,1.62,0.0,4,1,PREMATIPS
2025-11-01,17:00,Enosis Paralimni , Omonia Nicosia,9.0,6.0,85.0,8.5,5.25,1.25,2.0,47.0,53.0,1.61,2.15,1.0,33,67,2.1,1.63,0.0,0,2,PREMATIPS
2025-11-01,17:00,Slavia Prague , Banik Ostrava,49.0,39.0,12.0,1.22,7.0,8.5,1.0,69.0,31.0,1.44,2.7,0.0,49,51,1.95,1.8,0.0,2,0,PREMATIPS
2025-11-01,17:00,Copenhagen , Fredericia,45.0,36.0,19.0,1.17,8.0,10.0,4.0,39.0,61.0,1.4,2.88,1.0,64,36,2.0,1.75,1.0,3,2,PREMATIPS
2025-11-01,17:00,Napoli , Como,46.0,26.0,28.0,1.91,3.1,4.75,1.0,61.0,39.0,2.1,1.73,0.0,52,48,1.95,1.8,1.0,0,0,PREMATIPS
2025-11-01,17:00,Molde , Rosenborg,40.0,19.0,41.0,1.95,3.65,3.33,5.0,43.0,57.0,1.58,2.25,1.0,54,46,1.52,2.37,1.0,4,2,PREMATIPS
2025-11-01,17:00,Osasuna B , Celta Fortuna,19.0,37.0,44.0,2.63,2.9,2.5,6.0,68.0,32.0,2.25,1.62,0.0,37,63,1.91,1.8,0.0,1,1,PREMATIPS
2025-11-01,17:00,Cartagena , Villarreal B,62.0,22.0,16.0,1.65,3.3,5.0,1.0,59.0,41.0,2.15,1.67,0.0,44,56,2.0,1.73,0.0,0,2,PREMATIPS
2025-11-01,17:00,Cukaricki , Partizan,29.0,22.0,49.0,4.6,3.7,1.58,2.0,47.0,53.0,1.73,1.98,1.0,60,40,1.78,1.9,1.0,4,1,PREMATIPS
2025-11-01,17:00,Thun , Sion,45.0,28.0,27.0,2.01,3.6,3.4,1.0,33.0,67.0,1.67,2.15,1.0,59,41,1.57,2.25,1.0,2,1,PREMATIPS
2025-11-01,17:00,Winterthur , Servette,16.0,22.0,62.0,5.25,4.33,1.53,2.0,18.0,82.0,1.5,2.5,1.0,68,32,1.57,2.25,1.0,4,2,PREMATIPS
2025-11-01,17:00,Aarau ,Jona,74.0,11.0,15.0,1.49,4.2,4.75,1.0,45.0,55.0,1.53,2.3,1.0,52,48,1.65,2.05,1.0,2,1,PREMATIPS
2025-11-01,17:00,Lausanne, Stade Nyonnais,38.0,42.0,20.0,1.3,4.8,7.25,4.0,42.0,58.0,1.5,2.4,1.0,61,39,1.82,1.87,1.0,3,3,PREMATIPS
2025-11-01,17:00,DAC Dun. Streda , Kosice,71.0,20.0,9.0,1.44,4.5,5.75,1.0,42.0,58.0,1.49,2.4,1.0,64,36,1.65,2.1,1.0,3,1,PREMATIPS
2025-11-01,17:00,Galatasaray , Trabzonspor,50.0,14.0,36.0,1.41,4.75,6.25,1.0,51.0,49.0,1.44,2.7,0.0,47,53,1.62,2.2,0.0,0,0,PREMATIPS
2025-11-01,17:15,Club Brugge , Dender,65.0,28.0,7.0,1.25,6.0,9.0,1.0,64.0,36.0,1.44,2.7,0.0,45,55,1.91,1.91,0.0,2,1,PREMATIPS
2025-11-01,17:15,Rostov , Akron Tolyatti,38.0,37.0,25.0,1.7,3.93,5.14,4.0,62.0,38.0,1.94,1.92,0.0,55,45,1.89,1.86,1.0,0,1,PREMATIPS
2025-11-01,17:15,Zenit , Lok. Moscow,29.0,38.0,33.0,1.6,4.36,5.55,6.0,46.0,54.0,1.7,2.22,1.0,61,39,1.74,2.04,1.0,2,0,PREMATIPS
2025-11-01,17:15,Folgore , Libertas,53.0,31.0,16.0,1.29,4.8,8.0,1.0,50.0,50.0,1.68,2.0,1.0,47,53,2.18,1.6,0.0,6,1,PREMATIPS
2025-11-01,17:15,Tre Fiori , Fiorentino,57.0,27.0,16.0,1.29,4.5,9.0,1.0,60.0,40.0,1.87,1.82,0.0,32,68,2.35,1.53,0.0,2,0,PREMATIPS
2025-11-01,17:15,Colwyn Bay , Barry Town Utd,32.0,48.0,20.0,2.2,3.25,2.8,4.0,61.0,39.0,1.88,1.8,0.0,41,59,1.75,1.93,0.0,1,4,PREMATIPS
2025-11-01,17:30,Siroki Brijeg , Zrinjski Mostar,36.0,23.0,41.0,4.1,3.25,1.75,5.0,69.0,31.0,2.2,1.58,0.0,39,61,2.1,1.65,0.0,1,2,PREMATIPS
2025-11-01,17:30,Tottenham , Chelsea,45.0,25.0,30.0,2.75,3.4,2.5,4.0,34.0,66.0,1.8,2.0,1.0,54,46,1.62,2.2,1.0,0,1,PREMATIPS
2025-11-01,17:30,Brackley Town , Notts County,27.0,32.0,41.0,4.5,3.75,1.71,2.0,46.0,54.0,1.8,2.0,1.0,55,45,1.7,2.05,1.0,2,2,PREMATIPS
2025-11-01,17:30,Bayern Munchen , Bayer Leverkusen,46.0,33.0,21.0,1.22,7.5,9.5,1.0,26.0,74.0,1.25,4.0,1.0,54,46,1.57,2.25,1.0,3,0,PREMATIPS
2025-11-01,17:30,Atromitos , Kifisia,24.0,51.0,25.0,2.65,2.95,2.75,6.0,52.0,48.0,2.2,1.65,0.0,68,32,1.91,1.91,1.0,1,2,PREMATIPS
2025-11-01,17:30,M. Bnei Reineh , Maccabi Tel Aviv,6.0,28.0,66.0,9.0,6.0,1.22,2.0,32.0,68.0,1.5,2.5,1.0,59,41,1.91,1.8,1.0,0,2,PREMATIPS
2025-11-01,17:30,Ballymena Utd , Larne,37.0,11.0,52.0,3.4,3.4,1.95,2.0,65.0,35.0,2.0,1.71,0.0,33,67,1.85,1.82,0.0,0,2,PREMATIPS
2025-11-01,17:30,Al,Fayha,69.0,8.0,23.0,1.22,7.0,10.0,1.0,43.0,57.0,1.33,3.25,1.0,54,46,1.8,1.91,1.0,2,1,PREMATIPS
2025-11-01,17:30,Motherwell , Saint Mirren,35.0,32.0,33.0,2.4,3.4,2.8,5.0,48.0,52.0,1.98,1.83,1.0,56,44,1.75,2.0,1.0,1,4,PREMATIPS
2025-11-01,17:30,Real Sociedad , Athletic Bilbao,35.0,24.0,41.0,2.7,3.0,2.8,6.0,58.0,42.0,2.38,1.57,0.0,55,45,2.0,1.75,1.0,3,2,PREMATIPS
2025-11-01,17:30,Albacete , Huesca,37.0,33.0,30.0,1.96,3.05,4.2,4.0,54.0,46.0,2.4,1.53,0.0,52,48,2.1,1.67,1.0,2,1,PREMATIPS
2025-11-01,17:30,Leganes , Burgos,30.0,33.0,37.0,2.05,3.05,3.9,6.0,61.0,39.0,2.7,1.44,0.0,50,50,2.25,1.57,0.0,1,2,PREMATIPS
2025-11-01,17:30,Racing Ferrol , Tenerife,35.0,28.0,37.0,2.55,2.8,2.7,5.0,50.0,50.0,2.75,1.4,0.0,48,52,2.25,1.57,0.0,0,2,PREMATIPS
2025-11-01,17:45,Aldosivi , Ind. Rivadavia,28.0,46.0,26.0,2.25,2.82,3.6,4.0,68.0,32.0,2.88,1.4,0.0,31,69,2.2,1.62,0.0,3,1,PREMATIPS
2025-11-01,17:45,Istra 1961 , Vukovar 1991,66.0,16.0,18.0,1.5,4.2,5.25,1.0,42.0,58.0,1.75,2.05,1.0,55,45,1.83,1.83,1.0,1,1,PREMATIPS
2025-11-01,17:45,NAC Breda , Go Ahead Eagles,27.0,31.0,42.0,2.2,3.7,3.1,6.0,27.0,73.0,1.67,2.15,1.0,63,37,1.53,2.38,1.0,1,0,PREMATIPS
2025-11-01,18:00,El Gounah , Pharco,27.0,57.0,16.0,2.1,2.65,3.7,4.0,81.0,19.0,3.25,1.3,0.0,37,63,2.6,1.42,0.0,0,1,PREMATIPS
2025-11-01,18:00,El Ismaily , Kahraba Ismailia,35.0,24.0,41.0,2.7,2.75,2.55,6.0,66.0,34.0,2.7,1.4,0.0,33,67,2.2,1.58,0.0,2,1,PREMATIPS
2025-11-01,18:00,Monaco , Paris FC,59.0,21.0,20.0,1.67,4.2,4.5,1.0,35.0,65.0,1.57,2.38,1.0,71,29,1.57,2.25,1.0,0,1,PREMATIPS
2025-11-01,18:00,Olympiacos , Aris,48.0,18.0,34.0,1.25,5.5,10.0,1.0,65.0,35.0,1.8,2.0,0.0,47,53,2.38,1.53,0.0,2,1,PREMATIPS
2025-11-01,18:00,Birkirkara , Hamrun Spartans,27.0,36.0,37.0,3.7,3.0,1.93,6.0,75.0,25.0,2.37,1.51,0.0,36,64,2.1,1.63,0.0,0,2,PREMATIPS
2025-11-01,18:00,Floriana , Sliema Wanderers,49.0,15.0,36.0,2.75,3.0,2.35,1.0,62.0,38.0,2.25,1.57,0.0,49,51,1.95,1.73,0.0,2,2,PREMATIPS
2025-11-01,18:00,Hibernians , Marsaxlokk,40.0,17.0,43.0,3.5,3.3,1.87,5.0,58.0,42.0,1.98,1.73,0.0,49,51,1.85,1.82,0.0,2,2,PREMATIPS
2025-11-01,18:00,Los Chankas CYC , Ayacucho,66.0,5.0,29.0,2.2,3.2,3.25,1.0,37.0,63.0,1.93,1.88,1.0,53,47,1.73,2.0,1.0,1,0,PREMATIPS
2025-11-01,18:00,Casa Pia , Estrela Amadora,26.0,53.0,21.0,2.25,2.95,3.4,4.0,58.0,42.0,2.35,1.57,0.0,36,64,2.05,1.7,0.0,3,5,PREMATIPS
2025-11-01,18:00,Rio Ave , Estoril Praia,39.0,48.0,13.0,2.2,3.25,3.25,4.0,46.0,54.0,1.98,1.88,1.0,58,42,1.7,2.05,1.0,0,4,PREMATIPS
2025-11-01,18:15,Chippa Utd , AmaZulu Durban,15.0,44.0,41.0,2.87,2.8,2.55,6.0,67.0,33.0,2.95,1.35,0.0,51,49,2.4,1.5,1.0,0,3,PREMATIPS
2025-11-01,18:30,Penya Encarnada , Atletic Escaldes,57.0,12.0,31.0,6.93,5.19,1.28,1.0,40.0,60.0,1.46,2.46,1.0,62,38,1.73,1.96,1.0,0,2,PREMATIPS
2025-11-01,18:30,Palermo , Pescara,44.0,33.0,23.0,1.37,5.0,6.5,1.0,50.0,50.0,1.67,2.15,1.0,64,36,1.95,1.8,1.0,5,0,PREMATIPS
2025-11-01,18:30,U Cluj , FC FCSB,26.0,49.0,25.0,3.2,3.1,2.25,4.0,54.0,46.0,2.15,1.67,0.0,56,44,1.83,1.83,1.0,0,2,PREMATIPS
2025-11-01,19:00,Barracas Central , Argentinos Jrs,36.0,28.0,36.0,3.5,3.2,2.15,5.0,60.0,40.0,2.7,1.44,0.0,46,54,2.25,1.57,0.0,2,0,PREMATIPS
2025-11-01,19:00,Austria Wien II , Liefering,16.0,70.0,14.0,2.6,3.4,2.4,4.0,53.0,47.0,1.71,2.0,0.0,60,40,1.61,2.15,1.0,0,2,PREMATIPS
2025-11-01,19:00,Sturm Graz II , Admira Wacker,12.0,30.0,58.0,4.8,3.9,1.58,2.0,44.0,56.0,1.73,1.98,1.0,54,46,1.8,1.88,1.0,1,1,PREMATIPS
2025-11-01,19:00,Beveren , Club Brugge NXT,67.0,26.0,7.0,1.3,5.5,8.5,1.0,49.0,51.0,1.44,2.7,1.0,55,45,1.8,1.91,1.0,2,1,PREMATIPS
2025-11-01,19:00,Olympic Charleroi , RFC Liege,10.0,7.0,83.0,3.8,4.0,1.8,2.0,55.0,45.0,1.73,2.08,0.0,39,61,1.67,2.1,0.0,1,1,PREMATIPS
2025-11-01,19:00,RWDM Brussels , Jong Genk,60.0,13.0,27.0,1.35,4.75,6.63,1.0,37.0,63.0,1.46,2.56,1.0,57,43,1.67,2.03,1.0,1,1,PREMATIPS
2025-11-01,19:00,CDT Real Oruro , GV San Jose,39.0,17.0,44.0,2.2,3.25,2.95,5.0,34.0,66.0,1.7,2.1,1.0,63,37,1.57,2.25,1.0,1,1,PREMATIPS
2025-11-01,19:00,Cruzeiro MG , Vitoria BA,52.0,26.0,22.0,1.42,4.33,8.5,1.0,58.0,42.0,1.93,1.93,0.0,45,55,2.1,1.67,0.0,3,1,PREMATIPS
2025-11-01,19:00,Santos SP , Fortaleza CE,43.0,29.0,28.0,1.67,3.7,5.25,4.0,54.0,46.0,1.9,1.95,0.0,45,55,1.8,1.95,0.0,1,1,PREMATIPS
2025-11-01,19:00,Goias GO , Atletico PR,41.0,23.0,36.0,2.57,3.05,2.7,5.0,56.0,44.0,2.4,1.53,0.0,54,46,2.0,1.73,1.0,0,1,PREMATIPS
2025-11-01,19:00,Tecnico Un. , Mushuc Runa,36.0,32.0,32.0,2.32,3.07,3.01,0.0,59.0,41.0,2.27,1.57,0.0,47,53,1.95,1.76,0.0,0,0,PREMATIPS
2025-11-01,19:00,Red Star Paris , Saint Etienne,39.0,21.0,40.0,2.88,3.3,2.38,5.0,46.0,54.0,1.88,1.93,1.0,46,54,1.67,2.1,0.0,2,1,PREMATIPS
2025-11-01,19:00,Ferencvaros , MTK Budapest,35.0,33.0,32.0,1.42,5.0,6.0,4.0,35.0,65.0,1.4,2.88,1.0,67,33,1.62,2.2,1.0,4,1,PREMATIPS
2025-11-01,19:00,Prishtina , Gjilani,59.0,19.0,22.0,1.39,4.3,6.69,1.0,47.0,53.0,1.66,2.1,1.0,53,47,1.84,1.81,1.0,0,0,PREMATIPS
2025-11-01,19:00,Feyenoord , Volendam,62.0,22.0,16.0,1.13,8.44,16.58,1.0,34.0,66.0,1.25,3.63,1.0,57,43,1.85,1.87,1.0,3,1,PREMATIPS
2025-11-01,19:00,Cambuur , Jong Ajax,61.0,27.0,12.0,1.25,5.75,8.0,1.0,44.0,56.0,1.29,3.6,1.0,63,37,1.53,2.38,1.0,4,1,PREMATIPS
2025-11-01,19:30,Darmstadt 98 , Arm. Bielefeld,46.0,29.0,25.0,1.95,4.0,3.25,4.0,48.0,52.0,1.62,2.25,1.0,55,45,1.57,2.25,1.0,2,2,PREMATIPS
2025-11-01,19:30,Zurich , Lausanne,47.0,28.0,25.0,2.2,3.6,2.85,1.0,24.0,76.0,1.53,2.4,1.0,71,29,1.44,2.63,1.0,1,2,PREMATIPS
2025-11-01,19:30,Liverpool M. , Juventud de LP,47.0,35.0,18.0,1.85,3.4,4.5,1.0,60.0,40.0,2.1,1.7,0.0,41,59,2.0,1.73,0.0,0,1,PREMATIPS
2025-11-01,19:30,New York City , Charlotte FC,41.0,31.0,28.0,1.73,3.79,4.3,1.0,44.0,56.0,1.66,2.14,1.0,56,44,1.63,2.15,1.0,0,0,PREMATIPS
2025-11-01,19:45,Anderlecht , Mechelen,34.0,35.0,31.0,1.53,4.33,5.5,4.0,64.0,36.0,1.57,2.35,0.0,56,44,1.67,2.1,1.0,3,1,PREMATIPS
2025-11-01,19:45,Cremonese , Juventus,29.0,48.0,23.0,6.0,4.5,1.5,4.0,68.0,32.0,1.73,2.1,0.0,52,48,1.91,1.91,1.0,1,2,PREMATIPS
2025-11-01,20:00,Velez Sarsfield , Talleres,44.0,29.0,27.0,2.01,3.2,3.9,1.0,60.0,40.0,2.7,1.44,0.0,39,61,2.2,1.62,0.0,0,1,PREMATIPS
2025-11-01,20:00,Liverpool , Aston Villa,38.0,24.0,38.0,1.67,4.33,4.33,5.0,42.0,58.0,1.57,2.38,1.0,58,42,1.62,2.2,1.0,2,0,PREMATIPS
2025-11-01,20:00,Telstar , Excelsior,46.0,11.0,43.0,2.1,3.6,3.2,5.0,40.0,60.0,1.67,2.15,1.0,53,47,1.57,2.25,1.0,2,2,PREMATIPS
2025-11-01,20:00,Real Madrid , Valencia,65.0,20.0,15.0,1.18,7.5,15.0,1.0,45.0,55.0,1.36,3.2,1.0,52,48,1.95,1.8,1.0,4,0,PREMATIPS
2025-11-01,20:00,Almeria , Eibar,52.0,26.0,22.0,1.71,3.6,4.33,1.0,55.0,45.0,1.85,1.95,0.0,56,44,1.8,1.91,1.0,3,1,PREMATIPS
2025-11-01,20:00,CE Europa , Atl. Sanluqueno,33.0,47.0,20.0,1.8,3.1,4.33,4.0,63.0,37.0,2.25,1.62,0.0,48,52,2.0,1.73,0.0,2,1,PREMATIPS
2025-11-01,20:05,Auxerre , Marseille,22.0,6.0,72.0,5.0,3.9,1.67,2.0,42.0,58.0,1.83,2.03,1.0,47,53,1.8,1.95,0.0,0,1,PREMATIPS
2025-11-01,20:15,Comerciantes Un , Sp. Cristal,32.0,34.0,34.0,3.9,3.3,1.95,6.0,54.0,46.0,1.95,1.85,0.0,44,56,1.73,2.0,0.0,1,4,PREMATIPS
2025-11-01,20:30,Nacional As. , Sp. Trinidense,32.0,37.0,31.0,2.15,3.3,3.2,4.0,64.0,36.0,2.15,1.67,0.0,47,53,1.83,1.83,0.0,0,0,PREMATIPS
2025-11-01,20:30,V. Guimaraes , Benfica,23.0,35.0,42.0,5.75,4.5,1.45,6.0,54.0,46.0,2.0,1.85,0.0,43,57,2.1,1.67,0.0,0,3,PREMATIPS
2025-11-01,21:00,Mirassol SP , Botafogo RJ,43.0,28.0,29.0,2.35,3.3,3.1,4.0,58.0,42.0,2.03,1.83,0.0,46,54,1.75,2.0,0.0,0,0,PREMATIPS
2025-11-01,21:00,Nublense ,Colo,29.0,39.0,32.0,3.2,3.3,2.1,6.0,54.0,46.0,2.05,1.75,0.0,52,48,1.83,1.83,1.0,0,1,PREMATIPS
2025-11-01,21:00,Alianza Valledupar , Boyaca Chico,43.0,35.0,22.0,1.44,4.0,8.0,1.0,56.0,44.0,2.0,1.8,0.0,42,58,2.1,1.67,0.0,-,-,PREMATIPS
2025-11-01,21:00,Cacahuatique , Hercules Salvador,47.0,28.0,25.0,1.75,3.3,4.0,1.0,42.0,58.0,1.9,1.8,1.0,54,46,1.83,1.85,1.0,2,0,PREMATIPS
2025-11-01,21:00,Zacatecoluca FC , Mun. Limeno,28.0,23.0,49.0,2.9,2.95,2.25,2.0,51.0,49.0,2.15,1.6,0.0,61,39,1.9,1.78,1.0,0,1,PREMATIPS
2025-11-01,21:00,Dep. Mixco , Antigua GFC,48.0,14.0,38.0,2.1,3.0,3.1,1.0,40.0,60.0,2.1,1.63,1.0,56,44,1.88,1.8,1.0,0,1,PREMATIPS
2025-11-01,21:00,Marathon , Olancho FC,34.0,46.0,20.0,1.62,3.6,4.4,1.0,44.0,56.0,1.78,1.9,1.0,62,38,1.8,1.88,1.0,2,1,PREMATIPS
2025-11-01,21:00,Real Madriz , ART Mun. Jalapa,34.0,21.0,45.0,2.7,3.7,2.1,2.0,33.0,67.0,1.46,2.55,1.0,54,46,1.43,2.6,1.0,1,2,PREMATIPS
2025-11-01,21:15,Fuerte SF , Platense Zac.,28.0,32.0,40.0,2.6,3.0,2.45,6.0,47.0,53.0,2.0,1.71,1.0,58,42,1.78,1.9,1.0,0,0,PREMATIPS
2025-11-01,21:30,Avai SC , Athletic Club MG,43.0,26.0,31.0,1.81,3.25,4.5,4.0,56.0,44.0,2.15,1.67,0.0,51,49,1.91,1.8,1.0,2,1,PREMATIPS
2025-11-01,21:30,Aucas Quito , El Nacional,42.0,33.0,25.0,1.5,4.03,5.75,1.0,49.0,51.0,1.75,1.97,1.0,50,50,1.85,1.84,0.0,3,3,PREMATIPS
2025-11-01,21:30,Chicago Fire , Philadelphia Un,38.0,30.0,32.0,2.05,3.6,3.3,5.0,40.0,60.0,1.62,2.25,1.0,62,38,1.53,2.38,1.0,0,3,PREMATIPS
2025-11-01,21:30,Caracas , Metropolitanos,37.0,32.0,31.0,2.05,3.3,3.0,4.0,51.0,49.0,1.71,1.98,0.0,54,46,1.63,2.1,1.0,1,1,PREMATIPS
2025-11-01,22:00,CA Cerro , Nacional M.,39.0,25.0,36.0,8.5,3.7,1.44,5.0,52.0,48.0,2.35,1.57,0.0,39,61,2.5,1.5,0.0,0,0,PREMATIPS
2025-11-01,23:00,Independiente , Atl. Tucuman,30.0,29.0,41.0,1.76,3.5,4.75,6.0,66.0,34.0,2.35,1.57,0.0,39,61,2.1,1.67,0.0,3,0,PREMATIPS
2025-11-01,23:00,Comunicaciones , Dep. Achuapa,33.0,30.0,37.0,1.51,3.7,5.5,5.0,49.0,51.0,1.93,1.77,1.0,42,58,2.05,1.68,0.0,2,0,PREMATIPS
2025-11-01,23:00,Atlas , Dep. Toluca,23.0,24.0,53.0,5.0,4.75,1.53,2.0,35.0,65.0,1.48,2.6,1.0,64,36,1.57,2.25,1.0,0,0,PREMATIPS
2025-11-01,23:00,Tepatitlan , Atletico La Paz,34.0,42.0,24.0,1.55,4.0,4.5,4.0,38.0,62.0,1.47,2.5,1.0,69,31,1.55,2.25,1.0,0,1,PREMATIPS
2025-11-01,23:00,Rancho Santana , UNAN Managua,42.0,16.0,42.0,2.15,3.5,2.65,5.0,35.0,65.0,1.63,2.1,1.0,54,46,1.58,2.2,1.0,2,1,PREMATIPS
2025-11-01,23:00,Libertad , Olimpia As.,36.0,30.0,34.0,2.7,3.2,2.5,5.0,56.0,44.0,2.0,1.8,0.0,52,48,1.73,2.0,1.0,2,2,PREMATIPS
2025-11-01,23:00,Dep. Garcilaso , ADT Tarma,35.0,38.0,27.0,3.1,3.2,2.3,4.0,54.0,46.0,2.08,1.73,0.0,51,49,1.8,1.91,1.0,1,0,PREMATIPS
2025-11-01,23:15,Juticalpa , Real Espana,30.0,35.0,35.0,4.1,3.3,1.73,6.0,50.0,50.0,1.98,1.71,0.0,55,45,1.93,1.77,1.0,4,3,PREMATIPS
2025-11-01,23:30,Nashville SC , Inter Miami,35.0,30.0,35.0,2.51,3.72,2.45,5.0,36.0,64.0,1.46,2.6,1.0,66,34,1.4,2.75,1.0,2,1,PREMATIPS
2025-11-01,23:30,Dep. Tachira , Carabobo,39.0,35.0,26.0,1.85,2.9,4.1,1.0,65.0,35.0,2.55,1.44,0.0,40,60,2.3,1.55,0.0,1,2,PREMATIPS
2025-11-02,00:00,Flamengo RJ , Sport Recife PE,58.0,31.0,11.0,1.17,7.5,17.0,1.0,57.0,43.0,1.53,2.4,0.0,45,55,2.38,1.53,0.0,3,0,PREMATIPS
2025-11-02,00:00,Puntarenas , Perez Zeledon,32.0,39.0,29.0,1.8,3.6,4.1,4.0,50.0,50.0,2.03,1.78,0.0,58,42,1.83,1.83,1.0,1,2,PREMATIPS
2025-11-02,00:00,Alianza Salvador , Aguila,46.0,28.0,26.0,1.95,3.2,3.3,4.0,49.0,51.0,1.9,1.8,1.0,54,46,1.77,1.93,1.0,0,1,PREMATIPS
2025-11-02,01:00,Inter FA , FAS Santa Ana,14.0,46.0,40.0,2.8,3.3,2.15,6.0,47.0,53.0,1.98,1.73,1.0,58,42,1.82,1.87,1.0,0,2,PREMATIPS
2025-11-02,01:00,Luis Angel Firpo , Isidro Metapan,42.0,24.0,34.0,1.85,3.3,3.6,4.0,40.0,60.0,1.95,1.73,1.0,58,42,1.87,1.82,1.0,2,1,PREMATIPS
2025-11-02,01:00,Malacateco , Marquense,51.0,11.0,38.0,1.63,3.5,4.6,1.0,46.0,54.0,1.9,1.78,1.0,44,56,1.9,1.78,0.0,2,1,PREMATIPS
2025-11-02,01:00,Jaiba Brava , Alebrijes Oaxaca,56.0,23.0,21.0,1.38,4.4,6.25,1.0,45.0,55.0,1.66,2.05,1.0,66,34,1.9,1.77,1.0,3,1,PREMATIPS
2025-11-02,01:00,Tlaxcala , Atletico Morelia,29.0,40.0,31.0,2.75,3.25,2.2,6.0,36.0,64.0,1.75,1.93,1.0,55,45,1.65,2.1,1.0,0,1,PREMATIPS
2025-11-02,01:00,Auckland FC B , Birkenhead Utd,46.0,8.0,46.0,4.6,4.33,1.49,5.0,30.0,70.0,1.35,2.95,1.0,64,36,1.46,2.5,1.0,3,0,PREMATIPS
2025-11-02,01:05,Monterrey , Tigres UANL,32.0,33.0,35.0,2.7,3.25,2.57,6.0,46.0,54.0,1.8,2.0,1.0,55,45,1.62,2.2,1.0,1,1,PREMATIPS
2025-11-02,01:20,Once Caldas , Dep. Pasto,42.0,33.0,25.0,1.7,3.6,5.0,1.0,49.0,51.0,1.88,1.93,1.0,51,49,1.83,1.83,1.0,-,-,PREMATIPS
2025-11-02,01:30,Motagua , Victoria La Ceiba,55.0,31.0,14.0,1.28,5.0,7.75,1.0,36.0,64.0,1.43,2.6,1.0,55,45,1.75,1.95,1.0,2,1,PREMATIPS
2025-11-02,01:30,Dallas , V. Whitecaps,31.0,30.0,39.0,3.7,3.9,1.81,5.0,38.0,62.0,1.53,2.4,1.0,63,37,1.5,2.5,1.0,1,1,PREMATIPS
2025-11-02,01:30,Portland Timbers , San Diego FC,35.0,30.0,35.0,2.45,4.0,2.45,5.0,36.0,64.0,1.5,2.5,1.0,66,34,1.44,2.63,1.0,2,2,PREMATIPS
2025-11-02,02:00,Guadalupe FC , Dep. Saprissa,16.0,45.0,39.0,5.0,4.1,1.57,2.0,50.0,50.0,1.75,2.05,1.0,46,54,1.8,1.91,0.0,1,3,PREMATIPS
2025-11-02,02:00,Managua FC , Matagalpa,42.0,31.0,27.0,1.37,4.2,7.0,4.0,40.0,60.0,1.65,2.1,1.0,56,44,1.9,1.78,1.0,3,0,PREMATIPS
2025-11-02,03:10,Club America , Leon,69.0,14.0,17.0,1.3,5.0,9.0,1.0,46.0,54.0,1.53,2.4,1.0,57,43,1.8,1.95,1.0,2,0,PREMATIPS
2025-11-02,05:00,Imabari , Vegalta Sendai,25.0,42.0,33.0,2.65,3.3,2.45,6.0,60.0,40.0,1.98,1.83,0.0,50,50,1.73,2.0,1.0,3,2,PREMATIPS
2025-11-02,05:00,Iwaki FC , Fujieda MYFC,41.0,33.0,26.0,1.79,3.75,4.0,1.0,57.0,43.0,1.75,2.05,0.0,54,46,1.67,2.1,1.0,3,1,PREMATIPS
2025-11-02,05:00,JEF Utd Chiba , Consadole Sap.,49.0,20.0,31.0,1.81,3.7,3.75,1.0,53.0,47.0,1.73,2.08,0.0,50,50,1.67,2.1,1.0,5,2,PREMATIPS
2025-11-02,05:00,Jubilo Iwata ,Varen Nagasaki,34.0,25.0,41.0,3.8,3.8,1.81,6.0,50.0,50.0,1.67,2.15,1.0,56,44,1.62,2.2,1.0,1,0,PREMATIPS
2025-11-02,05:00,Kataller Toyama , Ehime,36.0,33.0,31.0,1.81,3.5,4.0,4.0,56.0,44.0,1.95,1.85,0.0,50,50,1.8,1.91,1.0,1,1,PREMATIPS
2025-11-02,05:00,Omiya Ardija , Blaublitz Akita,45.0,28.0,27.0,1.76,3.5,4.5,4.0,50.0,50.0,1.95,1.85,0.0,54,46,1.8,1.91,1.0,5,0,PREMATIPS
2025-11-02,05:00,Roasso Kumamoto , Renofa Yamaguchi,41.0,29.0,30.0,2.25,3.3,2.95,4.0,54.0,46.0,2.05,1.75,0.0,53,47,1.8,1.91,1.0,0,1,PREMATIPS
2025-11-02,05:00,Sagan Tosu , Tokushima Vortis,34.0,30.0,36.0,2.65,2.85,2.75,5.0,66.0,34.0,2.4,1.53,0.0,43,57,2.0,1.73,0.0,0,0,PREMATIPS
2025-11-02,05:00,Ventforet Kofu , Mito HollyHock,27.0,28.0,45.0,3.9,3.2,2.01,6.0,56.0,44.0,2.35,1.57,0.0,49,51,2.1,1.67,0.0,0,1,PREMATIPS
2025-11-02,05:00,Gwangju , Jeju SK,38.0,33.0,29.0,1.95,3.4,3.75,4.0,53.0,47.0,1.98,1.83,0.0,51,49,1.83,1.83,1.0,2,0,PREMATIPS
2025-11-02,05:00,Incheon Utd , Busan I'Park,45.0,26.0,29.0,2.25,3.1,3.25,4.0,56.0,44.0,2.35,1.57,0.0,47,53,2.0,1.73,0.0,0,0,PREMATIPS
2025-11-02,05:00,Jeonnam Dragons , Seongnam,37.0,28.0,35.0,2.55,3.3,2.7,5.0,54.0,46.0,1.93,1.88,0.0,50,50,1.67,2.1,1.0,0,2,PREMATIPS
2025-11-02,05:30,Oita Trinita , M. Yamagata,28.0,33.0,39.0,2.85,3.05,2.4,6.0,54.0,46.0,2.35,1.57,0.0,49,51,2.0,1.73,0.0,1,2,PREMATIPS
2025-11-02,06:00,CC Mariners , Wellington Ph.,25.0,43.0,32.0,2.4,3.4,2.82,6.0,33.0,67.0,1.98,1.88,1.0,69,31,1.7,2.05,1.0,1,1,PREMATIPS
2025-11-02,07:00,Bayelsa United , Plateau United,49.0,13.0,38.0,1.64,3.2,5.62,1.0,70.0,30.0,2.5,1.5,0.0,38,62,2.44,1.54,0.0,2,1,PREMATIPS
2025-11-02,07:30,Qingdao Hainiu , Wuhan Three Towns,33.0,29.0,38.0,1.53,4.2,5.25,5.0,44.0,56.0,1.53,2.4,1.0,57,43,1.57,2.25,1.0,1,0,PREMATIPS
2025-11-02,07:30,Suwon FC , Daegu,39.0,30.0,31.0,1.9,4.0,3.5,1.0,38.0,62.0,1.53,2.4,1.0,63,37,1.5,2.5,1.0,1,1,PREMATIPS
2025-11-02,07:30,Chungnam Asan , Cheonan City,42.0,29.0,29.0,1.62,4.0,5.0,1.0,53.0,47.0,1.8,2.0,0.0,49,51,1.83,1.83,0.0,1,1,PREMATIPS
2025-11-02,07:30,AC Taipei , Hang Yuen,35.0,31.0,34.0,2.39,3.11,2.56,5.0,55.0,45.0,1.93,1.64,0.0,51,49,1.75,1.93,1.0,2,1,PREMATIPS
2025-11-02,07:30,Taichung Futuro , Tainan City,33.0,29.0,38.0,2.85,3.6,2.0,5.0,45.0,55.0,1.65,2.1,1.0,59,41,1.57,2.25,1.0,-,-,PREMATIPS
2025-11-02,08:30,PSM Makassar , Madura Utd,25.0,38.0,37.0,1.75,3.3,4.0,6.0,65.0,35.0,1.95,1.73,0.0,58,42,1.9,1.78,1.0,1,1,PREMATIPS
2025-11-02,09:00,Orenburg , Sochi,31.0,35.0,34.0,2.29,3.45,3.22,6.0,44.0,56.0,2.0,1.86,1.0,58,42,1.76,2.0,1.0,3,1,PREMATIPS
2025-11-02,09:15,Viktoria Zizkov , Artis Brno,39.0,17.0,44.0,2.55,3.5,2.3,5.0,49.0,51.0,1.8,2.0,1.0,43,57,1.67,2.1,0.0,0,4,PREMATIPS
2025-11-02,09:30,A. Lustenau , A. Klagenfurt,35.0,30.0,35.0,1.95,3.2,3.7,5.0,47.0,53.0,2.05,1.66,1.0,57,43,1.88,1.8,1.0,2,0,PREMATIPS
2025-11-02,09:30,OFK Malzenice , Stara Lubovna,55.0,13.0,32.0,2.0,3.4,3.0,1.0,41.0,59.0,1.75,1.93,1.0,59,41,1.68,2.05,1.0,2,1,PREMATIPS
2025-11-02,09:30,Slovan Brat. B , Pohronie,31.0,25.0,44.0,2.75,3.3,2.2,6.0,41.0,59.0,1.7,2.0,1.0,59,41,1.61,2.15,1.0,2,2,PREMATIPS
2025-11-02,10:00,Inter Escaldes , Carroi,69.0,28.0,3.0,1.02,12.67,32.5,1.0,38.0,62.0,1.15,4.6,1.0,59,41,2.73,1.4,1.0,3,1,PREMATIPS
2025-11-02,10:00,Kolkheti Poti , Gareji Sagarejo,22.0,33.0,45.0,3.6,3.3,1.83,6.0,54.0,46.0,1.93,1.77,0.0,53,47,1.82,1.85,1.0,1,3,PREMATIPS
2025-11-02,10:00,Slavia TU Kosice , Zilina B,28.0,44.0,28.0,2.1,3.8,2.6,0.0,43.0,57.0,1.38,2.8,1.0,68,32,1.38,2.8,1.0,1,3,PREMATIPS
2025-11-02,10:00,Probiy Horodenka , Viktoriya Sumy,33.0,26.0,41.0,3.04,2.86,2.23,6.0,62.0,38.0,2.29,1.47,0.0,40,60,2.02,1.7,0.0,3,2,PREMATIPS
2025-11-02,10:00,Neftchi Fergana , Termez Surkhon,59.0,20.0,21.0,1.3,4.5,8.5,1.0,55.0,45.0,1.93,1.75,0.0,40,60,2.5,1.46,0.0,2,1,PREMATIPS
2025-11-02,10:30,Nomme Kalju , Tartu Tammeka,66.0,11.0,23.0,1.25,5.25,8.25,1.0,32.0,68.0,1.4,2.7,1.0,54,46,1.75,1.95,1.0,2,1,PREMATIPS
2025-11-02,10:30,Paide , Parnu Vaprus,46.0,20.0,34.0,1.37,4.6,6.25,1.0,39.0,61.0,1.43,2.6,1.0,52,48,1.63,2.1,1.0,3,0,PREMATIPS
2025-11-02,10:30,Ming Chuan Univ. , Taichung Rock,34.0,30.0,36.0,3.0,3.5,1.98,5.0,36.0,64.0,1.44,2.55,1.0,67,33,1.42,2.69,1.0,0,1,PREMATIPS
2025-11-02,10:30,Istanbulspor , Pendikspor,15.0,60.0,25.0,2.8,3.4,2.25,6.0,52.0,48.0,1.65,2.2,0.0,55,45,1.53,2.38,1.0,0,0,PREMATIPS
2025-11-02,10:30,Manisa , Amed SFK,23.0,24.0,53.0,5.5,3.9,1.53,2.0,40.0,60.0,1.7,2.1,1.0,64,36,1.73,2.0,1.0,0,3,PREMATIPS
2025-11-02,10:45,CSKA Sofia , Montana,43.0,36.0,21.0,1.13,6.25,19.0,4.0,63.0,37.0,1.67,2.15,0.0,50,50,2.75,1.4,0.0,3,1,PREMATIPS
2025-11-02,11:00,Arsenal Dzerzh. , Gomel,29.0,31.0,40.0,2.5,2.89,2.73,6.0,63.0,37.0,2.47,1.49,0.0,43,57,2.07,1.67,0.0,0,0,PREMATIPS
2025-11-02,11:00,Hellas Syros , Panionios,28.0,34.0,38.0,3.4,2.95,2.05,6.0,72.0,28.0,2.5,1.46,0.0,49,51,2.2,1.6,0.0,1,2,PREMATIPS
2025-11-02,11:00,Mohammedan , Punjab FC,22.0,34.0,44.0,7.0,4.5,1.34,2.0,42.0,58.0,1.57,2.25,1.0,51,49,1.8,1.83,1.0,0,3,PREMATIPS
2025-11-02,11:00,Bidco United , APS Bomet,85.0,7.0,8.0,1.81,2.99,4.12,1.0,53.0,47.0,2.19,1.51,0.0,47,53,2.01,1.67,0.0,0,0,PREMATIPS
2025-11-02,11:00,Kakamega Homeboyz , Tusker,61.0,9.0,30.0,2.02,2.88,3.43,1.0,58.0,42.0,2.7,1.33,0.0,47,53,2.25,1.55,0.0,1,1,PREMATIPS
2025-11-02,11:00,Auda Kekava , Tukums 2000,49.0,18.0,33.0,1.8,3.6,3.4,1.0,51.0,49.0,1.6,2.2,0.0,50,50,1.58,2.2,1.0,0,1,PREMATIPS
2025-11-02,11:00,BFC Daugavpils , Liepaja,39.0,14.0,47.0,2.84,3.49,2.14,6.0,42.0,58.0,1.61,2.13,1.0,60,40,1.53,2.28,1.0,1,2,PREMATIPS
2025-11-02,11:00,FS Jelgava , Metta,46.0,23.0,31.0,2.1,3.4,2.8,1.0,52.0,48.0,1.62,2.15,0.0,52,48,1.57,2.2,1.0,2,2,PREMATIPS
2025-11-02,11:00,Grobinas SC , Riga FC,20.0,18.0,62.0,8.25,4.5,1.31,2.0,53.0,47.0,1.57,2.2,0.0,45,55,1.88,1.8,0.0,1,1,PREMATIPS
2025-11-02,11:00,Super Nova Riga , RFS Riga,16.0,29.0,55.0,9.29,5.7,1.21,2.0,44.0,56.0,1.39,2.75,1.0,60,40,1.79,1.88,1.0,1,3,PREMATIPS
2025-11-02,11:00,Stal Rzeszow , Pogon Siedlce,37.0,28.0,35.0,2.1,3.6,3.0,5.0,33.0,67.0,1.6,2.3,1.0,66,34,1.53,2.38,1.0,1,1,PREMATIPS
2025-11-02,11:00,Vizela , Penafiel,42.0,33.0,25.0,1.55,4.0,5.0,1.0,63.0,37.0,1.95,1.85,0.0,46,54,2.0,1.73,0.0,1,3,PREMATIPS
2025-11-02,11:00,Betis B , Real Murcia,34.0,45.0,21.0,2.9,3.1,2.2,4.0,77.0,23.0,2.5,1.5,0.0,48,52,2.2,1.62,0.0,1,2,PREMATIPS
2025-11-02,11:00,Tarazona , Ibiza,49.0,23.0,28.0,2.8,2.88,2.4,1.0,66.0,34.0,2.5,1.5,0.0,37,63,2.1,1.67,0.0,0,0,PREMATIPS
2025-11-02,11:00,Teruel , Marbella,37.0,46.0,17.0,2.2,2.9,3.2,4.0,70.0,30.0,2.63,1.44,0.0,48,52,2.1,1.67,0.0,1,0,PREMATIPS
2025-11-02,11:00,Muangthong Utd , PT Prachuap,29.0,39.0,32.0,1.83,3.4,3.5,6.0,66.0,34.0,1.75,1.95,0.0,49,51,1.68,2.0,0.0,1,4,PREMATIPS
2025-11-02,11:00,Vorskla Poltava , Nyva Ternopil,25.0,34.0,41.0,1.98,2.9,3.7,6.0,65.0,35.0,2.37,1.5,0.0,37,63,2.1,1.65,0.0,2,0,PREMATIPS
2025-11-02,11:00,Thanh Hoa , Viettel,8.0,73.0,19.0,4.0,3.1,1.8,6.0,53.0,47.0,2.15,1.62,0.0,63,37,1.98,1.71,1.0,0,1,PREMATIPS
2025-11-02,11:15,Heracles , Zwolle,36.0,31.0,33.0,2.45,3.5,2.75,5.0,27.0,73.0,1.75,2.05,1.0,50,50,1.62,2.2,1.0,8,2,PREMATIPS
2025-11-02,11:15,Gornik Zabrze , Arka Gdynia,66.0,13.0,21.0,1.48,4.08,6.01,1.0,49.0,51.0,1.77,1.96,1.0,50,50,1.88,1.82,0.0,5,1,PREMATIPS
2025-11-02,11:30,Verona , Inter,15.0,35.0,50.0,6.5,5.0,1.42,2.0,50.0,50.0,1.8,2.0,1.0,49,51,2.0,1.75,0.0,1,2,PREMATIPS
2025-11-02,11:30,Triestina , Union Brescia,3.0,39.0,57.0,4.1,3.2,1.77,2.0,65.0,35.0,2.25,1.55,0.0,47,53,2.15,1.62,0.0,0,1,PREMATIPS
2025-11-02,11:30,Livorno , Forli,29.0,14.0,57.0,2.6,2.85,2.6,2.0,60.0,40.0,2.15,1.61,0.0,38,62,1.85,1.82,0.0,2,3,PREMATIPS
2025-11-02,11:30,Balestier Khalsa , Tanjong Pagar,43.0,30.0,27.0,1.47,4.4,4.8,1.0,28.0,72.0,1.3,3.2,1.0,66,34,1.4,2.7,1.0,3,0,PREMATIPS
2025-11-02,11:30,Bangkok Utd , Uthai Thani,71.0,23.0,6.0,1.42,4.2,5.75,1.0,48.0,52.0,1.63,2.1,1.0,71,29,1.83,1.85,1.0,1,2,PREMATIPS
2025-11-02,11:30,Lamphun Warriors , Port Bangkok,16.0,34.0,50.0,3.1,3.4,1.95,2.0,40.0,60.0,1.7,2.0,1.0,53,47,1.63,2.1,1.0,0,2,PREMATIPS
2025-11-02,11:30,Konyaspor , Samsunspor,38.0,29.0,33.0,2.25,3.25,3.05,5.0,45.0,55.0,1.9,1.9,1.0,67,33,1.8,1.91,1.0,1,3,PREMATIPS
2025-11-02,11:35,Yunnan Yukun , Qingdao W. Coast,37.0,32.0,31.0,1.81,3.9,3.7,4.0,41.0,59.0,1.53,2.4,1.0,66,34,1.5,2.5,1.0,1,0,PREMATIPS
2025-11-02,12:00,Turan Tovuz , Shamakhi,48.0,29.0,23.0,1.55,3.4,5.5,1.0,51.0,49.0,2.1,1.63,0.0,47,53,2.15,1.61,0.0,2,1,PREMATIPS
2025-11-02,12:00,Mlada Boleslav , Sigma Olomouc,20.0,38.0,42.0,2.8,3.4,2.25,6.0,59.0,41.0,1.7,2.1,0.0,51,49,1.57,2.25,1.0,1,4,PREMATIPS
2025-11-02,12:00,Narva Trans , FCI Levadia,32.0,14.0,54.0,7.75,5.0,1.27,2.0,31.0,69.0,1.44,2.55,1.0,56,44,1.78,1.9,1.0,0,4,PREMATIPS
2025-11-02,12:00,Anag. Karditsas , Iraklis,46.0,9.0,45.0,3.0,3.1,2.15,5.0,49.0,51.0,2.1,1.63,1.0,44,56,1.88,1.8,0.0,1,1,PREMATIPS
2025-11-02,12:00,Kampaniakos , Ast. Tripolis B,27.0,37.0,36.0,3.2,3.0,2.1,6.0,58.0,42.0,2.05,1.68,0.0,44,56,1.83,1.85,0.0,0,1,PREMATIPS
2025-11-02,12:00,Persebaya , Persis Solo,63.0,15.0,22.0,1.63,3.6,4.33,1.0,54.0,46.0,1.85,1.83,0.0,49,51,1.87,1.82,0.0,2,1,PREMATIPS
2025-11-02,12:00,Leopards , Mathare United,32.0,46.0,22.0,1.71,3.09,4.58,4.0,55.0,45.0,2.22,1.49,0.0,52,48,2.13,1.6,1.0,2,0,PREMATIPS
2025-11-02,12:00,Muranga Seal , Kenya CB,34.0,6.0,60.0,2.58,2.73,2.69,2.0,63.0,37.0,2.8,1.35,0.0,37,63,2.25,1.54,0.0,2,1,PREMATIPS
2025-11-02,12:00,Drita , Llapi,51.0,16.0,33.0,1.85,3.5,3.54,1.0,42.0,58.0,1.64,2.12,1.0,65,35,1.56,2.24,1.0,1,0,PREMATIPS
2025-11-02,12:00,Prishtina e Re , Drenica,31.0,7.0,62.0,2.65,3.0,2.4,2.0,57.0,43.0,2.1,1.63,0.0,38,62,1.87,1.82,0.0,0,0,PREMATIPS
2025-11-02,12:00,Kauno Zalgiris , Panevezys,47.0,24.0,29.0,1.49,4.1,5.0,1.0,45.0,55.0,1.58,2.2,1.0,51,49,1.64,2.13,1.0,3,2,PREMATIPS
2025-11-02,12:00,Sheriff Tiraspol , Balti,46.0,38.0,16.0,1.23,4.73,10.16,1.0,49.0,51.0,1.67,1.91,1.0,37,63,2.3,1.54,0.0,1,2,PREMATIPS
2025-11-02,12:00,Brattvag , Grorud,40.0,29.0,31.0,1.76,3.92,3.49,1.0,30.0,70.0,1.32,3.22,1.0,70,30,1.32,3.2,1.0,2,1,PREMATIPS
2025-11-02,12:00,Chonburi , BG Pathum Utd,21.0,42.0,37.0,2.8,3.4,2.1,6.0,55.0,45.0,1.73,1.95,0.0,56,44,1.65,2.1,1.0,1,2,PREMATIPS
2025-11-02,12:00,Eskhata , Barkchi Hisor,30.0,43.0,27.0,2.07,3.1,3.38,4.0,60.0,40.0,2.25,1.56,0.0,47,53,1.95,1.74,0.0,1,1,PREMATIPS
2025-11-02,12:00,Khosilot , Hulbuk Vose,39.0,40.0,21.0,1.54,3.72,5.48,4.0,54.0,46.0,1.94,1.75,0.0,55,45,1.97,1.73,1.0,1,0,PREMATIPS
2025-11-02,12:00,Ravshan Kulob , Vakhsh Bokhtar,23.0,50.0,27.0,2.47,3.08,2.61,6.0,58.0,42.0,2.15,1.61,0.0,57,43,1.85,1.84,1.0,0,0,PREMATIPS
2025-11-02,12:00,Inhulets Petrove , FC Chernihiv,62.0,17.0,21.0,1.41,4.2,6.25,1.0,60.0,40.0,1.75,1.93,0.0,37,63,1.98,1.72,0.0,1,1,PREMATIPS
2025-11-02,12:15,Ordino , FC Ranger's,11.0,44.0,45.0,6.84,4.42,1.34,6.0,58.0,42.0,1.66,2.03,0.0,55,45,1.94,1.76,1.0,0,2,PREMATIPS
2025-11-02,12:15,Brunei DPMM , Negeri Sembilan,26.0,19.0,55.0,6.0,4.6,1.37,2.0,25.0,75.0,1.52,2.35,1.0,48,52,1.75,1.93,0.0,2,2,PREMATIPS
2025-11-02,12:15,Mash'al Mubarek , Kokand,38.0,24.0,38.0,2.4,3.25,2.5,5.0,52.0,48.0,1.62,2.15,0.0,38,62,1.53,2.3,0.0,1,0,PREMATIPS
2025-11-02,12:15,Sogdiana , Qizilqum,38.0,31.0,31.0,1.63,3.5,4.5,0.0,58.0,42.0,1.9,1.77,0.0,47,53,1.9,1.77,0.0,3,0,PREMATIPS
2025-11-02,12:30,Westerlo , Genk,37.0,27.0,36.0,3.0,3.9,2.1,5.0,50.0,50.0,1.48,2.6,1.0,62,38,1.44,2.63,1.0,0,1,PREMATIPS
2025-11-02,12:30,Marek Dupnitsa , Pirin Blagoevgrad,22.0,36.0,42.0,2.16,3.02,2.95,6.0,62.0,38.0,2.13,1.56,0.0,52,48,1.89,1.77,1.0,3,1,PREMATIPS
2025-11-02,12:30,Minyor Pernik , Spartak Pleven,39.0,44.0,17.0,1.45,3.7,5.84,4.0,63.0,37.0,2.11,1.55,0.0,54,46,2.15,1.58,1.0,0,0,PREMATIPS
2025-11-02,12:30,Sevlievo , Dunav Ruse,19.0,30.0,51.0,6.6,3.64,1.41,2.0,56.0,44.0,2.04,1.6,0.0,41,59,2.26,1.53,0.0,0,2,PREMATIPS
2025-11-02,12:30,Sportist Svoge , Belasitsa Petrich,38.0,43.0,19.0,1.61,3.32,4.84,4.0,62.0,38.0,2.03,1.61,0.0,44,56,2.05,1.68,0.0,0,1,PREMATIPS
2025-11-02,12:30,Banik Ostrava B , Vlasim,50.0,29.0,21.0,2.0,3.5,3.1,1.0,43.0,57.0,1.8,2.0,1.0,50,50,1.67,2.1,1.0,1,0,PREMATIPS
2025-11-02,12:30,Bochum , Magdeburg,50.0,12.0,38.0,2.38,3.6,2.7,1.0,47.0,53.0,1.53,2.4,1.0,52,48,1.44,2.63,1.0,2,0,PREMATIPS
2025-11-02,12:30,F. Dusseldorf , Kaiserslautern,30.0,12.0,58.0,2.5,3.6,2.63,2.0,41.0,59.0,1.57,2.35,1.0,55,45,1.5,2.5,1.0,1,1,PREMATIPS
2025-11-02,12:30,Paderborn , Greuther Furth,69.0,6.0,25.0,1.33,5.25,8.5,1.0,37.0,63.0,1.44,2.7,1.0,58,42,1.73,2.0,1.0,2,1,PREMATIPS
2025-11-02,12:30,Hoffenheim II , Waldhof Mannheim,35.0,24.0,41.0,2.1,3.7,2.88,6.0,35.0,65.0,1.5,2.5,1.0,66,34,1.44,2.63,1.0,2,0,PREMATIPS
2025-11-02,12:30,Mighty Tigers , MAFCO Salima,38.0,25.0,37.0,2.0,2.95,3.5,5.0,61.0,39.0,2.55,1.44,0.0,38,62,2.19,1.6,0.0,1,1,PREMATIPS
2025-11-02,12:30,Moyale Barracks , Songwe Border,57.0,34.0,9.0,1.26,5.25,8.35,1.0,62.0,38.0,2.35,1.57,0.0,37,63,3.63,1.25,0.0,1,0,PREMATIPS
2025-11-02,13:00,KF Tirana , Bylis Ballsh,26.0,45.0,29.0,1.4,3.77,7.0,6.0,57.0,43.0,1.95,1.68,0.0,45,55,2.13,1.63,0.0,-,-,PREMATIPS
2025-11-02,13:00,BKMA , Pyunik,23.0,35.0,42.0,5.75,4.2,1.42,2.0,40.0,60.0,1.57,2.25,1.0,59,41,1.73,1.95,1.0,1,2,PREMATIPS
2025-11-02,13:00,Dinamo Minsk , Slutsk,64.0,19.0,17.0,1.19,6.0,11.0,1.0,46.0,54.0,1.65,2.1,1.0,44,56,2.5,1.47,0.0,3,1,PREMATIPS
2025-11-02,13:00,Viborg , Randers,40.0,10.0,50.0,2.35,3.4,2.82,2.0,44.0,56.0,1.8,2.0,1.0,56,44,1.62,2.2,1.0,3,2,PREMATIPS
2025-11-02,13:00,Egaleo , Chania,34.0,33.0,33.0,2.75,2.85,2.4,0.0,68.0,32.0,2.37,1.5,0.0,54,46,2.05,1.68,1.0,1,0,PREMATIPS
2025-11-02,13:00,PAS Giannina , Kavala,43.0,19.0,38.0,1.61,3.4,4.8,5.0,58.0,42.0,2.1,1.65,0.0,44,56,2.1,1.65,0.0,0,0,PREMATIPS
2025-11-02,13:00,Gor Mahia , Ulinzi Stars,42.0,35.0,23.0,1.57,3.31,5.52,1.0,63.0,37.0,2.8,1.3,0.0,30,70,2.74,1.38,0.0,1,1,PREMATIPS
2025-11-02,13:00,Dziugas Telsiai , Riteriai,47.0,26.0,27.0,1.49,4.0,5.25,1.0,53.0,47.0,1.68,2.05,0.0,48,52,1.75,1.95,0.0,4,1,PREMATIPS
2025-11-02,13:00,Penang , Immigration FC,55.0,28.0,17.0,1.63,3.7,4.2,1.0,35.0,65.0,1.6,2.15,1.0,53,47,1.65,2.1,1.0,0,1,PREMATIPS
2025-11-02,13:00,Volga Ulyanovsk , Rodina Moscow,22.0,30.0,48.0,3.45,3.26,2.12,2.0,58.0,42.0,2.23,1.63,0.0,51,49,1.92,1.77,1.0,1,2,PREMATIPS
2025-11-02,13:00,Levante , Celta Vigo,33.0,32.0,35.0,2.85,3.35,2.45,5.0,57.0,43.0,1.76,2.02,0.0,68,32,1.58,2.26,1.0,1,2,PREMATIPS
2025-11-02,13:00,FC Andorra , Cadiz,24.0,45.0,31.0,2.01,3.3,3.6,6.0,54.0,46.0,2.1,1.7,0.0,54,46,1.83,1.83,1.0,0,0,PREMATIPS
2025-11-02,13:00,Lugano , St. Gallen,40.0,9.0,51.0,2.01,3.9,3.2,2.0,26.0,74.0,1.57,2.35,1.0,65,35,1.5,2.5,1.0,-,-,PREMATIPS
2025-11-02,13:00,Wil , Neuchatel Xamax,16.0,14.0,70.0,2.55,3.4,2.3,2.0,45.0,55.0,1.7,2.0,1.0,61,39,1.61,2.15,1.0,2,1,PREMATIPS
2025-11-02,13:00,Elfsborg , AIK Stockholm,40.0,23.0,37.0,2.57,3.3,2.57,5.0,46.0,54.0,1.95,1.85,1.0,51,49,1.7,2.05,1.0,0,3,PREMATIPS
2025-11-02,13:00,Halmstad , Brommapojkarna,39.0,18.0,43.0,2.75,3.5,2.32,5.0,51.0,49.0,1.85,1.95,0.0,45,55,1.7,2.05,0.0,0,0,PREMATIPS
2025-11-02,13:00,Torslanda IK , Lund,29.0,25.0,46.0,2.87,3.5,2.05,6.0,39.0,61.0,1.6,2.15,1.0,51,49,1.57,2.25,1.0,3,1,PREMATIPS
2025-11-02,13:00,Boluspor , Bodrum,25.0,26.0,49.0,3.8,3.4,1.85,2.0,49.0,51.0,1.9,1.9,1.0,64,36,1.73,2.0,1.0,3,0,PREMATIPS
2025-11-02,13:00,Green Buffaloes , ZESCO United,41.0,28.0,31.0,4.5,2.55,1.98,4.0,65.0,35.0,2.8,1.38,0.0,31,69,2.3,1.53,0.0,2,1,PREMATIPS
2025-11-02,13:00,Nchanga Rangers , MUZА,36.0,19.0,45.0,2.2,2.72,3.55,6.0,85.0,15.0,3.0,1.36,0.0,27,73,2.5,1.5,0.0,1,0,PREMATIPS
2025-11-02,13:00,Power Dynamos , Nkwazi,41.0,41.0,18.0,1.63,3.0,5.75,1.0,78.0,22.0,2.5,1.47,0.0,41,59,2.4,1.5,0.0,1,0,PREMATIPS
2025-11-02,13:15,Arda Kardzhali , Levski Sofia,20.0,30.0,50.0,5.25,3.75,1.61,2.0,57.0,43.0,2.2,1.65,0.0,40,60,2.2,1.62,0.0,0,3,PREMATIPS
2025-11-02,13:30,ES Ben Aknoun , ES Setif,38.0,49.0,13.0,1.98,2.87,3.7,4.0,70.0,30.0,2.45,1.47,0.0,62,38,2.15,1.61,1.0,0,1,PREMATIPS
2025-11-02,13:30,RB Salzburg , Ried,59.0,19.0,22.0,1.66,4.1,4.33,1.0,38.0,62.0,1.67,2.15,1.0,53,47,1.7,2.05,1.0,4,1,PREMATIPS
2025-11-02,13:30,Wolfsberger AC , WSG Swarovski,61.0,26.0,13.0,1.57,3.8,5.0,1.0,45.0,55.0,1.93,1.88,1.0,64,36,1.95,1.8,1.0,0,0,PREMATIPS
2025-11-02,13:30,Cittadella , Pro Vercelli,45.0,15.0,40.0,1.8,3.0,4.33,5.0,65.0,35.0,2.37,1.51,0.0,35,65,2.15,1.6,0.0,2,1,PREMATIPS
2025-11-02,13:30,L.R. Vicenza , Giana Erminio,45.0,39.0,16.0,1.28,4.75,8.75,1.0,59.0,41.0,1.85,1.83,0.0,47,53,2.4,1.5,0.0,2,1,PREMATIPS
2025-11-02,13:30,Gubbio , Ternana,26.0,42.0,32.0,2.75,2.95,2.37,6.0,75.0,25.0,2.3,1.53,0.0,45,55,1.98,1.71,0.0,3,3,PREMATIPS
2025-11-02,13:30,Torres , Carpi,23.0,17.0,60.0,1.95,3.0,3.6,2.0,66.0,34.0,2.35,1.52,0.0,45,55,2.05,1.66,0.0,0,1,PREMATIPS
2025-11-02,13:30,Crotone , Trapani,48.0,27.0,25.0,1.7,3.4,4.2,1.0,56.0,44.0,1.93,1.77,0.0,40,60,1.9,1.78,0.0,1,2,PREMATIPS
2025-11-02,13:30,Potenza , Foggia,38.0,43.0,19.0,1.61,3.6,4.5,4.0,56.0,44.0,1.87,1.8,0.0,43,57,1.9,1.77,0.0,3,0,PREMATIPS
2025-11-02,13:30,Groningen , Twente,45.0,13.0,42.0,2.8,3.5,2.4,5.0,34.0,66.0,1.85,1.95,1.0,60,40,1.7,2.05,1.0,1,1,PREMATIPS
2025-11-02,13:30,Sparta Rotterdam , AZ Alkmaar,35.0,21.0,44.0,4.33,4.33,1.67,6.0,27.0,73.0,1.44,2.7,1.0,60,40,1.5,2.5,1.0,0,1,PREMATIPS
2025-11-02,13:30,Emmen , RKC Waalwijk,37.0,18.0,45.0,2.3,3.75,2.65,6.0,39.0,61.0,1.53,2.4,1.0,63,37,1.5,2.5,1.0,2,2,PREMATIPS
2025-11-02,13:30,Stromsgodset , Viking,17.0,17.0,66.0,6.25,4.75,1.44,2.0,29.0,71.0,1.33,3.4,1.0,64,36,1.5,2.5,1.0,1,2,PREMATIPS
2025-11-02,13:30,Chrobry Glogow , Wisla Krakow,38.0,18.0,44.0,4.33,3.6,1.7,6.0,33.0,67.0,1.9,1.9,1.0,54,46,1.83,1.83,1.0,0,1,PREMATIPS
2025-11-02,13:30,UTA Arad , Metaloglobus,42.0,43.0,15.0,1.65,3.6,5.0,4.0,45.0,55.0,1.95,1.85,1.0,61,39,1.83,1.83,1.0,2,0,PREMATIPS
2025-11-02,13:30,TS Galaxy , Stellenbosch,54.0,25.0,21.0,2.75,2.87,2.55,1.0,69.0,31.0,2.65,1.41,0.0,42,58,2.2,1.58,0.0,2,0,PREMATIPS
2025-11-02,13:30,Bizertin , Olympique Beja,61.0,16.0,23.0,1.65,3.11,5.67,1.0,76.0,24.0,2.62,1.43,0.0,18,82,2.5,1.47,0.0,3,0,PREMATIPS
2025-11-02,13:30,ES Zarzis , AS La Marsa,58.0,21.0,21.0,1.71,3.1,4.6,1.0,61.0,39.0,2.5,1.46,0.0,30,70,2.3,1.53,0.0,-,-,PREMATIPS
2025-11-02,13:30,JS El Omrane , Stade Tunisien,26.0,31.0,43.0,3.9,2.75,1.98,6.0,73.0,27.0,2.75,1.38,0.0,27,73,2.35,1.51,0.0,0,0,PREMATIPS
2025-11-02,13:30,Sfaxien Sfax , Esperance Tunis,31.0,32.0,37.0,4.1,3.0,1.82,6.0,73.0,27.0,2.5,1.46,0.0,27,73,2.25,1.55,0.0,1,2,PREMATIPS
2025-11-02,13:30,Zorya Luhansk , Rukh Lviv,43.0,34.0,23.0,1.95,3.2,4.1,4.0,52.0,48.0,2.5,1.46,0.0,49,51,2.25,1.57,0.0,1,0,PREMATIPS
2025-11-02,13:45,Lech Poznan , Motor Lublin,41.0,39.0,20.0,1.53,4.34,4.89,4.0,43.0,57.0,1.42,2.69,1.0,60,40,1.51,2.4,1.0,2,2,PREMATIPS
2025-11-02,14:00,Etar V. Tarnovo , Chernom. Burgas,26.0,49.0,25.0,1.86,3.23,3.46,4.0,70.0,30.0,1.88,1.72,0.0,47,53,1.81,1.86,0.0,3,3,PREMATIPS
2025-11-02,14:00,Lyngby , Hobro,35.0,47.0,18.0,1.57,4.1,4.75,4.0,44.0,56.0,1.62,2.25,1.0,61,39,1.67,2.1,1.0,3,0,PREMATIPS
2025-11-02,14:00,West Ham Utd , Newcastle Utd,19.0,33.0,48.0,5.0,4.33,1.6,6.0,46.0,54.0,1.73,2.1,1.0,46,54,1.75,2.0,0.0,3,1,PREMATIPS
2025-11-02,14:00,KuPS Kuopio , Inter Turku,38.0,31.0,31.0,2.2,3.4,2.9,5.0,46.0,54.0,1.8,2.0,1.0,57,43,1.62,2.2,1.0,3,2,PREMATIPS
2025-11-02,14:00,Rennes , Strasbourg,32.0,32.0,36.0,2.5,3.5,2.7,5.0,36.0,64.0,1.67,2.2,1.0,57,43,1.57,2.25,1.0,4,1,PREMATIPS
2025-11-02,14:00,Dinamo Tbilisi , Telavi,50.0,23.0,27.0,1.55,3.5,5.25,1.0,56.0,44.0,1.98,1.71,0.0,50,50,2.05,1.66,0.0,3,0,PREMATIPS
2025-11-02,14:00,Gokulam , Bengaluru,20.0,35.0,45.0,8.44,4.57,1.3,2.0,43.0,57.0,1.6,2.15,1.0,47,53,1.91,1.76,0.0,0,4,PREMATIPS
2025-11-02,14:00,Fiorentina , Lecce,42.0,34.0,24.0,1.67,3.7,5.25,1.0,50.0,50.0,2.2,1.67,0.0,52,48,2.05,1.7,1.0,0,1,PREMATIPS
2025-11-02,14:00,Torino , Pisa,44.0,40.0,16.0,1.91,3.25,4.5,4.0,57.0,43.0,2.38,1.57,0.0,37,63,2.05,1.7,0.0,2,2,PREMATIPS
2025-11-02,14:00,Bari , Cesena,18.0,28.0,54.0,3.2,2.85,2.4,2.0,42.0,58.0,2.25,1.62,1.0,72,28,1.91,1.91,1.0,1,0,PREMATIPS
2025-11-02,14:00,Catanzaro , Venezia,16.0,63.0,21.0,3.5,3.05,2.1,6.0,50.0,50.0,2.1,1.7,0.0,57,43,1.8,1.95,1.0,2,1,PREMATIPS
2025-11-02,14:00,Modena , Juve Stabia,39.0,34.0,27.0,1.86,3.4,4.2,1.0,52.0,48.0,2.4,1.53,0.0,55,45,2.2,1.62,1.0,3,0,PREMATIPS
2025-11-02,14:00,Mamer 32 , Atert Bissen,18.0,20.0,62.0,4.8,3.9,1.53,2.0,39.0,61.0,1.5,2.37,1.0,59,41,1.58,2.2,1.0,1,4,PREMATIPS
2025-11-02,14:00,Milsami Orhei , Petrocub,34.0,32.0,34.0,2.44,3.12,2.53,0.0,50.0,50.0,1.75,1.82,1.0,56,44,1.62,2.13,1.0,1,2,PREMATIPS
2025-11-02,14:00,Buducnost , Mladost DG,40.0,31.0,29.0,1.56,3.58,4.58,4.0,50.0,50.0,1.77,1.79,1.0,58,42,1.82,1.73,1.0,0,1,PREMATIPS
2025-11-02,14:00,Jezero Plav , Arsenal Tivat,34.0,35.0,31.0,2.35,3.25,2.55,4.0,48.0,52.0,1.9,1.78,1.0,57,43,1.75,1.93,1.0,2,0,PREMATIPS
2025-11-02,14:00,Petrovac , Decic Tuzi,34.0,33.0,33.0,2.1,3.1,3.0,0.0,54.0,46.0,2.05,1.68,0.0,55,45,1.85,1.83,1.0,1,1,PREMATIPS
2025-11-02,14:00,Baltika , Akhmat Grozny,33.0,48.0,19.0,2.65,3.12,2.97,4.0,60.0,40.0,2.6,1.54,0.0,47,53,2.07,1.72,0.0,2,0,PREMATIPS
2025-11-02,14:00,Spartak Kostroma , Chernomorets N.,38.0,44.0,18.0,2.15,3.01,3.65,4.0,61.0,39.0,2.61,1.4,0.0,59,41,2.19,1.6,1.0,3,1,PREMATIPS
2025-11-02,14:00,Celtic , Rangers,39.0,30.0,31.0,1.95,3.8,3.5,1.0,40.0,60.0,1.65,2.2,1.0,62,38,1.57,2.25,1.0,1,1,PREMATIPS
2025-11-02,14:00,Domagnano , Cailungo,81.0,8.0,11.0,1.44,3.99,5.52,1.0,51.0,49.0,1.67,1.98,0.0,33,67,1.82,1.86,0.0,3,0,PREMATIPS
2025-11-02,14:00,Pennarossa , SM Academy,66.0,22.0,12.0,2.15,3.2,2.87,1.0,42.0,58.0,1.68,2.05,1.0,42,58,1.55,2.26,0.0,3,1,PREMATIPS
2025-11-02,14:00,FC Koper , Olimpija,42.0,25.0,33.0,2.7,3.4,2.3,4.0,37.0,63.0,1.8,1.87,1.0,63,37,1.68,2.0,1.0,1,0,PREMATIPS
2025-11-02,14:00,Orebro , Utsiktens,30.0,35.0,35.0,1.83,3.7,3.6,6.0,38.0,62.0,1.53,2.4,1.0,66,34,1.53,2.38,1.0,2,1,PREMATIPS
2025-11-02,14:00,Team TG , Sollentuna,24.0,18.0,58.0,3.5,3.6,1.78,2.0,33.0,67.0,1.6,2.2,1.0,64,36,1.58,2.2,1.0,0,0,PREMATIPS
2025-11-02,14:00,Kayserispor , Kasimpasa,23.0,35.0,42.0,2.15,3.5,2.95,6.0,58.0,42.0,1.75,2.05,0.0,60,40,1.62,2.2,1.0,3,2,PREMATIPS
2025-11-02,14:00,Chornomorets Od , Bukovyna,36.0,23.0,41.0,2.55,2.95,2.55,5.0,62.0,38.0,2.3,1.55,0.0,40,60,1.98,1.72,0.0,1,2,PREMATIPS
2025-11-02,14:15,Posusje , FK Sarajevo,33.0,26.0,41.0,3.1,3.1,2.1,6.0,67.0,33.0,2.1,1.65,0.0,41,59,1.9,1.78,0.0,0,3,PREMATIPS
2025-11-02,14:15,Eastleigh , Walsall,27.0,33.0,40.0,4.75,3.4,1.76,2.0,49.0,51.0,1.88,1.98,1.0,53,47,1.75,2.0,1.0,0,3,PREMATIPS
2025-11-02,14:30,Sumgayit ,Naxcivan,26.0,39.0,35.0,3.01,2.83,2.3,6.0,51.0,49.0,2.56,1.44,0.0,47,53,2.15,1.61,0.0,3,2,PREMATIPS
2025-11-02,14:30,Bohemians 1905 , Hradec Kralove,30.0,36.0,34.0,2.2,3.25,3.0,6.0,59.0,41.0,2.05,1.75,0.0,54,46,1.8,1.95,1.0,1,2,PREMATIPS
2025-11-02,14:30,Karvina , Sparta Prague,28.0,24.0,48.0,4.75,3.75,1.6,6.0,41.0,59.0,1.67,2.15,1.0,69,31,1.7,2.05,1.0,2,1,PREMATIPS
2025-11-02,14:30,Koln , Hamburger,46.0,36.0,18.0,2.3,3.6,2.9,4.0,47.0,53.0,1.67,2.2,1.0,46,54,1.53,2.38,0.0,4,1,PREMATIPS
2025-11-02,14:30,Diosgyori VTK , Ujpest,20.0,53.0,27.0,2.88,3.6,2.2,6.0,37.0,63.0,1.65,2.2,1.0,71,29,1.53,2.38,1.0,1,3,PREMATIPS
2025-11-02,14:30,Komarno , Z. Michalovce,29.0,27.0,44.0,2.1,3.5,3.0,6.0,45.0,55.0,1.66,2.05,1.0,64,36,1.58,2.2,1.0,1,1,PREMATIPS
2025-11-02,15:00,Pas de la Casa , UE Santa Coloma,9.0,43.0,48.0,30.71,7.8,1.06,2.0,86.0,14.0,1.57,2.21,0.0,27,73,3.86,1.24,0.0,0,3,PREMATIPS
2025-11-02,15:00,Primeiro de Maio , GD Interclube,21.0,45.0,34.0,2.96,2.89,2.4,6.0,80.0,20.0,2.56,1.4,0.0,42,58,2.14,1.62,0.0,1,1,PREMATIPS
2025-11-02,15:00,Shirak , Van,32.0,21.0,47.0,2.6,3.1,2.4,6.0,50.0,50.0,1.93,1.77,0.0,49,51,1.75,1.93,0.0,2,3,PREMATIPS
2025-11-02,15:00,OH Leuven , KAA Gent,21.0,26.0,53.0,2.35,3.5,2.8,2.0,50.0,50.0,1.85,1.95,1.0,57,43,1.67,2.1,1.0,4,0,PREMATIPS
2025-11-02,15:00,Beerschot , Kortrijk,37.0,22.0,41.0,2.63,3.3,2.55,5.0,53.0,47.0,1.9,1.9,0.0,57,43,1.67,2.1,1.0,1,2,PREMATIPS
2025-11-02,15:00,Patro Eisden , RSCA Futures,46.0,30.0,24.0,1.62,4.0,5.0,1.0,47.0,53.0,1.7,2.1,1.0,57,43,1.73,2.0,1.0,0,0,PREMATIPS
2025-11-02,15:00,Neman Grodno , BATE Borisov,47.0,18.0,35.0,1.75,3.25,4.1,1.0,52.0,48.0,2.15,1.6,0.0,44,56,2.05,1.66,0.0,0,2,PREMATIPS
2025-11-02,15:00,Slaven Belupo , Hajduk Split,33.0,12.0,55.0,3.9,3.4,1.85,2.0,40.0,60.0,2.15,1.67,1.0,56,44,2.0,1.73,1.0,0,0,PREMATIPS
2025-11-02,15:00,Krasava Ypsonas , Anorthosis,69.0,11.0,20.0,2.3,3.2,2.6,1.0,51.0,49.0,1.9,1.78,0.0,45,55,1.75,1.95,0.0,0,1,PREMATIPS
2025-11-02,15:00,Sonderjyske , Vejle,56.0,27.0,17.0,1.91,3.7,3.7,1.0,47.0,53.0,1.73,2.08,1.0,59,41,1.62,2.2,1.0,2,1,PREMATIPS
2025-11-02,15:00,Pyramids , Al Ittihad,70.0,16.0,14.0,1.37,4.07,8.16,1.0,59.0,41.0,2.11,1.63,0.0,36,64,2.47,1.46,0.0,2,1,PREMATIPS
2025-11-02,15:00,Zamalek , El Gaish,43.0,44.0,13.0,1.47,3.6,6.5,4.0,69.0,31.0,2.2,1.58,0.0,36,64,2.4,1.5,0.0,3,1,PREMATIPS
2025-11-02,15:00,Harju JK Laagri , Tallinna Kalev,64.0,13.0,23.0,1.6,4.0,4.2,1.0,28.0,72.0,1.39,2.75,1.0,54,46,1.44,2.55,1.0,4,1,PREMATIPS
2025-11-02,15:00,Bray Wanderers , Treaty United,38.0,31.0,31.0,2.05,3.4,3.2,0.0,51.0,49.0,1.87,1.82,0.0,53,47,1.75,1.93,1.0,1,0,PREMATIPS
2025-11-02,15:00,Banga Gargzdai , Dainava Alytus,55.0,23.0,22.0,1.52,3.75,5.25,1.0,54.0,46.0,1.9,1.78,0.0,45,55,1.97,1.74,0.0,6,0,PREMATIPS
2025-11-02,15:00,Differdange , Petange,54.0,31.0,15.0,1.22,5.25,10.5,1.0,47.0,53.0,1.57,2.2,1.0,52,48,2.15,1.62,1.0,1,0,PREMATIPS
2025-11-02,15:00,F91 Dudelange , Swift Hesperange,58.0,12.0,30.0,1.49,4.1,5.0,1.0,37.0,63.0,1.57,2.25,1.0,54,46,1.68,2.0,1.0,3,1,PREMATIPS
2025-11-02,15:00,Jeunesse Canach , UNA Strassen,34.0,10.0,56.0,5.0,3.75,1.53,2.0,39.0,61.0,1.77,1.93,1.0,47,53,1.87,1.82,0.0,3,3,PREMATIPS
2025-11-02,15:00,Jeunesse Esch , Victoria Rosport,47.0,20.0,33.0,1.73,3.5,3.9,1.0,54.0,46.0,1.78,1.9,0.0,41,59,1.77,1.93,0.0,1,0,PREMATIPS
2025-11-02,15:00,Racing FC Union , Kaerjeng Un,49.0,22.0,29.0,1.51,3.9,5.0,1.0,41.0,59.0,1.62,2.15,1.0,62,38,1.73,1.98,1.0,1,1,PREMATIPS
2025-11-02,15:00,US Hostert , Mondorf,28.0,17.0,55.0,4.6,3.9,1.55,2.0,48.0,52.0,1.51,2.35,1.0,47,53,1.6,2.2,0.0,2,1,PREMATIPS
2025-11-02,15:00,Maghreb Fez , Olympique Safi,45.0,44.0,11.0,2.25,2.88,3.3,4.0,76.0,24.0,2.7,1.44,0.0,47,53,2.2,1.62,0.0,4,0,PREMATIPS
2025-11-02,15:00,Valletta , Zabbar,46.0,44.0,10.0,1.52,3.7,5.25,4.0,68.0,32.0,1.9,1.78,0.0,56,44,2.0,1.7,1.0,0,2,PREMATIPS
2025-11-02,15:00,Barau , Wikki Tourists,25.0,33.0,42.0,2.1,2.91,3.55,6.0,79.0,21.0,2.52,1.41,0.0,36,64,2.16,1.61,0.0,0,0,PREMATIPS
2025-11-02,15:00,El, Enugu Rangers,44.0,25.0,31.0,1.8,3.02,4.66,4.0,76.0,24.0,2.7,1.36,0.0,29,71,2.4,1.5,0.0,0,0,PREMATIPS
2025-11-02,15:00,Enyimba , Kano Pillars,65.0,24.0,11.0,1.47,3.49,7.12,1.0,76.0,24.0,2.4,1.46,0.0,40,60,2.56,1.43,0.0,2,0,PREMATIPS
2025-11-02,15:00,Ikorodu City , Kun Khalifat,38.0,41.0,21.0,1.34,3.6,8.07,1.0,73.0,27.0,2.14,1.48,0.0,48,52,2.67,1.41,0.0,2,0,PREMATIPS
2025-11-02,15:00,Niger Tornadoes , Abia Warriors,46.0,13.0,41.0,1.61,3.06,4.93,5.0,86.0,14.0,2.28,1.4,0.0,22,78,2.32,1.53,0.0,1,2,PREMATIPS
2025-11-02,15:00,Rivers United , Nasarawa United,35.0,24.0,41.0,1.34,4.05,7.82,6.0,81.0,19.0,1.94,1.67,0.0,27,73,2.37,1.5,0.0,1,0,PREMATIPS
2025-11-02,15:00,Shooting Stars , Katsina United,46.0,14.0,40.0,1.44,3.18,7.53,4.0,80.0,20.0,2.72,1.36,0.0,35,65,2.96,1.33,0.0,1,1,PREMATIPS
2025-11-02,15:00,Cliftonville , Linfield,27.0,30.0,43.0,4.1,3.5,1.77,6.0,49.0,51.0,1.87,1.8,1.0,45,55,1.82,1.85,0.0,0,0,PREMATIPS
2025-11-02,15:00,Ourense , Arenas Club,37.0,33.0,30.0,2.15,3.1,3.1,4.0,46.0,54.0,2.38,1.53,1.0,52,48,2.2,1.62,1.0,1,0,PREMATIPS
2025-11-02,15:00,Antequera , Hercules,47.0,29.0,24.0,2.38,2.9,2.75,1.0,59.0,41.0,2.35,1.57,0.0,52,48,2.0,1.73,1.0,1,1,PREMATIPS
2025-11-02,15:00,Novi Pazar , Zelezn. Pancevo,40.0,26.0,34.0,2.1,3.2,2.95,4.0,55.0,45.0,1.88,1.8,0.0,60,40,1.75,1.95,1.0,1,0,PREMATIPS
2025-11-02,15:00,TSC Backa Topola , Napredak Kr.,52.0,28.0,20.0,1.72,3.4,4.0,1.0,47.0,53.0,1.75,1.95,1.0,47,53,1.71,1.98,0.0,1,1,PREMATIPS
2025-11-02,15:00,Assyriska FF , Gefle,50.0,23.0,27.0,2.27,3.33,2.74,1.0,43.0,57.0,1.71,1.98,1.0,59,41,1.58,2.21,1.0,1,2,PREMATIPS
2025-11-02,15:00,Enkopings SK , Stockholm Inter.,26.0,27.0,47.0,4.6,3.9,1.55,6.0,40.0,60.0,1.6,2.15,1.0,62,38,1.68,2.05,1.0,0,2,PREMATIPS
2025-11-02,15:00,Vasalund , IFK Haninge,59.0,16.0,25.0,1.55,4.1,4.4,1.0,29.0,71.0,1.32,3.1,1.0,65,35,1.39,2.75,1.0,3,1,PREMATIPS
2025-11-02,15:00,Olympic Malmo , Trollhattan,34.0,33.0,33.0,2.87,3.7,1.98,0.0,35.0,65.0,1.44,2.55,1.0,59,41,1.44,2.55,1.0,2,3,PREMATIPS
2025-11-02,15:15,Alaves , Espanyol,27.0,41.0,32.0,2.4,3.1,3.2,6.0,57.0,43.0,2.38,1.57,0.0,52,48,1.95,1.8,1.0,2,1,PREMATIPS
2025-11-02,15:15,Cordoba , Ceuta,28.0,42.0,30.0,1.76,3.4,4.5,6.0,54.0,46.0,1.9,1.9,0.0,51,49,1.8,1.91,1.0,2,0,PREMATIPS
2025-11-02,15:15,Sporting Gijon , Las Palmas,35.0,28.0,37.0,2.4,2.85,3.2,5.0,54.0,46.0,2.3,1.6,0.0,54,46,1.91,1.8,1.0,0,0,PREMATIPS
2025-11-02,15:30,Huachipato , U. de Chile,31.0,21.0,48.0,4.33,3.6,1.71,6.0,46.0,54.0,1.73,2.08,1.0,51,49,1.67,2.1,1.0,1,0,PREMATIPS
2025-11-02,15:30,Rot, Schweinfurt 05,75.0,20.0,5.0,1.33,5.0,7.0,1.0,35.0,65.0,1.44,2.7,1.0,66,34,1.73,2.0,1.0,2,1,PREMATIPS
2025-11-02,15:30,AEL Larissa , Levadiakos,17.0,52.0,31.0,3.5,3.05,2.1,6.0,56.0,44.0,2.2,1.65,0.0,60,40,1.91,1.91,1.0,0,2,PREMATIPS
2025-11-02,15:30,AVS Futebol SAD , Tondela,39.0,7.0,54.0,3.05,3.05,2.35,2.0,39.0,61.0,2.15,1.67,1.0,36,64,1.91,1.91,0.0,2,2,PREMATIPS
2025-11-02,15:30,Farense , Benfica B,32.0,37.0,31.0,2.05,3.3,3.3,4.0,62.0,38.0,2.08,1.73,0.0,50,50,1.83,1.83,1.0,4,3,PREMATIPS
2025-11-02,15:30,Luzern , Grasshopper,37.0,46.0,17.0,1.76,3.9,3.9,4.0,26.0,74.0,1.62,2.25,1.0,74,26,1.57,2.25,1.0,6,0,PREMATIPS
2025-11-02,15:30,Young Boys , Basel,40.0,13.0,47.0,2.82,3.8,2.15,6.0,20.0,80.0,1.4,2.88,1.0,71,29,1.36,3.0,1.0,0,0,PREMATIPS
2025-11-02,15:30,Djurgarden , IFK Goteborg,38.0,24.0,38.0,1.76,3.8,4.0,5.0,53.0,47.0,1.62,2.25,0.0,48,52,1.57,2.25,0.0,0,0,PREMATIPS
2025-11-02,15:30,GAIS Goteborg , Osters,55.0,26.0,19.0,1.37,4.75,6.5,1.0,56.0,44.0,1.6,2.3,0.0,49,51,1.8,1.95,0.0,1,1,PREMATIPS
2025-11-02,15:45,Cherno more , Ludogorets,25.0,42.0,33.0,3.6,3.3,2.01,6.0,56.0,44.0,2.3,1.6,0.0,48,52,2.0,1.73,0.0,0,0,PREMATIPS
2025-11-02,15:45,Utrecht , NEC Nijmegen,34.0,28.0,38.0,2.15,3.6,3.25,5.0,24.0,76.0,1.6,2.3,1.0,67,33,1.5,2.5,1.0,1,0,PREMATIPS
2025-11-02,15:45,MVV Maastricht , ADO Den Haag,24.0,12.0,64.0,8.0,6.25,1.25,2.0,34.0,66.0,1.33,3.4,1.0,54,46,1.62,2.2,1.0,3,4,PREMATIPS
2025-11-02,15:45,Hermannstadt , Otelul Galati,20.0,33.0,47.0,2.45,3.0,2.88,6.0,62.0,38.0,2.4,1.53,0.0,47,53,2.0,1.73,0.0,1,3,PREMATIPS
2025-11-02,16:00,ES Mostaganem , CR Belouizdad,26.0,47.0,27.0,2.75,2.7,2.6,6.0,82.0,18.0,2.65,1.42,0.0,44,56,2.15,1.61,0.0,0,2,PREMATIPS
2025-11-02,16:00,Rapid Wien , Sturm Graz,36.0,31.0,33.0,2.45,3.5,2.65,5.0,52.0,48.0,1.62,2.25,0.0,48,52,1.57,2.25,0.0,2,1,PREMATIPS
2025-11-02,16:00,Esbjerg , B.93 Copenhagen,35.0,27.0,38.0,1.79,4.1,3.5,5.0,51.0,49.0,1.48,2.6,0.0,54,46,1.5,2.5,1.0,3,2,PREMATIPS
2025-11-02,16:00,Samgurali , Gagra,44.0,17.0,39.0,1.88,3.2,3.63,5.0,52.0,48.0,1.91,1.72,0.0,50,50,1.78,1.91,1.0,1,1,PREMATIPS
2025-11-02,16:00,Bryne , Brann Bergen,24.0,23.0,53.0,3.9,3.9,1.8,2.0,38.0,62.0,1.67,2.15,1.0,59,41,1.7,2.05,1.0,2,1,PREMATIPS
2025-11-02,16:00,Fredrikstad , Kristiansund,42.0,28.0,30.0,1.73,4.0,4.2,4.0,49.0,51.0,1.6,2.3,1.0,54,46,1.62,2.2,1.0,3,1,PREMATIPS
2025-11-02,16:00,Hamarkameratene , Sandefjord,34.0,21.0,45.0,2.45,3.6,2.63,6.0,38.0,62.0,1.67,2.15,1.0,57,43,1.57,2.25,1.0,3,1,PREMATIPS
2025-11-02,16:00,KFUM Oslo , Haugesund,68.0,24.0,8.0,1.2,6.5,12.0,1.0,42.0,58.0,1.57,2.35,1.0,52,48,2.1,1.67,1.0,1,4,PREMATIPS
2025-11-02,16:00,Raufoss , Mjondalen,49.0,24.0,27.0,1.73,4.75,3.7,1.0,33.0,67.0,1.57,2.35,1.0,67,33,1.62,2.2,1.0,0,1,PREMATIPS
2025-11-02,16:00,Stabaek , Lyn Oslo,28.0,24.0,48.0,2.25,4.2,2.5,6.0,40.0,60.0,1.5,2.5,1.0,61,39,1.5,2.5,1.0,1,5,PREMATIPS
2025-11-02,16:00,Polonia Bytom , Znicz Pruszkow,62.0,23.0,15.0,1.6,4.0,4.5,1.0,41.0,59.0,1.67,2.15,1.0,47,53,1.73,2.0,0.0,2,0,PREMATIPS
2025-11-02,16:00,Golden Arrows , Marumo Gallants,45.0,21.0,34.0,2.45,2.87,2.9,4.0,64.0,36.0,2.7,1.4,0.0,53,47,2.25,1.57,1.0,4,0,PREMATIPS
2025-11-02,16:00,Crvena Zvezda , Radnik Surdulica,76.0,5.0,19.0,1.01,18.5,61.0,1.0,40.0,60.0,1.27,3.5,1.0,57,43,7.5,1.08,1.0,1,1,PREMATIPS
2025-11-02,16:00,Vojvodina , IMT New Belgrade,57.0,22.0,21.0,1.43,4.2,5.75,1.0,50.0,50.0,1.58,2.2,1.0,60,40,1.75,1.93,1.0,1,3,PREMATIPS
2025-11-02,16:00,Vanspor , Sakaryaspor,37.0,36.0,27.0,2.1,3.1,3.4,4.0,46.0,54.0,1.9,1.9,1.0,58,42,1.67,2.1,1.0,3,2,PREMATIPS
2025-11-02,16:00,Shakhtar Donetsk , Dynamo Kyiv,40.0,30.0,30.0,1.77,3.65,3.7,1.0,49.0,51.0,1.57,2.21,1.0,52,48,1.55,2.25,1.0,3,1,PREMATIPS
2025-11-02,16:15,Lens , Lorient,44.0,33.0,23.0,1.48,4.33,6.5,1.0,46.0,54.0,1.67,2.2,1.0,50,50,1.8,1.95,1.0,3,0,PREMATIPS
2025-11-02,16:15,Lille , Angers,46.0,34.0,20.0,1.3,5.5,9.5,1.0,59.0,41.0,1.67,2.2,0.0,47,53,2.1,1.67,0.0,1,0,PREMATIPS
2025-11-02,16:15,Nantes , Metz,39.0,32.0,29.0,2.1,3.5,3.4,1.0,49.0,51.0,1.88,1.98,1.0,43,57,1.7,2.05,0.0,0,2,PREMATIPS
2025-11-02,16:15,Toulouse , Le Havre,41.0,32.0,27.0,1.75,3.6,4.75,1.0,46.0,54.0,2.0,1.8,1.0,53,47,1.95,1.8,1.0,0,0,PREMATIPS
2025-11-02,16:15,Monza 1912 , Spezia,54.0,28.0,18.0,1.91,3.3,4.1,1.0,57.0,43.0,2.4,1.53,0.0,57,43,2.1,1.67,1.0,1,0,PREMATIPS
2025-11-02,16:15,Pompiers , N'Zidane,35.0,34.0,31.0,2.26,2.8,2.94,4.0,62.0,38.0,2.5,1.5,0.0,51,49,2.2,1.67,1.0,3,1,PREMATIPS
2025-11-02,16:25,Suduva , Siauliai,39.0,26.0,35.0,1.6,3.8,4.33,5.0,46.0,54.0,1.73,1.95,1.0,50,50,1.74,1.97,1.0,2,2,PREMATIPS
2025-11-02,16:25,Zalgiris , Hegelmann,40.0,21.0,39.0,1.98,3.3,3.2,5.0,50.0,50.0,1.8,1.87,1.0,49,51,1.72,2.0,0.0,3,1,PREMATIPS
2025-11-02,16:30,Zeljeznicar , Velez Mostar,56.0,19.0,25.0,1.8,3.25,3.9,1.0,72.0,28.0,2.1,1.63,0.0,38,62,2.0,1.71,0.0,1,2,PREMATIPS
2025-11-02,16:30,Manchester City , Bournemouth,36.0,24.0,40.0,1.45,5.0,6.0,5.0,49.0,51.0,1.57,2.38,1.0,46,54,1.7,2.05,0.0,3,1,PREMATIPS
2025-11-02,16:30,Wolfsburg , Hoffenheim,26.0,32.0,42.0,2.7,4.0,2.3,6.0,39.0,61.0,1.44,2.75,1.0,58,42,1.44,2.63,1.0,2,3,PREMATIPS
2025-11-02,16:30,Pontedera , Perugia,56.0,22.0,22.0,2.75,2.9,2.37,1.0,57.0,43.0,2.25,1.57,0.0,42,58,1.93,1.75,0.0,2,2,PREMATIPS
2025-11-02,16:30,Ravenna , Ascoli,45.0,13.0,42.0,2.75,2.95,2.35,5.0,54.0,46.0,2.15,1.62,0.0,38,62,1.87,1.82,0.0,1,0,PREMATIPS
2025-11-02,16:30,Sambenedettese , Guidonia,37.0,14.0,49.0,2.05,2.95,3.3,2.0,69.0,31.0,2.25,1.57,0.0,38,62,1.98,1.73,0.0,0,1,PREMATIPS
2025-11-02,16:30,Giugliano , Siracusa,67.0,8.0,25.0,2.4,3.25,2.5,1.0,47.0,53.0,1.82,1.87,1.0,49,51,1.68,2.05,0.0,2,1,PREMATIPS
2025-11-02,16:30,Latina , Salernitana,29.0,33.0,38.0,3.5,3.1,1.93,2.0,53.0,47.0,2.1,1.65,0.0,46,54,1.9,1.78,0.0,0,0,PREMATIPS
2025-11-02,16:30,Jagiellonia , Rakow Czest.,60.0,9.0,31.0,2.2,3.3,3.2,1.0,46.0,54.0,1.95,1.85,1.0,55,45,1.7,2.05,1.0,1,2,PREMATIPS
2025-11-02,16:30,Krasnodar , Spartak Moscow,46.0,23.0,31.0,2.09,3.55,3.61,1.0,52.0,48.0,1.87,2.01,0.0,47,53,1.68,2.12,0.0,2,1,PREMATIPS
2025-11-02,16:30,Primorje , NK Radomlje,37.0,23.0,40.0,2.25,3.5,2.7,5.0,35.0,65.0,1.7,2.0,1.0,61,39,1.6,2.15,1.0,1,2,PREMATIPS
2025-11-02,17:00,Torpedo Zhodino , FC Minsk,41.0,25.0,34.0,1.53,3.7,5.0,4.0,47.0,53.0,1.93,1.77,1.0,54,46,2.0,1.7,1.0,0,1,PREMATIPS
2025-11-02,17:00,Cartagines , San Carlos,45.0,32.0,23.0,1.67,3.6,5.25,4.0,66.0,34.0,2.1,1.7,0.0,42,58,2.0,1.73,0.0,2,1,PREMATIPS
2025-11-02,17:00,Apollon Limassol , AEK Larnaca,31.0,32.0,37.0,2.9,3.1,2.15,6.0,55.0,45.0,2.0,1.68,0.0,37,63,1.83,1.85,0.0,1,2,PREMATIPS
2025-11-02,17:00,Pafos , AEL Limassol,69.0,5.0,26.0,1.31,4.75,7.25,1.0,47.0,53.0,1.65,2.1,1.0,33,67,2.0,1.7,0.0,1,0,PREMATIPS
2025-11-02,17:00,Nordsjaelland , Odense,57.0,17.0,26.0,1.71,4.2,3.9,1.0,32.0,68.0,1.53,2.4,1.0,66,34,1.53,2.38,1.0,2,4,PREMATIPS
2025-11-02,17:00,Coban Imperial , Aurora Guatemala,29.0,30.0,41.0,1.75,3.3,4.0,6.0,45.0,55.0,1.93,1.77,1.0,58,42,1.87,1.82,1.0,2,0,PREMATIPS
2025-11-02,17:00,Debrecen , Zalaegerszeg,46.0,33.0,21.0,2.05,3.5,3.4,4.0,37.0,63.0,1.7,2.1,1.0,68,32,1.57,2.25,1.0,2,1,PREMATIPS
2025-11-02,17:00,Parma , Bologna,18.0,44.0,38.0,4.1,3.0,2.1,2.0,65.0,35.0,2.5,1.53,0.0,37,63,2.05,1.7,0.0,1,3,PREMATIPS
2025-11-02,17:00,Difaa El Jadidi , FAR Rabat,7.0,56.0,37.0,5.5,3.4,1.57,6.0,63.0,37.0,2.4,1.53,0.0,35,65,2.25,1.57,0.0,0,4,PREMATIPS
2025-11-02,17:00,Spartak Trnava , Trencin,65.0,7.0,28.0,1.38,4.75,6.5,1.0,46.0,54.0,1.5,2.4,1.0,48,52,1.72,1.98,0.0,4,0,PREMATIPS
2025-11-02,17:00,Besiktas , Fenerbahce,33.0,31.0,36.0,2.95,3.6,2.15,5.0,48.0,52.0,1.62,2.25,1.0,54,46,1.53,2.38,1.0,2,3,PREMATIPS
2025-11-02,17:15,Osijek , Varazdin,36.0,19.0,45.0,1.95,3.4,3.4,6.0,48.0,52.0,2.0,1.8,1.0,56,44,1.8,1.91,1.0,0,0,PREMATIPS
2025-11-02,17:15,Tarxien Rainbows , Mosta,31.0,18.0,51.0,2.75,3.2,2.25,2.0,54.0,46.0,1.9,1.78,0.0,53,47,1.75,1.93,1.0,0,1,PREMATIPS
2025-11-02,17:15,Ponferradina , Cacereno,38.0,33.0,29.0,1.8,3.1,4.33,4.0,61.0,39.0,2.25,1.62,0.0,44,56,2.1,1.67,0.0,2,0,PREMATIPS
2025-11-02,17:15,Real Aviles , Arenteiro,60.0,20.0,20.0,2.2,3.0,3.1,1.0,57.0,43.0,2.35,1.57,0.0,48,52,2.1,1.67,0.0,1,0,PREMATIPS
2025-11-02,17:15,Real Madrid B , Talavera,52.0,17.0,31.0,1.73,3.3,4.2,1.0,61.0,39.0,2.1,1.7,0.0,52,48,2.0,1.73,1.0,1,0,PREMATIPS
2025-11-02,17:30,Saint Truiden , Royal Antwerp,46.0,34.0,20.0,2.05,3.4,3.7,1.0,61.0,39.0,1.88,1.93,0.0,57,43,1.67,2.1,1.0,1,0,PREMATIPS
2025-11-02,17:30,Teplice , Viktoria Plzen,19.0,29.0,52.0,4.75,3.7,1.62,2.0,56.0,44.0,1.83,1.98,0.0,54,46,1.8,1.95,1.0,1,2,PREMATIPS
2025-11-02,17:30,Panserraikos , PAOK,14.0,29.0,57.0,13.0,6.0,1.19,2.0,56.0,44.0,1.5,2.5,0.0,47,53,2.05,1.7,0.0,0,5,PREMATIPS
2025-11-02,17:30,Barcelona , Elche,45.0,30.0,25.0,1.2,6.5,13.0,1.0,44.0,56.0,1.36,3.2,1.0,62,38,1.8,1.95,1.0,3,1,PREMATIPS
2025-11-02,17:30,Castellon , Malaga,38.0,22.0,40.0,1.62,3.9,4.75,5.0,54.0,46.0,1.8,2.0,0.0,48,52,1.8,1.91,0.0,2,1,PREMATIPS
2025-11-02,18:00,USM Alger , ASO Chlef,15.0,70.0,15.0,1.55,3.29,5.91,0.0,79.0,21.0,2.39,1.49,0.0,51,49,2.37,1.5,1.0,1,0,PREMATIPS
2025-11-02,18:00,FC Santa Coloma , Esperanca,45.0,45.0,10.0,1.06,8.2,18.65,1.0,64.0,36.0,1.3,3.23,0.0,50,50,2.71,1.44,0.0,0,0,PREMATIPS
2025-11-02,18:00,Vinotinto , Manta FC,40.0,33.0,27.0,1.73,3.48,4.45,1.0,54.0,46.0,2.01,1.71,0.0,48,52,1.93,1.78,0.0,2,0,PREMATIPS
2025-11-02,18:00,Al Ahly Cairo , El Masry,42.0,27.0,31.0,1.42,4.2,5.75,1.0,51.0,49.0,1.68,2.05,0.0,52,48,1.88,1.8,1.0,0,0,PREMATIPS
2025-11-02,18:00,Cer. Cleopatra , Petrojet,45.0,30.0,25.0,1.61,3.6,4.6,1.0,75.0,25.0,1.93,1.75,0.0,31,69,1.98,1.73,0.0,2,1,PREMATIPS
2025-11-02,18:00,Pumas UNAM , Club Tijuana,27.0,36.0,37.0,1.68,3.8,4.5,6.0,53.0,47.0,1.67,2.15,0.0,57,43,1.67,2.1,1.0,4,1,PREMATIPS
2025-11-02,18:00,Leones Negros , Venados,44.0,21.0,35.0,1.66,3.7,4.0,4.0,45.0,55.0,1.57,2.25,1.0,60,40,1.6,2.2,1.0,1,0,PREMATIPS
2025-11-02,18:00,Alianza Huanuco , Cusco,28.0,10.0,62.0,2.63,3.5,2.45,2.0,44.0,56.0,1.75,2.05,1.0,51,49,1.62,2.2,1.0,2,2,PREMATIPS
2025-11-02,18:00,Arouca , Moreirense,35.0,32.0,33.0,2.45,3.2,2.82,5.0,39.0,61.0,2.15,1.67,1.0,50,50,1.91,1.91,1.0,0,2,PREMATIPS
2025-11-02,18:15,RAAL La Louviere , Cercle Brugge,24.0,51.0,25.0,2.7,3.1,2.6,6.0,64.0,36.0,2.05,1.75,0.0,48,52,1.8,1.95,0.0,2,1,PREMATIPS
2025-11-02,18:15,Kiryat Shmona , Maccabi Netanya,30.0,15.0,55.0,2.4,3.5,2.55,2.0,30.0,70.0,1.8,2.0,1.0,65,35,1.67,2.1,1.0,1,2,PREMATIPS
2025-11-02,18:15,Tromso , Sarpsborg 08,48.0,21.0,31.0,1.45,4.75,6.0,1.0,39.0,61.0,1.53,2.4,1.0,63,37,1.7,2.05,1.0,4,0,PREMATIPS
2025-11-02,18:30,Alemannia Aachen , Saarbrucken,30.0,25.0,45.0,2.35,3.6,2.7,6.0,35.0,65.0,1.7,2.1,1.0,72,28,1.57,2.25,1.0,2,0,PREMATIPS
2025-11-02,18:30,Sampdoria , Mantova,55.0,32.0,13.0,1.91,3.4,3.8,1.0,54.0,46.0,2.05,1.75,0.0,63,37,1.8,1.95,1.0,0,1,PREMATIPS
2025-11-02,18:30,U Craiova , Rapid Bucuresti,37.0,25.0,38.0,2.05,3.25,3.3,5.0,54.0,46.0,2.0,1.8,0.0,56,44,1.8,1.91,1.0,2,2,PREMATIPS
2025-11-02,19:00,Estudiantes LP , Boca Juniors,38.0,26.0,36.0,2.32,2.75,3.6,5.0,63.0,37.0,2.7,1.44,0.0,49,51,2.1,1.67,0.0,1,2,PREMATIPS
2025-11-02,19:00,Dep. Madryn , Gimnasia Jujuy,38.0,35.0,27.0,2.05,2.85,4.0,4.0,70.0,30.0,3.4,1.33,0.0,36,64,2.63,1.44,0.0,1,0,PREMATIPS
2025-11-02,19:00,Borac B. Luka , Sloga Doboj,65.0,19.0,16.0,1.13,6.75,17.0,1.0,63.0,37.0,1.6,2.2,0.0,40,60,2.85,1.36,0.0,2,1,PREMATIPS
2025-11-02,19:00,ABB La Paz , The Strongest,21.0,27.0,52.0,3.7,3.9,1.71,2.0,34.0,66.0,1.57,2.35,1.0,66,34,1.57,2.25,1.0,1,2,PREMATIPS
2025-11-02,19:00,Bahia BA , Bragantino SP,53.0,20.0,27.0,1.7,3.6,5.25,1.0,50.0,50.0,1.98,1.88,0.0,52,48,1.91,1.91,1.0,2,1,PREMATIPS
2025-11-02,19:00,Ceara CE , Fluminense RJ,30.0,25.0,45.0,3.2,3.0,2.4,6.0,64.0,36.0,2.5,1.5,0.0,42,58,2.05,1.7,0.0,2,0,PREMATIPS
2025-11-02,19:00,Corinthians SP , Gremio RS,39.0,29.0,32.0,1.75,3.7,4.75,4.0,62.0,38.0,2.15,1.67,0.0,51,49,2.0,1.75,1.0,2,0,PREMATIPS
2025-11-02,19:00,Amazonas AM , Cuiaba MT,20.0,43.0,37.0,2.85,2.85,2.57,6.0,59.0,41.0,2.4,1.53,0.0,52,48,2.0,1.73,1.0,2,0,PREMATIPS
2025-11-02,19:00,Silkeborg , Brondby,35.0,11.0,54.0,3.6,3.7,1.91,2.0,39.0,61.0,1.67,2.15,1.0,59,41,1.62,2.2,1.0,0,2,PREMATIPS
2025-11-02,19:00,AEK Athens , Panetolikos,49.0,25.0,26.0,1.19,6.25,11.0,1.0,64.0,36.0,1.7,2.1,0.0,43,57,2.5,1.5,0.0,1,0,PREMATIPS
2025-11-02,19:00,FUS Rabat , Hassania Agadir,51.0,32.0,17.0,1.48,3.6,6.5,1.0,63.0,37.0,2.08,1.73,0.0,42,58,2.2,1.62,0.0,1,2,PREMATIPS
2025-11-02,19:00,Wydad Casablanca , IR Tanger,27.0,64.0,9.0,1.47,3.7,6.43,1.0,65.0,35.0,2.1,1.63,0.0,63,37,2.26,1.55,1.0,2,0,PREMATIPS
2025-11-02,19:15,Widzew Lodz , Legia Warszawa,32.0,31.0,37.0,3.4,3.4,2.05,5.0,48.0,52.0,1.8,2.0,1.0,53,47,1.67,2.1,1.0,1,1,PREMATIPS
2025-11-02,19:15,Miedz Legnica , Wieczysta Krakow,26.0,38.0,36.0,2.63,3.4,2.2,6.0,33.0,67.0,1.62,2.25,1.0,66,34,1.53,2.38,1.0,3,2,PREMATIPS
2025-11-02,19:30,Lecco , ArzignanoChiampo,55.0,24.0,21.0,1.93,3.1,3.5,1.0,50.0,50.0,2.2,1.58,0.0,53,47,1.98,1.71,1.0,5,1,PREMATIPS
2025-11-02,19:30,Lumezzane , Renate,23.0,31.0,46.0,2.35,3.0,2.75,6.0,56.0,44.0,2.35,1.53,0.0,53,47,2.0,1.7,1.0,0,0,PREMATIPS
2025-11-02,19:30,Benevento , Sorrento,61.0,17.0,22.0,1.22,5.25,10.5,1.0,53.0,47.0,1.68,2.0,0.0,40,60,2.4,1.5,0.0,1,1,PREMATIPS
2025-11-02,19:30,Gimnastic , Atl. Madrid B,46.0,10.0,44.0,2.3,3.0,2.8,5.0,52.0,48.0,2.3,1.6,0.0,48,52,2.0,1.73,0.0,0,3,PREMATIPS
2025-11-02,19:30,Racing Club M. , Danubio,30.0,35.0,35.0,2.45,3.25,2.88,6.0,57.0,43.0,2.5,1.5,0.0,36,64,2.1,1.67,0.0,1,2,PREMATIPS
2025-11-02,19:45,Brest , Lyon,32.0,28.0,40.0,3.25,3.3,2.25,6.0,43.0,57.0,2.03,1.83,1.0,50,50,1.75,2.0,1.0,0,0,PREMATIPS
2025-11-02,19:45,Milan , Roma,37.0,34.0,29.0,2.25,3.1,3.5,4.0,61.0,39.0,2.3,1.62,0.0,41,59,1.95,1.8,0.0,1,0,PREMATIPS
2025-11-02,20:00,CA Bucaramanga , La Equidad,46.0,36.0,18.0,1.25,5.0,12.0,1.0,50.0,50.0,1.88,1.93,1.0,37,63,2.5,1.5,0.0,-,-,PREMATIPS
2025-11-02,20:00,Real Betis , Mallorca,65.0,12.0,23.0,1.53,4.33,5.75,1.0,51.0,49.0,1.83,2.03,0.0,65,35,1.95,1.8,1.0,3,0,PREMATIPS
2025-11-02,20:00,Real Zaragoza , Dep. La Coruna,12.0,37.0,51.0,2.95,2.95,2.5,2.0,57.0,43.0,2.25,1.62,0.0,51,49,1.91,1.8,1.0,0,2,PREMATIPS
2025-11-02,20:30,Coquimbo Unido , Union La Calera,58.0,21.0,21.0,1.46,3.5,7.5,1.0,60.0,40.0,2.3,1.6,0.0,41,59,2.5,1.5,0.0,2,0,PREMATIPS
2025-11-02,20:30,U. Catolica , O'Higgins,44.0,20.0,36.0,2.2,2.85,3.4,4.0,57.0,43.0,2.25,1.62,0.0,48,52,1.83,1.83,0.0,0,2,PREMATIPS
2025-11-02,20:30,Macara Ambato , Emelec,37.0,33.0,30.0,2.1,3.3,3.25,4.0,58.0,42.0,2.2,1.65,0.0,48,52,2.0,1.73,0.0,3,0,PREMATIPS
2025-11-02,20:30,Sp. Luqueno , Sp. Ameliano,55.0,16.0,29.0,2.4,3.25,2.7,1.0,55.0,45.0,2.15,1.67,0.0,52,48,1.83,1.83,1.0,0,1,PREMATIPS
2025-11-02,20:30,Atletico Grau , Alianza Atl.,38.0,28.0,34.0,2.75,2.9,2.75,5.0,65.0,35.0,2.7,1.44,0.0,40,60,2.2,1.62,0.0,1,1,PREMATIPS
2025-11-02,20:30,Porto , SC Braga,37.0,43.0,20.0,1.51,3.9,6.25,1.0,42.0,58.0,2.05,1.75,1.0,36,64,2.05,1.7,0.0,2,1,PREMATIPS
2025-11-02,21:00,Forge , Cavalry,39.0,31.0,30.0,1.93,3.25,3.4,1.0,49.0,51.0,1.77,1.9,1.0,55,45,1.7,2.0,1.0,0,1,PREMATIPS
2025-11-02,21:00,Dep. Mictlan , Guastatoya,51.0,25.0,24.0,1.82,3.1,4.0,1.0,51.0,49.0,2.1,1.63,0.0,43,57,1.95,1.73,0.0,2,3,PREMATIPS
2025-11-02,21:00,Genesis PN , Dep. Choloma,41.0,24.0,35.0,1.68,3.6,4.0,4.0,30.0,70.0,1.63,2.1,1.0,65,35,1.63,2.1,1.0,1,0,PREMATIPS
2025-11-02,21:15,Est. Buenos Aires , Tristan Suarez,35.0,35.0,30.0,2.32,2.65,3.7,4.0,70.0,30.0,3.1,1.36,0.0,38,62,2.38,1.53,0.0,1,0,PREMATIPS
2025-11-02,21:15,Real Tomayapo , J. Wilstermann,48.0,31.0,21.0,1.79,3.4,3.9,1.0,43.0,57.0,1.95,1.85,1.0,62,38,1.8,1.91,1.0,6,1,PREMATIPS
2025-11-02,21:30,Godoy Cruz , San Martin SJ,18.0,56.0,26.0,2.2,2.82,3.9,6.0,71.0,29.0,3.4,1.33,0.0,39,61,2.5,1.5,0.0,0,0,PREMATIPS
2025-11-02,21:30,Internacional RS , Atletico MG,35.0,24.0,41.0,2.1,3.2,3.8,6.0,60.0,40.0,2.4,1.53,0.0,49,51,2.05,1.7,0.0,0,0,PREMATIPS
2025-11-02,21:30,Juventude RS , Palmeiras SP,20.0,20.0,60.0,8.0,4.2,1.45,2.0,52.0,48.0,1.93,1.93,0.0,47,53,2.05,1.7,0.0,0,2,PREMATIPS
2025-11-02,21:30,Remo PA , Chapecoense SC,40.0,24.0,36.0,2.3,3.25,3.05,5.0,61.0,39.0,2.2,1.65,0.0,52,48,1.83,1.83,1.0,1,1,PREMATIPS
2025-11-02,22:00,Penarol , Defensor Sp.,57.0,11.0,32.0,1.48,4.1,7.0,1.0,55.0,45.0,2.0,1.8,0.0,36,64,2.1,1.67,0.0,2,1,PREMATIPS
2025-11-02,23:00,Un. Catolica Q. , Barcelona SC,40.0,31.0,29.0,1.71,3.75,4.0,1.0,48.0,52.0,1.8,2.0,1.0,54,46,1.73,2.0,1.0,1,1,PREMATIPS
2025-11-02,23:00,Queretaro , Mazatlan,46.0,25.0,29.0,2.2,3.3,3.2,4.0,42.0,58.0,1.88,1.93,1.0,57,43,1.7,2.05,1.0,1,0,PREMATIPS
2025-11-02,23:00,Atlante , Cancun,39.0,19.0,42.0,1.47,3.9,5.5,5.0,42.0,58.0,1.75,1.95,1.0,38,62,1.88,1.8,0.0,1,1,PREMATIPS
2025-11-02,23:00,Walter Ferretti , Real Esteli,38.0,31.0,31.0,4.0,3.25,1.78,5.0,44.0,56.0,2.05,1.66,1.0,58,42,1.95,1.73,1.0,0,1,PREMATIPS
2025-11-02,23:00,Cerro Porteno , Guarani As.,34.0,32.0,34.0,1.91,3.5,3.7,5.0,53.0,47.0,1.88,1.93,0.0,54,46,1.73,2.0,1.0,1,0,PREMATIPS
2025-11-02,23:00,Cienciano , Juan Pablo II,48.0,31.0,21.0,1.25,5.5,12.0,1.0,56.0,44.0,1.5,2.5,0.0,44,56,2.0,1.73,0.0,2,1,PREMATIPS
2025-11-02,23:00,Sport Boys , UTC Cajamarca,42.0,28.0,30.0,1.65,3.9,4.5,4.0,54.0,46.0,1.95,1.85,0.0,46,54,1.91,1.8,0.0,2,2,PREMATIPS
2025-11-02,23:15,Platense , Ol. Tegucigalpa,27.0,24.0,49.0,4.0,3.6,1.68,2.0,41.0,59.0,1.72,1.98,1.0,64,36,1.73,1.98,1.0,0,1,PREMATIPS
2025-11-02,23:30,River Plate , Gimnasia LP,46.0,36.0,18.0,1.27,5.0,12.0,1.0,60.0,40.0,1.98,1.83,0.0,39,61,2.5,1.5,0.0,0,1,PREMATIPS
2025-11-02,23:30,Vasco da Gama RJ , Sao Paulo SP,39.0,30.0,31.0,2.38,3.0,3.3,4.0,55.0,45.0,2.4,1.53,0.0,46,54,2.0,1.75,0.0,0,2,PREMATIPS
2025-11-02,23:30,Operario PR , Vila Nova GO,35.0,31.0,34.0,2.25,2.75,3.6,5.0,63.0,37.0,3.1,1.36,0.0,46,54,2.38,1.53,0.0,2,2,PREMATIPS
2025-11-02,23:30,Everton VM , Union Espanola,45.0,23.0,32.0,2.05,3.4,3.3,4.0,46.0,54.0,1.75,2.05,1.0,48,52,1.62,2.2,0.0,0,0,PREMATIPS
2025-11-02,23:30,Atl. Nacional , America de Cali,41.0,32.0,27.0,1.7,3.8,4.75,1.0,44.0,56.0,1.7,2.1,1.0,55,45,1.67,2.1,1.0,4,1,PREMATIPS
2025-11-02,23:30,Columbus Crew , FC Cincinnati,40.0,30.0,30.0,1.84,3.91,3.63,1.0,38.0,62.0,1.49,2.49,1.0,63,37,1.47,2.52,1.0,4,0,PREMATIPS
2025-11-03,01:00,Mun. Liberia , LD Alajuelense,28.0,36.0,36.0,2.75,3.6,2.35,6.0,58.0,42.0,2.2,1.65,0.0,40,60,2.0,1.73,0.0,1,4,PREMATIPS
2025-11-03,01:00,Pachuca , Guadalajara,46.0,13.0,41.0,2.5,3.4,2.65,5.0,44.0,56.0,1.93,1.88,1.0,52,48,1.7,2.05,1.0,0,1,PREMATIPS
2025-11-03,01:00,Diriangen , Sport Sebaco,40.0,29.0,31.0,1.36,4.6,6.25,4.0,37.0,63.0,1.4,2.7,1.0,56,44,1.6,2.2,1.0,5,0,PREMATIPS
2025-11-03,01:45,Austin FC , Los Angeles FC,29.0,32.0,39.0,3.59,3.59,1.93,6.0,47.0,53.0,1.77,1.99,1.0,56,44,1.66,2.11,1.0,1,4,PREMATIPS
2025-11-03,02:00,Xelaju MC , Municipal,28.0,34.0,38.0,2.27,3.03,2.89,6.0,38.0,62.0,2.12,1.62,1.0,56,44,1.85,1.82,1.0,1,1,PREMATIPS
2025-11-03,08:30,Persijap Jepara , Malut United,24.0,22.0,54.0,2.7,3.2,2.25,2.0,48.0,52.0,1.9,1.77,1.0,63,37,1.75,1.93,1.0,1,2,PREMATIPS
2025-11-03,11:00,Kerala Blasters , Sporting Delhi,44.0,33.0,23.0,1.55,4.05,4.81,1.0,43.0,57.0,1.66,2.09,1.0,52,48,1.8,1.89,1.0,3,0,PREMATIPS
2025-11-03,11:00,Ufa , Yenisey,27.0,42.0,31.0,2.38,3.04,3.11,6.0,62.0,38.0,2.51,1.43,0.0,39,61,2.08,1.64,0.0,3,0,PREMATIPS
2025-11-03,12:00,Semen Padang , Arema Malang,17.0,41.0,42.0,2.65,3.2,2.3,6.0,51.0,49.0,1.83,1.85,0.0,59,41,1.7,2.0,1.0,1,2,PREMATIPS
2025-11-03,12:00,Ahrobiznes , Prykarpattia,54.0,13.0,33.0,1.95,3.1,3.4,1.0,57.0,43.0,2.1,1.63,0.0,35,65,1.93,1.75,0.0,3,1,PREMATIPS
2025-11-03,12:30,Arsimi Cegrane , Bashkimi,27.0,30.0,43.0,2.25,3.1,2.8,6.0,39.0,61.0,1.93,1.77,1.0,66,34,1.75,1.95,1.0,4,2,PREMATIPS
2025-11-03,13:00,Gandzasar , Alashkert,17.0,21.0,62.0,4.8,3.75,1.55,2.0,61.0,39.0,1.77,1.9,0.0,43,57,1.85,1.83,0.0,1,0,PREMATIPS
2025-11-03,13:00,Rotor Volgograd , Arsenal Tula,44.0,32.0,24.0,2.32,2.97,3.36,4.0,54.0,46.0,2.64,1.39,0.0,49,51,2.19,1.6,0.0,1,2,PREMATIPS
2025-11-03,13:30,Paradou AC , USM Khenchela,23.0,36.0,41.0,2.25,2.75,3.2,6.0,73.0,27.0,2.7,1.4,0.0,53,47,2.25,1.57,1.0,2,0,PREMATIPS
2025-11-03,13:30,LNZ Cherkasy , Karpaty Lviv,44.0,37.0,19.0,2.15,3.0,3.5,1.0,66.0,34.0,2.5,1.46,0.0,42,58,2.15,1.6,0.0,0,1,PREMATIPS
2025-11-03,13:30,Pakhtakor , Bunyodkor,42.0,22.0,36.0,1.34,4.6,6.75,4.0,50.0,50.0,1.57,2.25,1.0,48,52,1.83,1.85,0.0,4,2,PREMATIPS
2025-11-03,13:45,Nasaf Qarshi ,Wahda,30.0,31.0,39.0,3.6,3.8,1.87,6.0,43.0,57.0,1.61,2.15,1.0,59,41,1.6,2.2,1.0,1,2,PREMATIPS
2025-11-03,14:00,Beroe , Lokomotiv Sofia,30.0,45.0,25.0,2.95,3.2,2.35,4.0,58.0,42.0,2.15,1.67,0.0,51,49,1.83,1.83,1.0,1,3,PREMATIPS
2025-11-03,14:00,Rajasthan Utd , Mumbai City,21.0,34.0,45.0,7.72,4.97,1.29,2.0,39.0,61.0,1.5,2.36,1.0,51,49,1.79,1.87,1.0,1,0,PREMATIPS
2025-11-03,14:00,Chayka Pesch. , KAMAZ,14.0,34.0,52.0,5.1,3.6,1.68,2.0,50.0,50.0,2.18,1.65,0.0,53,47,2.05,1.66,1.0,0,2,PREMATIPS
2025-11-03,14:00,Igdir FK , Bandirmaspor,39.0,29.0,32.0,1.8,3.6,4.0,4.0,49.0,51.0,1.88,1.93,1.0,60,40,1.8,1.91,1.0,1,1,PREMATIPS
2025-11-03,15:00,Ararat , Urartu,7.0,30.0,63.0,16.5,9.75,1.08,2.0,49.0,51.0,1.4,2.7,1.0,37,63,2.7,1.41,0.0,0,1,PREMATIPS
2025-11-03,15:00,Yantra Gabrovo , CSKA Sofia II,38.0,34.0,28.0,1.69,3.35,4.02,1.0,60.0,40.0,1.8,1.77,0.0,51,49,1.75,1.89,1.0,0,3,PREMATIPS
2025-11-03,15:00,Dila Gori , Torpedo Kutaisi,45.0,21.0,34.0,1.58,3.6,4.75,1.0,54.0,46.0,1.93,1.75,0.0,50,50,1.98,1.72,0.0,1,0,PREMATIPS
2025-11-03,15:00,Asteras Tripolis , OFI Crete,22.0,41.0,37.0,2.25,3.25,3.05,6.0,36.0,64.0,2.0,1.8,1.0,57,43,1.75,2.0,1.0,3,0,PREMATIPS
2025-11-03,15:30,Sabah Baku , Gabala,47.0,32.0,21.0,1.4,3.9,7.0,1.0,57.0,43.0,2.05,1.66,0.0,42,58,2.37,1.5,0.0,1,0,PREMATIPS
2025-11-03,15:30,Farul Constanta , Csikszereda,47.0,31.0,22.0,1.75,3.5,3.9,1.0,52.0,48.0,1.7,2.1,0.0,66,34,1.67,2.1,1.0,3,0,PREMATIPS
2025-11-03,15:30,Fakel Voronezh , Torpedo Moscow,58.0,27.0,15.0,1.99,3.17,3.98,1.0,67.0,33.0,2.51,1.43,0.0,36,64,2.21,1.59,0.0,2,0,PREMATIPS
2025-11-03,15:30,Neftekhimik ,Khabarovsk,31.0,33.0,36.0,2.38,3.03,3.11,6.0,67.0,33.0,2.45,1.45,0.0,53,47,2.07,1.65,1.0,1,1,PREMATIPS
2025-11-03,16:00,Dinamo City , Teuta Durres,30.0,46.0,24.0,1.75,3.25,4.15,1.0,79.0,21.0,2.01,1.64,0.0,31,69,1.88,1.79,0.0,0,0,PREMATIPS
2025-11-03,16:00,Flamurtari , Elbasani,17.0,25.0,58.0,2.9,2.94,2.27,2.0,68.0,32.0,2.16,1.55,0.0,42,58,1.95,1.75,0.0,0,1,PREMATIPS
2025-11-03,16:00,Al,Ahli,35.0,30.0,35.0,2.55,3.4,2.55,5.0,43.0,57.0,1.62,2.15,1.0,60,40,1.53,2.3,1.0,4,1,PREMATIPS
2025-11-03,16:00,Tractor ,Shorta,43.0,33.0,24.0,1.55,3.9,5.75,1.0,50.0,50.0,1.83,1.85,1.0,48,52,1.93,1.75,0.0,1,0,PREMATIPS
2025-11-03,16:00,Ilves Tampere , SJK Seinajoki,42.0,30.0,28.0,1.57,4.2,4.33,1.0,29.0,71.0,1.33,3.4,1.0,67,33,1.4,2.75,1.0,3,3,PREMATIPS
2025-11-03,16:00,OFK Belgrade , Radnicki Nis,61.0,17.0,22.0,1.6,3.7,4.4,1.0,45.0,55.0,1.58,2.2,1.0,58,42,1.61,2.15,1.0,0,1,PREMATIPS
2025-11-03,16:00,Polissya , Metalist 1925,39.0,30.0,31.0,1.75,3.5,4.75,4.0,69.0,31.0,2.25,1.55,0.0,36,64,2.2,1.6,0.0,0,0,PREMATIPS
2025-11-03,16:15,Botev Vratsa , CSKA 1948,28.0,27.0,45.0,5.25,3.4,1.68,6.0,55.0,45.0,2.1,1.7,0.0,52,48,2.0,1.73,1.0,0,0,PREMATIPS
2025-11-03,16:30,Domzale , Mura,33.0,20.0,47.0,2.95,3.4,2.15,2.0,42.0,58.0,1.8,1.88,1.0,56,44,1.68,2.05,1.0,3,3,PREMATIPS
2025-11-03,16:45,JS Kabylie , MC El Bayadh,58.0,32.0,10.0,1.58,3.3,5.5,1.0,78.0,22.0,2.15,1.6,0.0,45,55,2.2,1.6,0.0,4,1,PREMATIPS
2025-11-03,17:00,HNK Gorica , Lok. Zagreb,32.0,30.0,38.0,2.5,3.2,2.6,6.0,46.0,54.0,2.0,1.8,1.0,67,33,1.73,2.0,1.0,4,1,PREMATIPS
2025-11-03,17:00,Chrudim , Ceske Budejovice,38.0,21.0,41.0,2.1,3.5,2.88,5.0,48.0,52.0,1.9,1.9,1.0,52,48,1.67,2.1,1.0,0,4,PREMATIPS
2025-11-03,17:00,Gnistan , HJK Helsinki,30.0,30.0,40.0,3.7,3.9,1.75,2.0,32.0,68.0,1.4,2.88,1.0,67,33,1.4,2.75,1.0,2,2,PREMATIPS
2025-11-03,17:00,H. Kfar Saba , Ironi Modi'in,48.0,15.0,37.0,1.75,3.48,3.91,1.0,40.0,60.0,1.77,1.89,1.0,68,32,1.71,1.95,1.0,2,0,PREMATIPS
2025-11-03,17:00,Hapoel Hadera , M. Herzliya,20.0,41.0,39.0,3.9,3.4,1.75,6.0,53.0,47.0,1.88,1.8,0.0,55,45,1.82,1.87,1.0,2,2,PREMATIPS
2025-11-03,17:00,M. Petah Tikva , Hapoel Raanana,64.0,13.0,23.0,1.15,6.5,14.5,1.0,40.0,60.0,1.42,2.6,1.0,48,52,2.15,1.62,0.0,1,0,PREMATIPS
2025-11-03,17:00,Gzira United , Naxxar Lions,48.0,17.0,35.0,2.05,3.25,3.0,1.0,65.0,35.0,1.95,1.75,0.0,45,55,1.8,1.88,0.0,2,1,PREMATIPS
2025-11-03,17:00,Lechia Gdansk , Radomiak Radom,30.0,35.0,35.0,2.05,3.4,3.4,6.0,36.0,64.0,1.7,2.1,1.0,71,29,1.62,2.2,1.0,1,2,PREMATIPS
2025-11-03,17:00,Wisla Plock , Pogon Szczecin,49.0,23.0,28.0,2.25,3.3,3.1,1.0,51.0,49.0,1.7,2.1,0.0,62,38,1.57,2.25,1.0,2,0,PREMATIPS
2025-11-03,17:00,Alanyaspor , Gaziantep,38.0,27.0,35.0,1.96,3.5,3.6,5.0,48.0,52.0,1.9,1.9,1.0,51,49,1.73,2.0,1.0,0,0,PREMATIPS
2025-11-03,17:00,Caykur Rizespor , Fatih Karagumruk,64.0,17.0,19.0,1.66,3.7,4.75,1.0,48.0,52.0,1.7,2.1,1.0,54,46,1.67,2.1,1.0,1,0,PREMATIPS
2025-11-03,17:00,Eyupspor , Antalyaspor,45.0,14.0,41.0,1.76,3.7,4.2,5.0,54.0,46.0,1.83,1.98,0.0,48,52,1.73,2.0,0.0,0,1,PREMATIPS
2025-11-03,17:00,Esenler Erokspor , Corum,34.0,31.0,35.0,2.7,3.3,2.45,5.0,43.0,57.0,1.83,1.98,1.0,57,43,1.67,2.1,1.0,3,1,PREMATIPS
2025-11-03,17:30,Sassuolo , Genoa,35.0,34.0,31.0,2.4,2.9,3.3,4.0,57.0,43.0,2.75,1.44,0.0,45,55,2.05,1.7,0.0,1,2,PREMATIPS
2025-11-03,17:45,LKS Lodz , Slask Wroclaw,30.0,25.0,45.0,2.38,3.25,2.55,6.0,31.0,69.0,1.8,2.0,1.0,69,31,1.67,2.1,1.0,2,1,PREMATIPS
2025-11-03,17:45,Pogon Grodzisk M. , Odra Opole,37.0,44.0,19.0,2.1,3.25,3.0,4.0,39.0,61.0,1.83,1.98,1.0,66,34,1.67,2.1,1.0,2,1,PREMATIPS
2025-11-03,17:45,Puszcza Niepol. , Stal Mielec,37.0,31.0,32.0,2.05,3.25,3.2,5.0,41.0,59.0,1.9,1.9,1.0,64,36,1.73,2.0,1.0,-,-,PREMATIPS
2025-11-03,18:00,Midtjylland , AGF Aarhus,34.0,29.0,37.0,1.71,4.2,3.9,5.0,39.0,61.0,1.5,2.5,1.0,64,36,1.53,2.38,1.0,1,1,PREMATIPS
2025-11-03,18:00,Oliveirense , Maritimo,28.0,33.0,39.0,3.4,3.3,2.05,6.0,67.0,33.0,2.1,1.7,0.0,42,58,1.83,1.83,0.0,0,2,PREMATIPS
2025-11-03,18:00,Pacos Ferreira , Leixoes,35.0,37.0,28.0,2.5,3.25,2.6,4.0,44.0,56.0,2.25,1.62,1.0,50,50,1.91,1.8,0.0,3,1,PREMATIPS
2025-11-03,18:00,Mladost Lucani , Radnicki 1923,33.0,35.0,32.0,2.95,3.25,2.1,4.0,55.0,45.0,1.78,1.9,0.0,60,40,1.66,2.05,1.0,-,-,PREMATIPS
2025-11-03,18:00,Degerfors , Hammarby,17.0,24.0,59.0,3.3,3.7,2.01,2.0,45.0,55.0,1.65,2.2,1.0,50,50,1.57,2.25,1.0,1,1,PREMATIPS
2025-11-03,18:00,Varnamo , Mjallby,14.0,25.0,61.0,5.25,4.5,1.51,2.0,49.0,51.0,1.53,2.4,1.0,60,40,1.62,2.2,1.0,0,5,PREMATIPS
2025-11-03,18:00,Landskrona BoIS , Oddevold,32.0,31.0,37.0,2.3,3.5,2.9,5.0,48.0,52.0,1.8,2.0,1.0,53,47,1.67,2.1,1.0,2,2,PREMATIPS
2025-11-03,18:00,Hammarby TFF , IFK Stocksund,56.0,16.0,28.0,1.22,6.25,8.0,1.0,33.0,67.0,1.26,3.5,1.0,69,31,1.58,2.2,1.0,4,1,PREMATIPS
2025-11-03,18:15,Al,Hilal Riyadh,22.0,33.0,45.0,7.78,5.57,1.27,2.0,33.0,67.0,1.34,2.97,1.0,55,45,1.63,2.12,1.0,1,2,PREMATIPS
2025-11-03,18:30,Beitar Jerusalem , H. Beer Sheva,33.0,23.0,44.0,3.25,3.4,2.05,2.0,34.0,66.0,1.62,2.25,1.0,61,39,1.53,2.38,1.0,0,1,PREMATIPS
2025-11-03,18:30,Petrolul , Botosani,19.0,28.0,53.0,3.1,3.0,2.3,2.0,59.0,41.0,2.4,1.53,0.0,49,51,2.0,1.73,0.0,0,0,PREMATIPS
2025-11-03,19:00,MC Alger , JS Saoura,32.0,37.0,31.0,1.55,3.4,5.5,4.0,66.0,34.0,2.4,1.49,0.0,53,47,2.45,1.47,1.0,1,0,PREMATIPS
2025-11-03,19:00,Oriente Petrolero , Guabira Montero,33.0,29.0,38.0,2.01,3.4,3.25,5.0,34.0,66.0,1.5,2.5,1.0,68,32,1.44,2.63,1.0,4,0,PREMATIPS
2025-11-03,19:00,Dordrecht , Almere City,50.0,20.0,30.0,2.45,3.8,2.45,1.0,39.0,61.0,1.5,2.5,1.0,58,42,1.44,2.63,1.0,0,1,PREMATIPS
2025-11-03,19:00,Jong AZ , FC Eindhoven,60.0,12.0,28.0,1.56,4.2,4.75,1.0,41.0,59.0,1.53,2.4,1.0,45,55,1.57,2.25,0.0,0,2,PREMATIPS
2025-11-03,19:00,Jong PSV , Willem II,40.0,23.0,37.0,2.75,3.9,2.15,5.0,36.0,64.0,1.36,3.1,1.0,61,39,1.36,3.0,1.0,2,1,PREMATIPS
2025-11-03,19:30,Tamworth , Leyton Orient,27.0,31.0,42.0,4.1,4.33,1.66,2.0,43.0,57.0,1.62,2.3,1.0,55,45,1.67,2.1,1.0,0,1,PREMATIPS
2025-11-03,19:30,Albinoleffe , Inter U23,28.0,25.0,47.0,2.7,3.0,2.37,6.0,44.0,56.0,2.25,1.55,1.0,62,38,1.98,1.73,1.0,1,3,PREMATIPS
2025-11-03,19:30,Alcione Milano , Pro Patria,52.0,33.0,15.0,1.93,2.95,3.8,1.0,62.0,38.0,2.6,1.43,0.0,44,56,2.25,1.55,0.0,2,0,PREMATIPS
2025-11-03,19:30,Ospitaletto , Dolomiti Bellunesi,28.0,31.0,41.0,2.4,3.1,2.6,6.0,53.0,47.0,2.0,1.7,0.0,56,44,1.82,1.87,1.0,3,1,PREMATIPS
2025-11-03,19:30,Vis Pesaro 1898 , Juve Next Gen,27.0,53.0,20.0,2.1,3.1,3.1,4.0,60.0,40.0,2.15,1.6,0.0,48,52,1.95,1.75,0.0,1,0,PREMATIPS
2025-11-03,19:30,Cracovia Krakow , Zaglebie Lubin,41.0,33.0,26.0,1.85,3.5,4.2,4.0,38.0,62.0,2.0,1.8,1.0,66,34,1.8,1.95,1.0,0,0,PREMATIPS
2025-11-03,19:30,Valladolid , Granada,37.0,45.0,18.0,1.86,3.5,4.0,4.0,61.0,39.0,2.15,1.67,0.0,47,53,1.91,1.8,0.0,2,1,PREMATIPS
2025-11-03,19:45,Def. Y Justicia , Atl. Huracan,39.0,33.0,28.0,2.45,2.95,3.05,4.0,71.0,29.0,2.88,1.4,0.0,36,64,2.25,1.57,0.0,1,3,PREMATIPS
2025-11-03,19:45,Platense , Sarmiento Junin,28.0,39.0,33.0,1.86,3.25,4.5,6.0,63.0,37.0,2.88,1.4,0.0,39,61,2.5,1.5,0.0,1,1,PREMATIPS
2025-11-03,19:45,Pau , Troyes,29.0,30.0,41.0,3.0,3.25,2.3,6.0,46.0,54.0,1.98,1.83,1.0,47,53,1.73,2.0,0.0,1,1,PREMATIPS
2025-11-03,19:45,Lazio , Cagliari,36.0,37.0,27.0,1.6,3.75,6.0,4.0,64.0,36.0,2.0,1.8,0.0,38,62,2.0,1.75,0.0,2,0,PREMATIPS
2025-11-03,20:00,Sunderland , Everton,60.0,17.0,23.0,2.9,3.0,2.6,1.0,56.0,44.0,2.3,1.62,0.0,42,58,1.95,1.8,0.0,1,1,PREMATIPS
2025-11-03,20:00,Uniao Leiria , Chaves,36.0,31.0,33.0,2.55,3.25,2.55,5.0,66.0,34.0,2.2,1.65,0.0,52,48,1.83,1.83,1.0,2,1,PREMATIPS
2025-11-03,20:00,Real Oviedo , Osasuna,32.0,33.0,35.0,3.08,2.97,2.52,6.0,60.0,40.0,2.46,1.52,0.0,42,58,2.01,1.74,0.0,0,0,PREMATIPS
2025-11-03,20:45,Gil Vicente , Santa Clara,54.0,16.0,30.0,2.05,3.05,3.8,1.0,61.0,39.0,2.7,1.44,0.0,32,68,2.2,1.62,0.0,1,0,PREMATIPS
2025-11-03,21:00,Envigado , Ind. Medellin,25.0,34.0,41.0,5.0,3.8,1.65,2.0,53.0,47.0,2.0,1.8,0.0,48,52,1.91,1.8,0.0,0,1,PREMATIPS
2025-11-03,21:15,Bolivar La Paz , U. de Vinto,59.0,21.0,20.0,1.13,7.48,13.2,1.0,39.0,61.0,1.24,3.65,1.0,61,39,1.76,1.92,1.0,3,0,PREMATIPS
2025-11-03,22:00,Central Cordoba , Racing Club,42.0,25.0,33.0,2.65,2.85,2.95,4.0,68.0,32.0,2.4,1.53,0.0,41,59,2.0,1.75,0.0,0,0,PREMATIPS
2025-11-03,22:00,America MG , Novorizontino SP,26.0,35.0,39.0,2.35,2.95,3.05,6.0,63.0,37.0,2.4,1.53,0.0,47,53,2.0,1.73,0.0,2,2,PREMATIPS
2025-11-03,22:00,Volta Redonda RJ , Botafogo SP,39.0,31.0,30.0,1.91,3.2,4.2,4.0,65.0,35.0,2.25,1.62,0.0,41,59,2.0,1.73,0.0,0,1,PREMATIPS
2025-11-03,22:00,Palestino , Dep. Limache,52.0,29.0,19.0,1.71,3.8,4.0,1.0,51.0,49.0,1.73,2.08,0.0,54,46,1.73,2.0,1.0,2,1,PREMATIPS
2025-11-03,22:00,Plaza Colonia , Cerro Largo Melo,19.0,23.0,58.0,2.1,3.3,3.4,2.0,62.0,38.0,2.5,1.5,0.0,44,56,2.2,1.62,0.0,0,2,PREMATIPS
2025-11-03,23:30,Aurora Cochabamba , Ind. Petrolero,23.0,21.0,56.0,1.46,4.1,5.25,2.0,32.0,68.0,1.5,2.5,1.0,72,28,1.57,2.25,1.0,2,3,PREMATIPS
2025-11-04,00:00,Libertad Loja , Ind. del Valle,28.0,32.0,40.0,4.2,3.5,1.76,2.0,49.0,51.0,1.88,1.93,1.0,53,47,1.8,1.91,1.0,1,3,PREMATIPS
2025-11-04,00:15,Banfield , Lanus,35.0,34.0,31.0,2.57,2.75,3.2,4.0,60.0,40.0,3.1,1.36,0.0,38,62,2.38,1.53,0.0,2,1,PREMATIPS
2025-11-04,00:15,CA Belgrano , Tigre Victoria,33.0,37.0,30.0,2.05,3.05,3.9,4.0,63.0,37.0,2.7,1.44,0.0,44,56,2.2,1.62,0.0,0,0,PREMATIPS
2025-11-04,03:45,Seattle Sounders , Minnesota Utd,43.0,32.0,25.0,1.51,4.26,5.5,1.0,42.0,58.0,1.61,2.24,1.0,55,45,1.68,2.08,1.0,4,2,PREMATIPS
2025-11-04,10:00,Machida Zelvia , Melbourne City,43.0,34.0,23.0,1.46,4.5,6.25,1.0,51.0,49.0,1.87,1.82,0.0,45,55,2.05,1.66,0.0,1,2,PREMATIPS
2025-11-04,10:00,S. Hiroshima , Gangwon,44.0,34.0,22.0,1.46,4.2,7.0,1.0,52.0,48.0,1.93,1.77,0.0,43,57,2.1,1.63,0.0,1,0,PREMATIPS
2025-11-04,10:00,Seoul , Chengdu Rongcheng,41.0,31.0,28.0,1.7,3.9,4.4,1.0,46.0,54.0,1.71,2.0,1.0,55,45,1.71,2.0,1.0,0,0,PREMATIPS
2025-11-04,11:00,FSC Mariupol , Podillya,43.0,24.0,33.0,2.1,2.95,3.25,1.0,75.0,25.0,2.3,1.53,0.0,33,67,2.0,1.68,0.0,0,1,PREMATIPS
2025-11-04,11:00,Hong Linh Ha Tinh , HA Gia Lai,47.0,39.0,14.0,1.73,3.25,4.2,1.0,55.0,45.0,2.2,1.58,0.0,52,48,2.1,1.63,1.0,1,0,PREMATIPS
2025-11-04,12:15,Buriram Utd , Shanghai Port,42.0,31.0,27.0,1.5,4.6,5.25,1.0,37.0,63.0,1.46,2.5,1.0,60,40,1.58,2.2,1.0,2,0,PREMATIPS
2025-11-04,12:15,Ha Noi FC ,CAND,43.0,38.0,19.0,1.38,4.4,6.25,4.0,38.0,62.0,1.63,2.1,1.0,73,27,1.87,1.82,1.0,4,0,PREMATIPS
2025-11-04,12:30,Makedonija GP ,Lum,28.0,21.0,51.0,8.25,4.75,1.29,2.0,45.0,55.0,1.8,1.88,1.0,51,49,2.3,1.53,1.0,0,2,PREMATIPS
2025-11-04,12:30,Rabotnicki Skopje , Tikvesh,45.0,24.0,31.0,1.98,3.17,3.51,4.0,51.0,49.0,2.04,1.64,0.0,45,55,1.87,1.82,0.0,0,2,PREMATIPS
2025-11-04,13:30,AS Soliman , Ben Guerdane,26.0,47.0,27.0,2.87,2.53,2.7,6.0,85.0,15.0,3.34,1.3,0.0,26,74,2.45,1.47,0.0,0,1,PREMATIPS
2025-11-04,13:30,JS Kairouan , Gabes,49.0,21.0,30.0,2.2,2.8,3.1,1.0,63.0,37.0,2.65,1.42,0.0,32,68,2.2,1.58,0.0,2,1,PREMATIPS
2025-11-04,14:25,Al Kuwait , Al Naser Kuwait,91.0,5.0,3.0,1.06,9.75,26.0,1.0,50.0,50.0,1.33,3.0,1.0,45,55,2.65,1.41,0.0,1,0,PREMATIPS
2025-11-04,15:00,Egnatia , Vllaznia,32.0,34.0,34.0,1.96,2.92,3.78,6.0,76.0,24.0,2.31,1.45,0.0,34,66,2.2,1.58,0.0,2,2,PREMATIPS
2025-11-04,15:00,Vora FK , Partizani,56.0,8.0,36.0,3.18,2.92,2.14,1.0,69.0,31.0,2.32,1.43,0.0,34,66,2.07,1.65,0.0,0,0,PREMATIPS
2025-11-04,15:00,Wadi Degla , Haras El Hodood,46.0,30.0,24.0,1.61,3.25,5.25,4.0,63.0,37.0,2.4,1.49,0.0,45,55,2.37,1.5,0.0,1,1,PREMATIPS
2025-11-04,15:00,Sitra Club , Qadsia SC Kuwait,36.0,31.0,33.0,2.32,3.3,2.84,5.0,59.0,41.0,2.25,1.62,0.0,48,52,1.98,1.83,0.0,0,0,PREMATIPS
2025-11-04,16:00,Al,Ahli Jeddah,29.0,30.0,41.0,4.1,4.0,1.72,2.0,40.0,60.0,1.53,2.3,1.0,60,40,1.55,2.25,1.0,1,2,PREMATIPS
2025-11-04,16:00,Sepahan , Ahal,48.0,40.0,12.0,1.06,10.5,31.0,1.0,40.0,60.0,1.47,2.45,1.0,21,79,4.0,1.21,0.0,2,2,PREMATIPS
2025-11-04,16:00,Dinamo Batumi , Iberia 1999,27.0,24.0,49.0,5.25,4.33,1.44,2.0,56.0,44.0,1.55,2.3,0.0,51,49,1.7,2.0,1.0,0,2,PREMATIPS
2025-11-04,16:00,Torreense , Felgueiras 1932,44.0,34.0,22.0,2.2,3.2,3.1,4.0,50.0,50.0,2.08,1.73,0.0,48,52,1.8,1.91,0.0,2,0,PREMATIPS
2025-11-04,16:15,Police ,Zeina,35.0,32.0,33.0,2.46,3.1,2.61,5.0,38.0,62.0,2.01,1.7,1.0,62,38,1.76,1.92,1.0,1,1,PREMATIPS
2025-11-04,16:40,Al Arabi Kuwait , Al Jahra,60.0,21.0,19.0,1.11,7.75,17.5,1.0,58.0,42.0,1.38,2.8,0.0,42,58,2.35,1.52,0.0,4,0,PREMATIPS
2025-11-04,17:00,Zakho ,Ain,43.0,34.0,23.0,1.52,3.96,5.33,1.0,49.0,51.0,1.77,1.93,1.0,48,52,1.85,1.85,0.0,2,0,PREMATIPS
2025-11-04,17:30,AmaZulu Durban , Polokwane City,51.0,18.0,31.0,2.3,2.8,3.2,1.0,74.0,26.0,2.9,1.35,0.0,42,58,2.37,1.5,0.0,0,1,PREMATIPS
2025-11-04,17:30,Chippa Utd , Magesi,37.0,26.0,37.0,3.0,2.65,2.6,5.0,57.0,43.0,3.1,1.31,0.0,49,51,2.45,1.47,0.0,0,0,PREMATIPS
2025-11-04,17:30,Kaizer Chiefs , Orbit College,49.0,29.0,22.0,1.44,3.7,7.5,1.0,69.0,31.0,2.35,1.52,0.0,38,62,2.65,1.42,0.0,4,1,PREMATIPS
2025-11-04,17:30,Sekhukhune Utd , Richards Bay,47.0,33.0,20.0,1.87,2.95,4.5,1.0,75.0,25.0,2.9,1.36,0.0,38,62,2.55,1.44,0.0,1,1,PREMATIPS
2025-11-04,17:45,Napoli , E. Frankfurt,42.0,32.0,26.0,1.63,4.21,4.87,1.0,40.0,60.0,1.56,2.36,1.0,58,42,1.6,2.23,1.0,0,0,PREMATIPS
2025-11-04,17:45,Slavia Prague , Arsenal,18.0,36.0,46.0,11.0,6.0,1.25,2.0,45.0,55.0,1.73,2.1,1.0,40,60,2.38,1.53,0.0,0,3,PREMATIPS
2025-11-04,18:00,Arab Contractors , Smouha,16.0,54.0,30.0,2.95,2.65,2.45,6.0,81.0,19.0,3.0,1.33,0.0,39,61,2.45,1.49,0.0,1,1,PREMATIPS
2025-11-04,18:00,ZED FC , National Bank,38.0,27.0,35.0,3.2,2.75,2.2,5.0,72.0,28.0,2.55,1.44,0.0,39,61,2.15,1.61,0.0,1,1,PREMATIPS
2025-11-04,18:00,Academico Viseu , Lusitania,49.0,21.0,30.0,1.85,3.1,4.33,1.0,44.0,56.0,2.35,1.57,1.0,61,39,2.1,1.67,1.0,3,2,PREMATIPS
2025-11-04,18:15,Al, Al Sharjah,44.0,32.0,24.0,1.42,4.75,6.5,1.0,40.0,60.0,1.53,2.3,1.0,52,48,1.75,1.95,1.0,3,0,PREMATIPS
2025-11-04,19:00,SA Bulo Bulo , Always Ready,26.0,30.0,44.0,2.95,3.6,2.1,6.0,41.0,59.0,1.53,2.4,1.0,59,41,1.5,2.5,1.0,0,1,PREMATIPS
2025-11-04,19:00,Raja Casablanca , KACM Marrakech,38.0,43.0,19.0,1.36,3.9,8.0,4.0,69.0,31.0,2.08,1.73,0.0,39,61,2.38,1.53,0.0,1,0,PREMATIPS
2025-11-04,19:45,Birmingham City , Millwall,26.0,37.0,37.0,1.86,3.4,4.0,6.0,57.0,43.0,2.2,1.67,0.0,43,57,1.91,1.8,0.0,4,0,PREMATIPS
2025-11-04,19:45,Bristol City , Blackburn Rovers,55.0,18.0,27.0,2.1,3.25,3.5,1.0,50.0,50.0,2.05,1.8,0.0,52,48,1.73,2.0,1.0,0,1,PREMATIPS
2025-11-04,19:45,Charlton , West Bromwich,47.0,22.0,31.0,2.5,3.05,2.85,1.0,62.0,38.0,2.5,1.53,0.0,48,52,2.0,1.73,0.0,1,0,PREMATIPS
2025-11-04,19:45,Derby County , Hull City,26.0,37.0,37.0,2.15,3.25,3.3,6.0,51.0,49.0,2.1,1.73,0.0,61,39,1.83,1.83,1.0,2,1,PREMATIPS
2025-11-04,19:45,Ipswich Town , Watford,39.0,31.0,30.0,1.62,3.7,5.0,1.0,45.0,55.0,1.93,1.93,1.0,60,40,1.83,1.83,1.0,1,1,PREMATIPS
2025-11-04,19:45,Leicester City , Middlesbrough,25.0,38.0,37.0,2.1,3.3,3.25,6.0,57.0,43.0,2.0,1.85,0.0,53,47,1.73,2.0,1.0,1,1,PREMATIPS
2025-11-04,19:45,Oxford Utd , Stoke City,19.0,37.0,44.0,3.3,3.05,2.3,6.0,57.0,43.0,2.1,1.73,0.0,48,52,1.83,1.83,0.0,0,3,PREMATIPS
2025-11-04,19:45,Rotherham Utd , Burton Albion,45.0,30.0,25.0,2.15,3.4,2.95,1.0,53.0,47.0,2.2,1.65,0.0,41,59,1.95,1.8,0.0,2,2,PREMATIPS
2025-11-04,19:45,Boreham Wood , Aldershot Town,63.0,22.0,15.0,1.5,4.33,5.25,1.0,37.0,63.0,1.48,2.6,1.0,61,39,1.62,2.2,1.0,1,0,PREMATIPS
2025-11-04,19:45,Carlisle Utd , Halifax Town,46.0,21.0,33.0,1.57,4.0,5.0,1.0,43.0,57.0,1.65,2.2,1.0,57,43,1.75,2.0,1.0,2,0,PREMATIPS
2025-11-04,19:45,Hartlepool Utd , Morecambe,47.0,35.0,18.0,1.8,3.8,3.6,1.0,46.0,54.0,1.48,2.6,1.0,50,50,1.44,2.63,1.0,1,1,PREMATIPS
2025-11-04,19:45,Rochdale , Scunthorpe Utd,35.0,26.0,39.0,1.67,3.75,4.5,5.0,52.0,48.0,1.65,2.2,0.0,54,46,1.67,2.1,1.0,-,-,PREMATIPS
2025-11-04,19:45,Yeovil Town , Wealdstone,35.0,21.0,44.0,2.88,3.4,2.25,6.0,48.0,52.0,1.73,2.08,1.0,53,47,1.62,2.2,1.0,0,2,PREMATIPS
2025-11-04,19:45,Huddersfield , Mansfield Town,39.0,30.0,31.0,1.9,3.6,3.5,1.0,41.0,59.0,1.62,2.25,1.0,61,39,1.53,2.38,1.0,3,1,PREMATIPS
2025-11-04,19:45,Glentoran , Crusaders,44.0,35.0,21.0,1.4,4.1,6.75,1.0,52.0,48.0,1.85,1.83,0.0,43,57,2.1,1.63,0.0,2,1,PREMATIPS
2025-11-04,19:45,Haverfordwest , Barry Town Utd,34.0,30.0,36.0,2.61,3.36,2.32,5.0,46.0,54.0,1.7,2.01,1.0,58,42,1.56,2.2,1.0,0,2,PREMATIPS
2025-11-04,19:45,Newtown , Llandudno,32.0,30.0,38.0,3.06,3.59,1.99,5.0,40.0,60.0,1.51,2.33,1.0,62,38,1.46,2.45,1.0,3,6,PREMATIPS
2025-11-04,19:45,TNS , Caernarfon Town,45.0,32.0,23.0,1.3,5.12,6.99,1.0,30.0,70.0,1.3,3.08,1.0,59,41,1.52,2.29,1.0,3,0,PREMATIPS
2025-11-04,20:00,Atletico Madrid , Union SG,46.0,34.0,20.0,1.27,6.25,8.5,1.0,37.0,63.0,1.5,2.63,1.0,48,52,1.95,1.8,0.0,3,1,PREMATIPS
2025-11-04,20:00,Bodo Glimt , Monaco,37.0,30.0,33.0,2.15,3.9,2.9,5.0,31.0,69.0,1.36,3.2,1.0,70,30,1.33,3.25,1.0,0,1,PREMATIPS
2025-11-04,20:00,Juventus , Sporting CP,39.0,32.0,29.0,1.95,3.5,3.9,1.0,47.0,53.0,1.83,2.03,1.0,56,44,1.67,2.1,1.0,1,1,PREMATIPS
2025-11-04,20:00,Liverpool , Real Madrid,36.0,30.0,34.0,2.3,3.9,2.7,5.0,33.0,67.0,1.4,3.0,1.0,69,31,1.36,3.0,1.0,1,0,PREMATIPS
2025-11-04,20:00,Olympiacos , PSV Eindhoven,35.0,31.0,34.0,2.5,3.6,2.7,5.0,43.0,57.0,1.62,2.3,1.0,61,39,1.5,2.5,1.0,1,1,PREMATIPS
2025-11-04,20:00,Paris SG , Bayern Munchen,35.0,30.0,35.0,2.6,3.5,2.6,5.0,32.0,68.0,1.4,3.0,1.0,69,31,1.36,3.0,1.0,1,2,PREMATIPS
2025-11-04,20:00,Tottenham , Copenhagen,44.0,34.0,22.0,1.44,4.33,7.5,1.0,46.0,54.0,1.73,2.1,1.0,48,52,1.95,1.8,0.0,4,0,PREMATIPS
2025-11-04,20:00,Coventry City , Sheffield Utd,69.0,19.0,12.0,1.57,4.0,5.25,1.0,46.0,54.0,1.62,2.3,1.0,48,52,1.67,2.1,0.0,3,1,PREMATIPS
2025-11-04,23:00,Nacional Potosi , Blooming,35.0,20.0,45.0,1.33,5.0,6.25,6.0,34.0,66.0,1.48,2.6,1.0,66,34,1.67,2.1,1.0,3,0,PREMATIPS
2025-11-04,23:30,Puerto Cabello , Monagas,39.0,32.0,29.0,1.6,3.6,4.6,1.0,49.0,51.0,1.73,1.95,1.0,54,46,1.78,1.9,1.0,3,2,PREMATIPS
2025-11-04,23:30,Zamora Barinas , Dep. La Guaira,25.0,35.0,40.0,4.2,2.95,1.85,2.0,67.0,33.0,2.65,1.42,0.0,38,62,2.37,1.51,0.0,2,0,PREMATIPS
DATE,TIME,HOME TEAM,AWAY TEAM,HOME PER,DRAW PER,AWAY PER,HOME ODD,DRAW ODD,AWAY ODD,1X2 TIP,UNDER 2.5,OVER 2.5,OVER2.5 ODD,UNDER2.5 ODD,OVRUND TIP,BTS,OTS,BTS ODD,OTS ODD,BTTS TIP,HOME SCORE,AWAY SCORE,NAME
2025-08-25,00:00,ART Mun. Jalapa , Real Madriz,44.0,5.0,49.0,1.82,3.5,3.5,2.0,35.0,65.0,1.7,2.0,1.0,51,49,1.65,2.05,1.0,4,2,PREMATIPS
2025-08-25,00:00,Charlotte FC , NY Red Bulls,48.0,20.0,32.0,1.85,3.85,3.7,1.0,45.0,55.0,1.58,2.27,1.0,56,44,1.55,2.32,1.0,1,0,PREMATIPS
2025-08-25,15:30,Liepaja , Super Nova Riga,48.0,31.0,21.0,1.25,5.04,9.2,1.0,51.0,49.0,1.6,2.11,0.0,57,43,2.08,1.64,1.0,0,3,PREMATIPS
2025-08-25,19:00,Pyramids , Modern Sport FC,43.0,35.0,22.0,1.47,3.73,6.38,1.0,48.0,52.0,2.14,1.6,1.0,54,46,2.31,1.53,1.0,1,2,PREMATIPS
2025-08-25,19:15,Aarau ,Ouchy,69.0,9.0,22.0,2.1,3.4,2.85,1.0,39.0,61.0,1.55,2.3,1.0,68,32,1.49,2.4,1.0,3,0,PREMATIPS
2025-08-25,23:15,Estudiantes LP , Aldosivi,60.0,12.0,28.0,1.65,3.6,6.0,1.0,62.0,38.0,2.4,1.53,0.0,41,59,2.38,1.53,0.0,1,0,PREMATIPS
2025-08-26,15:30,Madagascar , Sudan,31.0,34.0,35.0,3.1,2.8,2.38,6.0,67.0,33.0,2.88,1.4,0.0,41,59,2.25,1.57,0.0,0,0,PREMATIPS
2025-08-26,17:30,A. Lustenau , Kapfenberg,41.0,33.0,26.0,1.73,3.75,4.33,1.0,47.0,53.0,1.8,2.0,1.0,53,47,1.73,2.0,1.0,0,2,PREMATIPS
2025-08-26,19:00,Reading , Wimbledon,37.0,32.0,31.0,2.2,3.25,3.3,4.0,58.0,42.0,2.25,1.58,0.0,47,53,2.0,1.75,0.0,2,1,PREMATIPS
2025-08-26,19:45,Barnsley , Rotherham Utd,40.0,32.0,28.0,1.75,3.7,4.5,1.0,46.0,54.0,1.73,2.08,1.0,55,45,1.63,2.1,1.0,2,1,PREMATIPS
2025-08-26,19:45,Bournemouth , Brentford,40.0,31.0,29.0,1.71,4.0,4.1,1.0,41.0,59.0,1.6,2.3,1.0,59,41,1.57,2.25,1.0,0,2,PREMATIPS
2025-08-26,19:45,Bromley , Wycombe,30.0,31.0,39.0,3.5,3.5,2.0,6.0,51.0,49.0,1.98,1.88,0.0,53,47,1.8,1.95,1.0,1,1,PREMATIPS
2025-08-26,19:45,Cardiff City , Cheltenham Town,44.0,33.0,23.0,1.36,5.25,7.0,1.0,39.0,61.0,1.53,2.4,1.0,54,46,1.8,1.95,1.0,3,0,PREMATIPS
2025-08-26,19:45,Millwall , Coventry City,33.0,32.0,35.0,2.9,3.25,2.4,5.0,55.0,45.0,2.05,1.72,0.0,51,49,1.8,1.95,1.0,2,1,PREMATIPS
2025-08-26,19:45,Preston North End , Wrexham,38.0,33.0,29.0,2.0,3.4,3.75,4.0,55.0,45.0,2.05,1.75,0.0,49,51,1.91,1.91,0.0,2,3,PREMATIPS
2025-08-26,19:45,Stoke City , Bradford City,41.0,32.0,27.0,1.67,3.9,4.75,1.0,48.0,52.0,1.83,2.03,1.0,53,47,1.8,1.95,1.0,0,3,PREMATIPS
2025-08-26,19:45,E. Braunschweig , Stuttgart,23.0,32.0,45.0,7.3,5.15,1.33,2.0,35.0,65.0,1.42,2.68,1.0,55,45,1.66,2.09,1.0,3,3,PREMATIPS
2025-08-26,19:45,Annan Athletic , Stenhousemuir,32.0,31.0,37.0,3.1,3.4,2.05,5.0,48.0,52.0,1.8,2.0,1.0,56,44,1.67,2.1,1.0,1,3,PREMATIPS
2025-08-26,19:45,Queen of South , Clyde,42.0,32.0,26.0,1.59,3.76,4.76,1.0,48.0,52.0,1.76,1.97,1.0,52,48,1.77,1.93,1.0,3,1,PREMATIPS
2025-08-26,19:45,The Spartans , Peterhead,34.0,31.0,35.0,2.52,3.34,2.45,5.0,50.0,50.0,1.84,1.88,1.0,54,46,1.69,2.04,1.0,1,1,PREMATIPS
2025-08-26,20:00,Sturm Graz , Bodo Glimt,36.0,29.0,35.0,2.45,3.7,2.63,5.0,37.0,63.0,1.44,2.63,1.0,66,34,1.37,2.75,1.0,2,1,PREMATIPS
2025-08-26,20:00,Sheffield Wed , Leeds Utd,17.0,36.0,47.0,17.0,7.0,1.17,2.0,36.0,64.0,1.44,2.7,1.0,43,57,2.2,1.62,0.0,1,1,PREMATIPS
2025-08-27,02:10,Real Cartagena , Millonarios,32.0,34.0,34.0,2.8,3.2,2.55,0.0,64.0,36.0,2.5,1.5,0.0,44,56,2.1,1.67,0.0,2,1,PREMATIPS
2025-08-27,03:00,Dep. Saprissa , Motagua,42.0,33.0,25.0,1.47,4.1,5.0,1.0,46.0,54.0,1.63,2.1,1.0,51,49,1.77,1.9,1.0,0,0,PREMATIPS
2025-08-27,10:30,Machida Zelvia , Kashima Antlers,38.0,32.0,30.0,2.05,3.4,3.6,4.0,56.0,44.0,2.1,1.7,0.0,49,51,1.91,1.91,0.0,3,0,PREMATIPS
2025-08-27,10:30,Nagoya Grampus , S. Hiroshima,30.0,32.0,38.0,3.8,3.3,2.05,6.0,58.0,42.0,2.2,1.65,0.0,48,52,1.95,1.8,0.0,2,4,PREMATIPS
2025-08-27,11:00,SC Sagamihara , Vissel Kobe,22.0,33.0,45.0,8.5,5.0,1.36,2.0,45.0,55.0,1.67,2.15,1.0,46,54,2.0,1.75,0.0,1,1,PREMATIPS
2025-08-27,11:00,Tokyo , Urawa Red Diam.,34.0,31.0,35.0,2.5,3.6,2.63,5.0,55.0,45.0,2.0,1.8,0.0,51,49,1.8,1.95,1.0,2,1,PREMATIPS
2025-08-27,11:30,Bucheon 1995 , Gwangju,31.0,32.0,37.0,3.2,3.3,2.15,6.0,58.0,42.0,2.2,1.65,0.0,48,52,1.91,1.8,0.0,1,2,PREMATIPS
2025-08-27,11:30,Gangwon , Jeonbuk Motors,30.0,32.0,38.0,3.5,3.4,2.0,6.0,53.0,47.0,2.03,1.78,0.0,51,49,1.83,1.83,1.0,1,2,PREMATIPS
2025-08-27,12:00,Hai Phong , Song Lam NA,60.0,4.0,36.0,1.6,3.5,4.8,1.0,10.0,90.0,1.9,1.8,1.0,85,15,1.9,1.78,1.0,2,0,PREMATIPS
2025-08-27,12:00,Hong Linh Ha Tinh , Thanh Hoa,38.0,34.0,28.0,1.95,2.95,3.7,4.0,43.0,57.0,2.4,1.49,1.0,52,48,2.15,1.61,1.0,1,0,PREMATIPS
2025-08-27,12:00,Nam Dinh ,CAND,64.0,4.0,32.0,1.14,6.75,14.0,1.0,10.0,90.0,1.53,2.3,1.0,85,15,2.5,1.46,1.0,2,1,PREMATIPS
2025-08-27,12:00,SHB Da Nang , Ninh Binh FC,22.0,9.0,69.0,3.61,2.97,1.98,2.0,43.0,57.0,2.53,1.48,1.0,52,48,2.13,1.59,1.0,1,3,PREMATIPS
2025-08-27,13:15,Kuala Lumpur , PDRM,8.0,87.0,5.0,1.45,4.16,5.68,4.0,34.0,66.0,1.57,2.22,1.0,60,40,1.67,2.04,1.0,3,1,PREMATIPS
2025-08-27,13:15,Selangor , Terengganu,39.0,31.0,30.0,1.82,3.5,3.5,1.0,12.0,88.0,1.72,1.98,1.0,37,63,1.68,2.05,0.0,5,2,PREMATIPS
2025-08-27,13:30,CIVO United , Ekhaya FC,35.0,28.0,37.0,2.11,2.95,3.22,5.0,73.0,27.0,2.5,1.41,0.0,26,74,2.22,1.58,0.0,1,0,PREMATIPS
2025-08-27,13:30,Mighty Wanderers , Creck Sporting,51.0,29.0,20.0,1.38,3.9,7.75,1.0,75.0,25.0,2.2,1.57,0.0,30,70,2.56,1.44,0.0,0,0,PREMATIPS
2025-08-27,13:30,Silver Strikers , Chitipa United,44.0,37.0,19.0,1.35,3.68,7.7,1.0,71.0,29.0,2.03,1.6,0.0,34,66,2.53,1.49,0.0,1,0,PREMATIPS
2025-08-27,13:30,Songwe Border , Big Bullets,6.0,10.0,84.0,26.0,9.75,1.07,2.0,56.0,44.0,1.35,2.9,0.0,26,74,2.02,1.71,0.0,1,3,PREMATIPS
2025-08-27,14:15,Krylya Sovetov , Dynamo Moscow,30.0,31.0,39.0,3.69,3.67,1.97,6.0,47.0,53.0,1.74,2.1,1.0,56,44,1.62,2.16,1.0,0,0,PREMATIPS
2025-08-27,14:30,Din. Samarqand , Shurtan Guzar,44.0,34.0,22.0,1.43,3.9,6.25,1.0,55.0,45.0,2.0,1.71,0.0,41,59,2.18,1.57,0.0,3,0,PREMATIPS
2025-08-27,15:00,Belasica Strumica , Arsimi Cegrane,27.0,33.0,40.0,4.0,3.5,1.72,2.0,57.0,43.0,2.15,1.62,0.0,45,55,1.98,1.72,0.0,2,2,PREMATIPS
2025-08-27,15:30,Unirea Alba Iulia , Botosani,22.0,35.0,43.0,5.5,3.7,1.5,2.0,53.0,47.0,1.93,1.77,0.0,44,56,2.06,1.68,0.0,0,1,PREMATIPS
2025-08-27,15:30,Voluntari , Csikszereda,34.0,33.0,33.0,2.4,2.95,2.65,0.0,59.0,41.0,2.2,1.58,0.0,48,52,1.9,1.79,0.0,1,8,PREMATIPS
2025-08-27,15:30,Bunyodkor , Buxoro,43.0,34.0,23.0,1.47,3.9,5.5,1.0,49.0,51.0,1.77,1.9,1.0,47,53,1.91,1.76,0.0,2,4,PREMATIPS
2025-08-27,16:00,Dunajska Luzna , Raca,22.0,33.0,45.0,8.25,5.5,1.25,2.0,35.0,65.0,1.42,2.65,1.0,52,48,1.75,1.94,1.0,0,3,PREMATIPS
2025-08-27,16:00,Sered , Slovan Duslo Sala,29.0,28.0,43.0,3.3,4.75,1.65,2.0,30.0,70.0,1.35,2.9,1.0,64,36,1.42,2.67,1.0,1,3,PREMATIPS
2025-08-27,16:30,Jazz Pori , JJK Jyvaskyla,45.0,17.0,38.0,1.73,4.33,3.5,4.0,33.0,67.0,1.4,2.88,1.0,61,39,1.44,2.63,1.0,0,1,PREMATIPS
2025-08-27,16:30,Follo , Lyn Oslo,27.0,31.0,42.0,4.75,4.33,1.48,2.0,39.0,61.0,1.48,2.6,1.0,58,42,1.57,2.25,1.0,0,2,PREMATIPS
2025-08-27,16:30,Sochi , Krasnodar,25.0,32.0,43.0,5.57,4.27,1.55,2.0,48.0,52.0,1.83,2.0,1.0,50,50,1.85,1.86,1.0,2,4,PREMATIPS
2025-08-27,16:30,AS La Marsa , Monastir,26.0,34.0,40.0,3.75,2.85,1.98,2.0,81.0,19.0,2.7,1.41,0.0,44,56,2.3,1.53,0.0,0,0,PREMATIPS
2025-08-27,16:30,Bizertin , Club Africain,26.0,34.0,40.0,3.8,2.95,1.9,2.0,81.0,19.0,2.9,1.36,0.0,33,67,2.55,1.44,0.0,0,2,PREMATIPS
2025-08-27,16:30,Olympique Beja , JS Kairouan,20.0,42.0,38.0,2.15,2.75,3.5,6.0,81.0,19.0,3.25,1.3,0.0,11,89,2.65,1.42,0.0,0,0,PREMATIPS
2025-08-27,16:30,Stade Tunisien , ES Metlaoui,42.0,34.0,24.0,1.61,3.25,5.25,1.0,81.0,19.0,2.65,1.41,0.0,33,67,2.65,1.42,0.0,2,0,PREMATIPS
2025-08-27,17:00,Dornbirn 1913 , RB Salzburg,17.0,34.0,49.0,51.0,29.0,1.01,2.0,9.0,91.0,1.05,11.0,1.0,34,66,2.75,1.4,0.0,1,3,PREMATIPS
2025-08-27,17:00,Kauno Zalgiris , Hegelmann,49.0,13.0,38.0,1.7,3.5,4.0,1.0,43.0,57.0,1.83,1.85,1.0,43,57,1.82,1.87,0.0,2,1,PREMATIPS
2025-08-27,17:00,Arendal , Egersunds,31.0,31.0,38.0,3.0,3.8,1.95,0.0,43.0,57.0,1.6,2.3,1.0,59,41,1.57,2.25,1.0,2,2,PREMATIPS
2025-08-27,17:00,Asker , Mjondalen,34.0,29.0,37.0,2.7,3.7,2.15,5.0,32.0,68.0,1.33,3.4,1.0,69,31,1.33,3.25,1.0,1,4,PREMATIPS
2025-08-27,17:00,Brattvag , Hodd,34.0,30.0,36.0,2.66,3.54,2.22,5.0,41.0,59.0,1.51,2.24,1.0,62,38,1.47,2.45,1.0,3,3,PREMATIPS
2025-08-27,17:00,Eik Tonsberg , Start,27.0,31.0,42.0,4.33,4.33,1.53,2.0,37.0,63.0,1.44,2.7,1.0,59,41,1.53,2.38,1.0,3,0,PREMATIPS
2025-08-27,17:00,Junkeren , Kongsvinger,22.0,32.0,46.0,9.5,5.25,1.25,2.0,27.0,73.0,1.4,2.88,1.0,57,43,1.8,1.91,1.0,0,4,PREMATIPS
2025-08-27,17:00,Kjelsas , Moss,36.0,30.0,34.0,2.3,3.5,2.63,5.0,36.0,64.0,1.48,2.6,1.0,66,34,1.4,2.75,1.0,2,1,PREMATIPS
2025-08-27,17:00,Lysekloster IL , Asane,31.0,31.0,38.0,3.1,3.3,1.98,0.0,47.0,53.0,1.7,2.0,1.0,57,43,1.62,2.15,1.0,3,0,PREMATIPS
2025-08-27,17:00,Stjordals Blink , Aalesunds,25.0,31.0,44.0,5.5,5.25,1.33,2.0,27.0,73.0,1.3,3.5,1.0,63,37,1.5,2.5,1.0,1,2,PREMATIPS
2025-08-27,17:00,Strommen , Odds BK,35.0,29.0,36.0,2.3,3.8,2.4,5.0,35.0,65.0,1.44,2.7,1.0,66,34,1.4,2.75,1.0,2,2,PREMATIPS
2025-08-27,17:00,Politehnica Iasi , Petrolul,28.0,32.0,40.0,2.95,3.1,2.15,2.0,58.0,42.0,2.15,1.61,0.0,45,55,1.99,1.71,0.0,1,1,PREMATIPS
2025-08-27,17:30,AEK Larnaca , Brann Bergen,37.0,31.0,32.0,2.2,3.3,2.9,5.0,49.0,51.0,1.93,1.88,1.0,55,45,1.73,2.0,1.0,0,4,PREMATIPS
2025-08-27,17:45,Qarabag , Ferencvaros,37.0,31.0,32.0,2.25,3.5,3.1,5.0,48.0,52.0,1.75,2.05,1.0,56,44,1.62,2.2,1.0,2,3,PREMATIPS
2025-08-27,17:45,Riga FC , Sparta Prague,30.0,30.0,40.0,3.7,3.6,1.95,2.0,41.0,59.0,1.7,2.1,1.0,60,40,1.57,2.25,1.0,1,0,PREMATIPS
2025-08-27,18:00,Floridsdorfer AC , SV Stripfing,37.0,31.0,32.0,2.1,3.3,2.9,5.0,47.0,53.0,1.73,2.08,1.0,57,43,1.67,2.1,1.0,1,3,PREMATIPS
2025-08-27,18:00,Bella Vista , Juventud de LP,30.0,31.0,39.0,3.58,3.54,1.81,6.0,53.0,47.0,1.91,1.76,0.0,49,51,1.84,1.83,0.0,1,0,PREMATIPS
2025-08-27,18:30,Golden Arrows , Magesi,41.0,47.0,12.0,3.1,2.75,2.45,4.0,84.0,16.0,2.95,1.34,0.0,41,59,2.4,1.5,0.0,2,1,PREMATIPS
2025-08-27,18:30,Kaizer Chiefs , Mamelodi Sund.,25.0,35.0,40.0,4.75,3.1,1.77,2.0,95.0,5.0,2.5,1.46,0.0,19,81,2.35,1.52,0.0,0,0,PREMATIPS
2025-08-27,18:30,Sekhukhune Utd , AmaZulu Durban,66.0,3.0,31.0,2.0,2.95,3.9,1.0,84.0,16.0,2.55,1.44,0.0,8,92,2.25,1.57,0.0,1,1,PREMATIPS
2025-08-27,18:45,Baltika , CSKA Moscow,33.0,32.0,35.0,2.72,3.38,2.53,5.0,57.0,43.0,2.24,1.66,0.0,49,51,1.89,1.83,0.0,0,2,PREMATIPS
2025-08-27,18:45,Rostov , Dyn. Makhachkala,38.0,33.0,29.0,1.9,3.38,4.16,4.0,59.0,41.0,2.25,1.64,0.0,46,54,1.99,1.73,0.0,1,3,PREMATIPS
2025-08-27,19:15,Honefoss , Lillestrom,19.0,35.0,46.0,9.5,6.0,1.22,2.0,35.0,65.0,1.44,2.7,1.0,46,54,1.91,1.8,0.0,2,3,PREMATIPS
2025-08-27,19:30,Horn , LASK Linz,21.0,33.0,46.0,9.5,6.5,1.22,2.0,30.0,70.0,1.33,3.4,1.0,55,45,1.73,2.0,1.0,0,2,PREMATIPS
2025-08-27,19:45,Everton , Mansfield Town,47.0,35.0,18.0,1.22,7.0,10.0,1.0,41.0,59.0,1.57,2.35,1.0,41,59,2.25,1.57,0.0,2,0,PREMATIPS
2025-08-27,19:45,Fulham , Bristol City,44.0,34.0,22.0,1.4,4.75,7.0,1.0,48.0,52.0,1.75,2.05,1.0,46,54,2.0,1.75,0.0,2,0,PREMATIPS
2025-08-27,19:45,Oxford Utd , Brighton,23.0,32.0,45.0,7.5,5.25,1.36,2.0,40.0,60.0,1.53,2.4,1.0,52,48,1.8,1.95,1.0,0,6,PREMATIPS
2025-08-27,19:45,Wehen Wiesbaden , Bayern Munchen,14.0,38.0,48.0,35.94,14.25,1.03,2.0,19.0,81.0,1.14,4.97,1.0,40,60,2.32,1.54,0.0,2,3,PREMATIPS
2025-08-27,19:45,Hamilton , Edinburgh City,36.0,31.0,33.0,2.18,3.38,2.88,5.0,44.0,56.0,1.64,2.14,1.0,60,40,1.53,2.33,1.0,2,3,PREMATIPS
2025-08-27,20:00,Benfica , Fenerbahce,42.0,33.0,25.0,1.57,4.0,5.25,1.0,47.0,53.0,1.75,2.05,1.0,51,49,1.83,1.83,1.0,1,0,PREMATIPS
2025-08-27,20:00,Club Brugge , Rangers,43.0,31.0,26.0,1.53,4.33,5.25,1.0,41.0,59.0,1.57,2.35,1.0,56,44,1.67,2.1,1.0,6,0,PREMATIPS
2025-08-27,20:00,Copenhagen , Basel,41.0,32.0,27.0,1.67,3.8,5.0,1.0,46.0,54.0,1.7,2.1,1.0,54,46,1.73,2.0,1.0,2,0,PREMATIPS
2025-08-27,20:00,Grimsby Town , Manchester Utd,17.0,35.0,48.0,15.0,11.0,1.1,2.0,33.0,67.0,1.36,3.1,1.0,40,60,2.38,1.53,0.0,2,2,PREMATIPS
2025-08-27,20:00,Celta Vigo , Real Betis,19.0,48.0,33.0,2.06,3.5,3.46,6.0,84.0,16.0,1.85,1.92,0.0,51,49,1.7,2.06,1.0,1,1,PREMATIPS
2025-08-27,21:00,Fortaleza CEIF , Ind. Medellin,33.0,33.0,34.0,2.79,2.92,2.53,0.0,61.0,39.0,2.34,1.52,0.0,47,53,1.97,1.73,0.0,0,0,PREMATIPS
2025-08-27,21:00,Carabobo , Portuguesa Ac.,41.0,35.0,24.0,1.49,3.7,5.5,1.0,58.0,42.0,1.78,1.9,0.0,43,57,1.88,1.8,0.0,5,0,PREMATIPS
2025-08-27,21:00,U. Central , Anzoategui FC,40.0,31.0,29.0,1.78,3.4,3.7,1.0,46.0,54.0,1.77,1.93,1.0,56,44,1.72,1.98,1.0,1,1,PREMATIPS
2025-08-27,23:00,Dep. Tachira , Monagas,41.0,33.0,26.0,1.7,3.34,4.55,1.0,60.0,40.0,2.24,1.54,0.0,43,57,2.11,1.64,0.0,-,-,PREMATIPS
2025-08-27,23:30,Atletico MG , Cruzeiro MG,36.0,33.0,31.0,2.55,2.9,3.1,4.0,62.0,38.0,2.88,1.4,0.0,45,55,2.2,1.62,0.0,0,2,PREMATIPS
2025-08-28,00:30,CA Bucaramanga , America de Cali,33.0,33.0,34.0,2.41,3.12,2.8,0.0,61.0,39.0,2.32,1.53,0.0,46,54,2.01,1.71,0.0,1,0,PREMATIPS
2025-08-28,01:00,Bolivar La Paz , The Strongest,42.0,30.0,28.0,1.62,3.9,4.0,1.0,32.0,68.0,1.41,2.65,1.0,65,35,1.46,2.5,1.0,1,0,PREMATIPS
2025-08-28,01:00,LD Alajuelense , Antigua GFC,39.0,32.0,29.0,1.62,3.6,4.33,1.0,52.0,48.0,1.85,1.83,0.0,51,49,1.87,1.82,1.0,1,0,PREMATIPS
2025-08-28,01:00,Dep. La Guaira , Caracas,41.0,33.0,26.0,1.7,3.3,4.33,1.0,56.0,44.0,2.1,1.65,0.0,46,54,2.05,1.68,0.0,1,0,PREMATIPS
2025-08-28,01:10,Dep. Moron , Gimnasia Mendoza,35.0,34.0,31.0,2.38,2.88,3.4,4.0,80.0,20.0,3.4,1.33,0.0,36,64,2.63,1.44,0.0,1,0,PREMATIPS
2025-08-28,01:30,Atletico PR , Corinthians SP,34.0,34.0,32.0,2.6,2.9,3.1,0.0,64.0,36.0,2.7,1.44,0.0,44,56,2.2,1.62,0.0,0,1,PREMATIPS
2025-08-28,01:30,Vasco da Gama RJ , Botafogo RJ,31.0,34.0,35.0,3.06,2.9,2.37,6.0,62.0,38.0,2.46,1.5,0.0,46,54,2.03,1.7,0.0,1,1,PREMATIPS
2025-08-28,01:30,LDU Portoviejo , Macara Ambato,29.0,34.0,37.0,3.33,2.8,2.24,6.0,59.0,41.0,2.24,1.56,0.0,47,53,1.9,1.8,0.0,0,0,PREMATIPS
2025-08-28,01:30,Inter Miami , Orlando City,39.0,30.0,31.0,1.93,3.88,3.22,1.0,35.0,65.0,1.43,2.68,1.0,64,36,1.42,2.69,1.0,3,1,PREMATIPS
2025-08-28,01:30,Walter Ferretti , Diriangen,44.0,4.0,52.0,3.4,3.4,1.88,2.0,33.0,67.0,1.82,1.87,1.0,52,48,1.73,1.95,1.0,1,1,PREMATIPS
2025-08-28,02:30,Atl. Nacional , Deportes Quindio,47.0,36.0,17.0,1.2,6.5,13.0,1.0,40.0,60.0,1.53,2.4,1.0,41,59,2.25,1.57,0.0,4,0,PREMATIPS
2025-08-28,03:00,Ol. Tegucigalpa , Xelaju MC,38.0,34.0,28.0,1.71,3.33,4.4,4.0,55.0,45.0,1.9,1.76,0.0,50,50,1.83,1.85,1.0,3,0,PREMATIPS
2025-08-28,03:00,Real Esteli , Aguila,40.0,33.0,27.0,1.9,3.3,3.4,1.0,56.0,44.0,1.93,1.77,0.0,47,53,1.8,1.88,0.0,2,0,PREMATIPS
2025-08-28,03:45,LA Galaxy , Seattle Sounders,33.0,31.0,36.0,2.82,3.47,2.25,5.0,44.0,56.0,1.63,2.17,1.0,59,41,1.53,2.35,1.0,0,2,PREMATIPS
2025-08-28,10:00,Immigration FC , Johor DT,19.0,11.0,70.0,36.0,23.0,1.01,2.0,39.0,61.0,1.06,7.08,1.0,45,55,2.15,1.62,0.0,0,3,PREMATIPS
2025-08-28,11:30,Numancia , UB Conquense,40.0,32.0,28.0,1.73,3.4,4.1,1.0,57.0,43.0,2.15,1.61,0.0,44,56,2.05,1.66,0.0,1,2,PREMATIPS
2025-08-28,13:15,Cong An Ha Noi , Ha Noi FC,35.0,32.0,33.0,2.2,3.25,2.8,5.0,45.0,55.0,1.85,1.83,1.0,51,49,1.72,1.98,1.0,4,2,PREMATIPS
2025-08-28,13:15,Cong An HoChiMinh , HA Gia Lai,45.0,42.0,13.0,1.8,3.3,3.8,4.0,28.0,72.0,2.05,1.68,1.0,35,65,1.93,1.75,0.0,1,0,PREMATIPS
2025-08-28,15:00,Ordabasy , Kyzylzhar,40.0,33.0,27.0,1.87,3.1,3.7,1.0,58.0,42.0,2.15,1.61,0.0,46,54,1.95,1.75,0.0,0,0,PREMATIPS
2025-08-28,15:00,Corvinul Hunedoara , Farul Constanta,33.0,33.0,34.0,3.0,3.1,2.15,0.0,57.0,43.0,2.15,1.61,0.0,49,51,1.88,1.79,0.0,0,1,PREMATIPS
2025-08-28,16:00,KuPS Kuopio , Midtjylland,28.0,31.0,41.0,5.0,3.75,1.67,2.0,44.0,56.0,1.65,2.2,1.0,56,44,1.67,2.1,1.0,0,2,PREMATIPS
2025-08-28,16:00,Astana , Kaisar,62.0,22.0,16.0,1.23,5.5,9.0,1.0,54.0,46.0,1.58,2.2,0.0,54,46,2.15,1.62,1.0,5,1,PREMATIPS
2025-08-28,16:30,Lahti ,04,47.0,19.0,34.0,1.45,4.31,5.35,1.0,38.0,62.0,1.47,2.52,1.0,64,36,1.6,2.16,1.0,2,2,PREMATIPS
2025-08-28,16:30,Al,Duhail,33.0,29.0,38.0,2.95,3.5,1.98,5.0,50.0,50.0,1.46,2.5,1.0,69,31,1.44,2.55,1.0,1,0,PREMATIPS
2025-08-28,16:30,Esperance Tunis , AS Soliman,47.0,38.0,15.0,1.09,8.0,26.0,1.0,82.0,18.0,1.6,2.15,0.0,20,80,3.7,1.24,0.0,2,0,PREMATIPS
2025-08-28,16:30,ES Zarzis , Ben Guerdane,41.0,36.0,23.0,1.68,3.01,5.19,1.0,71.0,29.0,2.93,1.36,0.0,32,68,2.58,1.42,0.0,1,1,PREMATIPS
2025-08-28,16:30,Etoile du Sahel , Gabes,11.0,50.0,39.0,1.41,3.8,7.0,6.0,71.0,29.0,2.15,1.6,0.0,32,68,2.5,1.46,0.0,3,0,PREMATIPS
2025-08-28,16:30,Sfaxien Sfax , JS El Omrane,44.0,35.0,21.0,1.55,3.4,5.75,1.0,60.0,40.0,2.4,1.49,0.0,54,46,2.5,1.47,1.0,2,0,PREMATIPS
2025-08-28,17:00,Fredrikstad , Crystal Palace,23.0,33.0,44.0,6.66,4.45,1.42,2.0,49.0,51.0,1.84,1.88,1.0,46,54,2.04,1.7,0.0,0,0,PREMATIPS
2025-08-28,17:00,Noah , Olimpija,40.0,31.0,29.0,1.75,3.9,4.1,1.0,43.0,57.0,1.65,2.2,1.0,57,43,1.67,2.1,1.0,3,2,PREMATIPS
2025-08-28,17:00,Omonia Nicosia , Wolfsberger AC,40.0,31.0,29.0,1.77,3.89,3.91,1.0,46.0,54.0,1.68,2.09,1.0,55,45,1.65,2.12,1.0,1,0,PREMATIPS
2025-08-28,17:05,Damac ,Hazem,38.0,31.0,31.0,2.0,3.5,3.4,0.0,47.0,53.0,1.75,2.05,1.0,56,44,1.67,2.1,1.0,1,1,PREMATIPS
2025-08-28,17:30,Sigma Olomouc , Malmo,34.0,31.0,35.0,2.75,3.45,2.38,5.0,52.0,48.0,1.89,1.85,0.0,52,48,1.71,2.04,1.0,0,2,PREMATIPS
2025-08-28,17:30,Lok. Moscow , Akron Tolyatti,43.0,31.0,26.0,1.55,4.46,5.3,1.0,39.0,61.0,1.5,2.4,1.0,57,43,1.6,2.22,1.0,2,0,PREMATIPS
2025-08-28,17:45,Hibernians , Birkirkara,31.0,32.0,37.0,3.13,3.16,2.19,6.0,52.0,48.0,1.89,1.78,0.0,53,47,1.74,1.97,1.0,-,-,PREMATIPS
2025-08-28,18:00,Besiktas , Lausanne,44.0,30.0,26.0,1.44,5.0,6.0,1.0,36.0,64.0,1.44,2.63,1.0,57,43,1.67,2.1,1.0,0,1,PREMATIPS
2025-08-28,18:00,Rapid Wien , Gyori ETO,44.0,33.0,23.0,1.41,4.58,6.65,1.0,44.0,56.0,1.57,2.28,1.0,50,50,1.75,1.96,1.0,2,0,PREMATIPS
2025-08-28,18:00,RFS Riga , Hamrun Spartans,42.0,33.0,25.0,1.6,3.8,5.5,1.0,48.0,52.0,1.88,1.93,1.0,50,50,1.83,1.83,1.0,2,2,PREMATIPS
2025-08-28,18:00,Samsunspor , Panathinaikos,34.0,32.0,34.0,2.47,3.33,2.71,0.0,54.0,46.0,2.0,1.76,0.0,52,48,1.77,1.95,1.0,0,0,PREMATIPS
2025-08-28,18:30,AZ Alkmaar , Levski Sofia,44.0,33.0,23.0,1.42,4.5,7.5,1.0,45.0,55.0,1.7,2.1,1.0,48,52,1.91,1.8,0.0,4,1,PREMATIPS
2025-08-28,18:30,CFR Cluj , Hacken,39.0,30.0,31.0,1.97,3.73,3.33,1.0,40.0,60.0,1.57,2.28,1.0,62,38,1.51,2.38,1.0,1,0,PREMATIPS
2025-08-28,18:30,U Craiova , Ist. Basaksehir,33.0,31.0,36.0,2.75,3.3,2.55,5.0,50.0,50.0,1.9,1.9,1.0,54,46,1.73,2.0,1.0,3,1,PREMATIPS
2025-08-28,18:30,Ludogorets , Shkendija 79,45.0,35.0,20.0,1.29,4.75,8.5,1.0,46.0,54.0,1.75,2.05,1.0,43,57,2.2,1.62,0.0,2,1,PREMATIPS
2025-08-28,18:30,PAOK , Rijeka,43.0,34.0,23.0,1.44,4.0,7.5,1.0,57.0,43.0,2.03,1.78,0.0,41,59,2.25,1.57,0.0,5,0,PREMATIPS
2025-08-28,18:30,Al,Gharafa,42.0,30.0,28.0,1.57,4.33,4.0,1.0,34.0,66.0,1.31,3.2,1.0,69,31,1.39,2.75,1.0,2,0,PREMATIPS
2025-08-28,19:00,AEK Athens , Anderlecht,38.0,32.0,30.0,1.95,3.6,3.6,4.0,54.0,46.0,1.9,1.9,0.0,51,49,1.8,1.91,1.0,2,0,PREMATIPS
2025-08-28,19:00,Arda Kardzhali , Rakow Czest.,29.0,33.0,38.0,4.1,3.5,1.83,6.0,60.0,40.0,2.3,1.6,0.0,46,54,2.1,1.67,0.0,1,2,PREMATIPS
2025-08-28,19:00,Banik Ostrava , Celje,39.0,31.0,30.0,1.87,3.78,3.6,1.0,42.0,58.0,1.58,2.25,1.0,59,41,1.54,2.31,1.0,0,2,PREMATIPS
2025-08-28,19:00,Brondby , Strasbourg,33.0,32.0,35.0,2.8,3.2,2.35,5.0,53.0,47.0,1.9,1.9,0.0,53,47,1.73,2.0,1.0,2,3,PREMATIPS
2025-08-28,19:00,Differdange , Drita,36.0,33.0,31.0,2.25,3.1,3.1,4.0,59.0,41.0,2.5,1.5,0.0,47,53,2.1,1.67,0.0,0,1,PREMATIPS
2025-08-28,19:00,Fiorentina , Polissya,46.0,35.0,19.0,1.21,6.36,10.81,1.0,34.0,66.0,1.41,2.71,1.0,48,52,1.88,1.81,0.0,3,2,PREMATIPS
2025-08-28,19:00,Rayo Vallecano , Neman Grodno,47.0,37.0,16.0,1.11,8.0,17.0,1.0,36.0,64.0,1.44,2.63,1.0,39,61,2.63,1.44,0.0,4,0,PREMATIPS
2025-08-28,19:00,Dynamo Kyiv , Maccabi Tel Aviv,37.0,31.0,32.0,2.15,3.4,2.9,5.0,50.0,50.0,1.88,1.93,1.0,54,46,1.73,2.0,1.0,1,0,PREMATIPS
2025-08-28,19:00,Genk , Lech Poznan,45.0,32.0,23.0,1.4,4.82,6.59,1.0,36.0,64.0,1.51,2.44,1.0,55,45,1.69,2.05,1.0,1,2,PREMATIPS
2025-08-28,19:00,Utrecht , Zrinjski Mostar,45.0,35.0,20.0,1.38,4.1,7.5,1.0,47.0,53.0,1.8,2.0,1.0,45,55,2.1,1.67,0.0,0,0,PREMATIPS
2025-08-28,19:00,Young Boys , Slovan Brat.,42.0,31.0,27.0,1.75,4.2,3.8,1.0,43.0,57.0,1.62,2.25,1.0,55,45,1.62,2.2,1.0,3,2,PREMATIPS
2025-08-28,19:00,Al, Neom SC,44.0,32.0,24.0,1.38,4.33,7.5,1.0,40.0,60.0,1.57,2.35,1.0,54,46,1.83,1.83,1.0,1,0,PREMATIPS
2025-08-28,19:00,Al,Kholood,39.0,31.0,30.0,1.9,3.6,3.6,1.0,82.0,18.0,1.73,2.08,0.0,18,82,1.67,2.1,0.0,2,1,PREMATIPS
2025-08-28,19:30,FC FCSB , Aberdeen,41.0,32.0,27.0,1.65,3.6,4.75,1.0,48.0,52.0,1.8,2.0,1.0,52,48,1.8,1.91,1.0,3,0,PREMATIPS
2025-08-28,19:45,Dinamo City , Jagiellonia,27.0,32.0,41.0,4.2,4.1,1.65,2.0,45.0,55.0,1.67,2.15,1.0,54,46,1.73,2.0,1.0,1,1,PREMATIPS
2025-08-28,19:45,Linfield , Shelbourne,37.0,31.0,32.0,2.1,3.2,3.2,5.0,58.0,42.0,2.25,1.62,0.0,48,52,2.0,1.73,0.0,0,2,PREMATIPS
2025-08-28,20:00,ABB La Paz , Always Ready,27.0,31.0,42.0,5.0,4.4,1.46,2.0,37.0,63.0,1.43,2.6,1.0,59,41,1.57,2.25,1.0,1,2,PREMATIPS
2025-08-28,20:00,Legia Warszawa , Hibernian,41.0,32.0,27.0,1.65,3.8,4.33,1.0,45.0,55.0,1.67,2.15,1.0,54,46,1.73,2.0,1.0,2,3,PREMATIPS
2025-08-28,20:00,Mainz 05 , Rosenborg,44.0,32.0,24.0,1.33,5.0,7.0,1.0,38.0,62.0,1.53,2.38,1.0,54,46,1.8,1.91,1.0,4,1,PREMATIPS
2025-08-28,20:00,Servette , Shakhtar Donetsk,27.0,31.0,42.0,4.76,3.96,1.63,2.0,43.0,57.0,1.61,2.21,1.0,56,44,1.63,2.15,1.0,1,1,PREMATIPS
2025-08-28,20:00,Shamrock Rovers , Santa Clara,28.0,34.0,38.0,3.8,3.2,1.95,6.0,63.0,37.0,2.5,1.5,0.0,43,57,2.25,1.57,0.0,0,0,PREMATIPS
2025-08-28,20:00,Virtus , Breidablik,22.0,33.0,45.0,7.0,4.75,1.33,2.0,37.0,63.0,1.5,2.5,1.0,52,48,1.8,1.91,1.0,1,3,PREMATIPS
2025-08-28,20:00,SC Braga , Lincoln Red Imps,48.0,37.0,15.0,1.09,10.0,26.0,1.0,26.0,74.0,1.29,3.5,1.0,40,60,2.38,1.53,0.0,5,1,PREMATIPS
2025-08-28,20:00,Sliema Wanderers , Tarxien Rainbows,41.0,34.0,25.0,1.69,3.5,5.07,1.0,51.0,49.0,1.87,1.83,0.0,50,50,1.86,1.86,1.0,-,-,PREMATIPS
2025-08-28,22:00,Alianza Valledupar , Santa Fe Bogota,33.0,34.0,33.0,2.45,2.79,3.05,0.0,63.0,37.0,2.46,1.47,0.0,45,55,2.04,1.68,0.0,1,1,PREMATIPS
2025-08-28,23:00,Mun. Limeno , Isidro Metapan,38.0,24.0,38.0,2.95,2.9,2.3,5.0,41.0,59.0,2.4,1.49,1.0,67,33,2.1,1.65,1.0,1,2,PREMATIPS
2025-08-28,23:30,Bahia BA , Fluminense RJ,38.0,34.0,28.0,2.05,2.98,3.74,4.0,62.0,38.0,2.52,1.48,0.0,44,56,2.14,1.63,0.0,1,0,PREMATIPS
2025-08-29,00:00,Quilmes , Alvarado,33.0,40.0,27.0,1.91,2.85,5.0,4.0,73.0,27.0,3.4,1.33,0.0,35,65,2.63,1.44,0.0,0,0,PREMATIPS
2025-08-29,00:00,Everton VM , Dep. La Serena,37.0,34.0,29.0,1.68,3.5,4.75,4.0,49.0,51.0,2.15,1.67,1.0,58,42,2.0,1.73,1.0,3,1,PREMATIPS
2025-08-29,01:15,Union Santa Fe , River Plate,27.0,34.0,39.0,3.75,3.0,1.9,6.0,62.0,38.0,2.3,1.53,0.0,43,57,2.05,1.66,0.0,0,0,PREMATIPS
2025-08-29,01:30,Dep. Pasto , Once Caldas,36.0,34.0,30.0,2.28,2.82,3.31,4.0,66.0,34.0,2.65,1.42,0.0,42,58,2.18,1.6,0.0,1,2,PREMATIPS
2025-08-29,01:35,Remo PA , Criciuma SC,35.0,36.0,29.0,2.85,2.7,2.7,4.0,69.0,31.0,2.88,1.4,0.0,52,48,2.2,1.62,1.0,0,1,PREMATIPS
2025-08-29,03:00,Herediano , Municipal,40.0,35.0,25.0,1.78,3.1,4.2,1.0,60.0,40.0,2.25,1.57,0.0,43,57,2.1,1.65,0.0,4,4,PREMATIPS
2025-08-29,09:30,Bhayangkara , Persis Solo,10.0,63.0,27.0,1.85,3.25,3.7,6.0,40.0,60.0,1.98,1.72,1.0,67,33,1.85,1.82,1.0,2,0,PREMATIPS
2025-08-29,09:30,PSBS Biak , Persik Kediri,34.0,32.0,34.0,3.1,3.1,2.1,0.0,40.0,60.0,2.05,1.66,1.0,79,21,1.85,1.82,1.0,1,2,PREMATIPS
2025-08-29,12:00,BS Dynamik , Aigle Noir,11.0,3.0,86.0,11.33,5.0,1.17,2.0,94.0,6.0,1.33,2.33,0.0,12,88,1.8,1.6,0.0,1,7,PREMATIPS
2025-08-29,12:00,Qingdao Hainiu , Henan,31.0,27.0,42.0,3.5,3.8,1.91,6.0,42.0,58.0,1.7,2.1,1.0,59,41,1.62,2.2,1.0,1,1,PREMATIPS
2025-08-29,13:00,BKMA , Van,39.0,37.0,24.0,2.55,3.3,2.3,4.0,79.0,21.0,1.87,1.82,0.0,32,68,1.75,1.95,0.0,0,0,PREMATIPS
2025-08-29,13:00,Dewa United , Persija Jakarta,38.0,32.0,30.0,1.93,3.4,3.2,4.0,40.0,60.0,1.68,2.05,1.0,56,44,1.61,2.15,1.0,1,3,PREMATIPS
2025-08-29,13:00,Iran , Afghanistan,49.0,33.0,18.0,1.02,19.2,41.0,1.0,10.0,90.0,1.04,9.23,1.0,51,49,2.03,1.72,1.0,3,1,PREMATIPS
2025-08-29,13:00,Uthai Thani , Ayutthaya Utd,38.0,32.0,30.0,1.93,3.3,3.25,4.0,30.0,70.0,1.82,1.87,1.0,91,9,1.72,1.98,1.0,1,4,PREMATIPS
2025-08-29,13:00,Livyi Bereh Kyiv , Prykarpattia,39.0,33.0,28.0,1.73,3.3,4.2,1.0,53.0,47.0,2.0,1.7,0.0,35,65,1.93,1.75,0.0,2,1,PREMATIPS
2025-08-29,13:00,UCSA Tarasivka , Chornomorets Od,28.0,32.0,40.0,4.4,3.4,1.66,2.0,64.0,36.0,2.05,1.68,0.0,24,76,2.0,1.7,0.0,0,1,PREMATIPS
2025-08-29,13:15,Sabah FA , Melaka FC,3.0,94.0,3.0,1.62,3.9,4.42,0.0,77.0,23.0,1.55,2.31,0.0,50,50,1.56,2.25,1.0,1,1,PREMATIPS
2025-08-29,13:30,SC Poltava , Zorya Luhansk,29.0,33.0,38.0,3.5,3.3,2.05,6.0,41.0,59.0,2.1,1.62,1.0,61,39,1.95,1.75,1.0,1,4,PREMATIPS
2025-08-29,14:00,Negeri Sembilan , Kuching City,31.0,29.0,40.0,3.1,3.6,1.93,2.0,27.0,73.0,1.55,2.25,1.0,50,50,1.53,2.3,1.0,2,2,PREMATIPS
2025-08-29,14:30,Naftan , Isloch Minsk,18.0,31.0,51.0,4.8,3.5,1.58,2.0,49.0,51.0,1.98,1.71,1.0,37,63,2.0,1.7,0.0,2,2,PREMATIPS
2025-08-29,14:45,Inter Star , Musongati,31.0,31.0,38.0,3.06,3.56,1.94,0.0,78.0,22.0,1.4,2.46,0.0,45,55,1.37,2.58,0.0,1,3,PREMATIPS
2025-08-29,15:00,Zhenis Astana , Tobol Kostanay,29.0,33.0,38.0,3.4,3.1,1.95,6.0,56.0,44.0,2.1,1.65,0.0,49,51,1.9,1.81,0.0,1,1,PREMATIPS
2025-08-29,15:30,Sumgayit , Shamakhi,45.0,44.0,11.0,1.92,3.06,3.72,1.0,52.0,48.0,2.2,1.57,0.0,54,46,1.94,1.72,1.0,1,1,PREMATIPS
2025-08-29,15:30,Montana , Dobrudzha,31.0,33.0,36.0,3.1,3.2,2.32,6.0,47.0,53.0,2.15,1.67,1.0,49,51,1.83,1.83,0.0,1,0,PREMATIPS
2025-08-29,15:30,Grobinas SC , FS Jelgava,35.0,27.0,38.0,2.6,3.25,2.3,5.0,60.0,40.0,1.88,1.8,0.0,47,53,1.75,1.95,0.0,3,2,PREMATIPS
2025-08-29,15:30,Metta , Liepaja,21.0,22.0,57.0,5.74,4.1,1.45,2.0,46.0,54.0,1.65,2.04,1.0,50,50,1.79,1.89,1.0,1,2,PREMATIPS
2025-08-29,16:00,Pyunik , Urartu,39.0,32.0,29.0,1.85,3.25,3.6,1.0,79.0,21.0,1.77,1.9,0.0,29,71,1.7,2.0,0.0,1,2,PREMATIPS
2025-08-29,16:00,Sudan , Senegal,31.0,33.0,36.0,3.1,2.8,2.25,6.0,58.0,42.0,2.6,1.48,0.0,48,52,2.1,1.67,0.0,1,1,PREMATIPS
2025-08-29,16:00,Arab Contractors , Cer. Cleopatra,27.0,35.0,38.0,3.5,3.0,1.95,6.0,91.0,9.0,2.25,1.57,0.0,11,89,2.0,1.7,0.0,0,1,PREMATIPS
2025-08-29,16:00,Rodina Moscow , Torpedo Moscow,32.0,47.0,21.0,2.57,2.85,2.88,4.0,65.0,35.0,2.89,1.33,0.0,50,50,2.35,1.52,0.0,3,0,PREMATIPS
2025-08-29,16:00,FC Kudrivka , Karpaty Lviv,45.0,44.0,11.0,2.8,3.5,2.3,4.0,41.0,59.0,1.95,1.75,1.0,72,28,1.8,1.87,1.0,2,2,PREMATIPS
2025-08-29,16:30,Gomel , FC Minsk,23.0,19.0,58.0,2.2,3.05,3.06,2.0,51.0,49.0,2.32,1.53,0.0,45,55,2.02,1.71,0.0,1,1,PREMATIPS
2025-08-29,16:30,JaPS Jarvenpaa , Ekenas,28.0,31.0,41.0,3.02,3.72,1.94,6.0,43.0,57.0,1.39,2.77,1.0,64,36,1.36,2.79,1.0,0,0,PREMATIPS
2025-08-29,16:30,PK, JIPPO Joensuu,31.0,47.0,22.0,2.55,3.2,2.35,4.0,48.0,52.0,1.75,1.91,1.0,72,28,1.6,2.16,1.0,0,2,PREMATIPS
2025-08-29,16:30,Tajikistan , India,42.0,31.0,27.0,1.55,4.23,5.13,1.0,46.0,54.0,1.66,2.06,1.0,52,48,1.76,1.95,1.0,1,2,PREMATIPS
2025-08-29,16:30,Al,Salal,30.0,41.0,29.0,1.65,4.1,3.7,4.0,36.0,64.0,1.39,2.75,1.0,66,34,1.46,2.5,1.0,3,2,PREMATIPS
2025-08-29,16:30,Aluminij , FC Koper,32.0,23.0,45.0,3.2,3.5,2.0,6.0,27.0,73.0,1.66,2.05,1.0,70,30,1.6,2.15,1.0,1,0,PREMATIPS
2025-08-29,16:50,Al,Riyadh,48.0,34.0,18.0,1.13,9.0,13.0,1.0,89.0,11.0,1.22,4.0,0.0,22,78,1.83,1.83,0.0,2,0,PREMATIPS
2025-08-29,17:00,Olympique Akbou , MC Oran,39.0,34.0,27.0,1.88,3.0,3.9,1.0,56.0,44.0,2.55,1.44,0.0,50,50,2.25,1.55,0.0,1,0,PREMATIPS
2025-08-29,17:00,First Vienna , A. Lustenau,44.0,27.0,29.0,2.5,3.25,2.55,4.0,41.0,59.0,1.9,1.8,1.0,43,57,1.73,1.98,0.0,1,1,PREMATIPS
2025-08-29,17:00,Hertha Wels , Austria Wien II,35.0,7.0,58.0,2.25,3.4,2.8,2.0,58.0,42.0,1.82,1.87,0.0,43,57,1.58,2.2,0.0,0,1,PREMATIPS
2025-08-29,17:00,Pirin Blagoevgrad , CSKA Sofia II,58.0,8.0,34.0,1.67,3.24,4.34,1.0,69.0,31.0,2.22,1.5,0.0,45,55,2.12,1.61,0.0,2,1,PREMATIPS
2025-08-29,17:00,Akritas Chloraka , Enosis Paralimni,34.0,33.0,33.0,2.45,3.1,2.55,0.0,87.0,13.0,2.1,1.65,0.0,13,87,1.87,1.82,0.0,1,0,PREMATIPS
2025-08-29,17:00,Aarhus Fremad , AAB Aalborg,30.0,32.0,38.0,2.25,3.7,2.52,6.0,57.0,43.0,1.6,2.3,0.0,45,55,1.53,2.38,0.0,5,1,PREMATIPS
2025-08-29,17:00,Dinamo Tbilisi , Gareji Sagarejo,49.0,28.0,23.0,1.42,4.2,6.0,1.0,60.0,40.0,1.8,1.88,0.0,52,48,2.05,1.68,1.0,0,0,PREMATIPS
2025-08-29,17:00,Samgurali , Iberia 1999,22.0,32.0,46.0,4.0,3.2,1.8,6.0,58.0,42.0,2.2,1.58,0.0,44,56,2.05,1.66,0.0,0,1,PREMATIPS
2025-08-29,17:00,Arka Gdynia , Wisla Plock,14.0,42.0,44.0,2.55,3.2,2.55,6.0,60.0,40.0,2.05,1.75,0.0,52,48,1.8,1.95,1.0,1,0,PREMATIPS
2025-08-29,17:00,Slask Wroclaw , GKS Tychy,39.0,31.0,30.0,1.89,3.53,3.39,1.0,31.0,69.0,1.64,2.09,1.0,72,28,1.58,2.2,1.0,2,1,PREMATIPS
2025-08-29,17:00,Pohronie , Slavia TU Kosice,49.0,38.0,13.0,1.57,4.33,4.0,1.0,56.0,44.0,1.44,2.55,0.0,70,30,1.53,2.3,1.0,4,1,PREMATIPS
2025-08-29,17:00,Vanspor , Bandirmaspor,58.0,13.0,29.0,2.7,3.3,2.35,1.0,60.0,40.0,2.15,1.67,0.0,43,57,1.83,1.83,0.0,1,2,PREMATIPS
2025-08-29,17:30,Neftchi Baku , Turan Tovuz,24.0,49.0,27.0,2.43,2.88,2.78,6.0,69.0,31.0,2.28,1.54,0.0,54,46,1.91,1.76,1.0,0,1,PREMATIPS
2025-08-29,17:30,FCI Levadia , Narva Trans,50.0,15.0,35.0,1.38,4.2,6.5,1.0,33.0,67.0,1.68,2.05,1.0,53,47,1.93,1.75,1.0,3,1,PREMATIPS
2025-08-29,17:30,Hertha Berlin , Elversberg,18.0,43.0,39.0,2.2,3.4,3.2,6.0,61.0,39.0,1.67,2.15,0.0,40,60,1.53,2.38,0.0,0,2,PREMATIPS
2025-08-29,17:30,Nurnberg , Paderborn,31.0,31.0,38.0,3.0,3.7,2.15,0.0,50.0,50.0,1.7,2.1,1.0,62,38,1.62,2.2,1.0,0,0,PREMATIPS
2025-08-29,17:30,Cremonese , Sassuolo,36.0,32.0,32.0,2.35,3.2,3.0,0.0,60.0,40.0,2.1,1.73,0.0,46,54,1.8,1.95,0.0,3,2,PREMATIPS
2025-08-29,17:45,Botev Vratsa , Cherno more,19.0,57.0,24.0,4.75,3.4,1.76,6.0,63.0,37.0,2.6,1.48,0.0,49,51,2.38,1.53,0.0,1,0,PREMATIPS
2025-08-29,18:00,Apollon Limassol , Krasava Ypsonas,44.0,34.0,22.0,1.42,3.8,6.75,1.0,20.0,80.0,2.05,1.68,1.0,80,20,2.3,1.55,1.0,0,3,PREMATIPS
2025-08-29,18:00,Vejle , Viborg,65.0,15.0,20.0,2.57,3.4,2.57,1.0,55.0,45.0,1.95,1.85,0.0,46,54,1.75,2.0,0.0,1,2,PREMATIPS
2025-08-29,18:00,Hvidovre , Hobro,29.0,49.0,22.0,2.01,3.5,3.4,4.0,62.0,38.0,1.88,1.93,0.0,45,55,1.73,2.0,0.0,1,1,PREMATIPS
2025-08-29,18:00,Kolding , Hillerod,47.0,8.0,45.0,1.91,3.6,3.6,1.0,38.0,62.0,1.75,2.05,1.0,64,36,1.67,2.1,1.0,0,0,PREMATIPS
2025-08-29,18:00,Dinamo Batumi , Torpedo Kutaisi,38.0,23.0,39.0,2.65,3.1,2.35,5.0,64.0,36.0,2.1,1.63,0.0,47,53,1.88,1.8,0.0,2,2,PREMATIPS
2025-08-29,18:00,Viktoria Koln , Jahn Regensburg,35.0,31.0,34.0,2.5,3.4,2.6,5.0,50.0,50.0,1.83,1.98,1.0,42,58,1.67,2.1,0.0,1,0,PREMATIPS
2025-08-29,18:00,Uniao Leiria , Torreense,36.0,33.0,31.0,2.3,3.3,3.1,4.0,55.0,45.0,2.2,1.65,0.0,38,62,1.83,1.83,0.0,1,0,PREMATIPS
2025-08-29,18:15,Real Madrid B , Lugo,37.0,33.0,30.0,2.05,3.0,3.4,4.0,58.0,42.0,2.25,1.62,0.0,48,52,1.91,1.8,0.0,2,1,PREMATIPS
2025-08-29,18:30,Vitebsk , FC Molodechno,77.0,17.0,6.0,1.32,4.5,7.75,1.0,41.0,59.0,1.85,1.83,1.0,45,55,2.2,1.58,0.0,0,1,PREMATIPS
2025-08-29,18:30,Mutilvera , Izarra,39.0,31.0,30.0,1.82,3.47,3.64,1.0,53.0,47.0,1.95,1.75,0.0,49,51,1.85,1.82,0.0,3,3,PREMATIPS
2025-08-29,18:30,Aubagne Air Bel , Concarneau,32.0,27.0,41.0,2.65,3.1,2.37,6.0,50.0,50.0,2.1,1.63,0.0,33,67,1.88,1.8,0.0,1,1,PREMATIPS
2025-08-29,18:30,Chateauroux , Orleans,31.0,32.0,37.0,3.1,3.1,2.1,6.0,28.0,72.0,2.05,1.66,1.0,61,39,1.88,1.8,1.0,0,1,PREMATIPS
2025-08-29,18:30,Dijon , Paris 13 Atl.,28.0,45.0,27.0,1.58,3.4,5.0,4.0,62.0,38.0,2.2,1.6,0.0,50,50,2.2,1.58,0.0,4,2,PREMATIPS
2025-08-29,18:30,Fleury 91 , Caen,35.0,33.0,32.0,2.45,3.0,2.6,4.0,62.0,38.0,2.2,1.58,0.0,38,62,1.93,1.77,0.0,1,2,PREMATIPS
2025-08-29,18:30,Le Puy Foot 43 , Bourg Peronnas,22.0,64.0,14.0,2.1,3.0,3.2,4.0,45.0,55.0,2.3,1.53,1.0,55,45,2.05,1.68,1.0,1,1,PREMATIPS
2025-08-29,18:30,Sochaux , Stade Briochin,89.0,8.0,3.0,1.63,3.4,4.75,1.0,50.0,50.0,2.15,1.61,0.0,38,62,2.15,1.62,0.0,2,0,PREMATIPS
2025-08-29,18:30,Valenciennes , Rouen,37.0,33.0,30.0,2.15,3.0,3.1,4.0,50.0,50.0,2.25,1.55,0.0,61,39,2.0,1.7,1.0,2,3,PREMATIPS
2025-08-29,18:30,Versailles 78 , Villefranche,39.0,33.0,28.0,1.87,3.1,3.8,1.0,50.0,50.0,2.25,1.55,0.0,50,50,2.05,1.66,0.0,-,-,PREMATIPS
2025-08-29,18:30,EB Streymur , NSI Runavik,22.0,23.0,55.0,13.0,7.25,1.14,2.0,28.0,72.0,1.24,3.6,1.0,62,38,1.72,1.98,1.0,1,3,PREMATIPS
2025-08-29,18:30,Al,Wakrah SC,32.0,31.0,37.0,2.85,3.6,2.0,5.0,70.0,30.0,1.55,2.3,0.0,50,50,1.52,2.35,1.0,0,1,PREMATIPS
2025-08-29,18:30,Rapid Bucuresti , UTA Arad,22.0,60.0,18.0,1.53,3.9,5.25,4.0,54.0,46.0,1.73,2.08,0.0,74,26,1.8,1.91,1.0,2,0,PREMATIPS
2025-08-29,18:30,Siwelele , Richards Bay,35.0,35.0,30.0,2.4,2.7,3.2,4.0,78.0,22.0,3.1,1.32,0.0,26,74,2.45,1.47,0.0,0,0,PREMATIPS
2025-08-29,18:30,Elche , Levante,37.0,33.0,30.0,2.15,3.25,3.5,4.0,51.0,49.0,2.2,1.67,0.0,85,15,1.95,1.8,1.0,2,0,PREMATIPS
2025-08-29,18:30,Real Sociedad B , Almeria,26.0,33.0,41.0,4.5,3.7,1.71,2.0,69.0,31.0,1.9,1.9,0.0,34,66,1.8,1.91,0.0,2,2,PREMATIPS
2025-08-29,18:30,Stade Nyonnais , Bellinzona,33.0,31.0,36.0,2.6,3.3,2.3,5.0,48.0,52.0,1.75,1.93,1.0,52,48,1.65,2.1,1.0,3,1,PREMATIPS
2025-08-29,19:00,ES Setif , JS Saoura,40.0,35.0,25.0,1.77,3.1,4.4,1.0,56.0,44.0,2.5,1.46,0.0,83,17,2.3,1.53,1.0,1,1,PREMATIPS
2025-08-29,19:00,Beveren , Jong KAA Gent,44.0,33.0,23.0,1.38,4.5,5.5,1.0,75.0,25.0,1.67,2.15,0.0,37,63,1.91,1.8,0.0,3,0,PREMATIPS
2025-08-29,19:00,Kortrijk , Francs Borains,44.0,32.0,24.0,1.42,4.28,6.08,1.0,64.0,36.0,1.68,2.04,0.0,37,63,1.86,1.82,0.0,2,0,PREMATIPS
2025-08-29,19:00,Istra 1961 , HNK Gorica,10.0,65.0,25.0,1.73,3.5,4.33,6.0,42.0,58.0,2.08,1.73,1.0,65,35,1.91,1.8,1.0,1,0,PREMATIPS
2025-08-29,19:00,Al Ittihad , Enppi,34.0,36.0,30.0,2.7,2.55,2.75,4.0,75.0,25.0,3.2,1.3,0.0,28,72,2.5,1.46,0.0,0,3,PREMATIPS
2025-08-29,19:00,National Bank , El Gaish,15.0,68.0,17.0,1.87,2.87,4.2,6.0,83.0,17.0,2.7,1.4,0.0,28,72,2.37,1.51,0.0,0,0,PREMATIPS
2025-08-29,19:00,Dunkerque , Troyes,33.0,32.0,35.0,3.1,3.1,2.2,5.0,41.0,59.0,2.15,1.67,1.0,62,38,1.83,1.83,1.0,2,0,PREMATIPS
2025-08-29,19:00,Laval , Clermont Foot,38.0,32.0,30.0,2.0,3.25,3.5,4.0,52.0,48.0,2.05,1.75,0.0,73,27,1.83,1.83,1.0,0,0,PREMATIPS
2025-08-29,19:00,Montpellier , Amiens,26.0,47.0,27.0,1.53,4.1,5.25,6.0,52.0,48.0,1.85,1.95,0.0,62,38,1.91,1.8,1.0,1,1,PREMATIPS
2025-08-29,19:00,Nancy , Pau,39.0,32.0,29.0,1.91,3.2,3.75,1.0,74.0,26.0,2.15,1.67,0.0,40,60,2.0,1.73,0.0,2,2,PREMATIPS
2025-08-29,19:00,Red Star Paris , Annecy,50.0,13.0,37.0,1.8,3.3,4.2,1.0,52.0,48.0,2.15,1.67,0.0,51,49,2.0,1.73,1.0,1,0,PREMATIPS
2025-08-29,19:00,Rodez AF , Boulogne,40.0,33.0,27.0,1.76,3.49,4.41,1.0,74.0,26.0,1.97,1.77,0.0,29,71,1.86,1.83,0.0,1,0,PREMATIPS
2025-08-29,19:00,Paks , Kazincbarcikai,40.0,56.0,4.0,1.44,4.75,6.0,4.0,8.0,92.0,1.44,2.7,1.0,86,14,1.62,2.2,1.0,3,0,PREMATIPS
2025-08-29,19:00,Fjolnir , Throttur,21.0,25.0,54.0,3.6,4.1,1.66,2.0,27.0,73.0,1.3,3.25,1.0,78,22,1.34,2.95,1.0,1,2,PREMATIPS
2025-08-29,19:00,IR Reykjavik , Keflavik,43.0,22.0,35.0,2.1,3.6,2.7,4.0,37.0,63.0,1.47,2.45,1.0,64,36,1.44,2.55,1.0,4,2,PREMATIPS
2025-08-29,19:00,Njardvik , Leiknir R.,52.0,29.0,19.0,1.36,4.75,6.25,1.0,41.0,59.0,1.39,2.75,1.0,71,29,1.6,2.2,1.0,3,1,PREMATIPS
2025-08-29,19:00,Groningen , Heracles,41.0,32.0,27.0,1.67,3.8,4.75,1.0,21.0,79.0,1.8,2.0,1.0,64,36,1.8,1.95,1.0,4,0,PREMATIPS
2025-08-29,19:00,ADO Den Haag , Helmond Sport,43.0,32.0,25.0,1.46,4.33,5.5,1.0,40.0,60.0,1.57,2.35,1.0,71,29,1.67,2.1,1.0,2,0,PREMATIPS
2025-08-29,19:00,Emmen , Den Bosch,37.0,31.0,32.0,2.5,3.4,2.57,5.0,46.0,54.0,1.7,2.1,1.0,54,46,1.57,2.25,1.0,3,1,PREMATIPS
2025-08-29,19:00,Jong Ajax , MVV Maastricht,64.0,5.0,29.0,1.86,3.6,3.75,1.0,51.0,49.0,1.6,2.3,0.0,38,62,1.53,2.38,0.0,0,0,PREMATIPS
2025-08-29,19:00,Jong PSV , Jong AZ,37.0,28.0,35.0,2.25,4.0,2.57,5.0,40.0,60.0,1.4,2.88,1.0,60,40,1.36,3.0,1.0,1,0,PREMATIPS
2025-08-29,19:00,Roda Kerkrade , FC Eindhoven,40.0,31.0,29.0,1.81,3.7,3.9,1.0,62.0,38.0,1.67,2.15,0.0,38,62,1.62,2.2,0.0,0,0,PREMATIPS
2025-08-29,19:00,TOP Oss , Dordrecht,31.0,31.0,38.0,3.0,3.7,2.1,2.0,51.0,49.0,1.6,2.3,0.0,38,62,1.53,2.38,0.0,0,3,PREMATIPS
2025-08-29,19:00,Willem II , Jong Utrecht,44.0,33.0,23.0,1.37,5.0,6.5,1.0,51.0,49.0,1.53,2.4,0.0,49,51,1.8,1.91,0.0,2,1,PREMATIPS
2025-08-29,19:00,Al,Khaleej,43.0,31.0,26.0,1.6,3.9,5.25,1.0,89.0,11.0,1.44,2.63,0.0,22,78,1.53,2.38,0.0,1,4,PREMATIPS
2025-08-29,19:00,Al,Nassr Riyadh,23.0,32.0,45.0,7.0,5.0,1.36,2.0,89.0,11.0,1.44,2.63,0.0,22,78,1.67,2.1,0.0,0,5,PREMATIPS
2025-08-29,19:15,Rapperswil, Aarau,35.0,4.0,61.0,3.1,3.5,1.95,2.0,42.0,58.0,1.62,2.15,1.0,45,55,1.57,2.25,0.0,0,1,PREMATIPS
2025-08-29,19:30,A. Klagenfurt , Admira Wacker,29.0,27.0,44.0,3.3,3.25,2.05,6.0,49.0,51.0,2.0,1.68,1.0,60,40,1.85,1.82,1.0,0,4,PREMATIPS
2025-08-29,19:30,Hamburger , Sankt Pauli,36.0,32.0,32.0,2.38,3.3,3.0,0.0,41.0,59.0,2.0,1.8,1.0,55,45,1.8,1.95,1.0,0,2,PREMATIPS
2025-08-29,19:30,Reggiana 1919 , Empoli,30.0,33.0,37.0,3.5,3.1,2.1,6.0,20.0,80.0,2.5,1.5,1.0,86,14,2.05,1.7,1.0,3,1,PREMATIPS
2025-08-29,19:30,GKS Katowice , Radomiak Radom,36.0,31.0,33.0,2.25,3.4,2.75,5.0,32.0,68.0,1.85,1.95,1.0,63,37,1.7,2.05,1.0,3,2,PREMATIPS
2025-08-29,19:30,Miedz Legnica , Wisla Krakow,26.0,6.0,68.0,4.5,4.0,1.6,2.0,12.0,88.0,1.53,2.4,1.0,60,40,1.62,2.2,1.0,2,0,PREMATIPS
2025-08-29,19:30,Goztepe , Konyaspor,40.0,32.0,28.0,1.81,3.5,4.2,1.0,37.0,63.0,1.95,1.85,1.0,29,71,1.83,1.83,0.0,1,1,PREMATIPS
2025-08-29,19:30,Sariyer SK , Erzurumspor,34.0,32.0,34.0,2.5,3.0,2.6,0.0,38.0,62.0,2.15,1.67,1.0,76,24,1.83,1.83,1.0,0,2,PREMATIPS
2025-08-29,19:45,Cercle Brugge , Saint Truiden,37.0,31.0,32.0,2.15,3.4,3.0,5.0,59.0,41.0,1.75,2.05,0.0,45,55,1.67,2.1,0.0,1,1,PREMATIPS
2025-08-29,19:45,Salford City , Cheltenham Town,89.0,5.0,3.0,1.66,3.8,4.75,1.0,52.0,48.0,1.8,2.0,0.0,44,56,1.73,2.0,0.0,1,1,PREMATIPS
2025-08-29,19:45,Lens , Brest,39.0,32.0,29.0,1.95,3.75,3.7,1.0,54.0,46.0,1.88,1.98,0.0,42,58,1.8,1.95,0.0,3,1,PREMATIPS
2025-08-29,19:45,Cork City , Waterford,23.0,31.0,46.0,2.46,3.26,2.63,6.0,48.0,52.0,1.83,1.84,1.0,58,42,1.67,2.06,1.0,2,0,PREMATIPS
2025-08-29,19:45,Derry City , St Patrick's,47.0,23.0,30.0,2.75,3.0,2.75,1.0,56.0,44.0,2.3,1.6,0.0,44,56,1.95,1.8,0.0,2,2,PREMATIPS
2025-08-29,19:45,Athlone Town , Cobh Ramblers,12.0,32.0,56.0,4.8,3.9,1.53,2.0,47.0,53.0,1.65,2.1,1.0,50,50,1.73,1.95,1.0,0,3,PREMATIPS
2025-08-29,19:45,Dundalk , Kerry,54.0,28.0,18.0,1.24,5.25,9.5,1.0,53.0,47.0,1.62,2.15,0.0,43,57,2.15,1.6,0.0,3,3,PREMATIPS
2025-08-29,19:45,Finn Harps , Treaty United,33.0,34.0,33.0,2.4,3.1,2.55,0.0,52.0,48.0,1.93,1.75,0.0,52,48,1.75,1.93,1.0,1,0,PREMATIPS
2025-08-29,19:45,UC Dublin , Bray Wanderers,36.0,24.0,40.0,2.1,3.3,2.9,5.0,51.0,49.0,1.75,1.93,0.0,47,53,1.65,2.1,0.0,3,2,PREMATIPS
2025-08-29,19:45,Lecce , Milan,23.0,34.0,43.0,6.0,3.8,1.6,2.0,60.0,40.0,2.1,1.73,0.0,46,54,2.0,1.75,0.0,0,2,PREMATIPS
2025-08-29,19:45,Larne , Ballymena Utd,43.0,6.0,51.0,1.88,3.2,4.0,2.0,66.0,34.0,1.98,1.73,0.0,20,80,1.83,1.85,0.0,2,0,PREMATIPS
2025-08-29,19:45,Portadown , Crusaders,45.0,5.0,48.0,2.2,3.5,2.8,5.0,49.0,51.0,1.83,1.85,1.0,40,60,1.72,1.98,0.0,2,1,PREMATIPS
2025-08-29,20:00,FK Sarajevo , Rudar Prijedor,26.0,50.0,24.0,1.12,7.25,15.5,4.0,40.0,60.0,1.49,2.4,1.0,63,37,2.55,1.44,1.0,1,0,PREMATIPS
2025-08-29,20:00,Septemvri Sofia , Lokomotiv Sofia,17.0,35.0,48.0,4.2,3.2,1.91,6.0,52.0,48.0,2.15,1.67,0.0,49,51,1.91,1.8,0.0,1,0,PREMATIPS
2025-08-29,20:00,Leicester City , Birmingham City,35.0,32.0,33.0,2.3,3.25,2.65,5.0,50.0,50.0,2.1,1.73,0.0,64,36,1.83,1.83,1.0,2,0,PREMATIPS
2025-08-29,20:00,Cittadella , Alcione Milano,42.0,34.0,24.0,1.6,3.4,5.0,1.0,84.0,16.0,2.2,1.6,0.0,53,47,2.2,1.58,1.0,1,0,PREMATIPS
2025-08-29,20:00,Pro Vercelli , Albinoleffe,35.0,34.0,31.0,2.3,2.9,2.87,4.0,17.0,83.0,2.5,1.46,1.0,86,14,2.15,1.62,1.0,2,1,PREMATIPS
2025-08-29,20:00,Pontedera , Arezzo,31.0,33.0,36.0,3.1,2.95,2.15,6.0,95.0,5.0,2.15,1.61,0.0,10,90,1.9,1.78,0.0,0,3,PREMATIPS
2025-08-29,20:00,Vis Pesaro 1898 , Rimini,43.0,35.0,22.0,1.49,3.6,6.0,1.0,95.0,5.0,2.4,1.49,0.0,43,57,2.6,1.43,0.0,0,0,PREMATIPS
2025-08-29,20:00,Atalanta U23 , Casarano,39.0,32.0,29.0,1.85,3.25,3.6,1.0,80.0,20.0,1.9,1.78,0.0,16,84,1.8,1.88,0.0,6,2,PREMATIPS
2025-08-29,20:00,Atl. Tembetary , Sp. Trinidense,9.0,31.0,60.0,3.5,3.6,1.95,2.0,60.0,40.0,2.15,1.67,0.0,49,51,1.91,1.8,0.0,3,0,PREMATIPS
2025-08-29,20:00,Cukaricki , OFK Belgrade,47.0,20.0,33.0,1.85,3.3,3.6,1.0,40.0,60.0,1.75,1.93,1.0,75,25,1.73,1.98,1.0,1,3,PREMATIPS
2025-08-29,20:15,HK Kopavogur , Fylkir,48.0,28.0,24.0,2.75,3.5,2.1,1.0,30.0,70.0,1.49,2.4,1.0,69,31,1.46,2.5,1.0,0,2,PREMATIPS
2025-08-29,20:15,Gil Vicente , Moreirense,35.0,34.0,31.0,2.57,2.75,3.1,4.0,71.0,29.0,3.4,1.33,0.0,23,77,2.5,1.5,0.0,2,0,PREMATIPS
2025-08-29,20:15,Libertas , SM Academy,36.0,30.0,34.0,2.2,3.6,2.6,5.0,82.0,18.0,1.65,2.05,0.0,15,85,1.57,2.25,0.0,1,1,PREMATIPS
2025-08-29,20:15,Murata , Faetano,40.0,33.0,27.0,1.72,3.5,4.0,1.0,82.0,18.0,1.83,1.85,0.0,15,85,1.8,1.91,0.0,0,2,PREMATIPS
2025-08-29,20:15,San Giovanni , Juvenes/Dogana,37.0,32.0,31.0,2.4,3.2,2.55,4.0,82.0,18.0,2.05,1.68,0.0,15,85,1.82,1.83,0.0,0,0,PREMATIPS
2025-08-29,20:15,Tre Penne , Fiorentino,42.0,32.0,26.0,1.58,3.6,4.75,1.0,82.0,18.0,1.95,1.75,0.0,15,85,1.94,1.75,0.0,2,0,PREMATIPS
2025-08-29,20:30,Valencia , Getafe,37.0,35.0,28.0,2.35,2.88,3.6,4.0,68.0,32.0,3.0,1.4,0.0,52,48,2.25,1.57,1.0,3,0,PREMATIPS
2025-08-29,20:30,Sporting Gijon , Leonesa,91.0,4.0,3.0,1.57,3.6,6.0,1.0,52.0,48.0,2.1,1.7,0.0,51,49,2.1,1.67,1.0,1,0,PREMATIPS
2025-08-29,20:30,Gimnastic , Algeciras,40.0,34.0,26.0,1.7,3.4,4.5,1.0,58.0,42.0,2.2,1.65,0.0,45,55,2.1,1.67,0.0,2,1,PREMATIPS
2025-08-29,22:30,Sp. Ameliano , Nacional As.,15.0,32.0,53.0,3.9,3.0,2.1,2.0,64.0,36.0,2.6,1.48,0.0,49,51,2.2,1.62,0.0,3,0,PREMATIPS
2025-08-29,23:00,Banfield , Tigre Victoria,32.0,33.0,35.0,2.65,2.7,3.1,6.0,49.0,51.0,3.4,1.33,1.0,58,42,2.5,1.5,1.0,1,0,PREMATIPS
2025-08-29,23:00,Newells Old Boys , Barracas Central,22.0,42.0,36.0,2.1,3.2,3.7,6.0,60.0,40.0,2.88,1.4,0.0,58,42,2.25,1.57,1.0,1,2,PREMATIPS
2025-08-29,23:00,Operario PR , Coritiba PR,27.0,31.0,42.0,2.3,2.75,3.6,6.0,63.0,37.0,3.4,1.33,0.0,41,59,2.5,1.5,0.0,1,0,PREMATIPS
2025-08-30,00:00,Union La Calera , Palestino,25.0,33.0,42.0,3.2,3.2,2.2,6.0,65.0,35.0,2.25,1.62,0.0,42,58,1.91,1.8,0.0,1,2,PREMATIPS
2025-08-30,00:00,J. Barranquilla , Llaneros FC,43.0,34.0,23.0,1.57,3.4,7.5,1.0,47.0,53.0,2.6,1.48,1.0,51,49,2.63,1.44,1.0,4,0,PREMATIPS
2025-08-30,00:00,Tapatio , Atlante,64.0,10.0,26.0,3.25,3.4,1.9,1.0,43.0,57.0,1.7,2.0,1.0,65,35,1.65,2.1,1.0,3,0,PREMATIPS
2025-08-30,01:00,Vinotinto , El Nacional,32.0,25.0,43.0,2.7,3.2,2.5,6.0,52.0,48.0,2.15,1.67,0.0,51,49,1.83,1.83,1.0,0,1,PREMATIPS
2025-08-30,01:15,Instituto ACC , Independiente,39.0,35.0,26.0,3.1,2.85,2.5,4.0,57.0,43.0,2.88,1.4,0.0,39,61,2.25,1.57,0.0,0,0,PREMATIPS
2025-08-30,02:00,Atl. San Luis , Dep. Toluca,34.0,6.0,60.0,3.9,4.0,1.79,2.0,48.0,52.0,1.65,2.2,1.0,58,42,1.62,2.2,1.0,1,3,PREMATIPS
2025-08-30,02:00,Juarez , Mazatlan,43.0,35.0,22.0,1.76,3.6,4.5,1.0,48.0,52.0,2.0,1.8,1.0,63,37,1.91,1.91,1.0,1,0,PREMATIPS
2025-08-30,02:00,Correcaminos , Tepatitlan,19.0,48.0,33.0,3.1,3.3,1.98,6.0,56.0,44.0,1.75,1.95,0.0,59,41,1.66,2.05,1.0,1,4,PREMATIPS
2025-08-30,02:10,Aguilas Doradas , Millonarios,60.0,23.0,17.0,3.1,2.88,2.5,1.0,49.0,51.0,2.5,1.5,1.0,49,51,2.1,1.67,0.0,1,2,PREMATIPS
2025-08-30,03:00,Sp. San Jose , Guadalupe FC,30.0,22.0,48.0,1.7,3.5,4.33,6.0,49.0,51.0,2.05,1.75,1.0,40,60,2.0,1.73,0.0,2,0,PREMATIPS
2025-08-30,04:00,Atletico La Paz , Dorados Sinaloa,41.0,30.0,29.0,1.7,3.8,3.7,1.0,48.0,52.0,1.49,2.4,1.0,42,58,1.52,2.35,0.0,3,1,PREMATIPS
2025-08-30,04:05,Puebla , Monterrey,29.0,32.0,39.0,3.9,3.8,1.86,2.0,37.0,63.0,1.8,2.0,1.0,47,53,1.7,2.05,0.0,2,4,PREMATIPS
2025-08-30,06:00,Consadole Sap. , Omiya Ardija,33.0,23.0,44.0,2.65,3.5,2.32,6.0,50.0,50.0,1.7,2.1,1.0,51,49,1.57,2.25,1.0,1,0,PREMATIPS
2025-08-30,08:00,SKA, KAMAZ,26.0,32.0,42.0,2.12,3.12,3.48,6.0,48.0,52.0,2.5,1.5,1.0,72,28,2.14,1.63,1.0,1,1,PREMATIPS
2025-08-30,09:30,Persijap Jepara , Arema Malang,31.0,33.0,36.0,3.0,2.9,2.25,6.0,39.0,61.0,2.3,1.53,1.0,90,10,2.0,1.7,1.0,0,0,PREMATIPS
2025-08-30,10:00,Yokohama FC , Tokyo Verdy,33.0,28.0,39.0,3.0,2.85,2.57,6.0,64.0,36.0,3.1,1.36,0.0,33,67,2.25,1.57,0.0,0,0,PREMATIPS
2025-08-30,10:00,Mito HollyHock , Renofa Yamaguchi,51.0,34.0,15.0,1.72,3.4,4.33,1.0,55.0,45.0,2.25,1.62,0.0,51,49,2.1,1.67,1.0,2,2,PREMATIPS
2025-08-30,10:30,Kataller Toyama , Roasso Kumamoto,35.0,25.0,40.0,2.82,3.25,2.35,5.0,54.0,46.0,2.03,1.78,0.0,48,52,1.8,1.91,0.0,0,1,PREMATIPS
2025-08-30,11:00,Valladolid B , Navalcarnero,35.0,31.0,34.0,2.4,3.26,2.57,5.0,51.0,49.0,1.85,1.83,0.0,54,46,1.67,2.03,1.0,1,2,PREMATIPS
2025-08-30,11:00,Kyoto Sanga , Fagiano Okayama,43.0,25.0,32.0,1.82,3.4,4.0,1.0,56.0,44.0,2.2,1.65,0.0,49,51,1.95,1.8,0.0,5,0,PREMATIPS
2025-08-30,11:00,Vissel Kobe , Yokohama F M.,57.0,19.0,24.0,1.51,4.1,5.5,1.0,57.0,43.0,1.75,2.05,0.0,43,57,1.91,1.91,0.0,1,0,PREMATIPS
2025-08-30,11:00,Imabari , Iwaki FC,37.0,37.0,26.0,2.1,3.4,3.1,4.0,56.0,44.0,2.1,1.7,0.0,53,47,1.83,1.83,1.0,0,2,PREMATIPS
2025-08-30,11:00,JEF Utd Chiba , Ventforet Kofu,41.0,28.0,31.0,2.01,3.25,3.6,4.0,62.0,38.0,2.25,1.62,0.0,42,58,1.91,1.8,0.0,2,1,PREMATIPS
2025-08-30,11:00,M. Yamagata , Sagan Tosu,32.0,20.0,48.0,2.55,3.2,2.65,6.0,54.0,46.0,2.05,1.75,0.0,50,50,1.8,1.91,1.0,3,2,PREMATIPS
2025-08-30,11:00,Tokushima Vortis , Blaublitz Akita,50.0,21.0,29.0,2.05,3.1,3.6,1.0,64.0,36.0,2.5,1.5,0.0,46,54,2.1,1.67,0.0,1,1,PREMATIPS
2025-08-30,11:00,Penafiel , Chaves,31.0,33.0,36.0,3.25,3.25,2.25,6.0,55.0,45.0,2.08,1.73,0.0,71,29,1.83,1.83,1.0,0,2,PREMATIPS
2025-08-30,11:00,Trofense , Varzim,36.0,32.0,32.0,2.25,3.25,2.8,5.0,56.0,44.0,2.15,1.67,0.0,50,50,1.83,1.83,1.0,5,1,PREMATIPS
2025-08-30,11:00,Daegu , Suwon FC,28.0,27.0,45.0,3.0,3.5,2.25,6.0,41.0,59.0,1.62,2.25,1.0,62,38,1.5,2.5,1.0,3,1,PREMATIPS
2025-08-30,11:00,Jeju SK , Gwangju,34.0,26.0,40.0,2.63,3.0,2.88,6.0,55.0,45.0,2.3,1.6,0.0,53,47,1.83,1.83,1.0,0,1,PREMATIPS
2025-08-30,11:00,Ulsan HD , Jeonbuk Motors,27.0,20.0,53.0,2.55,3.25,2.75,2.0,50.0,50.0,1.8,2.0,1.0,55,45,1.62,2.2,1.0,0,2,PREMATIPS
2025-08-30,11:00,Ansan Greeners , Hwaseong FC,30.0,29.0,41.0,2.55,3.03,2.6,6.0,63.0,37.0,2.13,1.61,0.0,46,54,1.88,1.82,0.0,0,1,PREMATIPS
2025-08-30,11:00,Busan I'Park , Chungbuk Cheongju,48.0,25.0,27.0,1.65,3.75,4.33,1.0,53.0,47.0,1.93,1.88,0.0,49,51,1.83,1.83,0.0,2,2,PREMATIPS
2025-08-30,11:00,Gimpo , Jeonnam Dragons,28.0,38.0,34.0,2.35,3.4,2.75,6.0,54.0,46.0,2.05,1.75,0.0,51,49,1.83,1.83,1.0,2,0,PREMATIPS
2025-08-30,11:00,Incheon Utd , Chungnam Asan,54.0,23.0,23.0,1.7,3.6,4.2,1.0,54.0,46.0,2.0,1.8,0.0,49,51,1.91,1.8,0.0,1,1,PREMATIPS
2025-08-30,11:00,Suwon Bluewings , Seongnam,44.0,29.0,27.0,1.85,3.5,3.75,1.0,53.0,47.0,1.8,2.0,0.0,56,44,1.73,2.0,1.0,2,2,PREMATIPS
2025-08-30,11:00,Kryvbas , Obolon,39.0,23.0,38.0,1.88,3.3,4.1,5.0,50.0,50.0,2.25,1.55,0.0,51,49,2.1,1.65,1.0,2,1,PREMATIPS
2025-08-30,11:30,Getafe B , Dep. Aragon,40.0,31.0,29.0,1.79,3.52,3.71,1.0,47.0,53.0,1.72,1.98,1.0,55,45,1.66,2.05,1.0,2,1,PREMATIPS
2025-08-30,11:30,Yenisey , Sokol Saratov,43.0,27.0,30.0,1.86,3.3,4.34,4.0,65.0,35.0,2.3,1.5,0.0,44,56,2.11,1.65,0.0,1,0,PREMATIPS
2025-08-30,12:00,Bochum , Preussen Munster,39.0,31.0,30.0,2.05,3.6,3.4,1.0,40.0,60.0,1.8,2.0,1.0,72,28,1.67,2.1,1.0,1,2,PREMATIPS
2025-08-30,12:00,E. Braunschweig , Arm. Bielefeld,33.0,31.0,36.0,2.9,3.6,2.25,5.0,51.0,49.0,1.7,2.1,0.0,50,50,1.62,2.2,1.0,1,1,PREMATIPS
2025-08-30,12:00,Holstein Kiel , Hannover 96,35.0,30.0,35.0,2.55,3.7,2.45,5.0,62.0,38.0,1.65,2.2,0.0,39,61,1.57,2.25,0.0,1,2,PREMATIPS
2025-08-30,12:00,Super Nova Riga , Riga FC,17.0,29.0,54.0,12.98,6.65,1.14,2.0,52.0,48.0,1.39,2.73,0.0,52,48,2.07,1.64,1.0,2,6,PREMATIPS
2025-08-30,12:00,Asker , Ullensaker Kisa,19.0,28.0,53.0,3.6,4.0,1.68,2.0,25.0,75.0,1.35,2.95,1.0,73,27,1.39,2.75,1.0,0,2,PREMATIPS
2025-08-30,12:00,Orenburg , Rubin Kazan,22.0,37.0,41.0,2.72,3.53,2.6,6.0,50.0,50.0,1.92,1.93,1.0,57,43,1.71,2.09,1.0,2,2,PREMATIPS
2025-08-30,12:00,Varbergs BoIS , Falkenberg,37.0,32.0,31.0,2.05,3.4,3.25,4.0,48.0,52.0,1.8,2.0,1.0,52,48,1.67,2.1,1.0,3,2,PREMATIPS
2025-08-30,12:00,Vasteras , Helsingborg,37.0,38.0,25.0,1.65,3.7,4.33,1.0,47.0,53.0,1.73,2.08,1.0,47,53,1.75,2.0,0.0,4,0,PREMATIPS
2025-08-30,12:00,Stockholm Inter. , Arlanda,53.0,20.0,27.0,1.3,4.8,7.25,1.0,43.0,57.0,1.58,2.2,1.0,60,40,1.95,1.75,1.0,0,0,PREMATIPS
2025-08-30,12:00,Angelholms , Torslanda IK,40.0,15.0,45.0,1.77,3.5,3.75,5.0,46.0,54.0,1.68,2.05,1.0,53,47,1.65,2.1,1.0,3,0,PREMATIPS
2025-08-30,12:00,Eskilsminne IF , Rosengard 1917,22.0,33.0,45.0,2.85,3.25,2.15,6.0,48.0,52.0,1.75,1.95,1.0,54,46,1.63,2.1,1.0,1,0,PREMATIPS
2025-08-30,12:00,Nakhon Ratch. , Ratchaburi,30.0,31.0,39.0,3.4,3.6,1.83,6.0,62.0,38.0,1.66,2.05,0.0,58,42,1.63,2.1,1.0,0,2,PREMATIPS
2025-08-30,12:00,Vorskla Poltava , Met. Zaporizhya,77.0,13.0,10.0,1.28,4.6,8.75,1.0,64.0,36.0,1.83,1.85,0.0,41,59,2.4,1.5,0.0,0,1,PREMATIPS
2025-08-30,12:30,Smorgon , ML Vitebsk,15.0,20.0,65.0,7.5,4.6,1.31,2.0,60.0,40.0,1.72,1.98,0.0,40,60,2.15,1.62,0.0,0,1,PREMATIPS
2025-08-30,12:30,Chelsea , Fulham,42.0,32.0,26.0,1.6,4.1,5.25,1.0,70.0,30.0,1.73,2.1,0.0,61,39,1.7,2.05,1.0,2,0,PREMATIPS
2025-08-30,12:30,Middlesbrough , Sheffield Utd,37.0,32.0,31.0,2.2,3.5,3.0,4.0,50.0,50.0,1.93,1.93,1.0,42,58,1.73,2.0,0.0,1,0,PREMATIPS
2025-08-30,12:30,QPR , Charlton,32.0,33.0,35.0,2.82,3.2,2.4,6.0,61.0,39.0,2.2,1.67,0.0,53,47,1.83,1.83,1.0,3,1,PREMATIPS
2025-08-30,12:30,Stoke City , West Bromwich,35.0,32.0,33.0,2.27,3.25,3.0,5.0,39.0,61.0,2.1,1.73,1.0,64,36,1.83,1.83,1.0,0,1,PREMATIPS
2025-08-30,12:30,Cardiff City , Plymouth Argyle,81.0,5.0,14.0,1.46,4.5,5.5,1.0,60.0,40.0,1.83,2.03,0.0,35,65,1.95,1.8,0.0,4,0,PREMATIPS
2025-08-30,12:30,Doncaster Rovers , Rotherham Utd,56.0,25.0,19.0,1.57,4.1,4.75,1.0,55.0,45.0,2.05,1.75,0.0,45,55,2.05,1.7,0.0,1,0,PREMATIPS
2025-08-30,12:30,Barrow , Fleetwood Town,37.0,25.0,38.0,2.01,3.2,3.6,5.0,59.0,41.0,2.1,1.7,0.0,51,49,1.83,1.83,1.0,0,1,PREMATIPS
2025-08-30,12:30,Crewe Alexandra , Swindon Town,38.0,32.0,30.0,1.96,3.4,3.7,1.0,46.0,54.0,1.9,1.95,1.0,58,42,1.67,2.1,1.0,0,3,PREMATIPS
2025-08-30,12:30,Solihull Moors , Southend Utd,15.0,31.0,54.0,4.5,3.5,1.67,2.0,63.0,37.0,1.95,1.85,0.0,42,58,1.91,1.91,0.0,1,2,PREMATIPS
2025-08-30,12:30,Lamphun Warriors , Chonburi,37.0,32.0,31.0,2.05,3.3,2.95,4.0,46.0,54.0,1.83,1.85,1.0,58,42,1.72,1.98,1.0,2,2,PREMATIPS
2025-08-30,12:35,Chengdu Rongcheng , Shanghai Port,39.0,25.0,36.0,1.72,4.33,3.9,5.0,36.0,64.0,1.4,2.88,1.0,67,33,1.44,2.63,1.0,4,1,PREMATIPS
2025-08-30,13:00,Yunnan Yukun , Changchun Yatai,64.0,18.0,18.0,1.64,4.5,4.0,1.0,41.0,59.0,1.44,2.7,1.0,63,37,1.5,2.5,1.0,1,1,PREMATIPS
2025-08-30,13:00,Middelfart , Lyngby,14.0,36.0,50.0,5.0,3.9,1.53,2.0,52.0,48.0,1.94,1.74,0.0,55,45,2.0,1.73,1.0,2,2,PREMATIPS
2025-08-30,13:00,Bastia , Guingamp,38.0,32.0,30.0,2.0,3.3,3.5,4.0,65.0,35.0,2.0,1.8,0.0,44,56,1.83,1.83,0.0,1,3,PREMATIPS
2025-08-30,13:00,Reims , Le Mans,40.0,33.0,27.0,1.85,3.25,4.1,1.0,54.0,46.0,2.05,1.75,0.0,50,50,1.83,1.83,1.0,1,0,PREMATIPS
2025-08-30,13:00,Energie Cottbus , Ingolstadt,38.0,50.0,12.0,2.2,3.8,2.9,4.0,51.0,49.0,1.57,2.35,0.0,74,26,1.53,2.38,1.0,1,1,PREMATIPS
2025-08-30,13:00,Havelse , Osnabruck,29.0,32.0,39.0,3.9,3.6,1.85,2.0,62.0,38.0,1.8,2.0,0.0,52,48,1.73,2.0,1.0,0,2,PREMATIPS
2025-08-30,13:00,Munchen 1860 , Stuttgart II,59.0,12.0,29.0,1.5,4.33,6.0,1.0,51.0,49.0,1.53,2.4,0.0,74,26,1.67,2.1,1.0,1,1,PREMATIPS
2025-08-30,13:00,Saarbrucken , Erzgebirge Aue,40.0,31.0,29.0,1.75,3.9,3.9,1.0,51.0,49.0,1.6,2.3,0.0,52,48,1.57,2.25,1.0,4,1,PREMATIPS
2025-08-30,13:00,Verl , Duisburg,12.0,50.0,38.0,2.25,3.75,2.8,6.0,29.0,71.0,1.62,2.25,1.0,74,26,1.53,2.38,1.0,2,3,PREMATIPS
2025-08-30,13:00,Bali United , Madura Utd,15.0,49.0,36.0,1.55,3.7,5.0,6.0,39.0,61.0,1.66,2.05,1.0,90,10,1.72,1.98,1.0,1,0,PREMATIPS
2025-08-30,13:00,Malut United , PSIM Yogyakarta,42.0,34.0,24.0,1.51,3.75,5.25,1.0,62.0,38.0,1.9,1.78,0.0,78,22,2.0,1.7,1.0,0,2,PREMATIPS
2025-08-30,13:00,Kyrgyzstan , Turkmenistan,42.0,34.0,24.0,1.59,3.77,5.42,1.0,53.0,47.0,1.92,1.77,0.0,46,54,1.96,1.74,0.0,1,1,PREMATIPS
2025-08-30,13:00,Stabaek , Start,13.0,30.0,57.0,2.5,3.5,2.35,2.0,37.0,63.0,1.44,2.7,1.0,63,37,1.4,2.75,1.0,1,1,PREMATIPS
2025-08-30,13:00,Bangkok Utd , BG Pathum Utd,41.0,31.0,28.0,1.88,3.6,3.2,1.0,12.0,88.0,1.6,2.15,1.0,92,8,1.57,2.25,1.0,2,1,PREMATIPS
2025-08-30,13:15,Viettel , Becamex HoChiMinh,43.0,32.0,25.0,1.46,4.0,5.5,1.0,29.0,71.0,1.73,1.95,1.0,35,65,1.88,1.8,0.0,2,0,PREMATIPS
2025-08-30,13:30,Austria Salzburg , Amstetten,33.0,30.0,37.0,2.87,3.5,2.15,5.0,42.0,58.0,1.72,1.98,1.0,51,49,1.63,2.1,1.0,2,2,PREMATIPS
2025-08-30,13:30,Rapid Wien II , Sankt Polten,10.0,47.0,43.0,5.25,4.33,1.49,6.0,50.0,50.0,1.44,2.55,1.0,68,32,1.57,2.25,1.0,0,2,PREMATIPS
2025-08-30,13:30,FC Suduroy , KI Klaksvik,15.0,8.0,77.0,23.0,10.5,1.06,2.0,31.0,69.0,1.29,3.3,1.0,48,52,2.45,1.49,0.0,2,6,PREMATIPS
2025-08-30,13:30,Mzuzu Hammers , Blue Eagles,19.0,28.0,53.0,4.6,3.72,1.56,2.0,65.0,35.0,2.19,1.53,0.0,32,68,2.25,1.59,0.0,1,1,PREMATIPS
2025-08-30,13:30,Port Bangkok , Rayong,42.0,31.0,27.0,1.5,4.33,4.6,1.0,29.0,71.0,1.52,2.35,1.0,75,25,1.63,2.1,1.0,1,1,PREMATIPS
2025-08-30,13:30,Kolos Kovalivka , Epitsentr,74.0,23.0,3.0,1.5,3.75,7.25,1.0,62.0,38.0,2.6,1.44,0.0,51,49,2.87,1.36,1.0,1,0,PREMATIPS
2025-08-30,13:45,Zalaegerszeg , Kisvarda,16.0,55.0,29.0,2.0,3.5,3.5,6.0,31.0,69.0,1.7,2.1,1.0,85,15,1.62,2.2,1.0,1,2,PREMATIPS
2025-08-30,13:45,Termalica , Korona Kielce,35.0,31.0,34.0,2.45,3.25,2.63,5.0,66.0,34.0,1.85,1.95,0.0,46,54,1.67,2.1,0.0,1,3,PREMATIPS
2025-08-30,13:45,Polonia Bytom , Wieczysta Krakow,38.0,21.0,41.0,2.9,3.5,2.1,5.0,43.0,57.0,1.65,2.2,1.0,47,53,1.57,2.25,0.0,4,2,PREMATIPS
2025-08-30,14:00,Gandzasar , Shirak,42.0,47.0,11.0,2.45,3.0,2.6,4.0,64.0,36.0,2.1,1.65,0.0,36,64,1.85,1.82,0.0,1,1,PREMATIPS
2025-08-30,14:00,KaPa Helsinki , TPS Turku,17.0,24.0,59.0,3.11,3.9,1.9,2.0,25.0,75.0,1.34,3.04,1.0,73,27,1.32,3.04,1.0,3,3,PREMATIPS
2025-08-30,14:00,Atlantis , RoPS Rovaniemi,53.0,10.0,37.0,1.91,4.1,2.9,1.0,39.0,61.0,1.44,2.7,1.0,53,47,1.44,2.63,1.0,3,3,PREMATIPS
2025-08-30,14:00,Keski, Jazz Pori,43.0,24.0,33.0,1.8,4.75,2.88,4.0,31.0,69.0,1.33,3.4,1.0,64,36,1.4,2.75,1.0,0,5,PREMATIPS
2025-08-30,14:00,KPV Kokkola , Inter Turku 2,46.0,21.0,33.0,1.94,3.8,3.06,4.0,31.0,69.0,1.36,2.93,1.0,64,36,1.35,2.97,1.0,2,1,PREMATIPS
2025-08-30,14:00,KuPS Akatemia , EPS Espoo,71.0,12.0,17.0,1.62,4.33,3.6,1.0,33.0,67.0,1.4,2.88,1.0,58,42,1.44,2.63,1.0,1,1,PREMATIPS
2025-08-30,14:00,MP Mikkeli , JJK Jyvaskyla,49.0,26.0,25.0,1.55,4.33,4.0,1.0,37.0,63.0,1.57,2.35,1.0,58,42,1.67,2.1,1.0,2,0,PREMATIPS
2025-08-30,14:00,OLS Oulu , Tampere Utd,44.0,31.0,25.0,1.44,4.75,4.75,1.0,37.0,63.0,1.44,2.7,1.0,62,38,1.62,2.2,1.0,1,3,PREMATIPS
2025-08-30,14:00,TB Tvoroyri , HB Torshavn,11.0,24.0,65.0,18.0,9.75,1.08,2.0,25.0,75.0,1.26,3.5,1.0,63,37,2.1,1.63,1.0,2,7,PREMATIPS
2025-08-30,14:00,Tukums 2000 , BFC Daugavpils,29.0,33.0,38.0,2.9,3.4,2.05,6.0,47.0,53.0,1.7,2.0,1.0,58,42,1.62,2.15,1.0,0,1,PREMATIPS
2025-08-30,14:00,Penang , Kelantan Warriors,45.0,31.0,24.0,1.72,4.0,3.5,1.0,44.0,56.0,1.43,2.6,1.0,51,49,1.47,2.45,1.0,0,1,PREMATIPS
2025-08-30,14:00,Arendal , Pors Grenland,32.0,44.0,24.0,1.27,5.25,7.5,4.0,46.0,54.0,1.4,2.7,1.0,75,25,1.72,1.98,1.0,3,1,PREMATIPS
2025-08-30,14:00,Eik Tonsberg , Sotra SK,14.0,46.0,40.0,3.0,3.4,2.0,6.0,44.0,56.0,1.7,2.0,1.0,60,40,1.62,2.15,1.0,2,1,PREMATIPS
2025-08-30,14:00,Lysekloster IL , Vard Haugesund,37.0,38.0,25.0,1.63,3.9,3.9,4.0,37.0,63.0,1.46,2.5,1.0,71,29,1.5,2.37,1.0,1,0,PREMATIPS
2025-08-30,14:00,Honefoss , Strindheim,73.0,13.0,14.0,1.26,5.5,7.5,1.0,32.0,68.0,1.29,3.25,1.0,59,41,1.58,2.2,1.0,8,1,PREMATIPS
2025-08-30,14:00,Stjordals Blink , Strommen,35.0,11.0,54.0,2.95,3.6,1.98,2.0,30.0,70.0,1.5,2.4,1.0,63,37,1.47,2.45,1.0,0,1,PREMATIPS
2025-08-30,14:00,Felgueiras 1932 , Lusitania,37.0,33.0,30.0,2.15,3.3,3.4,4.0,66.0,34.0,2.1,1.7,0.0,48,52,1.83,1.83,0.0,3,1,PREMATIPS
2025-08-30,14:00,Ufa , Chayka Pesch.,17.0,59.0,24.0,1.64,3.57,5.26,6.0,65.0,35.0,2.27,1.52,0.0,44,56,2.23,1.58,0.0,4,0,PREMATIPS
2025-08-30,14:00,Volga Ulyanovsk , Arsenal Tula,21.0,25.0,54.0,3.07,3.07,2.34,2.0,54.0,46.0,2.37,1.54,0.0,61,39,2.0,1.74,1.0,2,1,PREMATIPS
2025-08-30,14:00,Magesi , AmaZulu Durban,33.0,34.0,33.0,2.65,2.75,2.8,0.0,86.0,14.0,2.87,1.36,0.0,34,66,2.35,1.52,0.0,1,1,PREMATIPS
2025-08-30,14:00,Stellenbosch , Mamelodi Sund.,22.0,34.0,44.0,4.0,3.2,1.87,6.0,94.0,6.0,2.35,1.52,0.0,25,75,2.15,1.61,0.0,0,1,PREMATIPS
2025-08-30,14:00,Brommapojkarna , Elfsborg,29.0,9.0,62.0,2.44,3.59,2.52,2.0,49.0,51.0,1.55,2.33,1.0,50,50,1.48,2.48,1.0,3,0,PREMATIPS
2025-08-30,14:00,IFK Goteborg , Varnamo,67.0,18.0,15.0,1.35,5.25,5.75,1.0,46.0,54.0,1.4,2.88,1.0,54,46,1.57,2.25,1.0,1,0,PREMATIPS
2025-08-30,14:00,Landskrona BoIS , Sundsvall,38.0,24.0,38.0,1.9,3.5,3.6,5.0,52.0,48.0,1.98,1.83,0.0,53,47,1.8,1.95,1.0,2,1,PREMATIPS
2025-08-30,14:00,Ostersund , Kalmar,16.0,48.0,36.0,3.9,3.75,1.73,6.0,55.0,45.0,1.73,2.08,0.0,48,52,1.75,2.0,0.0,0,0,PREMATIPS
2025-08-30,14:00,Sandviken , Orebro,63.0,24.0,13.0,1.8,3.75,3.5,1.0,47.0,53.0,1.6,2.3,1.0,53,47,1.57,2.25,1.0,2,1,PREMATIPS
2025-08-30,14:00,Metalist Kharkov , Probiy Horodenka,41.0,32.0,27.0,2.05,3.25,3.0,1.0,47.0,53.0,2.0,1.71,1.0,52,48,1.85,1.83,1.0,1,1,PREMATIPS
2025-08-30,14:00,NAPSA Stars , Red Arrows,30.0,33.0,37.0,3.4,2.6,2.25,6.0,55.0,45.0,2.87,1.36,0.0,43,57,2.35,1.52,0.0,1,1,PREMATIPS
2025-08-30,14:00,Nkana , Green Buffaloes,38.0,34.0,28.0,2.0,2.95,3.4,4.0,55.0,45.0,3.0,1.34,0.0,59,41,2.55,1.44,1.0,0,3,PREMATIPS
2025-08-30,14:00,Prison Leopards , Zanaco,34.0,34.0,32.0,2.65,2.55,2.8,0.0,89.0,11.0,2.95,1.34,0.0,9,91,2.37,1.51,0.0,0,1,PREMATIPS
2025-08-30,14:00,ZESCO United , Green Eagles,39.0,36.0,25.0,1.85,2.9,4.2,1.0,55.0,45.0,2.75,1.39,0.0,9,91,2.4,1.49,0.0,1,1,PREMATIPS
2025-08-30,14:15,Zenit , Nizhny Novgorod,70.0,21.0,9.0,1.18,7.8,15.5,1.0,44.0,56.0,1.45,2.61,1.0,46,54,2.18,1.64,0.0,2,0,PREMATIPS
2025-08-30,14:30,Slavia Mozyr , Slutsk,58.0,29.0,13.0,1.43,3.9,6.25,1.0,52.0,48.0,1.95,1.75,0.0,45,55,2.15,1.6,0.0,2,0,PREMATIPS
2025-08-30,14:30,Hoffenheim , E. Frankfurt,34.0,30.0,36.0,2.63,3.75,2.45,5.0,10.0,90.0,1.5,2.63,1.0,86,14,1.4,2.75,1.0,1,3,PREMATIPS
2025-08-30,14:30,RB Leipzig , Heidenheim,44.0,31.0,25.0,1.45,4.75,6.25,1.0,10.0,90.0,1.5,2.63,1.0,53,47,1.67,2.1,1.0,2,0,PREMATIPS
2025-08-30,14:30,Stuttgart , B. M'gladbach,42.0,31.0,27.0,1.55,4.5,5.25,1.0,44.0,56.0,1.36,3.2,1.0,53,47,1.44,2.63,1.0,1,0,PREMATIPS
2025-08-30,14:30,Werder Bremen , Bayer Leverkusen,30.0,31.0,39.0,3.5,3.9,1.95,6.0,10.0,90.0,1.44,2.75,1.0,86,14,1.44,2.63,1.0,3,3,PREMATIPS
2025-08-30,14:30,Barry Town Utd , TNS,24.0,46.0,30.0,6.0,4.4,1.39,6.0,62.0,38.0,1.49,2.4,0.0,53,47,1.68,2.05,1.0,0,0,PREMATIPS
2025-08-30,14:30,Colwyn Bay , Briton Ferry,12.0,49.0,39.0,2.1,3.5,2.75,6.0,70.0,30.0,1.55,2.3,0.0,61,39,1.5,2.4,1.0,2,2,PREMATIPS
2025-08-30,14:30,Flint Town Utd , Cardiff Met,35.0,31.0,34.0,2.25,3.4,2.55,5.0,48.0,52.0,1.7,2.0,1.0,86,14,1.61,2.15,1.0,4,2,PREMATIPS
2025-08-30,14:30,Llanelli Town , Bala Town,29.0,31.0,40.0,3.6,3.4,1.8,2.0,70.0,30.0,1.77,1.9,0.0,47,53,1.72,1.98,0.0,0,1,PREMATIPS
2025-08-30,14:30,Pen, Connah's Quay,59.0,25.0,16.0,1.9,3.3,3.4,1.0,56.0,44.0,1.83,1.85,0.0,50,50,1.75,1.95,1.0,0,1,PREMATIPS
2025-08-30,14:55,Al Dhafra Club ,Wasl Dubai,24.0,32.0,44.0,4.6,4.1,1.52,2.0,36.0,64.0,1.52,2.35,1.0,58,42,1.62,2.15,1.0,1,5,PREMATIPS
2025-08-30,14:55,Al, Al Bataeh Club,42.0,32.0,26.0,1.53,4.0,4.6,1.0,40.0,60.0,1.52,2.35,1.0,58,42,1.61,2.15,1.0,0,0,PREMATIPS
2025-08-30,15:00,Zira Baku , Kapaz,53.0,43.0,3.0,1.31,4.4,8.5,1.0,38.0,62.0,1.95,1.75,1.0,70,30,2.5,1.46,1.0,5,0,PREMATIPS
2025-08-30,15:00,Mechelen , RAAL La Louviere,50.0,28.0,22.0,1.85,3.6,3.9,1.0,66.0,34.0,1.8,2.0,0.0,52,48,1.7,2.05,1.0,3,2,PREMATIPS
2025-08-30,15:00,Beerschot , Lierse K.,42.0,32.0,26.0,1.54,3.95,5.05,1.0,64.0,36.0,1.75,1.94,0.0,58,42,1.82,1.86,1.0,1,0,PREMATIPS
2025-08-30,15:00,Manchester Utd , Burnley,45.0,34.0,21.0,1.38,5.0,7.0,1.0,70.0,30.0,1.57,2.38,0.0,28,72,1.8,1.95,0.0,3,2,PREMATIPS
2025-08-30,15:00,Sunderland , Brentford,32.0,33.0,35.0,2.9,3.25,2.5,6.0,54.0,46.0,2.05,1.68,0.0,28,72,1.8,1.95,0.0,2,1,PREMATIPS
2025-08-30,15:00,Tottenham , Bournemouth,67.0,4.0,29.0,1.9,3.8,3.9,1.0,54.0,46.0,1.57,2.25,0.0,28,72,1.53,2.38,0.0,0,1,PREMATIPS
2025-08-30,15:00,Wolverhampton , Everton,21.0,4.0,75.0,3.0,3.1,2.5,2.0,70.0,30.0,2.3,1.62,0.0,11,89,1.95,1.8,0.0,2,3,PREMATIPS
2025-08-30,15:00,Blackburn Rovers , Norwich City,37.0,32.0,31.0,2.1,3.4,3.3,4.0,28.0,72.0,2.1,1.73,1.0,64,36,1.83,1.83,1.0,0,2,PREMATIPS
2025-08-30,15:00,Bristol City , Hull City,40.0,33.0,27.0,1.86,3.4,4.0,1.0,50.0,50.0,2.05,1.8,0.0,53,47,1.83,1.83,1.0,4,2,PREMATIPS
2025-08-30,15:00,Ipswich Town , Derby County,43.0,35.0,22.0,1.46,3.8,7.0,1.0,61.0,39.0,2.2,1.67,0.0,75,25,2.25,1.57,1.0,2,2,PREMATIPS
2025-08-30,15:00,Millwall , Wrexham,38.0,33.0,29.0,2.1,3.3,3.3,4.0,28.0,72.0,2.1,1.73,1.0,64,36,1.83,1.83,1.0,0,2,PREMATIPS
2025-08-30,15:00,Oxford Utd , Coventry City,27.0,32.0,41.0,4.5,3.7,1.71,2.0,50.0,50.0,2.0,1.85,0.0,53,47,1.83,1.83,1.0,2,2,PREMATIPS
2025-08-30,15:00,Portsmouth , Preston North End,37.0,32.0,31.0,2.2,3.3,3.2,4.0,61.0,39.0,2.2,1.67,0.0,64,36,1.91,1.8,1.0,1,0,PREMATIPS
2025-08-30,15:00,Sheffield Wed , Swansea City,31.0,32.0,37.0,3.4,3.3,2.1,2.0,50.0,50.0,2.2,1.67,0.0,53,47,1.83,1.83,1.0,0,2,PREMATIPS
2025-08-30,15:00,Watford , Southampton,32.0,32.0,36.0,2.75,3.3,2.4,0.0,50.0,50.0,2.0,1.85,0.0,75,25,1.73,2.0,1.0,2,2,PREMATIPS
2025-08-30,15:00,Barnsley , Huddersfield,34.0,31.0,35.0,2.57,3.5,2.4,5.0,60.0,40.0,1.73,2.08,0.0,42,58,1.67,2.1,0.0,3,1,PREMATIPS
2025-08-30,15:00,Blackpool , Bolton Wanderers,31.0,31.0,38.0,3.7,3.25,1.96,2.0,66.0,34.0,1.82,1.92,0.0,55,45,1.7,2.05,1.0,1,1,PREMATIPS
2025-08-30,15:00,Bradford City , Wimbledon,57.0,7.0,36.0,1.67,3.6,4.75,1.0,60.0,40.0,2.15,1.67,0.0,49,51,2.0,1.75,0.0,3,2,PREMATIPS
2025-08-30,15:00,Burton Albion , Luton Town,27.0,32.0,41.0,4.5,3.9,1.66,2.0,55.0,45.0,2.03,1.83,0.0,47,53,1.95,1.8,0.0,0,3,PREMATIPS
2025-08-30,15:00,Exeter City , Peterborough Utd,91.0,6.0,3.0,2.15,3.7,2.85,1.0,66.0,34.0,1.9,1.95,0.0,42,58,1.7,2.05,0.0,3,0,PREMATIPS
2025-08-30,15:00,Leyton Orient , Northampton Town,41.0,33.0,26.0,1.68,3.8,4.5,1.0,60.0,40.0,2.1,1.7,0.0,35,65,2.05,1.7,0.0,0,1,PREMATIPS
2025-08-30,15:00,Lincoln City , Mansfield Town,37.0,32.0,31.0,2.1,3.6,3.1,4.0,53.0,47.0,2.15,1.67,0.0,55,45,1.95,1.8,1.0,1,1,PREMATIPS
2025-08-30,15:00,Reading , Port Vale,35.0,32.0,33.0,2.25,3.5,2.7,5.0,60.0,40.0,2.15,1.67,0.0,49,51,1.95,1.8,0.0,1,0,PREMATIPS
2025-08-30,15:00,Stevenage , Wycombe,66.0,24.0,10.0,2.4,3.3,2.75,1.0,53.0,47.0,2.35,1.57,0.0,55,45,2.0,1.75,1.0,1,0,PREMATIPS
2025-08-30,15:00,Wigan Athletic , Stockport,33.0,33.0,34.0,2.5,3.1,2.75,0.0,46.0,54.0,2.4,1.53,1.0,55,45,2.05,1.7,1.0,1,1,PREMATIPS
2025-08-30,15:00,Barnet , Colchester Utd,39.0,32.0,29.0,1.77,3.75,4.0,1.0,73.0,27.0,2.05,1.75,0.0,45,55,1.91,1.8,0.0,1,1,PREMATIPS
2025-08-30,15:00,Bromley , Harrogate Town,41.0,32.0,27.0,1.68,3.6,4.5,1.0,53.0,47.0,2.08,1.73,0.0,58,42,1.91,1.8,1.0,2,0,PREMATIPS
2025-08-30,15:00,Cambridge Utd , Newport County,43.0,34.0,23.0,1.42,4.1,7.0,1.0,53.0,47.0,1.98,1.88,0.0,65,35,2.1,1.67,1.0,2,0,PREMATIPS
2025-08-30,15:00,Chesterfield , Crawley Town,88.0,6.0,6.0,1.51,4.0,5.75,1.0,53.0,47.0,1.67,2.15,0.0,51,49,1.73,2.0,1.0,2,2,PREMATIPS
2025-08-30,15:00,Grimsby Town , Bristol Rovers,77.0,10.0,13.0,1.91,3.9,3.3,1.0,53.0,47.0,1.62,2.25,0.0,51,49,1.57,2.25,1.0,0,1,PREMATIPS
2025-08-30,15:00,MK Dons , Walsall,39.0,33.0,28.0,1.82,3.4,4.1,1.0,59.0,41.0,2.2,1.65,0.0,45,55,2.0,1.73,0.0,0,1,PREMATIPS
2025-08-30,15:00,Oldham Athletic , Gillingham,10.0,67.0,23.0,2.32,3.1,3.1,6.0,73.0,27.0,2.5,1.5,0.0,58,42,2.1,1.67,1.0,0,1,PREMATIPS
2025-08-30,15:00,Shrewsbury Town , Accrington,36.0,33.0,31.0,2.15,3.2,3.2,4.0,58.0,42.0,2.25,1.62,0.0,56,44,1.91,1.8,1.0,0,0,PREMATIPS
2025-08-30,15:00,Tranmere Rovers , Notts County,36.0,32.0,32.0,2.2,3.1,3.25,0.0,51.0,49.0,2.1,1.7,0.0,68,32,1.8,1.91,1.0,1,2,PREMATIPS
2025-08-30,15:00,Braintree , Forest Green R.,29.0,32.0,39.0,4.75,3.6,1.65,6.0,43.0,57.0,1.83,1.98,1.0,36,64,1.8,1.95,0.0,0,0,PREMATIPS
2025-08-30,15:00,Eastleigh , Altrincham,34.0,31.0,35.0,2.63,3.4,2.38,5.0,57.0,43.0,1.85,1.95,0.0,42,58,1.67,2.1,0.0,2,1,PREMATIPS
2025-08-30,15:00,Gateshead , Aldershot Town,36.0,31.0,33.0,2.25,3.6,2.7,5.0,23.0,77.0,1.57,2.35,1.0,56,44,1.5,2.5,1.0,3,3,PREMATIPS
2025-08-30,15:00,Halifax Town , Yeovil Town,36.0,33.0,31.0,2.45,2.9,2.9,4.0,50.0,50.0,2.6,1.48,0.0,49,51,2.1,1.67,0.0,3,2,PREMATIPS
2025-08-30,15:00,Hartlepool Utd , Boreham Wood,40.0,32.0,28.0,1.75,3.9,3.75,1.0,52.0,48.0,1.9,1.9,0.0,47,53,1.91,1.91,0.0,0,0,PREMATIPS
2025-08-30,15:00,Morecambe , Woking,36.0,30.0,34.0,2.4,3.4,2.6,5.0,30.0,70.0,1.73,2.08,1.0,52,48,1.62,2.2,1.0,0,2,PREMATIPS
2025-08-30,15:00,Sutton Utd , Carlisle Utd,12.0,28.0,60.0,4.33,3.75,1.67,2.0,50.0,50.0,1.75,2.05,1.0,42,58,1.75,2.0,0.0,2,1,PREMATIPS
2025-08-30,15:00,Truro City , Boston United,33.0,32.0,35.0,2.7,3.25,2.45,5.0,60.0,40.0,1.98,1.83,0.0,39,61,1.75,2.0,0.0,3,0,PREMATIPS
2025-08-30,15:00,Wealdstone , Rochdale,42.0,3.0,55.0,3.3,3.25,2.05,2.0,43.0,57.0,1.88,1.93,1.0,49,51,1.75,2.0,0.0,1,3,PREMATIPS
2025-08-30,15:00,Tallinna Kalev , Flora Tallinn,22.0,10.0,68.0,12.0,7.75,1.14,2.0,29.0,71.0,1.28,3.3,1.0,55,45,1.85,1.83,1.0,0,4,PREMATIPS
2025-08-30,15:00,SJK Akatemia , SalPa Salo,79.0,11.0,10.0,1.46,4.48,5.12,1.0,35.0,65.0,1.37,2.91,1.0,60,40,1.46,2.48,1.0,2,1,PREMATIPS
2025-08-30,15:00,Kolkheti Poti , Gagra,29.0,20.0,51.0,2.87,2.95,2.25,2.0,60.0,40.0,2.2,1.58,0.0,45,55,1.93,1.75,0.0,1,2,PREMATIPS
2025-08-30,15:00,Volsungur Husavik , Grindavik,40.0,26.0,34.0,2.0,3.9,2.7,4.0,23.0,77.0,1.25,3.6,1.0,79,21,1.27,3.4,1.0,2,0,PREMATIPS
2025-08-30,15:00,Banga Gargzdai , Kauno Zalgiris,28.0,20.0,52.0,6.5,4.1,1.39,2.0,52.0,48.0,1.9,1.78,0.0,41,59,2.19,1.6,0.0,0,0,PREMATIPS
2025-08-30,15:00,Bangor , Dungannon Swifts,91.0,5.0,3.0,2.65,3.5,2.3,1.0,46.0,54.0,1.65,2.1,1.0,35,65,1.58,2.2,0.0,2,1,PREMATIPS
2025-08-30,15:00,Cliftonville , Glenavon,52.0,41.0,7.0,1.62,3.8,4.6,1.0,71.0,29.0,1.73,1.95,0.0,35,65,1.78,1.9,0.0,3,1,PREMATIPS
2025-08-30,15:00,Glentoran , Carrick Rangers,53.0,5.0,40.0,1.55,3.75,5.5,1.0,76.0,24.0,1.78,1.9,0.0,21,79,1.85,1.83,0.0,1,1,PREMATIPS
2025-08-30,15:00,Asane , Sogndal,30.0,23.0,47.0,2.7,3.4,2.5,6.0,38.0,62.0,1.62,2.25,1.0,72,28,1.5,2.5,1.0,1,1,PREMATIPS
2025-08-30,15:00,Hodd , Raufoss,35.0,34.0,31.0,2.15,3.4,3.1,4.0,42.0,58.0,1.75,2.05,1.0,72,28,1.62,2.2,1.0,2,4,PREMATIPS
2025-08-30,15:00,Kongsvinger , Ranheim,47.0,20.0,33.0,1.61,4.25,4.2,1.0,32.0,68.0,1.39,2.76,1.0,67,33,1.44,2.57,1.0,1,1,PREMATIPS
2025-08-30,15:00,Lillestrom , Skeid,58.0,32.0,10.0,1.14,7.5,15.0,1.0,42.0,58.0,1.33,3.4,1.0,63,37,1.91,1.8,1.0,3,1,PREMATIPS
2025-08-30,15:00,Moss , Mjondalen,57.0,19.0,24.0,1.7,3.8,4.33,1.0,33.0,67.0,1.62,2.25,1.0,65,35,1.62,2.2,1.0,3,1,PREMATIPS
2025-08-30,15:00,Levanger , Tromsdalen,28.0,30.0,42.0,2.6,3.5,2.25,6.0,42.0,58.0,1.52,2.35,1.0,63,37,1.47,2.45,1.0,1,3,PREMATIPS
2025-08-30,15:00,Shinnik Yaroslavl , Chernomorets N.,40.0,45.0,15.0,2.67,2.99,2.73,4.0,70.0,30.0,2.49,1.43,0.0,55,45,2.07,1.66,1.0,1,0,PREMATIPS
2025-08-30,15:00,Livingston , Hearts,30.0,32.0,38.0,3.6,3.3,2.01,6.0,28.0,72.0,2.0,1.85,1.0,65,35,1.8,1.95,1.0,1,2,PREMATIPS
2025-08-30,15:00,Motherwell , Kilmarnock,3.0,90.0,3.0,1.86,3.6,4.0,0.0,50.0,50.0,2.0,1.85,0.0,65,35,1.8,1.95,1.0,2,2,PREMATIPS
2025-08-30,15:00,Arbroath , Airdrieonians,38.0,51.0,11.0,2.15,3.4,3.0,4.0,54.0,46.0,1.9,1.9,0.0,64,36,1.73,2.0,1.0,1,0,PREMATIPS
2025-08-30,15:00,Ayr United , Queen's Park,24.0,55.0,21.0,1.75,3.8,3.9,4.0,65.0,35.0,1.83,1.98,0.0,75,25,1.8,1.91,1.0,1,1,PREMATIPS
2025-08-30,15:00,Dunfermline , Ross County,46.0,47.0,7.0,2.55,3.1,2.63,4.0,65.0,35.0,2.2,1.65,0.0,42,58,1.91,1.8,0.0,2,2,PREMATIPS
2025-08-30,15:00,Partick Thistle , Raith Rovers,22.0,47.0,31.0,2.5,3.3,2.6,6.0,65.0,35.0,2.2,1.65,0.0,64,36,1.91,1.8,1.0,3,2,PREMATIPS
2025-08-30,15:00,Saint Johnstone , Greenock Morton,39.0,51.0,10.0,1.38,4.5,7.0,1.0,54.0,46.0,1.85,1.95,0.0,53,47,2.2,1.62,1.0,1,1,PREMATIPS
2025-08-30,15:00,Inverness , Alloa Athletic,36.0,5.0,57.0,1.48,4.2,5.25,2.0,53.0,47.0,1.57,2.35,0.0,35,65,1.73,2.0,0.0,1,0,PREMATIPS
2025-08-30,15:00,Montrose , Peterhead,31.0,5.0,64.0,2.38,3.3,2.7,2.0,40.0,60.0,1.85,1.95,1.0,49,51,1.73,2.0,0.0,2,1,PREMATIPS
2025-08-30,15:00,Queen of South , Kelty Hearts,79.0,5.0,16.0,1.53,3.8,5.25,1.0,31.0,69.0,1.62,2.25,1.0,46,54,1.73,2.0,0.0,2,1,PREMATIPS
2025-08-30,15:00,Stenhousemuir , East Fife,51.0,16.0,33.0,2.5,3.3,2.5,1.0,40.0,60.0,1.8,2.0,1.0,57,43,1.67,2.1,1.0,1,1,PREMATIPS
2025-08-30,15:00,Clyde , Elgin City,35.0,46.0,19.0,1.75,3.7,3.75,4.0,45.0,55.0,1.62,2.25,1.0,75,25,1.62,2.2,1.0,0,0,PREMATIPS
2025-08-30,15:00,Dumbarton , Edinburgh City,78.0,18.0,3.0,1.9,3.5,3.5,1.0,20.0,80.0,1.73,2.08,1.0,91,9,1.67,2.1,1.0,1,2,PREMATIPS
2025-08-30,15:00,East Kilbride , Forfar Athletic,46.0,24.0,30.0,1.53,4.5,4.33,4.0,45.0,55.0,1.4,2.75,1.0,58,42,1.53,2.38,1.0,5,0,PREMATIPS
2025-08-30,15:00,Stirling Albion , Stranraer,63.0,26.0,11.0,1.85,3.4,3.7,1.0,37.0,63.0,1.9,1.9,1.0,75,25,1.8,1.91,1.0,1,0,PREMATIPS
2025-08-30,15:00,The Spartans , Annan Athletic,39.0,42.0,19.0,1.67,3.8,4.1,4.0,29.0,71.0,1.67,2.15,1.0,75,25,1.67,2.1,1.0,1,0,PREMATIPS
2025-08-30,15:00,Gefle , Sollentuna,29.0,34.0,37.0,2.0,3.4,3.0,6.0,39.0,61.0,1.62,2.15,1.0,65,35,1.55,2.25,1.0,5,1,PREMATIPS
2025-08-30,15:00,Karlbergs BK , IFK Haninge,34.0,27.0,39.0,1.73,4.0,3.4,5.0,41.0,59.0,1.36,2.87,1.0,67,33,1.4,2.7,1.0,3,1,PREMATIPS
2025-08-30,15:00,Husqvarna , Ariana,21.0,35.0,44.0,3.4,3.5,1.85,6.0,36.0,64.0,1.63,2.1,1.0,60,40,1.6,2.2,1.0,0,0,PREMATIPS
2025-08-30,15:00,Lund , Norrby,32.0,32.0,36.0,2.5,3.3,2.37,0.0,43.0,57.0,1.66,2.05,1.0,54,46,1.57,2.2,1.0,2,1,PREMATIPS
2025-08-30,15:00,Skovde , Oskarshamns AIK,39.0,36.0,25.0,2.15,3.4,2.7,4.0,44.0,56.0,1.58,2.2,1.0,51,49,1.51,2.35,1.0,3,0,PREMATIPS
2025-08-30,15:30,Hansa Rostock , Hoffenheim II,40.0,31.0,29.0,1.85,3.7,3.6,1.0,62.0,38.0,1.62,2.25,0.0,52,48,1.57,2.25,1.0,0,1,PREMATIPS
2025-08-30,15:30,Uzbekistan , Oman,39.0,33.0,28.0,1.85,3.37,4.06,1.0,56.0,44.0,2.08,1.65,0.0,47,53,1.94,1.76,0.0,1,1,PREMATIPS
2025-08-30,15:30,Volendam , Ajax,6.0,84.0,10.0,7.5,5.5,1.36,6.0,43.0,57.0,1.4,2.88,1.0,63,37,1.67,2.1,1.0,1,1,PREMATIPS
2025-08-30,15:30,RKC Waalwijk , Almere City,34.0,30.0,36.0,2.7,3.5,2.35,5.0,57.0,43.0,1.67,2.15,0.0,53,47,1.57,2.25,1.0,2,0,PREMATIPS
2025-08-30,15:30,Arsimi Cegrane , Sileks Kratovo,22.0,35.0,43.0,6.0,3.8,1.46,2.0,35.0,65.0,1.98,1.72,1.0,39,61,2.15,1.6,0.0,0,1,PREMATIPS
2025-08-30,15:30,Bashkimi ,Lum,38.0,24.0,38.0,3.12,3.0,2.11,5.0,57.0,43.0,2.06,1.57,0.0,50,50,1.88,1.79,0.0,0,5,PREMATIPS
2025-08-30,15:30,Casa Pia , Nacional Madeira,37.0,32.0,31.0,2.1,3.2,3.3,4.0,60.0,40.0,2.25,1.62,0.0,33,67,1.95,1.8,0.0,0,2,PREMATIPS
2025-08-30,15:30,Feirense , Leixoes,35.0,33.0,32.0,2.55,3.0,3.0,4.0,55.0,45.0,2.25,1.62,0.0,48,52,1.91,1.8,0.0,2,0,PREMATIPS
2025-08-30,15:30,Povazska Bystrica , Tatran LM,33.0,32.0,35.0,2.7,3.2,2.3,5.0,49.0,51.0,2.0,1.71,1.0,71,29,1.82,1.87,1.0,2,2,PREMATIPS
2025-08-30,15:30,Stara Lubovna , Puchov,61.0,30.0,9.0,2.37,3.3,2.5,1.0,49.0,51.0,1.68,2.05,1.0,77,23,1.6,2.2,1.0,1,0,PREMATIPS
2025-08-30,15:30,STK Samorin , Petrzalka,28.0,38.0,34.0,2.35,3.5,2.4,6.0,49.0,51.0,1.62,2.15,1.0,71,29,1.57,2.25,1.0,1,1,PREMATIPS
2025-08-30,15:30,Zvolen , Inter Bratislava,53.0,22.0,25.0,2.05,3.6,2.8,1.0,43.0,57.0,1.65,2.1,1.0,77,23,1.62,2.15,1.0,1,1,PREMATIPS
2025-08-30,16:00,Flamurtari , Bylis Ballsh,43.0,35.0,22.0,1.48,3.48,6.05,1.0,95.0,5.0,2.14,1.53,0.0,5,95,2.28,1.55,0.0,3,3,PREMATIPS
2025-08-30,16:00,Ararat, Ararat,47.0,36.0,17.0,1.11,7.09,15.49,1.0,81.0,19.0,1.4,2.63,0.0,19,81,2.24,1.57,0.0,4,2,PREMATIPS
2025-08-30,16:00,LASK Linz , Ried,40.0,32.0,28.0,1.85,3.4,4.33,1.0,40.0,60.0,1.75,2.05,1.0,50,50,1.67,2.1,1.0,1,3,PREMATIPS
2025-08-30,16:00,RB Salzburg ,Weiss Linz,91.0,5.0,3.0,1.33,5.0,8.5,1.0,40.0,60.0,1.57,2.35,1.0,34,66,1.91,1.91,0.0,2,2,PREMATIPS
2025-08-30,16:00,Sloga Doboj , Zeljeznicar,38.0,9.0,53.0,2.55,3.1,2.5,2.0,71.0,29.0,2.25,1.57,0.0,45,55,1.98,1.73,0.0,0,0,PREMATIPS
2025-08-30,16:00,Chernom. Burgas , Spartak Pleven,43.0,35.0,22.0,1.43,3.81,6.17,1.0,68.0,32.0,1.88,1.7,0.0,61,39,2.12,1.64,1.0,2,0,PREMATIPS
2025-08-30,16:00,Sportist Svoge , Yantra Gabrovo,32.0,33.0,35.0,2.81,2.94,2.32,6.0,70.0,30.0,2.17,1.52,0.0,62,38,1.94,1.74,1.0,0,1,PREMATIPS
2025-08-30,16:00,Madagascar , Morocco,22.0,36.0,42.0,6.13,3.34,1.58,2.0,63.0,37.0,2.47,1.49,0.0,38,62,2.42,1.5,0.0,2,3,PREMATIPS
2025-08-30,16:00,Dukla Prague , Hradec Kralove,34.0,38.0,28.0,3.1,3.1,2.45,4.0,63.0,37.0,2.15,1.67,0.0,51,49,1.91,1.91,1.0,1,1,PREMATIPS
2025-08-30,16:00,Karvina , Teplice,38.0,31.0,31.0,2.05,3.5,3.5,0.0,37.0,63.0,1.83,1.98,1.0,53,47,1.7,2.05,1.0,4,1,PREMATIPS
2025-08-30,16:00,Pardubice , Bohemians 1905,23.0,6.0,71.0,3.0,3.5,2.25,2.0,46.0,54.0,1.84,1.84,1.0,57,43,1.7,2.05,1.0,1,1,PREMATIPS
2025-08-30,16:00,Slovacko , Jablonec,22.0,24.0,54.0,3.5,3.4,2.1,2.0,80.0,20.0,2.08,1.73,0.0,51,49,1.8,1.95,1.0,0,2,PREMATIPS
2025-08-30,16:00,El Gounah , ZED FC,31.0,34.0,35.0,3.0,2.7,2.35,6.0,83.0,17.0,3.0,1.34,0.0,27,73,2.4,1.49,0.0,1,1,PREMATIPS
2025-08-30,16:00,Lorient , Lille,31.0,31.0,38.0,3.25,3.5,2.15,0.0,53.0,47.0,1.88,1.98,0.0,27,73,1.7,2.05,0.0,1,7,PREMATIPS
2025-08-30,16:00,Diosgyori VTK , Puskas Akademia,31.0,30.0,39.0,3.3,3.8,1.95,5.0,7.0,93.0,1.53,2.4,1.0,87,13,1.5,2.5,1.0,1,1,PREMATIPS
2025-08-30,16:00,Riteriai , Dainava Alytus,36.0,21.0,43.0,2.3,3.25,2.55,6.0,44.0,56.0,1.83,1.85,1.0,51,49,1.67,2.08,1.0,2,1,PREMATIPS
2025-08-30,16:00,Dacia Buiucani , Politechnica UTM,46.0,31.0,23.0,1.19,5.26,11.11,1.0,34.0,66.0,1.52,2.24,1.0,45,55,2.19,1.6,0.0,4,1,PREMATIPS
2025-08-30,16:00,Arsenal Tivat , Jezero Plav,36.0,49.0,15.0,1.82,3.13,4.03,4.0,50.0,50.0,2.14,1.55,0.0,61,39,1.96,1.68,1.0,2,2,PREMATIPS
2025-08-30,16:00,Bendel Insurance , Shooting Stars,41.0,36.0,23.0,1.65,3.06,5.11,1.0,95.0,5.0,2.63,1.39,0.0,5,95,2.39,1.48,0.0,1,1,PREMATIPS
2025-08-30,16:00,Neftekhimik , FC Chelyabinsk,36.0,33.0,31.0,2.35,2.99,3.15,4.0,59.0,41.0,2.53,1.43,0.0,50,50,2.11,1.64,0.0,1,1,PREMATIPS
2025-08-30,16:00,Rotor Volgograd , Spartak Kostroma,39.0,34.0,27.0,1.93,3.12,4.19,1.0,59.0,41.0,2.47,1.42,0.0,50,50,2.25,1.57,0.0,1,2,PREMATIPS
2025-08-30,16:00,Alaves , Atletico Madrid,70.0,10.0,20.0,4.75,3.4,1.83,1.0,51.0,49.0,2.3,1.62,0.0,67,33,2.05,1.7,1.0,1,1,PREMATIPS
2025-08-30,16:00,R. Santander , Ceuta,91.0,4.0,5.0,1.49,4.2,5.75,1.0,35.0,65.0,1.67,2.15,1.0,51,49,1.73,2.0,1.0,4,1,PREMATIPS
2025-08-30,16:00,Pontevedra , Cacereno,39.0,33.0,28.0,2.0,3.0,3.5,1.0,67.0,33.0,2.38,1.53,0.0,33,67,2.1,1.67,0.0,1,1,PREMATIPS
2025-08-30,16:00,Metalist 1925 , Rukh Lviv,39.0,33.0,28.0,1.85,3.3,4.33,1.0,39.0,61.0,2.25,1.55,1.0,62,38,2.05,1.68,1.0,2,0,PREMATIPS
2025-08-30,16:30,BATE Borisov , Dinamo Minsk,29.0,24.0,47.0,5.25,3.75,1.52,6.0,47.0,53.0,1.85,1.83,1.0,48,52,1.95,1.73,0.0,2,2,PREMATIPS
2025-08-30,16:30,AFAD Djekanou , ISCA Abidjan,38.0,34.0,28.0,1.92,2.89,3.66,4.0,73.0,27.0,2.37,1.37,0.0,12,88,2.0,1.47,0.0,1,0,PREMATIPS
2025-08-30,16:30,HS Kromeriz , Pribram,36.0,31.0,33.0,2.15,3.6,2.7,5.0,32.0,68.0,1.67,2.1,1.0,59,41,1.62,2.2,1.0,1,2,PREMATIPS
2025-08-30,16:30,Zaglebie Lubin , Piast Gliwice,42.0,46.0,12.0,2.5,2.9,2.8,4.0,62.0,38.0,2.15,1.67,0.0,45,55,1.8,1.95,0.0,2,2,PREMATIPS
2025-08-30,16:30,Al,Shamal SC,28.0,31.0,41.0,4.1,3.6,1.66,2.0,53.0,47.0,1.61,2.15,0.0,50,50,1.63,2.1,1.0,1,2,PREMATIPS
2025-08-30,16:30,Spartak Moscow , Sochi,76.0,21.0,3.0,1.3,5.6,11.3,1.0,44.0,56.0,1.68,2.25,1.0,52,48,2.15,1.65,1.0,2,1,PREMATIPS
2025-08-30,16:30,Golden Arrows , Kaizer Chiefs,28.0,34.0,38.0,3.5,3.0,2.1,6.0,78.0,22.0,2.55,1.44,0.0,34,66,2.25,1.57,0.0,0,1,PREMATIPS
2025-08-30,16:30,Sekhukhune Utd , Durban City,31.0,45.0,24.0,2.0,2.9,3.9,4.0,86.0,14.0,2.7,1.4,0.0,25,75,2.35,1.51,0.0,2,0,PREMATIPS
2025-08-30,16:30,Cosmos , Tre Fiori,37.0,30.0,33.0,2.4,3.1,2.55,5.0,95.0,5.0,1.7,2.0,0.0,8,92,1.55,2.15,0.0,0,1,PREMATIPS
2025-08-30,16:30,Folgore , Cailungo,45.0,32.0,23.0,1.44,3.9,6.0,1.0,95.0,5.0,1.61,2.15,0.0,8,92,1.67,1.99,0.0,3,0,PREMATIPS
2025-08-30,16:30,Pennarossa , Domagnano,30.0,32.0,38.0,3.3,3.3,1.93,6.0,95.0,5.0,1.65,2.1,0.0,8,92,1.65,2.05,0.0,0,4,PREMATIPS
2025-08-30,16:30,Mjallby , Halmstad,61.0,25.0,14.0,1.39,5.0,6.0,1.0,49.0,51.0,1.75,2.05,1.0,51,49,2.0,1.75,1.0,1,0,PREMATIPS
2025-08-30,16:45,Unirea Slobozia , U Cluj,36.0,32.0,32.0,3.5,3.25,2.0,0.0,50.0,50.0,2.05,1.75,0.0,64,36,1.83,1.83,1.0,0,1,PREMATIPS
2025-08-30,16:55,Al,Fayha,38.0,31.0,31.0,2.05,3.5,3.4,0.0,84.0,16.0,1.75,2.05,0.0,16,84,1.67,2.1,0.0,1,2,PREMATIPS
2025-08-30,17:00,CR Belouizdad , Paradou AC,44.0,36.0,20.0,1.43,3.9,6.25,1.0,93.0,7.0,2.05,1.68,0.0,14,86,2.3,1.55,0.0,1,0,PREMATIPS
2025-08-30,17:00,Spartak Varna , Lokomotiv Pd,7.0,74.0,19.0,3.9,3.6,1.81,6.0,70.0,30.0,2.05,1.75,0.0,54,46,1.91,1.8,1.0,1,2,PREMATIPS
2025-08-30,17:00,Hebar , Lokomotiv GO,42.0,34.0,24.0,1.53,3.48,5.39,1.0,60.0,40.0,2.1,1.55,0.0,54,46,2.17,1.58,1.0,1,2,PREMATIPS
2025-08-30,17:00,Ludogorets II , Dunav Ruse,24.0,24.0,52.0,2.84,2.96,2.29,2.0,62.0,38.0,2.1,1.56,0.0,37,63,1.84,1.82,0.0,1,3,PREMATIPS
2025-08-30,17:00,Ol. Nicosia , Anorthosis,29.0,33.0,38.0,3.4,3.3,1.9,6.0,86.0,14.0,1.9,1.78,0.0,9,91,1.78,1.9,0.0,2,1,PREMATIPS
2025-08-30,17:00,Omonia Aradippou , Aris Limassol,20.0,34.0,46.0,8.75,5.25,1.25,2.0,53.0,47.0,1.55,2.25,0.0,42,58,2.0,1.68,0.0,0,1,PREMATIPS
2025-08-30,17:00,Zbrojovka Brno , Opava,43.0,34.0,23.0,1.62,3.5,4.75,1.0,44.0,56.0,1.7,2.1,1.0,52,48,1.67,2.1,1.0,-,-,PREMATIPS
2025-08-30,17:00,Parnu Vaprus , Paide,32.0,19.0,49.0,3.4,3.5,1.82,2.0,36.0,64.0,1.55,2.25,1.0,53,47,1.53,2.3,1.0,1,0,PREMATIPS
2025-08-30,17:00,Dila Gori , Telavi,64.0,17.0,19.0,1.36,4.2,7.25,1.0,57.0,43.0,1.62,2.15,0.0,45,55,1.85,1.83,0.0,1,0,PREMATIPS
2025-08-30,17:00,Volos , Olympiacos,16.0,38.0,46.0,13.0,4.75,1.24,2.0,95.0,5.0,1.95,1.85,0.0,5,95,2.63,1.44,0.0,0,2,PREMATIPS
2025-08-30,17:00,Selfoss , Thor Akureyri,24.0,13.0,63.0,4.8,4.5,1.46,2.0,34.0,66.0,1.39,2.75,1.0,64,36,1.53,2.35,1.0,3,2,PREMATIPS
2025-08-30,17:00,Renate , Giana Erminio,33.0,34.0,33.0,2.55,2.75,2.7,0.0,84.0,16.0,2.45,1.47,0.0,19,81,2.05,1.65,0.0,1,1,PREMATIPS
2025-08-30,17:00,Triestina , Lecco,34.0,32.0,34.0,2.45,3.0,2.6,0.0,50.0,50.0,2.4,1.5,0.0,52,48,2.1,1.65,1.0,1,1,PREMATIPS
2025-08-30,17:00,Bra , Perugia,30.0,33.0,37.0,3.25,3.1,2.05,6.0,95.0,5.0,2.2,1.58,0.0,8,92,1.98,1.72,0.0,2,2,PREMATIPS
2025-08-30,17:00,Campobasso , Torres,31.0,33.0,36.0,3.0,2.95,2.2,6.0,62.0,38.0,2.2,1.58,0.0,41,59,1.95,1.75,0.0,2,1,PREMATIPS
2025-08-30,17:00,Cavese 1919 , Catania,28.0,34.0,38.0,3.8,3.0,1.88,6.0,46.0,54.0,2.25,1.55,1.0,18,82,2.05,1.66,0.0,0,1,PREMATIPS
2025-08-30,17:00,Suduva , Hegelmann,36.0,25.0,39.0,2.4,3.1,2.6,5.0,47.0,53.0,2.05,1.66,1.0,45,55,1.79,1.9,0.0,2,1,PREMATIPS
2025-08-30,17:00,Jedinstvo , Mornar Bar,36.0,32.0,32.0,2.65,3.1,2.35,0.0,42.0,58.0,1.9,1.78,1.0,61,39,1.73,1.98,1.0,2,1,PREMATIPS
2025-08-30,17:00,Valerenga Oslo , Bryne,50.0,23.0,27.0,1.7,4.1,4.33,1.0,46.0,54.0,1.62,2.25,1.0,56,44,1.67,2.1,1.0,3,2,PREMATIPS
2025-08-30,17:00,Thun , Grasshopper,66.0,26.0,8.0,1.81,3.75,3.8,1.0,16.0,84.0,1.6,2.3,1.0,84,16,1.57,2.25,1.0,1,1,PREMATIPS
2025-08-30,17:00,Winterthur , Zurich,15.0,62.0,23.0,3.1,3.6,2.05,6.0,25.0,75.0,1.65,2.2,1.0,75,25,1.53,2.38,1.0,1,3,PREMATIPS
2025-08-30,17:00,Lausanne, Etoile Carouge,44.0,46.0,10.0,1.55,3.9,4.5,4.0,49.0,51.0,1.58,2.2,1.0,65,35,1.66,2.05,1.0,2,0,PREMATIPS
2025-08-30,17:00,Komarno , Skalica,35.0,31.0,34.0,2.35,3.4,2.65,5.0,27.0,73.0,1.68,2.05,1.0,73,27,1.6,2.2,1.0,1,0,PREMATIPS
2025-08-30,17:00,Tatran Presov , Trencin,15.0,43.0,42.0,1.73,3.7,4.0,6.0,47.0,53.0,1.7,2.0,1.0,53,47,1.68,2.0,1.0,2,3,PREMATIPS
2025-08-30,17:00,Kasimpasa , Gaziantep,40.0,30.0,30.0,1.92,3.8,3.2,1.0,32.0,68.0,1.67,2.15,1.0,41,59,1.62,2.2,0.0,2,3,PREMATIPS
2025-08-30,17:00,Kocaelispor , Kayserispor,37.0,32.0,31.0,2.05,3.3,3.5,4.0,55.0,45.0,1.95,1.85,0.0,41,59,1.73,2.0,0.0,1,1,PREMATIPS
2025-08-30,17:00,Sakaryaspor , Boluspor,36.0,32.0,32.0,2.9,3.3,2.25,0.0,38.0,62.0,2.05,1.75,1.0,87,13,1.8,1.91,1.0,1,4,PREMATIPS
2025-08-30,17:00,Umraniyespor , Esenler Erokspor,34.0,31.0,35.0,2.75,3.25,2.3,5.0,49.0,51.0,1.95,1.85,1.0,54,46,1.73,2.0,1.0,0,2,PREMATIPS
2025-08-30,17:10,Tristan Suarez , CA All Boys,28.0,51.0,21.0,1.96,3.1,4.1,4.0,74.0,26.0,3.1,1.36,0.0,38,62,2.63,1.44,0.0,2,0,PREMATIPS
2025-08-30,17:15,Westerlo , Royal Antwerp,13.0,44.0,43.0,2.15,3.4,3.2,6.0,47.0,53.0,1.7,2.1,1.0,77,23,1.57,2.25,1.0,2,0,PREMATIPS
2025-08-30,17:15,07 Vestur , B36 Torshavn,29.0,6.0,65.0,3.4,3.6,1.82,2.0,29.0,71.0,1.49,2.4,1.0,61,39,1.49,2.45,1.0,0,1,PREMATIPS
2025-08-30,17:15,Haverfordwest , Caernarfon Town,16.0,45.0,39.0,2.2,3.3,2.7,6.0,51.0,49.0,1.77,1.93,0.0,55,45,1.66,2.05,1.0,1,1,PREMATIPS
2025-08-30,17:30,Araz, Gabala,42.0,34.0,24.0,1.8,3.2,3.9,1.0,54.0,46.0,2.25,1.57,0.0,87,13,2.1,1.65,1.0,2,1,PREMATIPS
2025-08-30,17:30,Huachipato , Coquimbo Unido,31.0,18.0,51.0,3.7,3.25,1.96,2.0,50.0,50.0,2.25,1.62,0.0,45,55,2.0,1.73,0.0,0,1,PREMATIPS
2025-08-30,17:30,Leeds Utd , Newcastle Utd,31.0,31.0,38.0,3.4,3.4,2.15,0.0,54.0,46.0,1.98,1.88,0.0,28,72,1.75,2.0,0.0,0,0,PREMATIPS
2025-08-30,17:30,Brackley Town , Scunthorpe Utd,38.0,32.0,30.0,2.05,3.2,3.5,4.0,42.0,58.0,1.95,1.85,1.0,74,26,1.75,2.0,1.0,1,1,PREMATIPS
2025-08-30,17:30,Augsburg , Bayern Munchen,21.0,33.0,46.0,8.5,6.0,1.3,2.0,10.0,90.0,1.44,2.75,1.0,53,47,1.75,2.0,1.0,2,3,PREMATIPS
2025-08-30,17:30,Panserraikos , OFI Crete,32.0,32.0,36.0,2.75,3.4,2.35,0.0,95.0,5.0,1.98,1.83,0.0,5,95,1.75,2.0,0.0,0,1,PREMATIPS
2025-08-30,17:30,Bologna , Como,35.0,33.0,32.0,2.55,3.2,2.88,4.0,92.0,8.0,2.1,1.73,0.0,13,87,1.8,1.95,0.0,1,0,PREMATIPS
2025-08-30,17:30,Parma , Atalanta,28.0,33.0,39.0,4.5,3.6,1.8,6.0,92.0,8.0,1.93,1.93,0.0,47,53,1.8,1.95,0.0,1,1,PREMATIPS
2025-08-30,17:30,Hamilton , Cove Rangers,86.0,5.0,9.0,1.9,3.5,3.5,1.0,48.0,52.0,1.8,2.0,1.0,49,51,1.73,2.0,0.0,0,0,PREMATIPS
2025-08-30,17:30,Al, Al Ittihad Kalba,43.0,31.0,26.0,1.43,4.32,5.34,1.0,36.0,64.0,1.46,2.53,1.0,60,40,1.57,2.2,1.0,1,1,PREMATIPS
2025-08-30,17:30,Liverpool M. , Defensor Sp.,38.0,33.0,29.0,2.15,3.1,3.4,4.0,61.0,39.0,2.35,1.57,0.0,30,70,2.0,1.73,0.0,2,0,PREMATIPS
2025-08-30,17:45,Vukovar 1991 , Slaven Belupo,32.0,43.0,25.0,3.0,3.25,2.1,4.0,43.0,57.0,2.08,1.73,1.0,47,53,1.8,1.91,0.0,1,2,PREMATIPS
2025-08-30,17:45,Heerenveen , Go Ahead Eagles,16.0,65.0,19.0,2.15,3.8,3.1,6.0,21.0,79.0,1.57,2.35,1.0,74,26,1.5,2.5,1.0,2,2,PREMATIPS
2025-08-30,18:00,Chacarita Jrs , Atletico Mitre,38.0,35.0,27.0,2.3,2.82,3.5,4.0,76.0,24.0,3.5,1.3,0.0,27,73,2.63,1.44,0.0,2,2,PREMATIPS
2025-08-30,18:00,RSD Alcala , Salamanca UDS,29.0,31.0,40.0,3.72,3.63,1.77,2.0,48.0,52.0,1.76,1.93,1.0,53,47,1.71,1.99,1.0,2,0,PREMATIPS
2025-08-30,18:00,Nantes , Auxerre,36.0,33.0,31.0,2.35,3.2,3.1,4.0,70.0,30.0,2.2,1.67,0.0,27,73,1.95,1.8,0.0,1,0,PREMATIPS
2025-08-30,18:00,Juve Stabia , Venezia,32.0,33.0,35.0,3.1,3.25,2.25,6.0,52.0,48.0,2.2,1.65,0.0,87,13,1.95,1.8,1.0,0,0,PREMATIPS
2025-08-30,18:00,Mantova , Pescara,37.0,32.0,31.0,2.05,3.2,3.6,4.0,52.0,48.0,2.08,1.73,0.0,54,46,1.8,1.95,1.0,2,1,PREMATIPS
2025-08-30,18:00,Zimbru Chisinau , Spartanii,47.0,35.0,18.0,1.06,8.01,22.07,1.0,27.0,73.0,1.29,2.83,1.0,43,57,2.61,1.39,0.0,5,0,PREMATIPS
2025-08-30,18:00,AVS Futebol SAD , Famalicao,26.0,34.0,40.0,4.2,3.5,1.81,2.0,49.0,51.0,2.2,1.65,1.0,33,67,2.05,1.7,0.0,0,1,PREMATIPS
2025-08-30,18:00,V. Guimaraes , Arouca,41.0,32.0,27.0,1.71,3.7,4.5,1.0,27.0,73.0,2.0,1.85,1.0,44,56,1.91,1.91,0.0,1,1,PREMATIPS
2025-08-30,18:00,Benfica B , Portimonense,39.0,32.0,29.0,1.85,3.8,3.75,1.0,66.0,34.0,1.9,1.9,0.0,82,18,1.8,1.91,1.0,1,2,PREMATIPS
2025-08-30,18:00,Real Oviedo , Real Sociedad,30.0,33.0,37.0,3.32,3.09,2.31,6.0,51.0,49.0,2.4,1.55,0.0,50,50,2.0,1.74,0.0,1,0,PREMATIPS
2025-08-30,18:00,Valladolid , Cordoba,85.0,4.0,11.0,1.91,3.5,3.8,1.0,35.0,65.0,1.93,1.88,1.0,51,49,1.73,2.0,1.0,0,0,PREMATIPS
2025-08-30,18:00,TSC Backa Topola , Javor Ivanjica,68.0,24.0,8.0,1.46,3.9,5.75,1.0,51.0,49.0,1.88,1.8,0.0,45,55,2.05,1.66,0.0,2,2,PREMATIPS
2025-08-30,18:15,Hapoel Haifa , Hapoel Jerusalem,35.0,32.0,33.0,2.4,3.2,2.75,5.0,39.0,61.0,1.95,1.85,1.0,55,45,1.73,2.0,1.0,2,1,PREMATIPS
2025-08-30,18:15,Kiryat Shmona , H. Petah Tikva,36.0,32.0,32.0,2.3,3.1,2.9,0.0,39.0,61.0,2.0,1.8,1.0,55,45,1.73,2.0,1.0,0,0,PREMATIPS
2025-08-30,18:15,M. Bnei Reineh , Hapoel Tel Aviv,27.0,32.0,41.0,4.33,3.7,1.67,2.0,6.0,94.0,2.0,1.8,1.0,55,45,1.83,1.83,1.0,2,2,PREMATIPS
2025-08-30,18:15,Sabadell , Eldense,34.0,33.0,33.0,2.15,3.1,3.1,0.0,67.0,33.0,2.5,1.5,0.0,33,67,2.2,1.62,0.0,0,0,PREMATIPS
2025-08-30,18:30,Grazer AK , Sturm Graz,18.0,45.0,37.0,4.75,3.8,1.57,2.0,43.0,57.0,1.67,2.15,1.0,64,36,1.7,2.05,1.0,0,3,PREMATIPS
2025-08-30,18:30,Torpedo Zhodino , Dinamo Brest,32.0,34.0,34.0,2.05,3.1,3.2,6.0,53.0,47.0,2.15,1.61,0.0,47,53,1.95,1.75,0.0,2,0,PREMATIPS
2025-08-30,18:30,B68 Toftir , Vikingur Gota,28.0,21.0,51.0,5.0,4.2,1.47,2.0,40.0,60.0,1.55,2.3,1.0,58,42,1.66,2.05,1.0,2,2,PREMATIPS
2025-08-30,18:30,Ujpest , MTK Budapest,68.0,9.0,23.0,1.95,3.7,3.6,1.0,34.0,66.0,1.65,2.2,1.0,74,26,1.57,2.25,1.0,1,2,PREMATIPS
2025-08-30,18:30,H. Beer Sheva , Ironi Tiberias,46.0,35.0,19.0,1.2,6.0,9.5,1.0,39.0,61.0,1.48,2.6,1.0,55,45,2.0,1.73,1.0,7,0,PREMATIPS
2025-08-30,18:30,M.S. Ashdod , Bnei Sakhnin,39.0,33.0,28.0,1.85,3.4,3.9,1.0,6.0,94.0,2.1,1.7,1.0,88,12,1.91,1.8,1.0,1,2,PREMATIPS
2025-08-30,18:30,Gornik Leczna , Stal Rzeszow,27.0,38.0,35.0,2.2,3.5,2.8,6.0,27.0,73.0,1.67,2.15,1.0,72,28,1.57,2.25,1.0,0,4,PREMATIPS
2025-08-30,18:30,Polonia Warszawa , Pogon Grodzisk M.,26.0,34.0,40.0,1.85,4.1,3.25,6.0,32.0,68.0,1.53,2.4,1.0,72,28,1.53,2.38,1.0,2,1,PREMATIPS
2025-08-30,18:30,Znicz Pruszkow , Pogon Siedlce,18.0,20.0,62.0,2.75,3.25,2.25,2.0,51.0,49.0,1.83,1.98,0.0,48,52,1.67,2.1,0.0,0,1,PREMATIPS
2025-08-30,18:30,Qatar SC ,Ahli Doha,90.0,5.0,3.0,2.2,3.4,2.6,1.0,69.0,31.0,1.62,2.15,0.0,33,67,1.55,2.25,0.0,2,0,PREMATIPS
2025-08-30,18:30,Girona , Sevilla,35.0,32.0,33.0,2.55,3.0,3.0,5.0,18.0,82.0,2.3,1.62,1.0,67,33,1.95,1.8,1.0,0,2,PREMATIPS
2025-08-30,18:30,Merida AD , Barakaldo,37.0,33.0,30.0,1.95,3.1,3.6,4.0,67.0,33.0,2.25,1.62,0.0,33,67,2.0,1.73,0.0,1,0,PREMATIPS
2025-08-30,18:30,Unionistas , Osasuna B,39.0,33.0,28.0,1.9,3.25,3.6,1.0,67.0,33.0,2.2,1.65,0.0,33,67,2.0,1.73,0.0,0,1,PREMATIPS
2025-08-30,18:30,Zamora CF , Celta Fortuna,39.0,33.0,28.0,1.83,3.3,3.9,1.0,67.0,33.0,2.05,1.75,0.0,33,67,1.83,1.83,0.0,0,0,PREMATIPS
2025-08-30,18:30,Juv. Torremolinos , CE Europa,35.0,34.0,31.0,2.3,2.9,3.0,4.0,67.0,33.0,2.5,1.5,0.0,33,67,2.1,1.67,0.0,0,1,PREMATIPS
2025-08-30,18:30,Partizan , Radnik Surdulica,78.0,8.0,14.0,1.31,4.8,7.25,1.0,44.0,56.0,1.57,2.25,1.0,59,41,1.9,1.78,1.0,2,0,PREMATIPS
2025-08-30,18:45,San Lorenzo , Atl. Huracan,35.0,35.0,30.0,2.45,2.65,3.5,4.0,66.0,34.0,4.0,1.25,0.0,36,64,3.0,1.36,0.0,0,0,PREMATIPS
2025-08-30,18:45,Rostov , Akhmat Grozny,31.0,19.0,50.0,2.2,3.37,3.45,2.0,50.0,50.0,2.22,1.7,0.0,52,48,1.91,1.84,1.0,1,1,PREMATIPS
2025-08-30,19:00,Egnatia , Elbasani,40.0,34.0,26.0,1.93,3.09,3.65,1.0,95.0,5.0,2.2,1.54,0.0,5,95,1.93,1.76,0.0,1,1,PREMATIPS
2025-08-30,19:00,Partizani , Teuta Durres,39.0,34.0,27.0,1.79,3.0,4.44,1.0,95.0,5.0,2.23,1.52,0.0,5,95,2.14,1.62,0.0,0,0,PREMATIPS
2025-08-30,19:00,ASO Chlef , USM Khenchela,41.0,35.0,24.0,1.71,3.1,4.75,1.0,93.0,7.0,2.6,1.43,0.0,48,52,2.45,1.49,0.0,1,2,PREMATIPS
2025-08-30,19:00,ES Mostaganem , CS Constantine,35.0,34.0,31.0,2.37,2.75,2.95,4.0,93.0,7.0,2.65,1.42,0.0,14,86,2.2,1.58,0.0,2,0,PREMATIPS
2025-08-30,19:00,Sturm Graz II , Floridsdorfer AC,13.0,47.0,40.0,3.0,3.5,2.05,6.0,42.0,58.0,1.68,2.05,1.0,59,41,1.6,2.15,1.0,0,2,PREMATIPS
2025-08-30,19:00,SV Stripfing , Kapfenberg,30.0,10.0,60.0,2.1,3.5,3.0,2.0,50.0,50.0,1.61,2.15,1.0,51,49,1.55,2.25,1.0,0,1,PREMATIPS
2025-08-30,19:00,Eupen , RSCA Futures,39.0,31.0,30.0,1.85,3.4,3.6,1.0,59.0,41.0,1.7,2.1,0.0,52,48,1.62,2.2,1.0,1,0,PREMATIPS
2025-08-30,19:00,Lommel , Lokeren,86.0,11.0,3.0,2.15,3.25,3.0,1.0,42.0,58.0,1.85,1.95,1.0,47,53,1.67,2.1,0.0,3,1,PREMATIPS
2025-08-30,19:00,RFC Liege , Patro Eisden,32.0,31.0,37.0,2.4,3.4,2.5,5.0,64.0,36.0,1.93,1.88,0.0,36,64,1.73,2.0,0.0,0,2,PREMATIPS
2025-08-30,19:00,Seraing , Olympic Charleroi,35.0,30.0,35.0,2.35,3.8,2.38,5.0,42.0,58.0,1.75,2.05,1.0,36,64,1.62,2.2,0.0,3,1,PREMATIPS
2025-08-30,19:00,Mlada Boleslav , Slavia Prague,14.0,32.0,54.0,8.5,5.75,1.3,2.0,36.0,64.0,1.48,2.6,1.0,61,39,1.8,1.95,1.0,1,3,PREMATIPS
2025-08-30,19:00,Al Ahly Cairo , Pyramids,40.0,33.0,27.0,1.87,3.28,3.82,1.0,52.0,48.0,1.98,1.7,0.0,49,51,1.87,1.81,0.0,0,2,PREMATIPS
2025-08-30,19:00,El Ismaily , Ghazl El Mahalla,15.0,70.0,15.0,3.0,2.6,2.45,0.0,91.0,9.0,3.2,1.3,0.0,10,90,2.5,1.46,0.0,0,3,PREMATIPS
2025-08-30,19:00,Cornella , Sant Andreu,28.0,32.0,40.0,3.25,3.35,1.97,2.0,55.0,45.0,1.98,1.7,0.0,48,52,1.84,1.84,0.0,0,2,PREMATIPS
2025-08-30,19:00,Saint Etienne , Grenoble Foot,43.0,33.0,24.0,1.42,4.1,7.0,1.0,43.0,57.0,1.67,2.15,1.0,61,39,1.83,1.83,1.0,1,1,PREMATIPS
2025-08-30,19:00,Aris , Panetolikos,43.0,33.0,24.0,1.45,4.2,6.5,1.0,95.0,5.0,2.0,1.8,0.0,5,95,2.2,1.62,0.0,0,2,PREMATIPS
2025-08-30,19:00,Sutjeska Niksic , Bokelj Kotor,41.0,49.0,10.0,1.7,3.3,4.33,4.0,50.0,50.0,2.1,1.65,0.0,61,39,2.0,1.7,1.0,5,2,PREMATIPS
2025-08-30,19:00,PSV Eindhoven , Telstar,48.0,34.0,18.0,1.09,10.0,17.0,1.0,43.0,57.0,1.2,4.33,1.0,52,48,1.91,1.91,1.0,0,2,PREMATIPS
2025-08-30,19:00,Orbit College , TS Galaxy,32.0,4.0,64.0,3.4,2.8,2.25,2.0,78.0,22.0,2.9,1.36,0.0,17,83,2.4,1.5,0.0,1,3,PREMATIPS
2025-08-30,19:00,Al,Ittihad,24.0,32.0,44.0,5.5,3.7,1.57,2.0,84.0,16.0,1.65,2.2,0.0,16,84,1.73,2.0,0.0,2,5,PREMATIPS
2025-08-30,19:00,Al,Najma Unaizah,46.0,33.0,21.0,1.33,5.75,6.25,1.0,84.0,16.0,1.44,2.63,0.0,16,84,1.73,2.0,0.0,3,1,PREMATIPS
2025-08-30,19:15,Slavia Sofia , CSKA Sofia,43.0,41.0,16.0,6.25,4.0,1.43,4.0,64.0,36.0,1.9,1.9,0.0,45,55,2.0,1.73,0.0,2,2,PREMATIPS
2025-08-30,19:15,Gornik Zabrze , Motor Lublin,69.0,19.0,12.0,1.7,3.85,4.21,1.0,47.0,53.0,1.63,2.16,1.0,43,57,1.62,2.16,0.0,0,1,PREMATIPS
2025-08-30,19:15,NK Radomlje , Bravo,50.0,16.0,34.0,3.7,3.5,1.85,1.0,28.0,72.0,1.77,1.9,1.0,63,37,1.71,2.0,1.0,0,6,PREMATIPS
2025-08-30,19:30,San Telmo , Chaco For Ever,35.0,34.0,31.0,2.6,2.77,2.8,4.0,68.0,32.0,2.7,1.44,0.0,36,64,2.25,1.57,0.0,0,2,PREMATIPS
2025-08-30,19:30,Talleres RdE , Def. Unidos,42.0,25.0,33.0,2.01,3.0,4.1,4.0,70.0,30.0,2.88,1.4,0.0,33,67,2.5,1.5,0.0,0,1,PREMATIPS
2025-08-30,19:30,F. Dusseldorf , Karlsruher,18.0,39.0,43.0,2.25,3.7,2.9,6.0,51.0,49.0,1.6,2.3,0.0,50,50,1.5,2.5,1.0,0,0,PREMATIPS
2025-08-30,19:30,AEL Larissa , Kifisia,37.0,33.0,30.0,2.15,2.85,3.7,4.0,62.0,38.0,2.88,1.4,0.0,38,62,2.25,1.57,0.0,1,1,PREMATIPS
2025-08-30,19:30,Longford Town , Wexford,41.0,25.0,34.0,2.65,3.3,2.25,4.0,53.0,47.0,1.66,2.05,0.0,49,51,1.58,2.2,0.0,2,2,PREMATIPS
2025-08-30,19:30,Din. Bucuresti , Hermannstadt,32.0,54.0,14.0,1.83,3.4,3.9,4.0,59.0,41.0,2.15,1.67,0.0,59,41,1.91,1.8,1.0,2,0,PREMATIPS
2025-08-30,19:30,Sion , Basel,29.0,31.0,40.0,4.0,4.1,1.63,2.0,19.0,81.0,1.57,2.35,1.0,70,30,1.57,2.25,1.0,0,1,PREMATIPS
2025-08-30,19:30,Z. Podbrezova , Z. Michalovce,40.0,27.0,33.0,1.78,3.7,3.75,4.0,34.0,66.0,1.71,1.98,1.0,73,27,1.7,2.0,1.0,2,2,PREMATIPS
2025-08-30,19:30,Antalyaspor , Fatih Karagumruk,40.0,34.0,26.0,1.78,3.4,4.2,1.0,55.0,45.0,2.05,1.75,0.0,24,76,1.83,1.83,0.0,1,2,PREMATIPS
2025-08-30,19:30,Galatasaray , Caykur Rizespor,46.0,33.0,21.0,1.13,7.0,11.0,1.0,32.0,68.0,1.29,3.6,1.0,13,87,1.62,2.2,0.0,3,1,PREMATIPS
2025-08-30,19:30,Hatayspor , Istanbulspor,34.0,31.0,35.0,2.6,3.5,2.4,5.0,61.0,39.0,1.65,2.2,0.0,65,35,1.53,2.38,1.0,1,1,PREMATIPS
2025-08-30,19:30,Manisa , Igdir FK,27.0,33.0,40.0,3.7,3.3,1.9,2.0,38.0,62.0,1.95,1.85,1.0,76,24,1.8,1.91,1.0,1,1,PREMATIPS
2025-08-30,19:45,Charleroi , Dender,41.0,33.0,26.0,1.7,3.6,5.0,1.0,77.0,23.0,1.85,1.95,0.0,50,50,1.8,1.95,1.0,3,1,PREMATIPS
2025-08-30,19:45,Sligo Rovers , Bohemians,32.0,22.0,46.0,4.33,3.75,1.75,6.0,51.0,49.0,1.85,1.95,0.0,46,54,1.8,1.95,0.0,0,0,PREMATIPS
2025-08-30,19:45,Napoli , Cagliari,45.0,36.0,19.0,1.4,4.33,8.5,1.0,92.0,8.0,2.1,1.73,0.0,47,53,2.25,1.57,0.0,1,0,PREMATIPS
2025-08-30,19:45,Pisa , Roma,26.0,33.0,41.0,5.25,3.5,1.73,2.0,92.0,8.0,2.1,1.73,0.0,47,53,1.95,1.8,0.0,0,1,PREMATIPS
2025-08-30,20:00,Velez Mostar , Posusje,41.0,39.0,20.0,1.4,4.2,6.25,4.0,61.0,39.0,1.73,1.95,0.0,49,51,1.98,1.72,0.0,0,1,PREMATIPS
2025-08-30,20:00,SA Bulo Bulo , U. de Vinto,38.0,31.0,31.0,2.0,3.33,3.23,0.0,41.0,59.0,1.54,2.32,1.0,63,37,1.45,2.52,1.0,2,0,PREMATIPS
2025-08-30,20:00,Ceara CE , Juventude RS,57.0,19.0,24.0,1.67,3.6,5.5,1.0,57.0,43.0,2.25,1.62,0.0,42,58,2.1,1.67,0.0,0,1,PREMATIPS
2025-08-30,20:00,CRB AL , Paysandu PA,47.0,27.0,26.0,1.63,3.4,5.0,1.0,69.0,31.0,2.15,1.67,0.0,44,56,2.0,1.73,0.0,2,0,PREMATIPS
2025-08-30,20:00,O'Higgins , Audax Italiano,34.0,27.0,39.0,1.88,3.4,3.5,5.0,58.0,42.0,2.03,1.78,0.0,50,50,1.83,1.83,1.0,3,2,PREMATIPS
2025-08-30,20:00,Boyaca Chico , Union Magdalena,27.0,39.0,34.0,1.83,3.2,4.75,6.0,60.0,40.0,2.5,1.5,0.0,51,49,2.25,1.57,1.0,1,0,PREMATIPS
2025-08-30,20:00,Varazdin , Dinamo Zagreb,20.0,43.0,37.0,6.5,4.1,1.44,2.0,51.0,49.0,1.93,1.88,0.0,39,61,2.1,1.67,0.0,2,2,PREMATIPS
2025-08-30,20:00,Ind. del Valle , Tecnico Un.,52.0,30.0,18.0,1.39,4.33,7.5,1.0,54.0,46.0,1.95,1.85,0.0,59,41,2.1,1.67,1.0,4,0,PREMATIPS
2025-08-30,20:00,Cesena , Entella,37.0,34.0,29.0,2.1,2.72,3.8,4.0,52.0,48.0,2.7,1.44,0.0,87,13,2.2,1.62,1.0,1,1,PREMATIPS
2025-08-30,20:00,Palermo , Frosinone,41.0,33.0,26.0,1.53,3.6,5.75,1.0,52.0,48.0,1.8,2.0,0.0,54,46,1.8,1.95,1.0,0,0,PREMATIPS
2025-08-30,20:00,Spezia , Catanzaro,41.0,33.0,26.0,1.67,3.6,4.5,1.0,85.0,15.0,2.2,1.65,0.0,54,46,2.05,1.7,1.0,0,0,PREMATIPS
2025-08-30,20:00,Gubbio , Sambenedettese,36.0,35.0,29.0,1.95,2.85,3.8,4.0,95.0,5.0,2.65,1.42,0.0,8,92,2.3,1.55,0.0,1,1,PREMATIPS
2025-08-30,20:00,Juve Next Gen , Livorno,37.0,32.0,31.0,2.05,3.2,3.1,4.0,95.0,5.0,2.0,1.71,0.0,41,59,1.83,1.85,0.0,2,1,PREMATIPS
2025-08-30,20:00,Foggia , Sorrento,31.0,32.0,37.0,3.1,3.1,2.05,6.0,46.0,54.0,2.15,1.6,1.0,18,82,1.98,1.73,0.0,1,0,PREMATIPS
2025-08-30,20:00,Potenza , Audace Cerignola,31.0,33.0,36.0,3.1,3.0,2.15,6.0,13.0,87.0,2.15,1.62,1.0,84,16,1.9,1.78,1.0,0,0,PREMATIPS
2025-08-30,20:00,Trapani , Latina,41.0,34.0,25.0,1.53,3.6,5.25,1.0,79.0,21.0,2.0,1.7,0.0,18,82,2.1,1.63,0.0,6,0,PREMATIPS
2025-08-30,20:00,Excelsior , Twente,29.0,31.0,40.0,3.7,3.9,1.85,2.0,32.0,68.0,1.62,2.25,1.0,52,48,1.57,2.25,1.0,1,0,PREMATIPS
2025-08-30,20:00,Recoleta , 2 de Mayo,32.0,33.0,35.0,2.88,3.1,2.55,6.0,56.0,44.0,2.2,1.65,0.0,60,40,1.83,1.83,1.0,2,0,PREMATIPS
2025-08-30,20:00,Mladost Lucani , Vojvodina,24.0,23.0,53.0,5.5,3.8,1.5,2.0,51.0,49.0,1.82,1.87,0.0,69,31,1.93,1.75,1.0,0,0,PREMATIPS
2025-08-30,20:05,Toulouse , Paris SG,21.0,34.0,45.0,8.5,5.25,1.33,2.0,86.0,14.0,1.53,2.5,0.0,10,90,1.91,1.91,0.0,3,6,PREMATIPS
2025-08-30,20:30,Sporting CP , Porto,38.0,32.0,30.0,1.91,3.5,3.9,4.0,38.0,62.0,2.05,1.75,1.0,22,78,1.91,1.91,0.0,1,2,PREMATIPS
2025-08-30,20:30,Real Madrid , Mallorca,47.0,35.0,18.0,1.2,7.5,13.0,1.0,51.0,49.0,1.44,2.75,0.0,34,66,2.05,1.7,0.0,2,1,PREMATIPS
2025-08-30,20:30,Castellon , Real Zaragoza,41.0,31.0,28.0,1.66,3.9,4.5,1.0,52.0,48.0,1.67,2.15,0.0,51,49,1.67,2.1,1.0,1,1,PREMATIPS
2025-08-30,20:30,Hercules , Tarazona,39.0,33.0,28.0,1.8,3.2,4.2,1.0,67.0,33.0,2.5,1.5,0.0,33,67,2.38,1.53,0.0,1,0,PREMATIPS
2025-08-30,20:30,Sevilla B , Ibiza,30.0,33.0,37.0,3.6,3.0,2.0,6.0,67.0,33.0,2.35,1.57,0.0,33,67,2.0,1.73,0.0,1,2,PREMATIPS
2025-08-30,20:30,Rayo Zuliano , Carabobo,26.0,30.0,44.0,3.75,3.2,1.83,6.0,56.0,44.0,1.95,1.73,0.0,41,59,1.85,1.83,0.0,0,2,PREMATIPS
2025-08-30,21:00,Central Cordoba , Estudiantes LP,36.0,29.0,35.0,2.7,2.85,2.82,5.0,60.0,40.0,2.88,1.4,0.0,53,47,2.2,1.62,1.0,2,0,PREMATIPS
2025-08-30,21:00,Ind. Rivadavia , Argentinos Jrs,30.0,35.0,35.0,3.0,3.1,2.45,6.0,55.0,45.0,3.1,1.36,0.0,42,58,2.5,1.5,0.0,2,1,PREMATIPS
2025-08-30,21:00,ABC RN , AO Itabaiana SE,31.0,39.0,30.0,1.73,3.25,4.33,4.0,67.0,33.0,2.3,1.53,0.0,48,52,2.2,1.58,0.0,0,1,PREMATIPS
2025-08-30,21:00,Anapolis GO , Botafogo PB,28.0,41.0,31.0,2.6,2.85,2.6,6.0,65.0,35.0,2.65,1.42,0.0,44,56,2.2,1.57,0.0,2,0,PREMATIPS
2025-08-30,21:00,Brusque SC , CSA AL,40.0,31.0,29.0,2.1,2.95,3.25,4.0,61.0,39.0,2.45,1.47,0.0,48,52,2.15,1.62,0.0,2,0,PREMATIPS
2025-08-30,21:00,Confianca SE , Retro Brasil PE,57.0,19.0,24.0,1.46,3.75,6.25,1.0,67.0,33.0,2.2,1.6,0.0,38,62,2.4,1.5,0.0,1,0,PREMATIPS
2025-08-30,21:00,Floresta CE , Sao Bernardo SP,30.0,29.0,41.0,2.35,2.7,3.0,6.0,76.0,24.0,3.0,1.33,0.0,37,63,2.45,1.49,0.0,2,0,PREMATIPS
2025-08-30,21:00,Maringa PR , Caxias RS,24.0,28.0,48.0,1.93,2.97,3.94,6.0,61.0,39.0,2.42,1.48,0.0,55,45,2.13,1.62,1.0,3,0,PREMATIPS
2025-08-30,21:00,Nautico PE , Ituano SP,39.0,35.0,26.0,2.0,3.0,3.3,1.0,65.0,35.0,2.3,1.55,0.0,38,62,2.05,1.68,0.0,3,0,PREMATIPS
2025-08-30,21:00,Ponte Preta SP , Londrina PR,40.0,22.0,38.0,2.05,3.0,3.3,5.0,67.0,33.0,2.4,1.5,0.0,48,52,2.1,1.63,0.0,1,0,PREMATIPS
2025-08-30,21:00,Tombense MG , Guarani SP,15.0,41.0,44.0,3.25,2.9,2.1,6.0,73.0,27.0,2.5,1.46,0.0,40,60,2.15,1.6,0.0,2,2,PREMATIPS
2025-08-30,21:00,Ypiranga RS , Figueirense SC,34.0,34.0,32.0,2.1,2.95,3.2,4.0,63.0,37.0,2.45,1.49,0.0,44,56,2.1,1.62,0.0,1,0,PREMATIPS
2025-08-30,21:00,Cavalry , Forge,33.0,33.0,34.0,2.87,3.0,2.25,0.0,59.0,41.0,2.2,1.6,0.0,47,53,1.93,1.75,0.0,4,1,PREMATIPS
2025-08-30,21:00,Alianza Huanuco , Los Chankas CYC,40.0,32.0,28.0,1.8,3.5,4.2,1.0,30.0,70.0,1.85,1.95,1.0,53,47,1.73,2.0,1.0,2,1,PREMATIPS
2025-08-30,22:00,Dep. Mixco , Guastatoya,75.0,19.0,6.0,1.38,3.9,7.5,1.0,45.0,55.0,2.1,1.65,1.0,50,50,2.45,1.47,0.0,2,0,PREMATIPS
2025-08-30,22:00,Genesis PN , Victoria La Ceiba,89.0,5.0,3.0,1.78,3.2,4.1,1.0,33.0,67.0,2.0,1.7,1.0,44,56,1.9,1.78,0.0,1,0,PREMATIPS
2025-08-30,22:30,Botafogo RJ , Bragantino SP,43.0,23.0,34.0,1.55,3.95,5.87,4.0,58.0,42.0,1.95,1.8,0.0,42,58,2.0,1.73,0.0,4,1,PREMATIPS
2025-08-30,22:30,Goias GO , Botafogo SP,54.0,24.0,22.0,1.45,4.0,7.5,1.0,64.0,36.0,2.4,1.53,0.0,41,59,2.75,1.4,0.0,2,3,PREMATIPS
2025-08-30,22:30,U. Catolica , Cobresal,47.0,16.0,37.0,1.62,3.9,4.75,1.0,56.0,44.0,1.95,1.85,0.0,53,47,1.91,1.8,1.0,2,1,PREMATIPS
2025-08-30,22:30,LDU Quito , Macara Ambato,37.0,38.0,25.0,1.37,4.75,6.5,4.0,60.0,40.0,1.7,2.1,0.0,52,48,1.91,1.8,1.0,1,1,PREMATIPS
2025-08-30,22:30,Mushuc Runa , Manta FC,35.0,26.0,39.0,1.61,3.8,5.0,5.0,52.0,48.0,1.9,1.9,0.0,61,39,1.83,1.83,1.0,2,0,PREMATIPS
2025-08-30,22:30,Olimpia As. , Sp. Luqueno,24.0,30.0,46.0,1.65,4.0,4.75,6.0,60.0,40.0,2.0,1.8,0.0,45,55,1.91,1.8,0.0,2,0,PREMATIPS
2025-08-30,23:00,Monagas , Metropolitanos,44.0,42.0,14.0,1.83,3.34,3.84,4.0,52.0,48.0,1.91,1.75,0.0,57,43,1.81,1.87,1.0,2,0,PREMATIPS
2025-08-30,23:15,Sarmiento Junin , Rosario Central,28.0,34.0,38.0,4.0,3.1,2.05,6.0,72.0,28.0,3.1,1.36,0.0,36,64,2.5,1.5,0.0,-,-,PREMATIPS
2025-08-31,00:00,Atletico Ottawa , Vancouver FC,45.0,33.0,22.0,1.34,4.75,6.5,1.0,40.0,60.0,1.51,2.35,1.0,51,49,1.78,1.9,1.0,3,1,PREMATIPS
2025-08-31,00:00,Comunicaciones , Aurora Guatemala,42.0,23.0,35.0,1.47,3.75,5.75,4.0,50.0,50.0,1.9,1.8,0.0,62,38,2.05,1.68,1.0,0,2,PREMATIPS
2025-08-31,00:00,Leon , Queretaro,69.0,15.0,16.0,1.53,4.0,5.75,1.0,54.0,46.0,1.83,1.98,0.0,52,48,1.91,1.91,1.0,3,0,PREMATIPS
2025-08-31,00:00,Alebrijes Oaxaca , Venados,33.0,31.0,36.0,2.7,3.5,2.15,5.0,33.0,67.0,1.68,2.05,1.0,65,35,1.61,2.15,1.0,4,5,PREMATIPS
2025-08-31,00:20,Dep. Pereira , CA Bucaramanga,37.0,33.0,30.0,2.35,3.1,3.2,4.0,40.0,60.0,2.5,1.47,1.0,66,34,2.1,1.67,1.0,0,1,PREMATIPS
2025-08-31,00:30,Atletico PR , Novorizontino SP,27.0,38.0,35.0,1.86,3.0,4.75,6.0,61.0,39.0,2.7,1.41,0.0,53,47,2.38,1.53,1.0,2,1,PREMATIPS
2025-08-31,00:30,FC Cincinnati , Philadelphia Un,40.0,18.0,42.0,2.57,3.75,2.4,5.0,46.0,54.0,1.54,2.35,1.0,53,47,1.5,2.5,1.0,0,1,PREMATIPS
2025-08-31,00:30,New England Rev , Charlotte FC,36.0,15.0,49.0,2.27,3.64,2.78,2.0,47.0,53.0,1.6,2.24,1.0,53,47,1.51,2.4,1.0,1,2,PREMATIPS
2025-08-31,00:30,New York City , DC United,58.0,17.0,25.0,1.51,4.75,5.0,1.0,47.0,53.0,1.57,2.3,1.0,54,46,1.7,2.05,1.0,1,2,PREMATIPS
2025-08-31,00:30,NY Red Bulls , Columbus Crew,37.0,29.0,34.0,2.45,3.6,2.65,5.0,44.0,56.0,1.62,2.25,1.0,63,37,1.53,2.38,1.0,0,0,PREMATIPS
2025-08-31,00:30,Toronto , CF Montreal,40.0,30.0,30.0,1.86,3.75,3.75,5.0,54.0,46.0,1.7,2.1,0.0,55,45,1.62,2.2,1.0,1,1,PREMATIPS
2025-08-31,01:00,Cruzeiro MG , Sao Paulo SP,42.0,30.0,28.0,1.91,3.25,4.5,1.0,54.0,46.0,2.6,1.48,0.0,47,53,2.25,1.57,0.0,1,0,PREMATIPS
2025-08-31,01:00,Dep. Iquique , Dep. Limache,27.0,30.0,43.0,2.45,3.5,2.5,6.0,45.0,55.0,1.88,1.93,1.0,55,45,1.73,2.0,1.0,2,1,PREMATIPS
2025-08-31,01:00,Aucas Quito , Emelec,43.0,23.0,34.0,1.71,3.4,4.75,4.0,63.0,37.0,2.25,1.62,0.0,52,48,2.1,1.67,1.0,1,2,PREMATIPS
2025-08-31,01:00,Irapuato , Jaiba Brava,36.0,32.0,32.0,2.21,3.24,2.94,5.0,36.0,64.0,1.81,1.87,1.0,46,54,1.68,2.06,0.0,1,1,PREMATIPS
2025-08-31,01:30,Velez Sarsfield , Lanus,35.0,35.0,30.0,2.4,2.65,3.3,4.0,72.0,28.0,3.4,1.3,0.0,36,64,2.5,1.5,0.0,3,0,PREMATIPS
2025-08-31,01:30,Austin FC , SJ Earthquakes,36.0,33.0,31.0,1.97,3.8,3.1,4.0,46.0,54.0,1.57,2.35,1.0,62,38,1.5,2.5,1.0,3,1,PREMATIPS
2025-08-31,01:30,Minnesota Utd , Portland Timbers,48.0,26.0,26.0,1.71,4.0,4.33,1.0,47.0,53.0,1.67,2.15,1.0,56,44,1.62,2.2,1.0,1,1,PREMATIPS
2025-08-31,01:30,Nashville SC , Atlanta Utd,51.0,30.0,19.0,1.35,4.75,6.5,1.0,42.0,58.0,1.53,2.4,1.0,59,41,1.7,2.05,1.0,0,1,PREMATIPS
2025-08-31,01:30,Sporting Kansas , Colorado Rapids,37.0,29.0,34.0,1.88,4.2,3.2,5.0,40.0,60.0,1.36,3.1,1.0,58,42,1.36,3.0,1.0,4,2,PREMATIPS
2025-08-31,01:30,St. Louis City , Houston Dynamo,37.0,30.0,33.0,2.01,3.9,3.0,5.0,41.0,59.0,1.53,2.4,1.0,57,43,1.5,2.5,1.0,2,3,PREMATIPS
2025-08-31,01:30,Dep. La Guaira , Portuguesa Ac.,78.0,4.0,18.0,1.4,4.1,6.5,1.0,43.0,57.0,1.9,1.77,1.0,49,51,2.2,1.6,0.0,3,1,PREMATIPS
2025-08-31,02:00,FAS Santa Ana , Inter FA,53.0,35.0,12.0,1.36,4.0,8.0,1.0,51.0,49.0,1.87,1.82,0.0,50,50,2.2,1.58,0.0,3,1,PREMATIPS
2025-08-31,02:00,Santos Laguna , Tigres UANL,34.0,22.0,44.0,5.5,4.2,1.44,6.0,33.0,67.0,1.65,2.2,1.0,56,44,1.7,2.05,1.0,0,1,PREMATIPS
2025-08-31,02:00,Atletico Morelia , Zacatecas,36.0,31.0,33.0,2.25,3.2,2.75,5.0,33.0,67.0,1.9,1.78,1.0,65,35,1.75,1.93,1.0,3,0,PREMATIPS
2025-08-31,02:07,Guadalajara , Cruz Azul,16.0,26.0,58.0,2.85,3.4,2.4,2.0,39.0,61.0,1.8,2.0,1.0,61,39,1.62,2.2,1.0,1,2,PREMATIPS
2025-08-31,02:30,Deportivo Cali , Ind. Medellin,29.0,21.0,50.0,3.5,3.1,2.2,2.0,55.0,45.0,2.5,1.5,0.0,51,49,2.1,1.67,1.0,1,3,PREMATIPS
2025-08-31,02:30,Malacateco , Dep. Achuapa,16.0,45.0,39.0,1.63,3.4,4.75,6.0,34.0,66.0,1.98,1.71,1.0,67,33,1.98,1.72,1.0,2,0,PREMATIPS
2025-08-31,02:30,Marathon , Ol. Tegucigalpa,35.0,21.0,44.0,2.55,2.65,2.75,6.0,46.0,54.0,1.98,1.72,1.0,45,55,1.7,2.0,0.0,2,0,PREMATIPS
2025-08-31,03:00,Dep. Saprissa , LD Alajuelense,52.0,26.0,22.0,2.25,3.1,3.1,1.0,55.0,45.0,2.25,1.62,0.0,28,72,2.0,1.73,0.0,0,1,PREMATIPS
2025-08-31,03:00,Managua FC , UNAN Managua,42.0,25.0,33.0,1.45,4.02,5.69,4.0,45.0,55.0,1.69,1.96,1.0,54,46,1.8,1.86,1.0,-,-,PREMATIPS
2025-08-31,04:05,Club America , Pachuca,46.0,20.0,34.0,1.91,3.6,3.7,1.0,48.0,52.0,1.83,1.98,1.0,58,42,1.75,2.0,1.0,2,0,PREMATIPS
2025-08-31,09:15,Slavia Prague B , Chrudim,60.0,18.0,22.0,1.55,4.1,4.5,1.0,37.0,63.0,1.57,2.35,1.0,65,35,1.62,2.2,1.0,5,0,PREMATIPS
2025-08-31,09:30,SW Bregenz , Liefering,3.0,85.0,12.0,2.6,3.7,2.25,6.0,50.0,50.0,1.47,2.45,1.0,68,32,1.44,2.55,1.0,2,2,PREMATIPS
2025-08-31,09:30,Sparta Prague B , Taborsko,34.0,3.0,63.0,2.8,3.4,2.15,2.0,36.0,64.0,1.98,1.83,1.0,51,49,1.8,1.91,1.0,1,3,PREMATIPS
2025-08-31,09:30,PSM Makassar , Persebaya,15.0,49.0,36.0,2.1,3.2,3.0,6.0,74.0,26.0,2.05,1.68,0.0,65,35,1.85,1.83,1.0,-,-,PREMATIPS
2025-08-31,09:30,OFK Malzenice , Dukla B. Bystrica,28.0,31.0,41.0,4.0,3.6,1.68,2.0,43.0,57.0,1.65,2.1,1.0,64,36,1.66,2.05,1.0,0,3,PREMATIPS
2025-08-31,09:30,Slovan Brat. B , Zlate Moravce,18.0,49.0,33.0,4.33,3.75,1.61,6.0,57.0,43.0,1.63,2.1,0.0,71,29,1.68,2.05,1.0,2,1,PREMATIPS
2025-08-31,09:30,Zilina B , Banik Lehota,91.0,5.0,3.0,1.55,4.4,4.0,1.0,37.0,63.0,1.51,2.35,1.0,77,23,1.63,2.1,1.0,3,2,PREMATIPS
2025-08-31,10:00,V, Fujieda MYFC,42.0,34.0,24.0,1.49,4.33,5.25,1.0,52.0,48.0,1.62,2.25,0.0,57,43,1.73,2.0,1.0,2,1,PREMATIPS
2025-08-31,10:00,FSC Mariupol , FC Chernihiv,31.0,33.0,36.0,2.25,3.1,2.75,6.0,54.0,46.0,2.15,1.6,0.0,35,65,1.95,1.75,0.0,1,0,PREMATIPS
2025-08-31,10:30,Shimizu S, Kashima Antlers,29.0,19.0,52.0,2.85,3.4,2.3,2.0,56.0,44.0,1.95,1.85,0.0,47,53,1.75,2.0,0.0,1,1,PREMATIPS
2025-08-31,11:00,Cerezo Osaka , S. Hiroshima,32.0,23.0,45.0,3.2,3.4,2.15,6.0,55.0,45.0,1.8,2.0,0.0,49,51,1.62,2.2,0.0,1,1,PREMATIPS
2025-08-31,11:00,Kashiwa Reysol , Avispa Fukuoka,42.0,29.0,29.0,1.86,3.37,4.06,1.0,62.0,38.0,2.18,1.62,0.0,47,53,1.99,1.73,0.0,2,1,PREMATIPS
2025-08-31,11:00,Kawasaki Front. , Machida Zelvia,33.0,29.0,38.0,2.85,3.1,2.45,5.0,45.0,55.0,2.0,1.8,1.0,50,50,1.75,2.0,1.0,5,3,PREMATIPS
2025-08-31,11:00,Nagoya Grampus , Tokyo,32.0,27.0,41.0,2.15,3.4,3.1,6.0,46.0,54.0,2.05,1.75,1.0,50,50,1.87,1.87,1.0,1,1,PREMATIPS
2025-08-31,11:00,Shonan Bellmare , Gamba Osaka,25.0,30.0,45.0,3.4,3.6,2.01,6.0,55.0,45.0,1.85,1.95,0.0,43,57,1.7,2.05,0.0,4,5,PREMATIPS
2025-08-31,11:00,Urawa Red Diam. , Albirex Niigata,63.0,21.0,16.0,1.68,3.75,4.5,1.0,51.0,49.0,1.83,1.98,0.0,57,43,1.8,1.95,1.0,1,0,PREMATIPS
2025-08-31,11:00,Ehime , Vegalta Sendai,16.0,30.0,54.0,4.75,3.7,1.62,2.0,60.0,40.0,2.0,1.8,0.0,51,49,1.91,1.8,1.0,1,1,PREMATIPS
2025-08-31,11:00,Oita Trinita , Jubilo Iwata,29.0,36.0,35.0,3.1,3.2,2.25,6.0,57.0,43.0,2.15,1.67,0.0,47,53,1.83,1.83,0.0,0,0,PREMATIPS
2025-08-31,11:00,Farense , Maritimo,38.0,9.0,53.0,2.05,3.4,3.6,2.0,77.0,23.0,2.1,1.7,0.0,26,74,1.8,1.8,0.0,0,2,PREMATIPS
2025-08-31,11:00,Sporting CP B , Pacos Ferreira,39.0,33.0,28.0,1.95,3.4,3.9,1.0,77.0,23.0,2.25,1.62,0.0,26,74,2.0,1.73,0.0,3,0,PREMATIPS
2025-08-31,11:00,Daejeon Citizen , Gimcheon Sangmu,35.0,30.0,35.0,2.7,3.4,2.45,5.0,52.0,48.0,1.67,2.15,0.0,55,45,1.53,2.38,1.0,2,1,PREMATIPS
2025-08-31,11:00,Gangwon , Pohang Steelers,27.0,35.0,38.0,2.55,3.2,2.75,6.0,53.0,47.0,2.25,1.62,0.0,49,51,1.91,1.8,0.0,1,0,PREMATIPS
2025-08-31,11:00,Seoul , Anyang,48.0,22.0,30.0,1.62,3.9,5.0,1.0,52.0,48.0,1.83,1.98,0.0,56,44,1.83,1.83,1.0,1,2,PREMATIPS
2025-08-31,11:00,Cheonan City ,Land,26.0,29.0,45.0,3.9,3.4,1.9,6.0,52.0,48.0,1.9,1.9,0.0,54,46,1.73,2.0,1.0,2,5,PREMATIPS
2025-08-31,11:00,Gyeongnam , Bucheon 1995,23.0,22.0,55.0,3.5,3.5,1.95,2.0,48.0,52.0,1.8,2.0,1.0,53,47,1.67,2.1,1.0,1,2,PREMATIPS
2025-08-31,11:00,Racing Ferrol , Talavera,42.0,34.0,24.0,1.6,3.5,4.75,1.0,94.0,6.0,2.05,1.75,0.0,13,87,2.1,1.67,0.0,2,1,PREMATIPS
2025-08-31,11:00,LNZ Cherkasy , Veres Rivne,86.0,6.0,8.0,1.8,3.4,4.5,1.0,84.0,16.0,2.25,1.55,0.0,17,83,2.15,1.62,0.0,0,2,PREMATIPS
2025-08-31,11:15,Fortuna Sittard , NEC Nijmegen,32.0,31.0,37.0,3.0,3.75,2.2,5.0,12.0,88.0,1.67,2.15,1.0,63,37,1.57,2.25,1.0,3,2,PREMATIPS
2025-08-31,11:30,Akron Tolyatti , Baltika,14.0,54.0,32.0,3.66,3.47,2.11,6.0,55.0,45.0,1.99,1.89,0.0,69,31,1.76,2.0,1.0,0,2,PREMATIPS
2025-08-31,12:00,Wuhan Three Towns , Shanghai Shenhua,19.0,32.0,49.0,5.5,4.5,1.49,2.0,34.0,66.0,1.48,2.6,1.0,63,37,1.57,2.25,1.0,1,0,PREMATIPS
2025-08-31,12:00,Okzhetpes , Kairat Almaty,32.0,25.0,43.0,3.6,3.6,1.77,2.0,45.0,55.0,1.66,2.05,1.0,56,44,1.65,2.1,1.0,0,1,PREMATIPS
2025-08-31,12:00,Traeff , Flekkeroy IL,39.0,29.0,32.0,1.93,3.5,3.1,4.0,41.0,59.0,1.53,2.3,1.0,62,38,1.5,2.4,1.0,2,0,PREMATIPS
2025-08-31,12:00,Alta , Follo,48.0,8.0,44.0,1.82,3.8,3.25,1.0,27.0,73.0,1.35,2.95,1.0,67,33,1.37,2.85,1.0,1,2,PREMATIPS
2025-08-31,12:00,Eidsvold TF , Rana FK,58.0,15.0,27.0,1.42,4.5,5.25,1.0,35.0,65.0,1.36,2.9,1.0,70,30,1.5,2.4,1.0,1,4,PREMATIPS
2025-08-31,12:00,Ural , Fakel Voronezh,38.0,36.0,26.0,2.12,2.74,4.14,4.0,65.0,35.0,2.63,1.4,0.0,33,67,2.2,1.61,0.0,2,0,PREMATIPS
2025-08-31,12:00,Rangers , Celtic,30.0,30.0,40.0,3.4,3.9,1.91,2.0,71.0,29.0,1.5,2.63,0.0,55,45,1.44,2.63,1.0,0,0,PREMATIPS
2025-08-31,12:00,Umea , Oddevold,12.0,34.0,54.0,3.1,3.5,2.05,2.0,53.0,47.0,1.82,1.87,0.0,50,50,1.7,2.05,1.0,0,2,PREMATIPS
2025-08-31,12:00,Chiangrai Utd , Buriram Utd,21.0,34.0,45.0,7.5,5.0,1.29,2.0,30.0,70.0,1.55,2.3,1.0,92,8,1.9,1.78,1.0,1,2,PREMATIPS
2025-08-31,12:30,KAA Gent , Club Brugge,31.0,7.0,62.0,5.25,3.9,1.62,2.0,52.0,48.0,1.62,2.25,0.0,61,39,1.63,2.1,1.0,1,1,PREMATIPS
2025-08-31,12:30,Dynamo Dresden , Schalke 04,36.0,31.0,33.0,2.3,3.5,2.9,5.0,29.0,71.0,1.67,2.15,1.0,73,27,1.57,2.25,1.0,0,1,PREMATIPS
2025-08-31,12:30,Kaiserslautern , Darmstadt 98,35.0,30.0,35.0,2.9,3.3,2.35,5.0,62.0,38.0,1.7,2.1,0.0,40,60,1.53,2.38,0.0,3,1,PREMATIPS
2025-08-31,12:30,Magdeburg , Greuther Furth,39.0,31.0,30.0,1.85,3.8,3.75,1.0,40.0,60.0,1.53,2.4,1.0,62,38,1.5,2.5,1.0,4,5,PREMATIPS
2025-08-31,12:30,Ulm 1846 , Waldhof Mannheim,35.0,31.0,34.0,2.55,3.3,2.6,5.0,52.0,48.0,1.83,1.98,0.0,53,47,1.67,2.1,1.0,1,2,PREMATIPS
2025-08-31,12:30,PT Prachuap , Sukhothai,41.0,32.0,27.0,1.61,3.8,4.2,1.0,47.0,53.0,1.63,2.1,1.0,58,42,1.68,2.05,1.0,0,0,PREMATIPS
2025-08-31,12:35,Shandong Taishan , Beijing Guoan,31.0,26.0,43.0,2.55,3.9,2.3,6.0,34.0,66.0,1.3,3.4,1.0,64,36,1.33,3.25,1.0,6,0,PREMATIPS
2025-08-31,12:35,Shenzhen Peng C. , Meizhou Hakka,39.0,22.0,39.0,1.96,3.7,3.6,5.0,28.0,72.0,1.73,2.08,1.0,63,37,1.67,2.1,1.0,2,0,PREMATIPS
2025-08-31,13:00,Alashkert , Noah,29.0,31.0,40.0,3.9,3.7,1.68,2.0,33.0,67.0,1.6,2.15,1.0,41,59,1.62,2.15,0.0,2,0,PREMATIPS
2025-08-31,13:00,AGF Aarhus , Fredericia,36.0,37.0,27.0,1.39,4.75,6.25,4.0,49.0,51.0,1.53,2.4,1.0,57,43,1.75,2.0,1.0,4,1,PREMATIPS
2025-08-31,13:00,Silkeborg , Sonderjyske,70.0,4.0,26.0,2.01,3.75,3.2,1.0,44.0,56.0,1.62,2.25,1.0,57,43,1.57,2.25,1.0,0,2,PREMATIPS
2025-08-31,13:00,Persib Bandung , Borneo Samarinda,39.0,33.0,28.0,1.87,3.2,3.7,1.0,63.0,37.0,1.95,1.75,0.0,54,46,1.82,1.87,1.0,-,-,PREMATIPS
2025-08-31,13:00,Persita Tangerang , Semen Padang,37.0,32.0,31.0,2.15,3.2,2.9,4.0,74.0,26.0,1.9,1.78,0.0,43,57,1.77,1.93,0.0,-,-,PREMATIPS
2025-08-31,13:00,Kjelsas , Grorud,45.0,14.0,41.0,1.93,3.7,3.0,5.0,31.0,69.0,1.37,2.8,1.0,67,33,1.37,2.8,1.0,0,2,PREMATIPS
2025-08-31,13:00,Lausanne , St. Gallen,39.0,30.0,31.0,2.05,3.6,3.1,1.0,18.0,82.0,1.62,2.25,1.0,75,25,1.53,2.38,1.0,1,2,PREMATIPS
2025-08-31,13:00,Vaduz , Wil,62.0,27.0,11.0,1.9,3.6,3.1,1.0,43.0,57.0,1.5,2.4,1.0,57,43,1.49,2.45,1.0,2,1,PREMATIPS
2025-08-31,13:00,Yverdon, Neuchatel Xamax,58.0,10.0,32.0,1.83,3.6,3.3,1.0,43.0,57.0,1.55,2.25,1.0,57,43,1.55,2.3,1.0,3,1,PREMATIPS
2025-08-31,13:00,AIK Stockholm , Sirius,44.0,33.0,23.0,1.71,3.9,4.33,1.0,51.0,49.0,1.9,1.9,0.0,53,47,1.91,1.91,1.0,2,1,PREMATIPS
2025-08-31,13:00,Malmo , Degerfors,73.0,18.0,9.0,1.3,5.75,7.5,1.0,48.0,52.0,1.53,2.4,1.0,45,55,1.95,1.8,0.0,1,1,PREMATIPS
2025-08-31,13:00,Norrkoping , Djurgarden,37.0,19.0,44.0,3.9,4.0,1.79,6.0,56.0,44.0,1.65,2.2,0.0,53,47,1.62,2.2,1.0,0,4,PREMATIPS
2025-08-31,13:00,Muangthong Utd , Kanchanaburi,41.0,32.0,27.0,1.88,3.5,3.3,1.0,47.0,53.0,1.63,2.1,1.0,75,25,1.6,2.2,1.0,2,0,PREMATIPS
2025-08-31,13:30,Banik Ostrava B , Prostejov,56.0,25.0,19.0,1.63,3.7,4.0,1.0,37.0,63.0,1.88,1.93,1.0,49,51,1.83,1.83,0.0,2,0,PREMATIPS
2025-08-31,13:30,Dedza Dynamos , Kamuzu Barracks,34.0,22.0,44.0,2.6,2.9,2.5,6.0,63.0,37.0,2.45,1.47,0.0,26,74,2.05,1.67,0.0,1,0,PREMATIPS
2025-08-31,13:30,Mighty Tigers , Karonga United,26.0,21.0,53.0,2.75,2.75,2.55,2.0,75.0,25.0,2.9,1.36,0.0,26,74,2.34,1.52,0.0,1,2,PREMATIPS
2025-08-31,13:30,Moyale Barracks , MAFCO Salima,35.0,40.0,25.0,2.1,2.95,3.2,4.0,69.0,31.0,2.55,1.44,0.0,32,68,2.2,1.6,0.0,1,1,PREMATIPS
2025-08-31,13:30,Sparta Rotterdam , Feyenoord,30.0,30.0,40.0,3.8,3.9,1.82,2.0,28.0,72.0,1.62,2.25,1.0,57,43,1.62,2.2,1.0,0,4,PREMATIPS
2025-08-31,13:30,Zwolle , Utrecht,32.0,31.0,37.0,3.1,3.5,2.25,5.0,45.0,55.0,1.8,2.0,1.0,41,59,1.62,2.2,0.0,0,2,PREMATIPS
2025-08-31,13:30,Kristiansund , Brann Bergen,29.0,23.0,48.0,4.5,4.5,1.62,2.0,39.0,61.0,1.44,2.7,1.0,55,45,1.5,2.5,1.0,2,2,PREMATIPS
2025-08-31,13:30,Stal Mielec , Ruch Chorzow,35.0,41.0,24.0,2.7,3.25,2.38,4.0,46.0,54.0,1.85,1.95,1.0,58,42,1.67,2.1,1.0,2,2,PREMATIPS
2025-08-31,13:30,Dynamo Kyiv , Polissya,43.0,33.0,24.0,1.49,3.85,5.62,1.0,62.0,38.0,1.79,1.87,0.0,39,61,1.9,1.77,0.0,4,1,PREMATIPS
2025-08-31,13:45,Lok. Moscow , Krylya Sovetov,47.0,34.0,19.0,1.68,4.12,5.11,1.0,39.0,61.0,1.74,2.16,1.0,69,31,1.73,2.05,1.0,2,2,PREMATIPS
2025-08-31,14:00,Karvan Yevlakh , Qarabag,18.0,36.0,46.0,10.0,5.75,1.21,2.0,68.0,32.0,1.61,2.15,0.0,53,47,2.25,1.55,1.0,0,2,PREMATIPS
2025-08-31,14:00,Slovan Liberec , Viktoria Plzen,42.0,9.0,49.0,3.75,3.5,1.92,2.0,52.0,48.0,1.85,1.95,0.0,57,43,1.75,2.0,1.0,1,1,PREMATIPS
2025-08-31,14:00,Horsens , B.93 Copenhagen,38.0,40.0,22.0,1.53,4.2,5.0,4.0,66.0,34.0,1.73,2.08,0.0,45,55,1.73,2.0,0.0,1,2,PREMATIPS
2025-08-31,14:00,Brighton , Manchester City,30.0,30.0,40.0,3.5,3.7,2.0,2.0,70.0,30.0,1.57,2.38,0.0,29,71,1.5,2.5,0.0,2,1,PREMATIPS
2025-08-31,14:00,Nottingham Forest , West Ham Utd,88.0,8.0,3.0,1.63,3.9,5.0,1.0,36.0,64.0,1.88,1.98,1.0,62,38,1.8,1.95,1.0,0,3,PREMATIPS
2025-08-31,14:00,Angers , Rennes,68.0,5.0,26.0,3.9,3.6,1.91,1.0,69.0,31.0,2.05,1.8,0.0,12,88,1.91,1.91,0.0,1,1,PREMATIPS
2025-08-31,14:00,Brattvag , Brann Bergen 2,60.0,13.0,27.0,1.54,4.5,4.21,1.0,29.0,71.0,1.2,3.96,1.0,73,27,1.27,3.26,1.0,3,2,PREMATIPS
2025-08-31,14:00,Notodden , IL Sandviken,46.0,29.0,25.0,2.18,3.33,2.82,4.0,39.0,61.0,1.61,2.06,1.0,70,30,1.53,2.27,1.0,0,1,PREMATIPS
2025-08-31,14:00,Academico Viseu , Porto B,37.0,33.0,30.0,2.15,3.25,3.4,4.0,55.0,45.0,2.15,1.67,0.0,37,63,1.83,1.83,0.0,2,0,PREMATIPS
2025-08-31,14:00,Arges Pitesti , Metaloglobus,74.0,18.0,8.0,1.53,3.6,6.0,1.0,41.0,59.0,2.2,1.65,1.0,58,42,2.25,1.57,1.0,2,1,PREMATIPS
2025-08-31,14:00,Chippa Utd , Orlando Pirates,22.0,35.0,43.0,6.25,3.5,1.53,2.0,78.0,22.0,2.45,1.49,0.0,34,66,2.55,1.44,0.0,0,3,PREMATIPS
2025-08-31,14:00,Marumo Gallants , Polokwane City,54.0,9.0,37.0,2.3,2.65,3.5,1.0,78.0,22.0,3.0,1.33,0.0,26,74,2.4,1.49,0.0,1,1,PREMATIPS
2025-08-31,14:00,Dundee FC , Dundee Utd,34.0,32.0,34.0,2.57,3.3,2.57,0.0,38.0,62.0,1.98,1.88,1.0,77,23,1.75,2.0,1.0,0,2,PREMATIPS
2025-08-31,14:00,Mura , Primorje,58.0,22.0,20.0,1.88,3.6,3.5,1.0,44.0,56.0,1.68,2.05,1.0,52,48,1.63,2.1,1.0,2,2,PREMATIPS
2025-08-31,14:00,Brage , Trelleborg,50.0,26.0,24.0,2.2,3.4,3.1,1.0,51.0,49.0,1.73,2.08,0.0,45,55,1.57,2.25,0.0,2,1,PREMATIPS
2025-08-31,14:00,IFK Stocksund , Team TG,50.0,8.0,42.0,1.68,3.9,3.7,1.0,32.0,68.0,1.49,2.4,1.0,63,37,1.53,2.3,1.0,3,1,PREMATIPS
2025-08-31,14:00,Mines United , Power Dynamos,23.0,5.0,72.0,4.33,3.1,1.75,2.0,25.0,75.0,2.6,1.43,1.0,78,22,2.4,1.49,1.0,0,0,PREMATIPS
2025-08-31,14:00,Nchanga Rangers , Mufulira Wand.,35.0,36.0,29.0,2.35,2.5,3.4,4.0,75.0,25.0,3.4,1.27,0.0,28,72,2.65,1.42,0.0,2,0,PREMATIPS
2025-08-31,14:30,Wolfsburg , Mainz 05,38.0,31.0,31.0,2.0,3.6,3.5,5.0,45.0,55.0,1.73,2.1,1.0,53,47,1.67,2.1,1.0,1,1,PREMATIPS
2025-08-31,14:30,Dolomiti Bellunesi , Novara,34.0,32.0,34.0,2.55,3.0,2.5,0.0,53.0,47.0,2.2,1.58,0.0,88,12,1.95,1.75,1.0,1,1,PREMATIPS
2025-08-31,14:30,Inter U23 , Pro Patria,37.0,33.0,30.0,2.0,3.1,3.3,4.0,53.0,47.0,2.2,1.57,0.0,88,12,2.0,1.71,1.0,2,2,PREMATIPS
2025-08-31,14:30,Lumezzane , Pergolettese,34.0,33.0,33.0,2.5,2.85,2.65,0.0,53.0,47.0,2.45,1.49,0.0,21,79,2.05,1.66,0.0,2,3,PREMATIPS
2025-08-31,14:30,Keciorengucu , Corum,34.0,31.0,35.0,2.55,3.4,2.45,5.0,39.0,61.0,1.8,2.0,1.0,54,46,1.67,2.1,1.0,1,2,PREMATIPS
2025-08-31,14:30,Plaza Colonia , Mont. City Torque,18.0,9.0,73.0,3.0,3.1,2.5,2.0,61.0,39.0,2.35,1.57,0.0,38,62,2.0,1.73,0.0,2,4,PREMATIPS
2025-08-31,14:55,Dibba Al Fuj. , Al Sharjah,26.0,31.0,43.0,5.24,4.49,1.43,2.0,39.0,61.0,1.52,2.32,1.0,55,45,1.68,2.02,1.0,0,1,PREMATIPS
2025-08-31,14:55,Khor Fakkan , Baniyas SC,36.0,30.0,34.0,2.25,3.5,2.5,5.0,40.0,60.0,1.52,2.35,1.0,63,37,1.47,2.45,1.0,2,2,PREMATIPS
2025-08-31,15:00,OH Leuven , Standard Liege,23.0,25.0,52.0,2.15,3.1,3.4,2.0,38.0,62.0,2.15,1.67,1.0,52,48,1.95,1.8,1.0,1,0,PREMATIPS
2025-08-31,15:00,Club Brugge NXT , Jong Genk,41.0,31.0,28.0,1.63,4.12,4.03,1.0,70.0,30.0,1.42,2.62,0.0,47,53,1.46,2.49,0.0,1,2,PREMATIPS
2025-08-31,15:00,Arda Kardzhali , Beroe,41.0,34.0,25.0,1.64,3.5,5.0,1.0,59.0,41.0,2.25,1.62,0.0,42,58,2.1,1.67,0.0,2,2,PREMATIPS
2025-08-31,15:00,Odense , Nordsjaelland,68.0,7.0,25.0,2.45,3.5,2.45,1.0,32.0,68.0,1.75,2.05,1.0,68,32,1.62,2.2,1.0,1,2,PREMATIPS
2025-08-31,15:00,Nomme Kalju , Kuressaare,69.0,12.0,19.0,1.3,4.8,7.5,1.0,34.0,66.0,1.46,2.55,1.0,56,44,1.75,1.95,1.0,2,0,PREMATIPS
2025-08-31,15:00,AC Oulu , Haka,36.0,28.0,36.0,1.96,3.6,3.29,5.0,31.0,69.0,1.65,2.12,1.0,66,34,1.58,2.23,1.0,3,2,PREMATIPS
2025-08-31,15:00,Gnistan , Jaro,49.0,22.0,29.0,1.67,4.33,3.75,1.0,39.0,61.0,1.36,3.1,1.0,60,40,1.4,2.75,1.0,1,2,PREMATIPS
2025-08-31,15:00,Ilves Tampere , IFK Mariehamn,50.0,28.0,22.0,1.17,6.5,10.0,1.0,37.0,63.0,1.33,3.4,1.0,56,44,1.75,2.0,1.0,2,1,PREMATIPS
2025-08-31,15:00,Inter Turku , VPS Vaasa,46.0,34.0,20.0,1.37,4.5,6.5,1.0,40.0,60.0,1.44,2.7,1.0,63,37,1.62,2.2,1.0,2,1,PREMATIPS
2025-08-31,15:00,KTP Kotka , HJK Helsinki,11.0,27.0,62.0,5.92,4.9,1.39,2.0,26.0,74.0,1.33,3.11,1.0,60,40,1.47,2.47,1.0,1,4,PREMATIPS
2025-08-31,15:00,SJK Seinajoki , KuPS Kuopio,34.0,27.0,39.0,2.45,4.0,2.35,5.0,34.0,66.0,1.48,2.6,1.0,60,40,1.44,2.63,1.0,1,1,PREMATIPS
2025-08-31,15:00,Afturelding , FH Hafnarfjordur,35.0,26.0,39.0,3.1,3.7,1.98,5.0,41.0,59.0,1.5,2.4,1.0,59,41,1.47,2.45,1.0,1,2,PREMATIPS
2025-08-31,15:00,Vestmannaeyjar , IA Akranes,54.0,12.0,34.0,1.7,3.8,4.0,1.0,45.0,55.0,1.52,2.35,1.0,47,53,1.55,2.3,0.0,2,0,PREMATIPS
2025-08-31,15:00,Vestri , KR Reykjavik,49.0,17.0,34.0,2.75,3.8,2.1,1.0,44.0,56.0,1.39,2.75,1.0,59,41,1.38,2.8,1.0,1,1,PREMATIPS
2025-08-31,15:00,Dziugas Telsiai , Siauliai,32.0,24.0,44.0,2.5,3.2,2.45,6.0,54.0,46.0,2.05,1.66,0.0,43,57,1.81,1.88,0.0,1,3,PREMATIPS
2025-08-31,15:00,F91 Dudelange , Racing FC Union,46.0,45.0,9.0,1.8,3.5,3.6,4.0,40.0,60.0,1.7,2.0,1.0,85,15,1.65,2.1,1.0,1,1,PREMATIPS
2025-08-31,15:00,Jeunesse Esch , Rodange 91,19.0,53.0,28.0,2.2,3.0,3.0,6.0,73.0,27.0,2.0,1.68,0.0,57,43,1.8,1.87,1.0,4,0,PREMATIPS
2025-08-31,15:00,Petange , Pr. Niedercorn,26.0,33.0,41.0,4.5,3.7,1.6,2.0,59.0,41.0,1.77,1.93,0.0,43,57,1.8,1.88,0.0,1,2,PREMATIPS
2025-08-31,15:00,Swift Hesperange , Atert Bissen,73.0,21.0,6.0,1.8,3.5,3.6,1.0,51.0,49.0,1.65,2.1,0.0,43,57,1.62,2.1,0.0,1,2,PREMATIPS
2025-08-31,15:00,UNA Strassen , US Hostert,45.0,32.0,23.0,1.3,5.0,7.0,1.0,43.0,57.0,1.38,2.8,1.0,51,49,1.65,2.1,1.0,4,0,PREMATIPS
2025-08-31,15:00,Coleraine , Linfield,36.0,32.0,32.0,2.25,3.2,2.87,5.0,54.0,46.0,1.95,1.73,0.0,52,48,1.78,1.9,1.0,-,-,PREMATIPS
2025-08-31,15:00,Sandnes , Jerv Grimstad,44.0,26.0,30.0,1.66,3.85,4.03,1.0,33.0,67.0,1.48,2.44,1.0,68,32,1.5,2.32,1.0,4,0,PREMATIPS
2025-08-31,15:00,Aberdeen , Falkirk,39.0,31.0,30.0,1.92,3.6,3.5,1.0,49.0,51.0,1.8,2.0,1.0,55,45,1.67,2.1,1.0,0,1,PREMATIPS
2025-08-31,15:00,Hibernian , Saint Mirren,36.0,53.0,11.0,1.87,3.5,3.9,4.0,49.0,51.0,2.0,1.85,1.0,66,34,1.75,2.0,1.0,1,1,PREMATIPS
2025-08-31,15:00,AFC Eskilstuna , Karlstad Fotboll,36.0,19.0,45.0,3.4,3.6,1.8,2.0,34.0,66.0,1.49,2.45,1.0,72,28,1.47,2.45,1.0,4,3,PREMATIPS
2025-08-31,15:00,Vasalund , Enkopings SK,55.0,21.0,24.0,1.46,4.4,5.0,1.0,32.0,68.0,1.42,2.65,1.0,65,35,1.55,2.25,1.0,2,0,PREMATIPS
2025-08-31,15:00,Йоребро Сир. , Nordic United,26.0,14.0,60.0,4.9,3.88,1.55,2.0,36.0,64.0,1.58,2.1,1.0,61,39,1.63,2.03,1.0,0,2,PREMATIPS
2025-08-31,15:00,Ljungskile , Olympic Malmo,57.0,16.0,27.0,1.56,3.94,4.54,1.0,39.0,61.0,1.51,2.36,1.0,54,46,1.54,2.21,1.0,4,1,PREMATIPS
2025-08-31,15:00,Trollhattan , Hassleholms IF,28.0,29.0,43.0,2.45,3.3,2.4,6.0,37.0,63.0,1.6,2.15,1.0,59,41,1.52,2.35,1.0,0,4,PREMATIPS
2025-08-31,15:00,Nyva Ternopil , Ahrobiznes,33.0,33.0,34.0,2.51,2.9,2.68,0.0,65.0,35.0,2.25,1.44,0.0,35,65,2.1,1.66,0.0,0,0,PREMATIPS
2025-08-31,15:30,Schweinfurt 05 , Wehen Wiesbaden,10.0,42.0,48.0,3.2,3.5,2.1,6.0,41.0,59.0,1.6,2.3,1.0,53,47,1.5,2.5,1.0,0,1,PREMATIPS
2025-08-31,15:30,Ferizaj , Ballkani,33.0,31.0,36.0,2.74,3.19,2.31,5.0,89.0,11.0,1.93,1.76,0.0,44,56,1.72,1.96,0.0,1,3,PREMATIPS
2025-08-31,15:30,Malisheva , Dukagjini,38.0,31.0,31.0,2.0,3.3,3.1,0.0,56.0,44.0,1.93,1.75,0.0,44,56,1.82,1.87,0.0,0,1,PREMATIPS
2025-08-31,15:30,Makedonija GP , Pelister Bitola,22.0,3.0,75.0,2.1,3.0,3.2,2.0,35.0,65.0,2.15,1.61,1.0,49,51,1.93,1.77,0.0,2,1,PREMATIPS
2025-08-31,15:30,Tikvesh , AP Brera,40.0,33.0,27.0,1.8,3.2,3.9,1.0,24.0,76.0,2.05,1.68,1.0,60,40,1.93,1.77,1.0,0,0,PREMATIPS
2025-08-31,15:30,Tondela , Estoril Praia,32.0,33.0,35.0,2.85,3.1,2.5,6.0,45.0,55.0,2.25,1.62,1.0,45,55,1.95,1.8,0.0,2,2,PREMATIPS
2025-08-31,15:30,Vizela , Oliveirense,44.0,33.0,23.0,1.45,4.5,6.25,1.0,66.0,34.0,1.67,2.15,0.0,48,52,1.83,1.83,0.0,1,0,PREMATIPS
2025-08-31,15:30,Servette , Luzern,38.0,31.0,31.0,2.01,3.8,3.2,5.0,38.0,62.0,1.6,2.3,1.0,83,17,1.5,2.5,1.0,2,2,PREMATIPS
2025-08-31,15:30,Young Boys , Lugano,39.0,31.0,30.0,1.86,3.75,3.6,1.0,26.0,74.0,1.57,2.35,1.0,72,28,1.53,2.38,1.0,3,1,PREMATIPS
2025-08-31,15:30,GAIS Goteborg , Hacken,46.0,30.0,24.0,1.72,4.2,3.8,4.0,54.0,46.0,1.6,2.3,0.0,49,51,1.62,2.2,0.0,2,1,PREMATIPS
2025-08-31,15:30,Hammarby , Osters,63.0,20.0,17.0,1.3,5.5,8.0,1.0,61.0,39.0,1.57,2.35,0.0,45,55,1.95,1.8,0.0,4,0,PREMATIPS
2025-08-31,15:45,NAC Breda , AZ Alkmaar,26.0,32.0,42.0,4.33,4.33,1.7,2.0,23.0,77.0,1.6,2.3,1.0,63,37,1.62,2.2,1.0,0,1,PREMATIPS
2025-08-31,15:45,Cambuur ,Venlo,43.0,31.0,26.0,1.46,4.33,6.0,1.0,63.0,37.0,1.53,2.4,0.0,36,64,1.62,2.2,0.0,3,1,PREMATIPS
2025-08-31,16:00,Vora FK , KF Tirana,33.0,33.0,34.0,2.66,2.94,2.45,0.0,96.0,4.0,2.06,1.61,0.0,9,91,1.78,1.85,0.0,3,1,PREMATIPS
2025-08-31,16:00,Austria Wien , Altach,39.0,32.0,29.0,2.0,3.25,3.9,1.0,55.0,45.0,2.1,1.7,0.0,51,49,1.8,1.95,1.0,1,0,PREMATIPS
2025-08-31,16:00,Hartberg , Rapid Wien,40.0,6.0,54.0,4.5,3.8,1.73,2.0,38.0,62.0,1.67,2.1,1.0,59,41,1.7,2.05,1.0,0,1,PREMATIPS
2025-08-31,16:00,WSG Swarovski , Wolfsberger AC,33.0,31.0,36.0,2.9,3.4,2.4,5.0,41.0,59.0,1.83,1.98,1.0,59,41,1.7,2.05,1.0,1,1,PREMATIPS
2025-08-31,16:00,Belasitsa Petrich , Vihren Sandanski,33.0,33.0,34.0,2.7,2.97,2.33,0.0,83.0,17.0,2.24,1.5,0.0,39,61,1.97,1.7,0.0,0,2,PREMATIPS
2025-08-31,16:00,Sevlievo , Fratria Varna,32.0,32.0,36.0,3.22,2.93,2.11,5.0,56.0,44.0,2.27,1.48,0.0,49,51,1.97,1.71,0.0,0,1,PREMATIPS
2025-08-31,16:00,Vlasim , Artis Brno,28.0,6.0,66.0,3.5,3.5,1.82,2.0,27.0,73.0,1.67,2.1,1.0,53,47,1.62,2.2,1.0,0,2,PREMATIPS
2025-08-31,16:00,Vysocina Jihlava , Viktoria Zizkov,38.0,32.0,30.0,1.92,3.4,3.3,4.0,45.0,55.0,1.9,1.9,1.0,46,54,1.8,1.91,0.0,0,2,PREMATIPS
2025-08-31,16:00,El Masry , Kahraba Ismailia,28.0,68.0,4.0,1.51,3.6,5.5,4.0,49.0,51.0,2.15,1.6,1.0,60,40,2.3,1.55,1.0,4,0,PREMATIPS
2025-08-31,16:00,Modern Sport FC , Haras El Hodood,39.0,35.0,26.0,2.0,2.8,3.75,1.0,58.0,42.0,2.9,1.36,0.0,55,45,2.45,1.47,1.0,1,0,PREMATIPS
2025-08-31,16:00,Auda Kekava , RFS Riga,36.0,11.0,53.0,3.5,3.5,1.82,2.0,47.0,53.0,1.63,2.1,1.0,52,48,1.6,2.2,1.0,0,1,PREMATIPS
2025-08-31,16:00,Balti , Sheriff Tiraspol,18.0,37.0,45.0,6.5,3.75,1.41,2.0,49.0,51.0,1.73,1.84,1.0,41,59,1.94,1.72,0.0,0,3,PREMATIPS
2025-08-31,16:00,Bayelsa United , Barau,44.0,37.0,19.0,1.44,3.43,7.38,1.0,95.0,5.0,2.82,1.35,0.0,6,94,3.02,1.3,0.0,2,0,PREMATIPS
2025-08-31,16:00,Plateau United , Katsina United,43.0,37.0,20.0,1.48,3.17,7.38,1.0,95.0,5.0,3.39,1.25,0.0,6,94,3.5,1.23,0.0,1,2,PREMATIPS
2025-08-31,16:00,Rivers United , Kwara United,45.0,39.0,16.0,1.34,3.43,11.16,1.0,95.0,5.0,3.39,1.25,0.0,39,61,4.39,1.16,0.0,1,0,PREMATIPS
2025-08-31,16:00,Fredrikstad , Haugesund,82.0,11.0,7.0,1.3,5.75,8.0,1.0,49.0,51.0,1.44,2.7,1.0,42,58,1.75,2.0,0.0,2,2,PREMATIPS
2025-08-31,16:00,Hamarkameratene , Sarpsborg 08,29.0,35.0,36.0,2.38,3.75,2.7,6.0,44.0,56.0,1.65,2.2,1.0,56,44,1.54,2.25,1.0,1,3,PREMATIPS
2025-08-31,16:00,Sandefjord , Bodo Glimt,39.0,13.0,48.0,5.75,4.75,1.48,6.0,34.0,66.0,1.33,3.4,1.0,51,49,1.44,2.63,1.0,1,2,PREMATIPS
2025-08-31,16:00,Tromso , KFUM Oslo,47.0,23.0,30.0,1.91,3.4,4.0,1.0,44.0,56.0,2.4,1.53,1.0,54,46,2.1,1.67,1.0,2,0,PREMATIPS
2025-08-31,16:00,Viking , Rosenborg,47.0,23.0,30.0,1.7,4.0,4.5,1.0,44.0,56.0,1.48,2.6,1.0,57,43,1.5,2.5,1.0,2,1,PREMATIPS
2025-08-31,16:00,Aalesunds , Egersunds,43.0,32.0,25.0,1.5,4.75,5.25,1.0,43.0,57.0,1.57,2.35,1.0,62,38,1.67,2.1,1.0,2,3,PREMATIPS
2025-08-31,16:00,CSKA Moscow , Krasnodar,35.0,32.0,33.0,2.67,3.36,2.72,5.0,39.0,61.0,2.0,1.87,1.0,58,42,1.74,2.04,1.0,1,1,PREMATIPS
2025-08-31,16:00,Celta Vigo , Villarreal,34.0,30.0,36.0,2.82,3.42,2.42,5.0,69.0,31.0,1.83,1.94,0.0,39,61,1.65,2.13,0.0,1,1,PREMATIPS
2025-08-31,16:00,Cadiz , Albacete,41.0,33.0,26.0,1.68,3.6,4.75,1.0,52.0,48.0,1.93,1.88,0.0,68,32,1.83,1.83,1.0,2,1,PREMATIPS
2025-08-31,16:00,FC Andorra , Burgos,36.0,33.0,31.0,2.15,3.1,3.5,4.0,52.0,48.0,2.5,1.5,0.0,68,32,2.2,1.62,1.0,2,1,PREMATIPS
2025-08-31,16:00,Arenas Club , Arenteiro,36.0,33.0,31.0,2.4,3.0,2.75,4.0,94.0,6.0,2.35,1.57,0.0,13,87,2.0,1.73,0.0,2,1,PREMATIPS
2025-08-31,16:00,Teruel , Betis B,35.0,33.0,32.0,2.25,3.0,3.0,4.0,87.0,13.0,2.38,1.53,0.0,13,87,2.1,1.67,0.0,0,0,PREMATIPS
2025-08-31,16:00,Ruzomberok , Zilina,9.0,18.0,73.0,3.1,3.6,2.0,2.0,40.0,60.0,1.6,2.2,1.0,46,54,1.55,2.3,0.0,3,3,PREMATIPS
2025-08-31,16:00,Slovan Brat. , Kosice,74.0,9.0,17.0,1.52,4.4,4.75,1.0,42.0,58.0,1.32,3.1,1.0,66,34,1.41,2.65,1.0,3,2,PREMATIPS
2025-08-31,16:00,Utsiktens , Orgryte,20.0,40.0,40.0,4.1,4.0,1.67,6.0,40.0,60.0,1.53,2.4,1.0,62,38,1.57,2.25,1.0,1,2,PREMATIPS
2025-08-31,16:00,Shakhtar Donetsk , Oleksandriya,47.0,37.0,16.0,1.18,7.0,15.0,1.0,51.0,49.0,1.68,2.05,0.0,50,50,2.75,1.39,0.0,2,0,PREMATIPS
2025-08-31,16:15,Le Havre , Nice,30.0,32.0,38.0,3.5,3.5,2.05,6.0,35.0,65.0,1.88,1.98,1.0,62,38,1.7,2.05,1.0,3,1,PREMATIPS
2025-08-31,16:15,Monaco , Strasbourg,43.0,31.0,26.0,1.55,4.33,5.5,1.0,69.0,31.0,1.57,2.38,0.0,28,72,1.67,2.1,0.0,3,2,PREMATIPS
2025-08-31,16:15,Paris FC , Metz,41.0,32.0,27.0,1.69,3.8,4.75,1.0,52.0,48.0,1.92,1.82,0.0,28,72,1.91,1.91,0.0,3,2,PREMATIPS
2025-08-31,16:25,Zalgiris , Panevezys,36.0,28.0,36.0,1.83,3.25,3.7,5.0,50.0,50.0,1.98,1.73,0.0,50,50,1.86,1.83,0.0,2,1,PREMATIPS
2025-08-31,16:30,Sabah Baku , Imishli FK,46.0,36.0,18.0,1.26,4.8,9.5,1.0,52.0,48.0,1.85,1.83,0.0,53,47,2.5,1.46,1.0,0,1,PREMATIPS
2025-08-31,16:30,Sigma Olomouc , Banik Ostrava,48.0,36.0,16.0,2.63,3.4,2.6,1.0,72.0,28.0,1.8,2.0,0.0,40,60,1.67,2.1,0.0,1,0,PREMATIPS
2025-08-31,16:30,Liverpool , Arsenal,50.0,4.0,46.0,2.35,3.4,3.0,1.0,36.0,64.0,1.67,2.2,1.0,46,54,1.57,2.25,0.0,1,0,PREMATIPS
2025-08-31,16:30,B. Dortmund , Union Berlin,44.0,32.0,24.0,1.4,5.25,6.5,1.0,12.0,88.0,1.49,2.45,1.0,86,14,1.7,2.05,1.0,3,0,PREMATIPS
2025-08-31,16:30,Gyori ETO , Nyiregyhaza Sp.,42.0,31.0,27.0,1.7,3.9,4.2,1.0,31.0,69.0,1.58,2.25,1.0,94,6,1.62,2.2,1.0,1,0,PREMATIPS
2025-08-31,16:30,Jagiellonia , Lechia Gdansk,77.0,19.0,4.0,1.62,4.0,4.5,1.0,21.0,79.0,1.5,2.5,1.0,71,29,1.57,2.25,1.0,2,0,PREMATIPS
2025-08-31,16:30,Lech Poznan , Widzew Lodz,40.0,32.0,28.0,1.81,3.64,3.89,1.0,41.0,59.0,1.74,2.01,1.0,68,32,1.66,2.09,1.0,2,1,PREMATIPS
2025-08-31,16:30,Odra Opole , LKS Lodz,36.0,25.0,39.0,2.7,3.2,2.45,5.0,41.0,59.0,2.0,1.8,1.0,48,52,1.73,2.0,0.0,1,1,PREMATIPS
2025-08-31,16:30,Botosani , U Craiova,34.0,31.0,35.0,3.2,3.25,2.1,5.0,36.0,64.0,2.05,1.75,1.0,68,32,1.83,1.83,1.0,1,1,PREMATIPS
2025-08-31,16:30,Virtus , La Fiorita,34.0,32.0,34.0,2.6,2.85,2.6,0.0,91.0,9.0,2.2,1.6,0.0,4,96,1.83,1.79,0.0,2,2,PREMATIPS
2025-08-31,16:30,Celje , Domzale,90.0,5.0,3.0,1.19,6.75,11.0,1.0,28.0,72.0,1.32,3.1,1.0,46,54,1.78,1.9,0.0,4,1,PREMATIPS
2025-08-31,17:00,ES Ben Aknoun , JS Kabylie,34.0,33.0,33.0,3.17,2.82,2.25,0.0,59.0,41.0,2.66,1.41,0.0,47,53,2.18,1.58,0.0,1,1,PREMATIPS
2025-08-31,17:00,AEK Larnaca , AEL Limassol,43.0,33.0,24.0,1.51,3.75,5.25,1.0,86.0,14.0,1.98,1.71,0.0,11,89,2.1,1.63,0.0,2,0,PREMATIPS
2025-08-31,17:00,Ethnikos Achna , Omonia Nicosia,26.0,32.0,42.0,4.75,4.0,1.52,2.0,86.0,14.0,1.55,2.3,0.0,11,89,1.65,2.1,0.0,2,1,PREMATIPS
2025-08-31,17:00,Usti nad Labem , Ceske Budejovice,69.0,5.0,26.0,1.65,3.9,4.0,1.0,31.0,69.0,1.57,2.35,1.0,56,44,1.57,2.25,1.0,3,2,PREMATIPS
2025-08-31,17:00,Randers , Copenhagen,27.0,7.0,66.0,4.1,3.8,1.76,2.0,55.0,45.0,1.7,2.1,0.0,57,43,1.67,2.1,1.0,1,5,PREMATIPS
2025-08-31,17:00,Tartu Tammeka , Harju JK Laagri,46.0,10.0,44.0,2.75,3.7,2.05,5.0,29.0,71.0,1.4,2.7,1.0,57,43,1.4,2.7,1.0,3,0,PREMATIPS
2025-08-31,17:00,Shelbourne , Galway,39.0,39.0,22.0,2.05,3.1,4.0,4.0,56.0,44.0,2.15,1.67,0.0,56,44,1.91,1.91,1.0,-,-,PREMATIPS
2025-08-31,17:00,Bnei Yehuda , H. Kfar Shalem,36.0,32.0,32.0,1.93,3.3,3.3,5.0,84.0,16.0,1.83,1.85,0.0,16,84,1.75,1.95,0.0,2,3,PREMATIPS
2025-08-31,17:00,Hapoel Acre , Kafr Qasim,37.0,32.0,31.0,2.1,3.25,2.9,4.0,50.0,50.0,2.15,1.6,0.0,83,17,1.98,1.72,1.0,1,1,PREMATIPS
2025-08-31,17:00,Hapoel Hadera , Ironi Modi'in,41.0,34.0,25.0,1.75,3.59,3.76,1.0,17.0,83.0,1.77,1.9,1.0,83,17,1.7,1.96,1.0,2,3,PREMATIPS
2025-08-31,17:00,Hapoel Raanana , M. Herzliya,32.0,32.0,36.0,2.6,3.1,2.4,5.0,50.0,50.0,1.93,1.75,0.0,16,84,1.75,1.95,0.0,1,0,PREMATIPS
2025-08-31,17:00,M. Petah Tikva , H. Kfar Saba,44.0,34.0,22.0,1.46,4.0,5.75,1.0,50.0,50.0,1.75,1.93,1.0,50,50,1.93,1.77,0.0,2,0,PREMATIPS
2025-08-31,17:00,ArzignanoChiampo , Virtus Verona,38.0,33.0,29.0,2.0,3.0,3.4,4.0,53.0,47.0,2.25,1.55,0.0,88,12,2.05,1.68,1.0,3,2,PREMATIPS
2025-08-31,17:00,Trento 1921 , Union Brescia,33.0,33.0,34.0,2.7,2.9,2.4,0.0,53.0,47.0,2.2,1.58,0.0,54,46,1.93,1.75,1.0,0,2,PREMATIPS
2025-08-31,17:00,Pianese , Carpi,36.0,33.0,31.0,2.15,3.1,2.95,4.0,90.0,10.0,2.2,1.6,0.0,47,53,1.98,1.73,0.0,0,1,PREMATIPS
2025-08-31,17:00,Picerno , Giugliano,37.0,33.0,30.0,2.05,3.0,3.25,4.0,16.0,84.0,2.15,1.61,1.0,80,20,1.93,1.77,1.0,2,2,PREMATIPS
2025-08-31,17:00,Team Altamura , Crotone,29.0,32.0,39.0,3.6,3.25,1.87,6.0,16.0,84.0,1.9,1.78,1.0,80,20,1.8,1.88,1.0,0,4,PREMATIPS
2025-08-31,17:00,Genclerbirligi , Fenerbahce,22.0,33.0,45.0,7.5,4.5,1.36,2.0,42.0,58.0,1.67,2.15,1.0,55,45,1.83,1.83,1.0,1,3,PREMATIPS
2025-08-31,17:00,Ist. Basaksehir , Eyupspor,39.0,31.0,30.0,2.01,3.5,3.4,1.0,48.0,52.0,1.85,1.95,1.0,83,17,1.73,2.0,1.0,0,0,PREMATIPS
2025-08-31,17:00,Pendikspor , Sivasspor,35.0,31.0,34.0,2.38,3.3,2.6,5.0,62.0,38.0,1.88,1.93,0.0,65,35,1.73,2.0,1.0,2,1,PREMATIPS
2025-08-31,17:00,Danubio , Miramar Misiones,47.0,8.0,45.0,1.91,3.1,4.5,1.0,61.0,39.0,2.25,1.58,0.0,46,54,2.0,1.73,0.0,2,3,PREMATIPS
2025-08-31,17:15,Levski Sofia , CSKA 1948,46.0,20.0,34.0,1.72,3.4,4.75,1.0,49.0,51.0,2.25,1.62,1.0,51,49,2.1,1.67,1.0,2,1,PREMATIPS
2025-08-31,17:15,Lok. Zagreb , Osijek,44.0,46.0,10.0,2.9,3.4,2.1,4.0,58.0,42.0,1.84,1.84,0.0,40,60,1.73,2.0,0.0,1,1,PREMATIPS
2025-08-31,17:30,Union SG , Anderlecht,52.0,9.0,39.0,1.55,4.1,5.5,1.0,48.0,52.0,1.75,2.05,1.0,49,51,1.8,1.95,0.0,2,0,PREMATIPS
2025-08-31,17:30,Genoa , Juventus,26.0,34.0,40.0,4.75,3.3,1.83,2.0,94.0,6.0,2.57,1.46,0.0,12,88,2.2,1.62,0.0,0,1,PREMATIPS
2025-08-31,17:30,Torino , Fiorentina,31.0,33.0,36.0,3.1,3.0,2.5,6.0,61.0,39.0,2.3,1.62,0.0,45,55,1.95,1.8,0.0,0,0,PREMATIPS
2025-08-31,17:30,Forli , Ravenna,36.0,32.0,32.0,2.26,3.08,2.94,5.0,57.0,43.0,2.0,1.73,0.0,47,53,1.77,1.93,0.0,-,-,PREMATIPS
2025-08-31,17:30,Differdange , Jeunesse Canach,53.0,4.0,43.0,1.22,5.75,8.75,1.0,51.0,49.0,1.78,1.9,0.0,51,49,2.55,1.44,1.0,3,1,PREMATIPS
2025-08-31,17:30,Ikorodu City ,Kanemi,45.0,39.0,16.0,1.26,3.92,11.67,1.0,95.0,5.0,2.85,1.38,0.0,6,94,4.08,1.2,0.0,0,0,PREMATIPS
2025-08-31,17:30,Al, Ajman Club,45.0,33.0,22.0,1.3,5.0,7.25,1.0,39.0,61.0,1.5,2.4,1.0,51,49,1.8,1.87,1.0,1,1,PREMATIPS
2025-08-31,17:45,Borac B. Luka , Siroki Brijeg,46.0,28.0,26.0,1.39,4.1,6.75,1.0,58.0,42.0,1.85,1.83,0.0,51,49,2.1,1.63,1.0,5,1,PREMATIPS
2025-08-31,18:00,Cartagines , Puntarenas,66.0,9.0,25.0,1.67,3.7,4.5,1.0,48.0,52.0,2.1,1.7,1.0,33,67,2.1,1.67,0.0,0,0,PREMATIPS
2025-08-31,18:00,APOEL Nicosia , Pafos,29.0,32.0,39.0,3.25,3.2,2.0,6.0,52.0,48.0,1.95,1.75,0.0,44,56,1.8,1.88,0.0,0,1,PREMATIPS
2025-08-31,18:00,AEK Athens , Asteras Tripolis,81.0,5.0,12.0,1.22,5.75,11.0,1.0,95.0,5.0,1.67,2.15,0.0,6,94,2.25,1.57,0.0,1,0,PREMATIPS
2025-08-31,18:00,Stjarnan , KA Akureyri,50.0,22.0,28.0,2.0,3.75,2.95,1.0,39.0,61.0,1.43,2.6,1.0,61,39,1.42,2.65,1.0,3,2,PREMATIPS
2025-08-31,18:00,Maccabi Tel Aviv , Maccabi Netanya,45.0,32.0,23.0,1.28,5.13,7.45,1.0,40.0,60.0,1.45,2.58,1.0,54,46,1.73,1.95,1.0,4,0,PREMATIPS
2025-08-31,18:00,Carrarese , Padova,37.0,33.0,30.0,2.55,3.0,2.82,4.0,55.0,45.0,2.35,1.54,0.0,52,48,1.95,1.8,1.0,0,0,PREMATIPS
2025-08-31,18:00,Sudtirol , Sampdoria,35.0,32.0,33.0,2.35,3.2,3.0,5.0,88.0,12.0,2.25,1.62,0.0,52,48,1.95,1.8,1.0,3,1,PREMATIPS
2025-08-31,18:00,Petrocub , Milsami Orhei,35.0,31.0,34.0,2.19,3.23,2.74,5.0,51.0,49.0,1.76,1.81,0.0,55,45,1.65,2.03,1.0,2,1,PREMATIPS
2025-08-31,18:00,Decic Tuzi , Petrovac,34.0,47.0,19.0,2.1,2.8,3.4,1.0,65.0,35.0,2.5,1.46,0.0,55,45,2.15,1.62,1.0,2,2,PREMATIPS
2025-08-31,18:00,Lyn Oslo , Odds BK,45.0,26.0,29.0,1.58,4.1,4.64,4.0,43.0,57.0,1.55,2.29,1.0,64,36,1.6,2.16,1.0,0,0,PREMATIPS
2025-08-31,18:00,Alverca , Benfica,25.0,7.0,68.0,15.0,6.5,1.15,2.0,34.0,66.0,1.5,2.5,1.0,34,66,2.2,1.62,0.0,1,2,PREMATIPS
2025-08-31,18:00,Real Betis , Athletic Bilbao,32.0,33.0,35.0,3.1,3.2,2.4,6.0,69.0,31.0,2.1,1.73,0.0,56,44,1.77,1.92,1.0,1,2,PREMATIPS
2025-08-31,18:00,Spartak Trnava , DAC Dun. Streda,36.0,32.0,32.0,2.3,3.2,2.9,5.0,55.0,45.0,1.95,1.75,0.0,45,55,1.77,1.93,0.0,0,3,PREMATIPS
2025-08-31,18:15,Genk , Zulte Waregem,45.0,32.0,23.0,1.35,5.75,6.25,1.0,47.0,53.0,1.5,2.5,1.0,72,28,1.72,2.0,1.0,3,2,PREMATIPS
2025-08-31,18:15,Stromsgodset , Molde,20.0,13.0,67.0,3.54,3.79,1.85,2.0,39.0,61.0,1.53,2.34,1.0,47,53,1.5,2.41,0.0,3,1,PREMATIPS
2025-08-31,18:15,CD Guadalajara , Tenerife,30.0,32.0,38.0,3.3,3.2,2.0,6.0,94.0,6.0,2.2,1.65,0.0,13,87,2.0,1.73,0.0,0,2,PREMATIPS
2025-08-31,18:30,Aldosivi , Boca Juniors,14.0,60.0,26.0,5.25,3.2,1.76,6.0,77.0,23.0,2.5,1.5,0.0,30,70,2.25,1.57,0.0,0,2,PREMATIPS
2025-08-31,18:30,Koln , Freiburg,35.0,32.0,33.0,2.55,3.3,2.8,5.0,45.0,55.0,1.88,1.98,1.0,53,47,1.67,2.1,1.0,4,1,PREMATIPS
2025-08-31,18:30,Rot, Alemannia Aachen,42.0,33.0,25.0,1.57,3.9,5.0,1.0,63.0,37.0,1.85,1.95,0.0,64,36,1.83,1.83,1.0,2,3,PREMATIPS
2025-08-31,18:30,Beitar Jerusalem , Maccabi Haifa,35.0,31.0,34.0,2.35,3.6,2.5,5.0,7.0,93.0,1.62,2.25,1.0,54,46,1.53,2.38,1.0,0,0,PREMATIPS
2025-08-31,18:30,Hamrun Spartans , Valletta,38.0,32.0,30.0,2.05,3.1,3.2,4.0,85.0,15.0,1.93,1.75,0.0,51,49,1.78,1.9,1.0,1,1,PREMATIPS
2025-08-31,18:30,Puszcza Niepol. , Chrobry Glogow,38.0,31.0,31.0,1.95,3.2,3.6,5.0,41.0,59.0,1.8,2.0,1.0,67,33,1.67,2.1,1.0,0,0,PREMATIPS
2025-08-31,18:30,Dyn. Makhachkala , Dynamo Moscow,23.0,45.0,32.0,4.07,3.57,1.97,6.0,67.0,33.0,2.03,1.85,0.0,47,53,1.86,1.89,0.0,1,0,PREMATIPS
2025-08-31,18:30,Espanyol , Osasuna,36.0,33.0,31.0,2.3,3.2,3.2,4.0,52.0,48.0,2.2,1.67,0.0,50,50,1.95,1.8,0.0,1,0,PREMATIPS
2025-08-31,18:30,Las Palmas , Malaga,40.0,33.0,27.0,1.76,3.5,4.33,1.0,69.0,31.0,2.25,1.62,0.0,68,32,2.0,1.73,1.0,0,1,PREMATIPS
2025-08-31,18:30,Ourense , Bilbao Athletic,32.0,32.0,36.0,2.88,3.0,2.3,5.0,94.0,6.0,2.38,1.53,0.0,13,87,2.1,1.67,0.0,0,0,PREMATIPS
2025-08-31,18:30,Antequera , Cartagena,34.0,33.0,33.0,2.5,3.0,2.6,0.0,87.0,13.0,2.35,1.57,0.0,13,87,2.0,1.73,0.0,0,0,PREMATIPS
2025-08-31,18:30,Novi Pazar , Crvena Zvezda,21.0,33.0,46.0,9.0,5.75,1.23,2.0,37.0,63.0,1.35,2.9,1.0,64,36,1.72,1.98,1.0,1,5,PREMATIPS
2025-08-31,19:00,Dinamo City , Vllaznia,34.0,32.0,34.0,2.49,3.1,2.53,0.0,96.0,4.0,2.03,1.62,0.0,9,91,1.83,1.85,0.0,3,1,PREMATIPS
2025-08-31,19:00,USM Alger , MC Alger,31.0,34.0,35.0,3.07,2.71,2.36,6.0,92.0,8.0,2.96,1.34,0.0,13,87,2.37,1.5,0.0,0,0,PREMATIPS
2025-08-31,19:00,Stade d'Abidjan , ASEC Mimosas,36.0,33.0,31.0,2.22,2.96,2.94,4.0,73.0,27.0,2.25,1.56,0.0,45,55,1.93,1.73,0.0,0,2,PREMATIPS
2025-08-31,19:00,Sparta Prague , Zlin,52.0,8.0,40.0,1.25,5.75,9.0,1.0,58.0,42.0,1.6,2.3,0.0,57,43,2.0,1.75,1.0,3,1,PREMATIPS
2025-08-31,19:00,Brondby , Midtjylland,40.0,25.0,35.0,2.25,3.4,2.8,5.0,49.0,51.0,1.57,2.35,1.0,46,54,1.5,2.5,0.0,1,3,PREMATIPS
2025-08-31,19:00,Smouha , Petrojet,37.0,34.0,29.0,2.1,2.85,3.3,4.0,74.0,26.0,2.65,1.42,0.0,44,56,2.25,1.55,0.0,0,0,PREMATIPS
2025-08-31,19:00,Wadi Degla , Zamalek,23.0,35.0,42.0,5.0,3.1,1.66,2.0,74.0,26.0,2.7,1.4,0.0,27,73,2.6,1.43,0.0,2,1,PREMATIPS
2025-08-31,19:00,Aston Villa , Crystal Palace,40.0,33.0,27.0,1.82,3.6,4.2,1.0,86.0,14.0,1.92,1.82,0.0,29,71,1.8,1.95,0.0,0,3,PREMATIPS
2025-08-31,19:00,PAOK , Atromitos,45.0,34.0,21.0,1.33,4.75,8.5,1.0,95.0,5.0,1.73,2.08,0.0,6,94,2.0,1.75,0.0,1,0,PREMATIPS
2025-08-31,19:00,Debrecen , Ferencvaros,46.0,26.0,28.0,4.33,3.9,1.7,4.0,23.0,77.0,1.57,2.35,1.0,79,21,1.57,2.25,1.0,0,3,PREMATIPS
2025-08-31,19:00,Shamrock Rovers , Drogheda Utd,40.0,36.0,24.0,1.45,3.8,8.5,1.0,54.0,46.0,2.1,1.67,0.0,48,52,2.25,1.57,0.0,2,1,PREMATIPS
2025-08-31,19:00,Leones Negros , Tlaxcala,71.0,26.0,3.0,1.44,4.2,5.5,1.0,47.0,53.0,1.62,2.15,1.0,51,49,1.78,1.9,1.0,2,2,PREMATIPS
2025-08-31,19:00,Mladost DG , Buducnost,49.0,8.0,43.0,4.0,3.9,1.63,1.0,40.0,60.0,1.95,1.75,1.0,63,37,1.98,1.71,1.0,3,1,PREMATIPS
2025-08-31,19:15,Cracovia Krakow , Legia Warszawa,51.0,21.0,28.0,2.6,3.4,2.4,1.0,57.0,43.0,1.73,2.08,0.0,43,57,1.62,2.2,0.0,2,1,PREMATIPS
2025-08-31,19:15,Pogon Szczecin , Rakow Czest.,33.0,31.0,36.0,2.8,3.25,2.3,5.0,29.0,71.0,2.0,1.8,1.0,71,29,1.8,1.95,1.0,2,0,PREMATIPS
2025-08-31,19:15,Olimpija , Maribor,42.0,8.0,50.0,2.37,3.3,2.7,2.0,28.0,72.0,1.87,1.82,1.0,63,37,1.72,1.98,1.0,1,0,PREMATIPS
2025-08-31,19:30,Club Almagro , Quilmes,32.0,37.0,31.0,2.55,2.57,3.3,4.0,74.0,26.0,4.0,1.25,0.0,39,61,2.63,1.44,0.0,2,2,PREMATIPS
2025-08-31,19:30,Ludogorets , Botev Plovdiv,72.0,21.0,7.0,1.27,4.75,9.5,1.0,46.0,54.0,1.73,2.08,1.0,42,58,2.1,1.67,0.0,2,1,PREMATIPS
2025-08-31,19:30,CFR Cluj , FC FCSB,38.0,30.0,32.0,2.75,3.1,2.5,4.0,47.0,53.0,2.1,1.7,1.0,67,33,1.83,1.83,1.0,2,2,PREMATIPS
2025-08-31,19:30,Alanyaspor , Besiktas,31.0,31.0,38.0,3.2,3.7,2.05,5.0,31.0,69.0,1.73,2.08,1.0,66,34,1.62,2.2,1.0,2,0,PREMATIPS
2025-08-31,19:30,Trabzonspor , Samsunspor,41.0,32.0,27.0,1.68,3.8,4.5,1.0,65.0,35.0,1.88,1.93,0.0,33,67,1.83,1.83,0.0,1,1,PREMATIPS
2025-08-31,19:30,Adana Demirspor , Amed SFK,18.0,35.0,47.0,15.0,8.0,1.13,2.0,28.0,72.0,1.33,3.4,1.0,54,46,2.0,1.73,1.0,1,8,PREMATIPS
2025-08-31,19:30,Serik , Bodrum,27.0,33.0,40.0,4.1,3.4,1.73,2.0,62.0,38.0,2.08,1.73,0.0,54,46,2.0,1.73,1.0,2,4,PREMATIPS
2025-08-31,19:30,Juventud de LP , CA Cerro,40.0,32.0,28.0,1.83,3.4,4.33,1.0,52.0,48.0,2.0,1.8,0.0,46,54,1.83,1.83,0.0,1,0,PREMATIPS
2025-08-31,19:45,Lyon , Marseille,34.0,30.0,36.0,2.75,3.5,2.4,5.0,52.0,48.0,1.6,2.3,0.0,28,72,1.47,2.5,0.0,1,0,PREMATIPS
2025-08-31,19:45,Inter , Udinese,45.0,35.0,20.0,1.3,5.5,9.0,1.0,61.0,39.0,1.62,2.3,0.0,45,55,2.0,1.75,0.0,1,2,PREMATIPS
2025-08-31,19:45,Lazio , Verona,43.0,34.0,23.0,1.55,3.9,6.5,1.0,94.0,6.0,2.1,1.73,0.0,45,55,2.2,1.58,0.0,4,0,PREMATIPS
2025-08-31,20:00,Atletico Guemes , Atl. Colegiales,28.0,37.0,35.0,1.46,3.5,7.0,6.0,77.0,23.0,3.1,1.36,0.0,39,61,3.25,1.33,0.0,1,0,PREMATIPS
2025-08-31,20:00,Deportivo Maipu , Dep. Madryn,25.0,44.0,31.0,2.75,2.7,2.85,6.0,71.0,29.0,3.1,1.36,0.0,48,52,2.38,1.53,0.0,2,1,PREMATIPS
2025-08-31,20:00,Est. Rio Cuarto , Temperley,40.0,36.0,24.0,1.82,2.8,5.0,1.0,77.0,23.0,3.6,1.29,0.0,32,68,3.25,1.33,0.0,1,0,PREMATIPS
2025-08-31,20:00,Gimnasia Jujuy , Central Norte,42.0,36.0,22.0,1.54,3.4,6.0,1.0,76.0,24.0,3.1,1.36,0.0,32,68,2.75,1.4,0.0,1,0,PREMATIPS
2025-08-31,20:00,Gimnasia y Tiro , Alvarado,37.0,40.0,23.0,1.86,3.1,4.75,1.0,79.0,21.0,3.5,1.3,0.0,31,69,3.0,1.36,0.0,3,0,PREMATIPS
2025-08-31,20:00,Patronato Parana , CA Atlanta,29.0,42.0,29.0,2.35,2.75,3.1,0.0,75.0,25.0,2.88,1.4,0.0,37,63,2.38,1.5,0.0,0,0,PREMATIPS
2025-08-31,20:00,Zrinjski Mostar , Radnik Bijeljina,6.0,70.0,24.0,1.2,5.75,10.0,6.0,75.0,25.0,1.62,2.15,0.0,28,72,2.3,1.53,0.0,-,-,PREMATIPS
2025-08-31,20:00,CDT Real Oruro , GV San Jose,35.0,31.0,34.0,2.37,3.32,2.58,5.0,46.0,54.0,1.68,2.0,1.0,58,42,1.56,2.24,1.0,4,1,PREMATIPS
2025-08-31,20:00,Flamengo RJ , Gremio RS,59.0,22.0,19.0,1.24,5.5,12.0,1.0,60.0,40.0,1.71,2.01,0.0,46,54,2.25,1.57,0.0,1,1,PREMATIPS
2025-08-31,20:00,Santos SP , Fluminense RJ,31.0,22.0,47.0,2.3,3.2,3.3,6.0,51.0,49.0,2.35,1.57,0.0,50,50,2.0,1.72,0.0,0,0,PREMATIPS
2025-08-31,20:00,Atletico GO , Amazonas AM,43.0,33.0,24.0,1.6,3.5,5.0,4.0,62.0,38.0,2.4,1.53,0.0,53,47,2.25,1.54,1.0,2,0,PREMATIPS
2025-08-31,20:00,Valour , Pacific,35.0,31.0,34.0,2.4,3.19,2.61,5.0,52.0,48.0,1.88,1.79,0.0,54,46,1.7,2.0,1.0,1,1,PREMATIPS
2025-08-31,20:00,Colo, U. de Chile,32.0,26.0,42.0,2.82,3.3,2.32,6.0,47.0,53.0,1.98,1.83,1.0,54,46,1.69,2.0,1.0,1,0,PREMATIPS
2025-08-31,20:00,Atl. Nacional , Envigado,43.0,32.0,25.0,1.27,5.25,10.0,4.0,59.0,41.0,1.75,2.05,0.0,59,41,2.25,1.57,1.0,1,0,PREMATIPS
2025-08-31,20:00,Hajduk Split , Rijeka,49.0,40.0,11.0,1.72,3.3,4.5,1.0,58.0,42.0,2.25,1.62,0.0,32,68,2.1,1.67,0.0,2,2,PREMATIPS
2025-08-31,20:00,Panathinaikos , Levadiakos,45.0,35.0,20.0,1.3,5.0,8.5,1.0,64.0,36.0,1.75,2.05,0.0,40,60,2.1,1.67,0.0,1,1,PREMATIPS
2025-08-31,20:00,Bari , Monza 1912,32.0,33.0,35.0,3.0,3.0,2.5,6.0,55.0,45.0,2.4,1.53,0.0,52,48,2.0,1.75,1.0,1,1,PREMATIPS
2025-08-31,20:00,Modena , Avellino,37.0,32.0,31.0,2.25,3.1,3.25,4.0,88.0,12.0,2.15,1.67,0.0,18,82,1.91,1.91,0.0,1,1,PREMATIPS
2025-08-31,20:00,Ospitaletto , L.R. Vicenza,22.0,35.0,43.0,6.0,3.9,1.44,2.0,20.0,80.0,2.05,1.66,1.0,54,46,2.3,1.53,1.0,0,0,PREMATIPS
2025-08-31,20:00,Ternana , Ascoli,35.0,33.0,32.0,2.4,2.87,2.75,4.0,90.0,10.0,2.3,1.55,0.0,14,86,1.98,1.73,0.0,0,2,PREMATIPS
2025-08-31,20:00,Benevento , Casertana,44.0,35.0,21.0,1.37,4.4,6.25,1.0,16.0,84.0,1.95,1.75,1.0,80,20,2.3,1.53,1.0,2,1,PREMATIPS
2025-08-31,20:00,Cosenza , Salernitana,34.0,34.0,32.0,2.45,2.8,2.8,0.0,49.0,51.0,2.55,1.44,1.0,46,54,2.15,1.61,0.0,1,2,PREMATIPS
2025-08-31,20:00,Siracusa , Monopoli 1966,26.0,34.0,40.0,4.2,3.25,1.75,2.0,49.0,51.0,2.4,1.5,1.0,46,54,2.25,1.55,0.0,1,2,PREMATIPS
2025-08-31,20:00,Libertad , Cerro Porteno,29.0,16.0,55.0,2.63,3.3,2.55,2.0,53.0,47.0,2.35,1.57,0.0,44,56,2.0,1.73,0.0,1,1,PREMATIPS
2025-08-31,20:00,Napredak Kr. , IMT New Belgrade,23.0,41.0,36.0,1.87,3.4,3.5,6.0,49.0,51.0,1.66,2.05,1.0,59,41,1.61,2.15,1.0,3,1,PREMATIPS
2025-08-31,20:00,Radnicki 1923 , Radnicki Nis,16.0,59.0,25.0,1.66,3.6,4.2,6.0,41.0,59.0,1.66,2.05,1.0,68,32,1.68,2.05,1.0,1,0,PREMATIPS
2025-08-31,20:00,Zelezn. Pancevo , Spartak Subotica,54.0,24.0,22.0,1.65,3.6,4.2,1.0,49.0,51.0,1.68,2.05,1.0,65,35,1.68,2.05,1.0,1,1,PREMATIPS
2025-08-31,20:15,Fram Reykjavik , Valur Reykjavik,31.0,21.0,48.0,3.3,3.8,1.88,6.0,39.0,61.0,1.43,2.6,1.0,64,36,1.43,2.6,1.0,2,1,PREMATIPS
2025-08-31,20:15,Vikingur R. , Breidablik,46.0,16.0,38.0,2.0,3.5,3.2,4.0,42.0,58.0,1.55,2.25,1.0,64,36,1.51,2.37,1.0,2,2,PREMATIPS
2025-08-31,20:30,Rio Ave , SC Braga,27.0,32.0,41.0,4.75,3.5,1.71,2.0,34.0,66.0,1.95,1.9,1.0,56,44,1.8,1.95,1.0,2,2,PREMATIPS
2025-08-31,20:30,Santa Clara , Estrela Amadora,39.0,34.0,27.0,1.96,3.25,3.9,1.0,56.0,44.0,2.6,1.48,0.0,34,66,2.2,1.62,0.0,0,0,PREMATIPS
2025-08-31,20:30,Rayo Vallecano , Barcelona,24.0,32.0,44.0,5.75,5.25,1.44,2.0,36.0,64.0,1.44,2.75,1.0,50,50,1.62,2.2,1.0,1,1,PREMATIPS
2025-08-31,20:30,Granada , Mirandes,40.0,33.0,27.0,1.82,3.3,4.1,1.0,52.0,48.0,2.3,1.6,0.0,35,65,2.0,1.73,0.0,1,2,PREMATIPS
2025-08-31,20:30,Real Aviles , Ponferradina,32.0,32.0,36.0,2.9,3.2,2.2,5.0,94.0,6.0,2.38,1.53,0.0,13,87,2.1,1.63,0.0,0,3,PREMATIPS
2025-08-31,20:45,Def. Y Justicia , CA Belgrano,26.0,47.0,27.0,2.05,2.75,4.0,6.0,66.0,34.0,2.5,1.5,0.0,36,64,2.05,1.7,0.0,2,1,PREMATIPS
2025-08-31,20:45,Talleres , Dep. Riestra,40.0,34.0,26.0,1.86,3.25,4.5,1.0,60.0,40.0,2.88,1.4,0.0,36,64,2.38,1.53,0.0,0,1,PREMATIPS
2025-08-31,21:00,Atletico Grau , ADT Tarma,32.0,25.0,43.0,1.65,3.75,5.25,6.0,46.0,54.0,1.98,1.83,1.0,55,45,1.83,1.83,1.0,2,0,PREMATIPS
2025-08-31,21:30,Dep. Cuenca , Orense SC,46.0,19.0,35.0,2.01,3.3,3.7,4.0,59.0,41.0,2.5,1.5,0.0,47,53,2.2,1.62,0.0,1,1,PREMATIPS
2025-08-31,22:00,Hercules Salvador , Cacahuatique,29.0,39.0,32.0,2.2,3.0,2.95,6.0,46.0,54.0,2.15,1.62,1.0,65,35,1.9,1.78,1.0,0,5,PREMATIPS
2025-08-31,22:00,Coban Imperial , Antigua GFC,22.0,19.0,59.0,2.05,3.2,3.1,2.0,63.0,37.0,1.93,1.75,0.0,38,62,1.78,1.9,0.0,2,2,PREMATIPS
2025-08-31,22:00,Juticalpa , Lobos UPNFM,56.0,20.0,24.0,2.1,3.2,3.0,1.0,44.0,56.0,1.82,1.87,1.0,53,47,1.68,2.05,1.0,0,2,PREMATIPS
2025-08-31,22:00,LA Galaxy , Orlando City,35.0,29.0,36.0,2.44,3.67,2.49,5.0,38.0,62.0,1.48,2.53,1.0,64,36,1.42,2.68,1.0,2,1,PREMATIPS
2025-08-31,22:00,Matagalpa , Walter Ferretti,40.0,25.0,35.0,2.65,3.1,2.3,5.0,40.0,60.0,1.8,1.88,1.0,59,41,1.65,2.05,1.0,2,2,PREMATIPS
2025-08-31,22:00,Racing Club M. , Penarol,41.0,3.0,56.0,4.33,3.4,1.8,2.0,44.0,56.0,2.25,1.58,1.0,37,63,2.1,1.67,0.0,1,4,PREMATIPS
2025-08-31,22:00,U. Central , Zamora Barinas,58.0,7.0,35.0,1.88,3.25,3.77,1.0,56.0,44.0,2.03,1.67,0.0,44,56,1.91,1.78,0.0,0,1,PREMATIPS
2025-08-31,22:10,Alianza Valledupar , America de Cali,33.0,33.0,34.0,2.88,3.0,2.6,0.0,51.0,49.0,2.5,1.5,0.0,56,44,2.1,1.67,1.0,1,0,PREMATIPS
2025-08-31,22:15,Blooming , Oriente Petrolero,39.0,31.0,30.0,1.98,3.5,3.0,1.0,40.0,60.0,1.53,2.3,1.0,62,38,1.49,2.4,1.0,4,1,PREMATIPS
2025-08-31,22:15,Platense Zac. , Fuerte SF,17.0,59.0,24.0,1.88,3.1,3.75,6.0,65.0,35.0,2.2,1.57,0.0,41,59,2.0,1.68,0.0,1,1,PREMATIPS
2025-08-31,22:30,Corinthians SP , Palmeiras SP,27.0,23.0,50.0,3.5,3.1,2.25,2.0,55.0,45.0,2.7,1.44,0.0,49,51,2.2,1.62,0.0,1,1,PREMATIPS
2025-08-31,22:30,Mirassol SP , Bahia BA,29.0,38.0,33.0,2.2,3.2,3.5,6.0,56.0,44.0,2.1,1.7,0.0,54,46,1.91,1.91,1.0,5,1,PREMATIPS
2025-08-31,22:30,Vitoria BA , Atletico MG,28.0,38.0,34.0,3.1,2.88,2.6,6.0,57.0,43.0,2.4,1.53,0.0,49,51,2.0,1.75,0.0,1,0,PREMATIPS
2025-08-31,22:30,Volta Redonda RJ , Athletic Club MG,33.0,26.0,41.0,2.1,3.1,3.6,6.0,66.0,34.0,2.5,1.5,0.0,41,59,2.1,1.67,0.0,0,2,PREMATIPS
2025-08-31,22:30,Guarani As. , Gen.Caballero JLM,59.0,21.0,20.0,1.9,3.4,4.0,1.0,53.0,47.0,2.2,1.65,0.0,37,63,2.0,1.73,0.0,4,0,PREMATIPS
2025-08-31,23:00,Los Andes , San Miguel,33.0,34.0,33.0,3.0,2.5,2.8,0.0,74.0,26.0,3.5,1.3,0.0,39,61,2.63,1.44,0.0,0,0,PREMATIPS
2025-08-31,23:00,Mun. Limeno , Zacatecoluca FC,83.0,6.0,11.0,1.68,3.3,4.5,1.0,46.0,54.0,1.95,1.75,1.0,60,40,1.9,1.78,1.0,1,0,PREMATIPS
2025-08-31,23:00,Pumas UNAM , Atlas,40.0,33.0,27.0,1.62,3.8,5.25,1.0,37.0,63.0,1.93,1.88,1.0,63,37,1.91,1.91,1.0,1,0,PREMATIPS
2025-08-31,23:00,Anzoategui FC , Puerto Cabello,24.0,32.0,44.0,2.65,2.95,2.45,6.0,60.0,40.0,2.25,1.55,0.0,40,60,1.98,1.72,0.0,1,0,PREMATIPS
2025-08-31,23:15,River Plate , San Martin SJ,45.0,36.0,19.0,1.3,4.75,10.0,1.0,60.0,40.0,2.0,1.8,0.0,41,59,2.38,1.53,0.0,2,0,PREMATIPS
2025-08-31,23:30,Nublense , Union Espanola,50.0,28.0,22.0,1.72,3.9,4.0,1.0,55.0,45.0,1.88,1.93,0.0,43,57,1.83,1.83,0.0,1,2,PREMATIPS
2025-09-01,00:00,Barcelona SC , Un. Catolica Q.,41.0,28.0,31.0,1.86,3.25,4.33,4.0,54.0,46.0,2.03,1.78,0.0,53,47,1.8,1.91,1.0,2,3,PREMATIPS
2025-09-01,00:00,Isidro Metapan , Luis Angel Firpo,20.0,46.0,34.0,2.5,2.7,2.75,6.0,46.0,54.0,2.55,1.44,1.0,51,49,2.1,1.63,1.0,2,1,PREMATIPS
2025-09-01,00:15,Platense , Dep. Choloma,62.0,22.0,16.0,1.72,3.7,3.7,1.0,21.0,79.0,1.68,2.0,1.0,63,37,1.68,2.0,1.0,3,0,PREMATIPS
2025-09-01,00:20,Deportes Tolima , Fortaleza CEIF,30.0,46.0,24.0,1.65,3.5,5.75,4.0,59.0,41.0,2.2,1.65,0.0,47,53,2.1,1.67,0.0,1,1,PREMATIPS
2025-09-01,00:20,La Equidad , Dep. Pasto,39.0,43.0,18.0,2.3,2.75,3.8,4.0,50.0,50.0,3.4,1.33,0.0,62,38,2.5,1.5,1.0,0,0,PREMATIPS
2025-09-01,00:30,J. Wilstermann , Aurora Cochabamba,29.0,32.0,39.0,3.7,3.4,1.8,6.0,48.0,52.0,1.73,1.95,1.0,55,45,1.7,2.0,1.0,1,3,PREMATIPS
2025-09-01,00:30,Internacional RS , Fortaleza CE,48.0,33.0,19.0,1.6,3.8,6.0,1.0,54.0,46.0,2.05,1.75,0.0,51,49,2.0,1.75,1.0,2,1,PREMATIPS
2025-09-01,00:30,Sport Recife PE , Vasco da Gama RJ,19.0,32.0,49.0,2.38,3.2,3.1,2.0,51.0,49.0,2.15,1.67,0.0,48,52,1.91,1.91,0.0,2,3,PREMATIPS
2025-09-01,00:30,Boston River , Progreso M.,39.0,32.0,29.0,1.85,3.3,4.33,1.0,44.0,56.0,2.05,1.75,1.0,54,46,1.83,1.83,1.0,2,1,PREMATIPS
2025-09-01,00:30,Dep. Tachira , Est. de Merida,66.0,7.0,27.0,1.53,3.75,5.0,1.0,52.0,48.0,1.85,1.82,0.0,57,43,1.95,1.75,1.0,4,0,PREMATIPS
2025-09-01,01:00,San Martin T. , Arsenal Sarandi,39.0,37.0,24.0,1.64,3.4,5.25,4.0,73.0,27.0,2.7,1.44,0.0,43,57,2.63,1.44,0.0,0,3,PREMATIPS
2025-09-01,01:00,Herediano , Mun. Liberia,34.0,13.0,53.0,1.83,3.4,4.0,2.0,44.0,56.0,2.03,1.78,1.0,46,54,1.83,1.83,0.0,1,0,PREMATIPS
2025-09-01,01:00,Dep. Mictlan , Municipal,12.0,59.0,29.0,3.5,3.0,1.98,6.0,57.0,43.0,2.37,1.51,0.0,55,45,2.1,1.63,1.0,0,0,PREMATIPS
2025-09-01,01:00,Seattle Sounders , Inter Miami,36.0,31.0,33.0,2.13,3.51,3.03,5.0,42.0,58.0,1.57,2.29,1.0,61,39,1.49,2.47,1.0,3,0,PREMATIPS
2025-09-01,01:15,Racing Club , Union Santa Fe,40.0,34.0,26.0,1.79,3.3,4.75,1.0,71.0,29.0,2.35,1.57,0.0,41,59,2.1,1.67,0.0,2,3,PREMATIPS
2025-09-01,01:15,Dep. Moron , Est. Buenos Aires,37.0,34.0,29.0,2.25,2.75,3.6,4.0,75.0,25.0,3.4,1.33,0.0,33,67,2.5,1.5,0.0,1,1,PREMATIPS
2025-09-01,02:30,Motagua , Real Espana,22.0,24.0,54.0,2.37,3.2,2.55,2.0,44.0,56.0,1.83,1.85,1.0,47,53,1.7,2.0,0.0,3,2,PREMATIPS
2025-09-01,03:00,Xelaju MC , Marquense,41.0,34.0,25.0,1.34,4.24,7.58,4.0,57.0,43.0,1.88,1.78,0.0,38,62,2.23,1.55,0.0,3,1,PREMATIPS
2025-09-01,03:00,Rancho Santana , ART Mun. Jalapa,49.0,4.0,47.0,2.35,3.3,2.5,1.0,37.0,63.0,1.72,1.98,1.0,62,38,1.62,2.15,1.0,2,1,PREMATIPS
2025-09-01,03:45,Los Angeles FC , San Diego FC,41.0,30.0,29.0,1.71,4.1,4.2,1.0,45.0,55.0,1.57,2.3,1.0,53,47,1.62,2.2,1.0,1,2,PREMATIPS
2025-09-01,04:00,Club Tijuana , Necaxa,37.0,46.0,17.0,2.25,3.6,2.85,4.0,48.0,52.0,1.53,2.4,1.0,63,37,1.5,2.5,1.0,3,0,PREMATIPS
2025-09-01,13:00,India , Iran,15.0,37.0,48.0,21.08,8.74,1.08,2.0,33.0,67.0,1.36,2.84,1.0,36,64,2.5,1.47,0.0,0,3,PREMATIPS
2025-09-01,15:30,Marek Dupnitsa , Minyor Pernik,34.0,45.0,21.0,1.64,3.22,4.77,1.0,83.0,17.0,2.35,1.46,0.0,42,58,2.26,1.53,0.0,1,2,PREMATIPS
2025-09-01,15:30,Llapi , Drita,26.0,35.0,39.0,4.1,2.88,1.91,6.0,71.0,29.0,2.47,1.47,0.0,12,88,2.11,1.64,0.0,1,1,PREMATIPS
2025-09-01,16:00,Kun Khalifat , Remo Stars,34.0,35.0,31.0,2.56,2.64,2.94,4.0,95.0,5.0,2.97,1.3,0.0,40,60,2.35,1.52,0.0,1,2,PREMATIPS
2025-09-01,16:00,Csikszereda , Otelul Galati,31.0,33.0,36.0,3.1,3.1,2.25,6.0,41.0,59.0,2.15,1.67,1.0,68,32,1.91,1.8,1.0,1,1,PREMATIPS
2025-09-01,16:30,Afghanistan , Tajikistan,21.0,35.0,44.0,8.62,4.58,1.32,2.0,50.0,50.0,1.74,1.96,1.0,43,57,2.12,1.63,0.0,0,2,PREMATIPS
2025-09-01,17:00,H. Nof HaGalil , Kiryat Yam,37.0,31.0,32.0,2.3,3.25,2.6,5.0,18.0,82.0,1.93,1.75,1.0,51,49,1.78,1.9,1.0,1,2,PREMATIPS
2025-09-01,17:00,Hapoel Afula , Rishon LeZion,31.0,32.0,37.0,3.2,3.2,2.0,6.0,85.0,15.0,2.0,1.7,0.0,17,83,1.85,1.83,0.0,0,3,PREMATIPS
2025-09-01,17:00,Maccabi Jaffa , H. Ramat Gan,34.0,32.0,34.0,2.95,3.1,2.15,0.0,52.0,48.0,2.15,1.61,0.0,84,16,1.93,1.75,1.0,2,4,PREMATIPS
2025-09-01,18:00,Agropecuario , Almirante Brown,38.0,34.0,28.0,2.4,2.75,3.3,1.0,69.0,31.0,2.88,1.4,0.0,44,56,2.25,1.57,0.0,3,1,PREMATIPS
2025-09-01,18:00,Esbjerg , HB Koge,64.0,17.0,19.0,1.53,4.2,5.0,1.0,56.0,44.0,1.5,2.5,0.0,46,54,1.62,2.2,0.0,3,2,PREMATIPS
2025-09-01,18:00,Hammarby TFF , Assyriska FF,49.0,27.0,24.0,1.73,3.7,3.86,1.0,46.0,54.0,1.53,2.26,1.0,59,41,1.49,2.32,1.0,4,0,PREMATIPS
2025-09-01,18:00,Jonkopings S. , IFK Skovde,65.0,23.0,12.0,1.22,5.75,9.25,1.0,48.0,52.0,1.5,2.4,1.0,42,58,2.0,1.7,0.0,2,1,PREMATIPS
2025-09-01,18:30,Al,Sadd,41.0,31.0,28.0,3.1,3.6,1.88,1.0,36.0,64.0,1.53,2.3,1.0,61,39,1.51,2.35,1.0,3,3,PREMATIPS
2025-09-01,18:30,Al, Muaither SC,43.0,33.0,24.0,1.46,4.0,5.5,1.0,49.0,51.0,1.78,1.9,1.0,48,52,1.95,1.75,0.0,0,0,PREMATIPS
2025-09-01,18:30,Huesca , Eibar,34.0,34.0,32.0,2.4,2.7,3.25,0.0,68.0,32.0,2.88,1.4,0.0,52,48,2.38,1.53,1.0,2,1,PREMATIPS
2025-09-01,18:30,Atl. Madrid B , Atl. Sanluqueno,40.0,33.0,27.0,2.0,3.1,3.4,1.0,91.0,9.0,2.35,1.57,0.0,9,91,2.2,1.62,0.0,0,0,PREMATIPS
2025-09-01,18:30,Villarreal B , Alcorcon,33.0,33.0,34.0,3.0,3.0,2.3,0.0,91.0,9.0,2.3,1.6,0.0,9,91,2.0,1.73,0.0,1,0,PREMATIPS
2025-09-01,19:00,Farul Constanta , Petrolul,47.0,28.0,25.0,1.9,3.4,3.8,1.0,55.0,45.0,2.1,1.7,0.0,59,41,1.91,1.8,1.0,2,1,PREMATIPS
2025-09-01,20:00,HFX Wanderers , York United,37.0,32.0,31.0,2.05,3.0,3.2,4.0,59.0,41.0,2.2,1.58,0.0,47,53,1.98,1.73,0.0,4,0,PREMATIPS
2025-09-01,20:00,Guidonia , Pineto,35.0,32.0,33.0,2.4,3.0,2.65,5.0,91.0,9.0,2.15,1.62,0.0,46,54,1.88,1.8,0.0,0,2,PREMATIPS
2025-09-01,20:30,Leganes , Dep. La Coruna,37.0,33.0,30.0,2.15,3.0,3.4,4.0,68.0,32.0,2.25,1.62,0.0,69,31,1.83,1.83,1.0,2,2,PREMATIPS
2025-09-01,20:30,Marbella , Real Murcia,33.0,34.0,33.0,2.45,2.8,2.8,0.0,91.0,9.0,2.5,1.5,0.0,9,91,2.1,1.67,0.0,2,1,PREMATIPS
2025-09-01,21:00,Gimnasia LP , Atl. Tucuman,35.0,34.0,31.0,2.57,2.82,3.0,4.0,60.0,40.0,2.7,1.44,0.0,41,59,2.2,1.62,0.0,1,0,PREMATIPS
2025-09-01,21:10,Nueva Chicago , Gimnasia Mendoza,30.0,35.0,35.0,3.2,2.77,2.4,6.0,77.0,23.0,3.1,1.36,0.0,38,62,2.5,1.5,0.0,1,1,PREMATIPS
2025-09-01,23:00,Chapecoense SC , Vila Nova GO,49.0,16.0,35.0,1.77,3.2,4.75,1.0,62.0,38.0,2.6,1.48,0.0,41,59,2.25,1.57,0.0,2,2,PREMATIPS
2025-09-01,23:00,Cerro Largo Melo , Mont. Wanderers,83.0,8.0,9.0,2.2,3.1,3.4,1.0,68.0,32.0,2.6,1.48,0.0,39,61,2.2,1.62,0.0,0,1,PREMATIPS
2025-09-01,23:10,Def. de Belgrano , Colon Santa Fe,38.0,35.0,27.0,2.05,2.75,4.33,4.0,74.0,26.0,3.1,1.36,0.0,36,64,2.5,1.5,0.0,1,0,PREMATIPS
2025-09-01,23:15,Platense , Godoy Cruz,37.0,35.0,28.0,2.25,2.82,3.75,4.0,64.0,36.0,3.5,1.3,0.0,50,50,2.63,1.44,0.0,1,3,PREMATIPS
2025-09-02,00:30,Caracas , Yaracuyanos,76.0,15.0,9.0,1.58,3.5,5.0,1.0,60.0,40.0,1.9,1.78,0.0,44,56,1.93,1.77,0.0,3,1,PREMATIPS
2025-09-02,01:00,Delfin Manta , Libertad Loja,22.0,48.0,30.0,2.25,3.4,3.0,6.0,54.0,46.0,1.98,1.83,0.0,55,45,1.73,2.0,1.0,0,0,PREMATIPS
2025-09-02,01:15,Ferro C. Oeste , Racing Cordoba,31.0,36.0,33.0,2.45,2.7,3.2,6.0,71.0,29.0,3.4,1.33,0.0,38,62,2.5,1.5,0.0,2,2,PREMATIPS
2025-09-02,01:30,Ferroviaria SP , Cuiaba MT,28.0,38.0,34.0,2.5,2.85,3.1,6.0,61.0,39.0,2.7,1.44,0.0,51,49,2.2,1.62,1.0,2,2,PREMATIPS
2025-09-02,01:30,Santa Fe Bogota , Once Caldas,55.0,36.0,9.0,1.95,3.2,4.2,1.0,54.0,46.0,2.3,1.6,0.0,58,42,2.1,1.67,1.0,1,2,PREMATIPS
2025-09-02,13:00,Oman , Kyrgyzstan,39.0,34.0,27.0,1.85,3.0,4.0,1.0,61.0,39.0,2.5,1.47,0.0,44,56,2.25,1.57,0.0,2,1,PREMATIPS
2025-09-02,13:30,Kuwait , Lebanon,35.0,34.0,31.0,2.6,2.88,2.8,4.0,63.0,37.0,2.7,1.44,0.0,44,56,2.1,1.67,0.0,-,-,PREMATIPS
2025-09-02,14:00,Ankaraspor , Eskisehirspor,45.0,34.0,21.0,1.42,4.38,5.99,1.0,44.0,56.0,1.63,2.12,1.0,46,54,1.81,1.89,0.0,1,2,PREMATIPS
2025-09-02,15:30,Turkmenistan , Uzbekistan,16.0,37.0,47.0,15.0,6.78,1.14,2.0,36.0,64.0,1.44,2.5,1.0,41,59,2.31,1.53,0.0,1,2,PREMATIPS
2025-09-02,16:30,Al,Arabi Doha,38.0,29.0,33.0,2.05,3.69,2.81,5.0,35.0,65.0,1.39,2.55,1.0,66,34,1.37,2.69,1.0,1,3,PREMATIPS
2025-09-02,18:00,Skive , Kolding,25.0,32.0,43.0,5.54,4.15,1.45,2.0,41.0,59.0,1.56,2.21,1.0,55,45,1.68,2.0,1.0,0,2,PREMATIPS
2025-09-02,18:30,Al,Duhail,34.0,29.0,37.0,2.75,3.61,2.11,5.0,38.0,62.0,1.46,2.34,1.0,63,37,1.42,2.52,1.0,0,0,PREMATIPS
2025-09-02,19:00,Bolton Wanderers , Rotherham Utd,43.0,33.0,24.0,1.47,4.0,6.0,1.0,51.0,49.0,1.7,2.1,0.0,47,53,1.83,1.83,0.0,1,0,PREMATIPS
2025-09-02,19:00,Crewe Alexandra , Chesterfield,30.0,32.0,38.0,3.46,3.36,1.94,6.0,51.0,49.0,1.84,1.84,0.0,53,47,1.72,1.98,1.0,7,1,PREMATIPS
2025-09-02,19:00,Fleetwood Town , Accrington,39.0,33.0,28.0,2.0,3.3,3.25,1.0,52.0,48.0,1.98,1.83,0.0,51,49,1.8,1.91,1.0,2,2,PREMATIPS
2025-09-02,19:00,Lincoln City , Notts County,40.0,32.0,28.0,1.75,3.4,3.9,1.0,51.0,49.0,1.9,1.9,0.0,51,49,1.83,1.83,1.0,3,0,PREMATIPS
2025-09-02,19:00,Peterborough Utd , Leyton Orient,33.0,31.0,36.0,2.55,3.25,2.45,5.0,48.0,52.0,1.85,1.95,1.0,56,44,1.67,2.1,1.0,1,3,PREMATIPS
2025-09-02,19:00,Plymouth Argyle , Cheltenham Town,42.0,32.0,26.0,1.5,3.9,5.0,1.0,49.0,51.0,1.8,2.0,1.0,51,49,1.83,1.83,1.0,2,0,PREMATIPS
2025-09-02,19:00,Shrewsbury Town , Walsall,31.0,31.0,38.0,2.9,3.6,2.0,5.0,51.0,49.0,1.9,1.9,0.0,54,46,1.8,1.91,1.0,1,3,PREMATIPS
2025-09-02,19:00,Swindon Town , Reading,35.0,31.0,34.0,2.38,3.4,2.55,5.0,45.0,55.0,1.7,2.1,1.0,59,41,1.62,2.2,1.0,3,2,PREMATIPS
2025-09-02,19:00,Wigan Athletic , Salford City,38.0,32.0,30.0,1.98,3.31,3.35,4.0,51.0,49.0,1.88,1.81,0.0,53,47,1.74,1.95,1.0,0,2,PREMATIPS
2025-09-02,19:00,Wimbledon , Stevenage,33.0,32.0,35.0,2.7,3.4,2.35,5.0,52.0,48.0,1.9,1.9,0.0,53,47,1.73,2.0,1.0,1,5,PREMATIPS
2025-09-02,19:00,Wycombe , Colchester Utd,40.0,32.0,28.0,1.69,3.5,4.0,1.0,52.0,48.0,1.95,1.85,0.0,50,50,1.83,1.83,1.0,1,2,PREMATIPS
2025-09-02,19:30,Bradford City , Grimsby Town,41.0,32.0,27.0,1.7,3.7,3.9,1.0,49.0,51.0,1.83,1.98,1.0,53,47,1.83,1.83,1.0,2,1,PREMATIPS
2025-09-02,19:30,Luton Town , Barnet,43.0,33.0,24.0,1.5,3.92,5.45,1.0,49.0,51.0,1.78,1.91,1.0,49,51,1.86,1.82,0.0,4,1,PREMATIPS
2025-09-02,19:45,Braintree , Tamworth,33.0,31.0,36.0,2.8,3.5,2.25,5.0,53.0,47.0,1.85,1.95,0.0,42,58,1.7,2.05,0.0,1,2,PREMATIPS
2025-09-02,19:45,Eastleigh , Scunthorpe Utd,38.0,19.0,43.0,2.5,3.25,2.6,5.0,51.0,49.0,2.1,1.7,0.0,61,39,1.8,1.95,1.0,-,-,PREMATIPS
2025-09-02,19:45,Morecambe , Forest Green R.,24.0,33.0,43.0,5.5,4.75,1.42,2.0,44.0,56.0,1.53,2.4,1.0,39,61,1.75,2.0,0.0,1,3,PREMATIPS
2025-09-02,19:45,Solihull Moors , Yeovil Town,34.0,32.0,34.0,2.55,3.3,2.5,0.0,49.0,51.0,2.05,1.75,1.0,55,45,1.8,1.95,1.0,0,1,PREMATIPS
2025-09-02,19:45,Wealdstone , Southend Utd,38.0,7.0,55.0,4.0,3.7,1.73,2.0,49.0,51.0,1.95,1.85,1.0,50,50,1.91,1.91,1.0,3,2,PREMATIPS
2025-09-02,19:45,Connah's Quay , Bala Town,42.0,32.0,26.0,1.58,3.75,4.6,1.0,71.0,29.0,1.75,1.95,0.0,44,56,1.8,1.88,0.0,1,3,PREMATIPS
2025-09-02,20:00,Sol de America , Recoleta,37.0,30.0,33.0,2.15,3.5,2.65,5.0,38.0,62.0,1.52,2.35,1.0,64,36,1.47,2.45,1.0,1,0,PREMATIPS
2025-09-02,22:00,San Carlos , Perez Zeledon,28.0,45.0,27.0,2.05,3.4,3.2,4.0,45.0,55.0,1.98,1.83,1.0,51,49,1.8,1.91,1.0,0,1,PREMATIPS
2025-09-02,22:30,Sportivo Carapegua , Atl. Tembetary,32.0,31.0,37.0,2.92,3.5,2.06,5.0,46.0,54.0,1.65,2.08,1.0,57,43,1.57,2.21,1.0,0,1,PREMATIPS
2025-09-02,23:30,America MG , Avai SC,24.0,35.0,41.0,2.25,2.75,3.25,6.0,55.0,45.0,2.5,1.5,0.0,50,50,2.1,1.67,0.0,2,0,PREMATIPS
2025-09-03,11:00,Shonan Bellmare , S. Hiroshima,25.0,33.0,42.0,4.2,3.41,1.76,2.0,52.0,48.0,1.94,1.77,0.0,48,52,1.83,1.84,0.0,3,2,PREMATIPS
2025-09-03,11:00,Yokohama FC , Vissel Kobe,27.0,33.0,40.0,3.63,3.15,1.97,2.0,58.0,42.0,2.21,1.58,0.0,46,54,1.97,1.73,0.0,2,0,PREMATIPS
2025-09-03,11:00,Yokohama F M. , Kashiwa Reysol,31.0,32.0,37.0,2.88,3.4,2.3,6.0,47.0,53.0,1.8,2.0,1.0,57,43,1.62,2.2,1.0,1,4,PREMATIPS
2025-09-03,11:30,Urawa Red Diam. , Kawasaki Front.,36.0,31.0,33.0,2.24,3.35,2.81,5.0,46.0,54.0,1.7,2.04,1.0,58,42,1.57,2.22,1.0,1,1,PREMATIPS
2025-09-03,13:00,Yenisey , Shinnik Yaroslavl,37.0,22.0,41.0,2.4,2.99,2.99,5.0,68.0,32.0,2.65,1.43,0.0,40,60,2.18,1.62,0.0,0,0,PREMATIPS
2025-09-03,14:00,Seychelles , Gabon,15.0,37.0,48.0,31.06,12.75,1.03,2.0,22.0,78.0,1.2,4.16,1.0,34,66,2.7,1.41,0.0,0,4,PREMATIPS
2025-09-03,14:30,Teteks Tetovo , Pelister Bitola,23.0,34.0,43.0,5.7,3.85,1.44,2.0,52.0,48.0,1.84,1.76,0.0,45,55,2.01,1.69,0.0,1,2,PREMATIPS
2025-09-03,15:30,Volga Ulyanovsk , Chernomorets N.,36.0,33.0,31.0,2.36,3.1,3.04,4.0,59.0,41.0,2.45,1.52,0.0,55,45,2.05,1.69,1.0,1,1,PREMATIPS
2025-09-03,16:00,Banik Ostrava B , HS Kromeriz,81.0,15.0,3.0,1.55,4.0,4.33,1.0,32.0,68.0,1.57,2.35,1.0,55,45,1.62,2.2,1.0,3,0,PREMATIPS
2025-09-03,16:00,Middelfart , Silkeborg,25.0,33.0,42.0,5.25,4.0,1.51,2.0,40.0,60.0,1.53,2.3,1.0,57,43,1.63,2.1,1.0,1,2,PREMATIPS
2025-09-03,16:00,Augsburg , Greuther Furth,41.0,29.0,30.0,1.63,4.44,4.03,1.0,38.0,62.0,1.49,2.51,1.0,59,41,1.55,2.33,1.0,1,2,PREMATIPS
2025-09-03,16:00,Neftekhimik , Rodina Moscow,17.0,65.0,18.0,3.96,3.02,2.05,6.0,68.0,32.0,2.68,1.42,0.0,55,45,2.28,1.57,1.0,1,5,PREMATIPS
2025-09-03,16:00,Sokol Saratov , KAMAZ,7.0,64.0,29.0,2.8,2.84,2.77,6.0,59.0,41.0,2.75,1.35,0.0,64,36,2.26,1.57,1.0,0,2,PREMATIPS
2025-09-03,16:15,Qatar , Bahrain,41.0,34.0,25.0,1.8,3.2,4.1,1.0,60.0,40.0,2.25,1.62,0.0,43,57,2.1,1.67,0.0,2,2,PREMATIPS
2025-09-03,16:30,FC Andorra , Inter Escaldes,41.0,32.0,27.0,1.65,3.8,4.36,1.0,45.0,55.0,1.66,2.08,1.0,56,44,1.64,2.1,1.0,3,0,PREMATIPS
2025-09-03,16:30,Al,Sailiya,36.0,29.0,35.0,2.15,3.5,2.65,5.0,40.0,60.0,1.51,2.35,1.0,62,38,1.47,2.45,1.0,1,2,PREMATIPS
2025-09-03,16:30,Chayka Pesch. , Rotor Volgograd,20.0,35.0,45.0,4.84,3.22,1.81,6.0,54.0,46.0,2.54,1.42,0.0,45,55,2.34,1.52,0.0,0,6,PREMATIPS
2025-09-03,17:00,Torpedo Moscow , Ufa,41.0,35.0,24.0,1.55,3.7,6.4,1.0,63.0,37.0,2.33,1.58,0.0,31,69,2.36,1.51,0.0,0,0,PREMATIPS
2025-09-03,17:30,S. Grossaspach , Stuttgart,20.0,34.0,46.0,10.42,6.05,1.24,2.0,34.0,66.0,1.37,2.77,1.0,51,49,1.81,1.9,1.0,2,6,PREMATIPS
2025-09-03,17:30,Sp. San Lorenzo , Tacuary,40.0,35.0,25.0,1.83,2.9,4.33,1.0,64.0,36.0,2.6,1.43,0.0,40,60,2.35,1.52,0.0,1,1,PREMATIPS
2025-09-03,18:00,Arsenal Tula ,Khabarovsk,20.0,60.0,20.0,1.87,3.31,4.34,0.0,59.0,41.0,2.34,1.57,0.0,69,31,2.11,1.65,1.0,3,1,PREMATIPS
2025-09-03,18:30,Al, Qatar SC,42.0,31.0,27.0,1.53,3.99,4.84,1.0,42.0,58.0,1.54,2.23,1.0,57,43,1.61,2.1,1.0,4,1,PREMATIPS
2025-09-03,18:30,Al,Salal,43.0,32.0,25.0,1.52,4.19,4.6,1.0,38.0,62.0,1.47,2.35,1.0,56,44,1.56,2.19,1.0,1,3,PREMATIPS
2025-09-03,19:00,Mamer 32 , Differdange,17.0,37.0,46.0,12.0,5.25,1.2,2.0,40.0,60.0,1.75,1.93,1.0,61,39,2.65,1.42,1.0,1,4,PREMATIPS
2025-09-03,19:45,Brackley Town , Carlisle Utd,33.0,31.0,36.0,2.8,3.3,2.3,5.0,52.0,48.0,1.93,1.88,0.0,60,40,1.7,2.05,1.0,0,1,PREMATIPS
2025-09-03,19:45,Gateshead , Altrincham,34.0,31.0,35.0,2.55,3.6,2.38,5.0,32.0,68.0,1.57,2.35,1.0,56,44,1.5,2.5,1.0,0,2,PREMATIPS
2025-09-03,19:45,Halifax Town , Woking,39.0,32.0,29.0,1.85,3.5,3.75,1.0,43.0,57.0,2.05,1.75,1.0,56,44,1.95,1.8,1.0,1,1,PREMATIPS
2025-09-03,19:45,Hartlepool Utd , Boston United,64.0,20.0,16.0,1.48,4.1,5.5,1.0,57.0,43.0,1.83,1.98,0.0,36,64,1.95,1.8,0.0,1,1,PREMATIPS
2025-09-03,19:45,Sutton Utd , Boreham Wood,34.0,32.0,34.0,2.6,3.25,2.5,0.0,40.0,60.0,1.9,1.9,1.0,54,46,1.7,2.05,1.0,3,4,PREMATIPS
2025-09-03,19:45,Truro City , Aldershot Town,34.0,31.0,35.0,2.63,3.4,2.4,5.0,38.0,62.0,1.75,2.05,1.0,50,50,1.62,2.2,1.0,2,2,PREMATIPS
2025-09-03,21:00,Envigado , Millonarios,30.0,34.0,36.0,3.3,3.1,2.3,6.0,65.0,35.0,2.7,1.44,0.0,42,58,2.2,1.62,0.0,1,0,PREMATIPS
2025-09-03,22:00,Cacahuatique , FAS Santa Ana,24.0,25.0,51.0,3.2,3.25,1.98,2.0,47.0,53.0,1.87,1.82,1.0,55,45,1.75,1.95,1.0,0,0,PREMATIPS
2025-09-03,22:00,Coban Imperial , Comunicaciones,25.0,40.0,35.0,2.25,3.2,2.75,6.0,61.0,39.0,2.2,1.58,0.0,45,55,1.98,1.72,0.0,3,1,PREMATIPS
2025-09-03,22:30,Platense Zac. , Isidro Metapan,10.0,59.0,31.0,3.1,3.0,2.15,6.0,59.0,41.0,2.3,1.53,0.0,59,41,2.05,1.68,1.0,3,0,PREMATIPS
2025-09-03,23:15,America de Cali , CA Bucaramanga,37.0,33.0,30.0,2.09,3.09,3.42,4.0,63.0,37.0,2.43,1.49,0.0,44,56,2.1,1.65,0.0,2,0,PREMATIPS
2025-09-04,00:00,Dep. Tachira , Monagas,41.0,34.0,25.0,1.65,3.5,4.4,1.0,62.0,38.0,2.15,1.6,0.0,40,60,2.15,1.61,0.0,0,1,PREMATIPS
2025-09-04,01:30,Confianca SE , Bahia BA,26.0,33.0,41.0,4.1,3.4,1.75,2.0,58.0,42.0,2.25,1.62,0.0,44,56,2.2,1.62,0.0,1,4,PREMATIPS
2025-09-04,01:30,Ind. Medellin , Fortaleza CEIF,42.0,34.0,24.0,1.5,4.0,6.5,1.0,55.0,45.0,2.08,1.73,0.0,45,55,2.2,1.62,0.0,2,1,PREMATIPS
2025-09-04,01:45,Deportes Quindio , Atl. Nacional,29.0,32.0,39.0,3.8,3.5,1.91,6.0,52.0,48.0,1.98,1.83,0.0,52,48,1.8,1.91,1.0,2,2,PREMATIPS
2025-09-04,02:00,Alianza Salvador , Mun. Limeno,34.0,44.0,22.0,1.7,3.4,4.33,4.0,45.0,55.0,2.05,1.66,1.0,65,35,2.0,1.7,1.0,3,1,PREMATIPS
2025-09-04,02:00,Luis Angel Firpo , Hercules Salvador,56.0,26.0,18.0,1.27,5.0,8.0,1.0,43.0,57.0,1.62,2.15,1.0,55,45,2.05,1.66,1.0,2,0,PREMATIPS
2025-09-04,02:00,Municipal , Dep. Mixco,27.0,43.0,30.0,1.66,3.25,4.6,6.0,56.0,44.0,2.25,1.55,0.0,54,46,2.2,1.6,1.0,3,1,PREMATIPS
2025-09-04,10:00,Grazer AK , A. Klagenfurt,40.0,32.0,28.0,1.68,3.7,4.0,1.0,48.0,52.0,1.58,2.2,1.0,54,46,1.6,2.15,1.0,3,0,PREMATIPS
2025-09-04,10:00,Iraq , Hong Kong,45.0,35.0,20.0,1.24,5.0,9.5,1.0,44.0,56.0,1.6,2.15,1.0,46,54,2.05,1.66,0.0,2,1,PREMATIPS
2025-09-04,11:00,Den Bosch , FC Eindhoven,40.0,31.0,29.0,1.9,3.5,3.2,1.0,40.0,60.0,1.55,2.3,1.0,60,40,1.51,2.35,1.0,1,2,PREMATIPS
2025-09-04,12:30,Sturm Graz II , Floridsdorfer AC,35.0,29.0,36.0,2.4,3.6,2.3,5.0,40.0,60.0,1.46,2.5,1.0,62,38,1.43,2.6,1.0,2,2,PREMATIPS
2025-09-04,13:00,Bochum , Duisburg,43.0,30.0,27.0,1.52,4.31,5.06,1.0,37.0,63.0,1.45,2.51,1.0,58,42,1.55,2.3,1.0,1,0,PREMATIPS
2025-09-04,13:00,Afghanistan , India,28.0,32.0,40.0,3.91,3.54,1.79,2.0,49.0,51.0,1.79,1.91,1.0,54,46,1.71,2.01,1.0,0,0,PREMATIPS
2025-09-04,14:00,Cracovia Krakow , Polonia Bytom,43.0,31.0,26.0,1.51,4.33,4.5,1.0,38.0,62.0,1.49,2.45,1.0,57,43,1.6,2.15,1.0,0,0,PREMATIPS
2025-09-04,14:00,Malaysia , Singapore,47.0,34.0,19.0,1.17,6.45,12.18,1.0,36.0,64.0,1.43,2.63,1.0,44,56,2.06,1.68,0.0,2,1,PREMATIPS
2025-09-04,14:00,Thailand , Fiji,48.0,37.0,15.0,1.04,13.0,29.0,1.0,25.0,75.0,1.21,3.9,1.0,38,62,2.5,1.46,0.0,3,0,PREMATIPS
2025-09-04,14:00,Chad , Ghana,14.0,38.0,48.0,23.0,8.5,1.1,2.0,40.0,60.0,1.57,2.35,1.0,28,72,3.25,1.33,0.0,1,1,PREMATIPS
2025-09-04,15:00,FC Chelyabinsk , Fakel Voronezh,40.0,6.0,54.0,3.39,3.09,2.2,2.0,63.0,37.0,2.45,1.45,0.0,45,55,2.11,1.65,0.0,1,1,PREMATIPS
2025-09-04,15:00,Spartak Kostroma , Ural,31.0,33.0,36.0,3.18,2.99,2.3,6.0,54.0,46.0,2.72,1.41,0.0,50,50,2.23,1.58,0.0,1,1,PREMATIPS
2025-09-04,15:00,Kazakhstan , Wales,22.0,35.0,43.0,7.0,3.5,1.57,2.0,55.0,45.0,2.1,1.7,0.0,43,57,2.1,1.67,0.0,0,1,PREMATIPS
2025-09-04,16:00,Saudi Arabia , North Macedonia,35.0,33.0,32.0,2.53,3.04,2.81,4.0,59.0,41.0,2.26,1.58,0.0,48,52,1.92,1.79,0.0,2,1,PREMATIPS
2025-09-04,16:30,UAE , Syria,40.0,33.0,27.0,1.45,3.9,5.5,1.0,49.0,51.0,1.95,1.85,1.0,52,48,2.1,1.67,1.0,3,1,PREMATIPS
2025-09-04,16:30,Tajikistan , Iran,20.0,35.0,45.0,7.86,4.35,1.34,2.0,51.0,49.0,1.84,1.82,0.0,41,59,2.22,1.57,0.0,2,2,PREMATIPS
2025-09-04,17:00,Gibraltar , Albania,14.0,38.0,48.0,29.0,9.5,1.07,2.0,27.0,73.0,1.29,3.6,1.0,36,64,2.25,1.57,0.0,0,1,PREMATIPS
2025-09-04,17:00,Norway , Finland,46.0,34.0,20.0,1.26,5.39,9.66,1.0,43.0,57.0,1.61,2.18,1.0,44,56,2.1,1.66,0.0,1,0,PREMATIPS
2025-09-04,17:00,Angola , Libya,42.0,36.0,22.0,1.62,3.4,6.5,1.0,62.0,38.0,2.5,1.5,0.0,38,62,2.5,1.5,0.0,0,1,PREMATIPS
2025-09-04,17:00,Georgia , Turkey,32.0,31.0,37.0,3.0,3.6,2.25,5.0,48.0,52.0,1.77,1.92,1.0,56,44,1.67,2.1,1.0,2,3,PREMATIPS
2025-09-04,17:00,Guinea, Sierra Leone,38.0,33.0,29.0,1.98,3.2,3.7,4.0,58.0,42.0,2.19,1.61,0.0,47,53,1.94,1.76,0.0,1,1,PREMATIPS
2025-09-04,17:00,Lithuania , Malta,38.0,35.0,27.0,1.85,3.0,5.25,4.0,66.0,34.0,2.7,1.44,0.0,40,60,2.25,1.57,0.0,1,1,PREMATIPS
2025-09-04,17:00,Madagascar , Cen. African Rep.,37.0,33.0,30.0,2.16,3.1,3.33,4.0,59.0,41.0,2.23,1.58,0.0,47,53,1.94,1.77,0.0,2,0,PREMATIPS
2025-09-04,17:00,Mauritius , Cape Verde,21.0,36.0,43.0,6.57,3.61,1.51,2.0,61.0,39.0,2.35,1.53,0.0,37,63,2.45,1.48,0.0,0,2,PREMATIPS
2025-09-04,17:00,Sao Tome&Pr. , Equat. Guinea,17.0,37.0,46.0,11.5,4.76,1.27,2.0,52.0,48.0,1.94,1.78,0.0,35,65,2.61,1.43,0.0,2,3,PREMATIPS
2025-09-04,17:30,Horsens , Viborg,31.0,31.0,38.0,3.4,3.7,1.87,5.0,51.0,49.0,1.8,2.0,0.0,53,47,1.75,2.0,1.0,0,1,PREMATIPS
2025-09-04,18:00,Russia , Jordan,44.0,34.0,22.0,1.47,4.4,6.95,1.0,48.0,52.0,1.79,2.0,1.0,48,52,1.92,1.78,0.0,0,0,PREMATIPS
2025-09-04,19:30,Real Murcia , Elche,27.0,32.0,41.0,4.03,3.68,1.78,2.0,48.0,52.0,1.82,1.9,1.0,53,47,1.75,1.97,1.0,3,1,PREMATIPS
2025-09-04,19:45,Bulgaria , Spain,14.0,38.0,48.0,17.0,11.0,1.11,2.0,37.0,63.0,1.48,2.6,1.0,31,69,2.75,1.4,0.0,0,3,PREMATIPS
2025-09-04,19:45,Liechtenstein , Belgium,13.0,38.0,49.0,51.0,34.0,1.01,2.0,15.0,85.0,1.11,6.5,1.0,22,78,3.75,1.25,0.0,0,6,PREMATIPS
2025-09-04,19:45,Luxembourg , North. Ireland,29.0,34.0,37.0,3.8,2.9,2.2,6.0,69.0,31.0,3.1,1.36,0.0,39,61,2.38,1.53,0.0,1,3,PREMATIPS
2025-09-04,19:45,Netherlands , Poland,46.0,36.0,18.0,1.25,5.75,13.0,1.0,43.0,57.0,1.65,2.2,1.0,42,58,2.2,1.62,0.0,1,1,PREMATIPS
2025-09-04,19:45,Slovakia , Germany,22.0,34.0,44.0,7.0,4.75,1.42,2.0,44.0,56.0,1.67,2.15,1.0,49,51,1.95,1.8,0.0,2,0,PREMATIPS
2025-09-04,20:00,Algeria , Botswana,47.0,39.0,14.0,1.25,5.5,13.0,1.0,50.0,50.0,1.9,1.9,1.0,28,72,2.63,1.44,0.0,3,1,PREMATIPS
2025-09-04,20:00,Cameroon , Eswatini,47.0,39.0,14.0,1.18,6.25,21.0,1.0,49.0,51.0,2.0,1.8,1.0,30,70,3.75,1.25,0.0,3,0,PREMATIPS
2025-09-04,20:00,Mali , Comoros,45.0,36.0,19.0,1.42,4.0,9.5,1.0,59.0,41.0,2.4,1.53,0.0,35,65,2.75,1.4,0.0,3,0,PREMATIPS
2025-09-04,20:00,Tunisia , Liberia,46.0,37.0,17.0,1.25,5.5,15.0,1.0,49.0,51.0,1.85,1.95,1.0,36,64,2.63,1.44,0.0,3,0,PREMATIPS
2025-09-04,22:00,Fuerte SF , Zacatecoluca FC,55.0,32.0,13.0,2.2,2.95,3.0,1.0,63.0,37.0,2.35,1.53,0.0,33,67,2.05,1.68,0.0,1,2,PREMATIPS
2025-09-04,22:30,Suriname , Panama,26.0,33.0,41.0,4.57,3.37,1.74,2.0,57.0,43.0,2.12,1.63,0.0,45,55,2.01,1.7,0.0,0,0,PREMATIPS
2025-09-04,23:00,Inter FA , Aguila,12.0,52.0,36.0,3.1,3.2,2.05,6.0,54.0,46.0,1.93,1.75,0.0,47,53,1.78,1.9,0.0,2,0,PREMATIPS
2025-09-05,00:30,Argentina , Venezuela,46.0,37.0,17.0,1.22,4.75,12.0,1.0,42.0,58.0,1.9,1.9,1.0,41,59,2.63,1.44,0.0,3,0,PREMATIPS
2025-09-05,00:30,Colombia , Bolivia,48.0,36.0,16.0,1.11,10.0,19.0,1.0,34.0,66.0,1.48,2.6,1.0,38,62,2.75,1.4,0.0,3,0,PREMATIPS
2025-09-05,00:30,Paraguay , Ecuador,36.0,34.0,30.0,2.38,2.83,3.42,4.0,68.0,32.0,2.92,1.39,0.0,40,60,2.28,1.57,0.0,0,0,PREMATIPS
2025-09-05,00:30,Uruguay , Peru,45.0,37.0,18.0,1.33,4.6,10.35,1.0,56.0,44.0,2.11,1.69,0.0,35,65,2.61,1.45,0.0,3,0,PREMATIPS
2025-09-05,01:30,Brazil , Chile,47.0,37.0,16.0,1.17,6.5,17.0,1.0,47.0,53.0,1.75,2.05,1.0,36,64,3.0,1.36,0.0,3,0,PREMATIPS
2025-09-05,02:00,Venados , Atletico Morelia,23.0,42.0,35.0,2.15,3.3,2.8,6.0,28.0,72.0,1.73,1.95,1.0,62,38,1.65,2.1,1.0,2,2,PREMATIPS
2025-09-05,03:00,Guatemala , El Salvador,40.0,34.0,26.0,1.8,3.4,4.75,1.0,59.0,41.0,2.4,1.53,0.0,44,56,2.2,1.62,0.0,0,1,PREMATIPS
2025-09-05,10:45,Australia , New Zealand,42.0,33.0,25.0,1.55,4.0,4.75,1.0,51.0,49.0,1.95,1.85,0.0,48,52,2.0,1.73,0.0,1,0,PREMATIPS
2025-09-05,11:30,Prykarpattia , Bukovyna,30.0,34.0,36.0,3.1,2.75,2.25,6.0,63.0,37.0,2.5,1.46,0.0,29,71,2.15,1.62,0.0,1,2,PREMATIPS
2025-09-05,12:00,Wehen Wiesbaden , Elversberg,34.0,31.0,35.0,2.56,3.45,2.34,5.0,42.0,58.0,1.57,2.19,1.0,62,38,1.49,2.47,1.0,0,2,PREMATIPS
2025-09-05,13:00,Kaiserslautern , Heidenheim,34.0,31.0,35.0,2.6,3.13,2.54,5.0,49.0,51.0,1.79,1.92,1.0,57,43,1.6,2.19,1.0,2,3,PREMATIPS
2025-09-05,13:00,Turkmenistan , Oman,25.0,34.0,41.0,4.89,3.34,1.66,2.0,59.0,41.0,2.2,1.57,0.0,43,57,2.13,1.62,0.0,1,2,PREMATIPS
2025-09-05,13:00,Somalia , Guinea,16.0,38.0,46.0,12.0,5.75,1.25,2.0,53.0,47.0,2.03,1.78,0.0,31,69,3.0,1.36,0.0,0,3,PREMATIPS
2025-09-05,13:00,South Sudan , Congo DR,17.0,38.0,45.0,13.0,4.2,1.33,2.0,55.0,45.0,2.1,1.7,0.0,35,65,2.63,1.44,0.0,1,4,PREMATIPS
2025-09-05,14:00,B. M'gladbach , Schalke 04,38.0,29.0,33.0,2.07,3.76,2.84,5.0,36.0,64.0,1.45,2.55,1.0,65,35,1.41,2.66,1.0,2,0,PREMATIPS
2025-09-05,14:00,Probiy Horodenka , Nyva Ternopil,33.0,33.0,34.0,2.65,3.05,2.47,0.0,54.0,46.0,1.95,1.8,0.0,54,46,1.81,2.0,1.0,1,2,PREMATIPS
2025-09-05,14:00,Kenya , Gambia,36.0,34.0,30.0,2.3,3.1,3.4,4.0,63.0,37.0,2.5,1.5,0.0,45,55,2.1,1.67,0.0,1,3,PREMATIPS
2025-09-05,14:00,Namibia , Malawi,36.0,34.0,30.0,2.35,2.9,3.5,4.0,70.0,30.0,3.4,1.33,0.0,38,62,2.63,1.44,0.0,1,2,PREMATIPS
2025-09-05,14:30,Indonesia , Chinese Taipei,47.0,37.0,16.0,1.1,8.0,23.0,1.0,35.0,65.0,1.48,2.6,1.0,38,62,2.75,1.4,0.0,6,0,PREMATIPS
2025-09-05,14:50,Al Bataeh Club ,Nasr Dubai,31.0,31.0,38.0,3.18,3.37,1.99,5.0,46.0,54.0,1.7,2.01,1.0,57,43,1.6,2.15,1.0,2,3,PREMATIPS
2025-09-05,14:50,Al Ittihad Kalba ,Ain,30.0,31.0,39.0,3.46,3.58,1.83,6.0,41.0,59.0,1.53,2.3,1.0,61,39,1.49,2.36,1.0,0,0,PREMATIPS
2025-09-05,15:00,Inter Bratislava , Zilina B,29.0,32.0,39.0,1.8,3.6,3.4,6.0,44.0,56.0,1.51,2.35,1.0,79,21,1.51,2.37,1.0,1,0,PREMATIPS
2025-09-05,15:30,Uzbekistan , Kyrgyzstan,46.0,35.0,19.0,1.27,5.06,9.43,1.0,41.0,59.0,1.61,2.14,1.0,44,56,2.09,1.66,0.0,4,0,PREMATIPS
2025-09-05,16:00,Dukla B. Bystrica , Zvolen,44.0,33.0,23.0,1.43,4.2,5.75,1.0,49.0,51.0,1.65,2.1,1.0,63,37,1.83,1.85,1.0,1,1,PREMATIPS
2025-09-05,16:30,KaPa Helsinki , JaPS Jarvenpaa,25.0,35.0,40.0,2.16,3.66,2.68,6.0,37.0,63.0,1.37,2.86,1.0,66,34,1.33,2.93,1.0,2,3,PREMATIPS
2025-09-05,16:30,TPS Turku , Ekenas,50.0,20.0,30.0,1.85,3.71,3.41,1.0,32.0,68.0,1.48,2.49,1.0,69,31,1.44,2.52,1.0,4,0,PREMATIPS
2025-09-05,17:00,MC El Bayadh , ES Setif,35.0,35.0,30.0,2.4,2.65,3.1,4.0,93.0,7.0,3.1,1.32,0.0,47,53,2.5,1.47,0.0,1,1,PREMATIPS
2025-09-05,17:00,Rapid Wien , Venezia,37.0,31.0,32.0,2.16,3.32,2.96,5.0,48.0,52.0,1.77,1.94,1.0,56,44,1.63,2.13,1.0,1,1,PREMATIPS
2025-09-05,17:00,Benin , Zimbabwe,37.0,34.0,29.0,2.25,3.0,3.6,4.0,66.0,34.0,2.6,1.48,0.0,41,59,2.2,1.62,0.0,1,0,PREMATIPS
2025-09-05,17:00,Congo , Tanzania,30.0,34.0,36.0,3.5,3.0,2.25,6.0,62.0,38.0,2.4,1.53,0.0,45,55,2.0,1.73,0.0,1,1,PREMATIPS
2025-09-05,17:00,Djibouti , Burkina Faso,12.0,40.0,48.0,26.0,7.5,1.13,2.0,38.0,62.0,1.7,2.1,1.0,24,76,3.5,1.29,0.0,0,6,PREMATIPS
2025-09-05,17:00,Lesotho , South Africa,14.0,39.0,47.0,19.0,4.5,1.29,2.0,58.0,42.0,3.1,1.36,0.0,26,74,5.5,1.14,0.0,0,3,PREMATIPS
2025-09-05,17:00,Uganda , Mozambique,40.0,35.0,25.0,1.83,3.1,5.25,1.0,66.0,34.0,2.88,1.4,0.0,38,62,2.5,1.5,0.0,4,0,PREMATIPS
2025-09-05,17:30,Bourg Peronnas , Aubagne Air Bel,39.0,32.0,29.0,1.85,3.2,3.75,1.0,51.0,49.0,2.15,1.62,0.0,62,38,1.98,1.72,1.0,0,0,PREMATIPS
2025-09-05,17:30,Caen , Dijon,37.0,30.0,33.0,2.25,3.1,2.8,5.0,51.0,49.0,2.05,1.66,0.0,59,41,1.85,1.83,1.0,0,0,PREMATIPS
2025-09-05,17:30,Concarneau ,Rouen,38.0,33.0,29.0,2.0,3.1,3.3,4.0,73.0,27.0,2.15,1.6,0.0,51,49,1.98,1.73,1.0,3,1,PREMATIPS
2025-09-05,17:30,Orleans , Le Puy Foot 43,73.0,10.0,17.0,2.2,3.1,2.9,1.0,43.0,57.0,2.15,1.62,1.0,59,41,1.9,1.77,1.0,1,1,PREMATIPS
2025-09-05,17:30,Paris 13 Atl. , Sochaux,31.0,33.0,36.0,2.87,2.95,2.3,6.0,51.0,49.0,2.35,1.52,0.0,43,57,2.05,1.68,0.0,1,3,PREMATIPS
2025-09-05,17:30,Stade Briochin , Valenciennes,32.0,32.0,36.0,2.95,3.0,2.2,5.0,51.0,49.0,2.15,1.61,0.0,51,49,1.9,1.77,1.0,2,1,PREMATIPS
2025-09-05,17:30,Villefranche , Fleury 91,32.0,33.0,35.0,2.75,3.0,2.3,6.0,45.0,55.0,2.1,1.63,1.0,57,43,1.88,1.8,1.0,0,3,PREMATIPS
2025-09-05,17:30,Al, Al Dhafra Club,46.0,32.0,22.0,1.18,6.5,9.75,1.0,24.0,76.0,1.27,3.5,1.0,60,40,1.66,2.05,1.0,4,2,PREMATIPS
2025-09-05,18:00,CS Constantine , MB Rouissat,41.0,35.0,24.0,1.63,3.3,4.8,1.0,77.0,23.0,2.37,1.51,0.0,30,70,2.3,1.53,0.0,2,0,PREMATIPS
2025-09-05,18:00,Hassleholms IF , Lund,43.0,18.0,39.0,1.93,3.4,3.2,5.0,36.0,64.0,1.68,2.05,1.0,57,43,1.63,2.1,1.0,1,0,PREMATIPS
2025-09-05,18:15,Betis B , Gimnastic,33.0,33.0,34.0,2.7,3.0,2.5,0.0,57.0,43.0,2.25,1.62,0.0,43,57,2.0,1.73,0.0,2,2,PREMATIPS
2025-09-05,18:30,Albacete , Mirandes,39.0,33.0,28.0,1.82,3.3,4.33,1.0,39.0,61.0,2.15,1.67,1.0,64,36,1.91,1.8,1.0,1,4,PREMATIPS
2025-09-05,18:30,Enkopings SK , Hammarby TFF,28.0,18.0,54.0,3.7,3.6,1.75,2.0,43.0,57.0,1.55,2.25,1.0,61,39,1.55,2.3,1.0,2,2,PREMATIPS
2025-09-05,19:00,MC Oran , ES Mostaganem,40.0,35.0,25.0,1.78,3.0,4.33,1.0,77.0,23.0,2.6,1.43,0.0,30,70,2.37,1.51,0.0,0,0,PREMATIPS
2025-09-05,19:00,Romania , Canada,35.0,32.0,33.0,2.39,3.28,2.75,5.0,51.0,49.0,1.89,1.82,0.0,55,45,1.69,2.05,1.0,0,3,PREMATIPS
2025-09-05,19:00,De Graafschap , Emmen,70.0,5.0,23.0,1.51,4.33,5.25,1.0,49.0,51.0,1.5,2.5,1.0,50,50,1.62,2.2,1.0,2,3,PREMATIPS
2025-09-05,19:30,Def. Unidos , Dep. Moron,29.0,35.0,36.0,3.6,2.7,2.25,6.0,71.0,29.0,3.1,1.36,0.0,37,63,2.38,1.53,0.0,0,1,PREMATIPS
2025-09-05,19:30,San Miguel , Club Almagro,37.0,40.0,23.0,1.66,3.1,6.5,1.0,75.0,25.0,3.1,1.36,0.0,41,59,2.75,1.4,0.0,1,1,PREMATIPS
2025-09-05,19:45,Bray Wanderers , Athlone Town,73.0,12.0,15.0,1.49,4.1,4.8,1.0,45.0,55.0,1.58,2.2,1.0,49,51,1.71,2.0,0.0,3,1,PREMATIPS
2025-09-05,19:45,Kerry , Cobh Ramblers,25.0,16.0,59.0,3.9,3.3,1.77,2.0,47.0,53.0,1.82,1.85,1.0,47,53,1.77,1.93,0.0,1,1,PREMATIPS
2025-09-05,19:45,Longford Town , Finn Harps,34.0,31.0,35.0,2.7,3.2,2.25,5.0,53.0,47.0,1.87,1.8,0.0,53,47,1.72,1.98,1.0,1,1,PREMATIPS
2025-09-05,19:45,Treaty United , UC Dublin,35.0,22.0,43.0,2.8,3.2,2.2,6.0,55.0,45.0,1.85,1.83,0.0,46,54,1.71,2.0,0.0,1,0,PREMATIPS
2025-09-05,19:45,Wexford , Dundalk,25.0,18.0,57.0,5.0,4.1,1.49,2.0,51.0,49.0,1.61,2.15,0.0,48,52,1.73,1.95,0.0,0,0,PREMATIPS
2025-09-05,19:45,Denmark , Scotland,43.0,34.0,23.0,1.53,3.9,6.5,1.0,52.0,48.0,1.95,1.85,0.0,46,54,2.0,1.75,0.0,0,0,PREMATIPS
2025-09-05,19:45,Faroe Islands , Croatia,18.0,35.0,47.0,13.0,5.5,1.25,2.0,41.0,59.0,1.6,2.3,1.0,42,58,2.1,1.67,0.0,0,1,PREMATIPS
2025-09-05,19:45,Greece , Belarus,47.0,37.0,16.0,1.2,7.0,13.0,1.0,45.0,55.0,1.7,2.1,1.0,35,65,2.63,1.44,0.0,5,1,PREMATIPS
2025-09-05,19:45,Iceland , Azerbaijan,44.0,34.0,22.0,1.48,4.2,7.5,1.0,49.0,51.0,1.85,1.95,1.0,47,53,2.0,1.75,0.0,5,0,PREMATIPS
2025-09-05,19:45,Italy , Estonia,48.0,38.0,14.0,1.05,15.0,23.0,1.0,25.0,75.0,1.25,4.0,1.0,35,65,2.63,1.44,0.0,5,0,PREMATIPS
2025-09-05,19:45,Moldova , Israel,23.0,34.0,43.0,6.0,4.1,1.55,2.0,53.0,47.0,1.98,1.83,0.0,45,55,2.05,1.7,0.0,0,4,PREMATIPS
2025-09-05,19:45,Montenegro , Czech Republic,25.0,34.0,41.0,5.5,3.7,1.67,2.0,51.0,49.0,1.9,1.9,0.0,49,51,1.8,1.95,0.0,0,2,PREMATIPS
2025-09-05,19:45,Slovenia , Sweden,29.0,33.0,38.0,3.7,3.2,2.15,6.0,57.0,43.0,2.15,1.67,0.0,48,52,1.95,1.8,0.0,2,2,PREMATIPS
2025-09-05,19:45,Switzerland , Kosovo,45.0,33.0,22.0,1.38,5.0,8.0,1.0,41.0,59.0,1.6,2.3,1.0,51,49,1.8,1.95,1.0,4,0,PREMATIPS
2025-09-05,19:45,Ukraine , France,20.0,35.0,45.0,8.5,5.25,1.33,2.0,45.0,55.0,1.67,2.15,1.0,46,54,2.05,1.7,0.0,0,2,PREMATIPS
2025-09-05,20:00,JS Saoura , ASO Chlef,40.0,35.0,25.0,1.78,3.0,4.4,1.0,60.0,40.0,2.55,1.44,0.0,64,36,2.35,1.52,1.0,1,0,PREMATIPS
2025-09-05,20:00,Inverness , Stirling Albion,46.0,34.0,20.0,1.21,5.83,10.08,1.0,35.0,65.0,1.42,2.66,1.0,49,51,1.88,1.81,0.0,2,1,PREMATIPS
2025-09-05,20:00,Cote d'Ivoire , Burundi,47.0,38.0,15.0,1.17,5.96,15.53,1.0,48.0,52.0,1.76,1.96,1.0,31,69,2.9,1.36,0.0,1,0,PREMATIPS
2025-09-05,20:00,Egypt , Ethiopia,47.0,39.0,14.0,1.17,6.25,23.0,1.0,48.0,52.0,1.83,1.98,1.0,30,70,3.25,1.33,0.0,2,0,PREMATIPS
2025-09-05,20:00,Mauritania , Togo,33.0,33.0,34.0,2.88,3.1,2.6,0.0,61.0,39.0,2.4,1.53,0.0,46,54,2.0,1.73,0.0,2,0,PREMATIPS
2025-09-05,20:00,Morocco , Niger,47.0,38.0,15.0,1.14,7.0,21.0,1.0,43.0,57.0,1.67,2.15,1.0,32,68,3.0,1.36,0.0,5,0,PREMATIPS
2025-09-05,20:00,Senegal , Sudan,46.0,37.0,17.0,1.33,4.75,12.0,1.0,58.0,42.0,2.25,1.62,0.0,30,70,3.25,1.33,0.0,2,0,PREMATIPS
2025-09-05,20:30,Cordoba , Castellon,37.0,31.0,32.0,2.15,3.5,3.1,5.0,50.0,50.0,1.65,2.2,1.0,64,36,1.53,2.38,1.0,2,1,PREMATIPS
2025-09-05,20:30,Cartagena , Atl. Madrid B,36.0,33.0,31.0,2.2,3.1,3.1,4.0,90.0,10.0,2.5,1.5,0.0,10,90,2.25,1.57,0.0,3,2,PREMATIPS
2025-09-05,21:00,Amazonas AM , Remo PA,16.0,52.0,32.0,2.2,3.0,3.4,6.0,67.0,33.0,2.6,1.48,0.0,53,47,2.1,1.63,1.0,1,3,PREMATIPS
2025-09-05,22:30,Sp. Luqueno , Guarani As.,38.0,16.0,46.0,3.2,3.3,2.15,6.0,53.0,47.0,2.15,1.67,0.0,38,62,1.91,1.8,0.0,2,3,PREMATIPS
2025-09-05,23:00,Atl. Colegiales , San Martin T.,29.0,31.0,40.0,2.75,2.65,2.85,6.0,79.0,21.0,3.5,1.3,0.0,30,70,2.63,1.44,0.0,2,0,PREMATIPS
2025-09-05,23:00,Paysandu PA , Volta Redonda RJ,32.0,36.0,32.0,1.91,3.25,4.0,0.0,73.0,27.0,2.4,1.5,0.0,40,60,2.2,1.62,0.0,1,2,PREMATIPS
2025-09-05,23:00,Bermuda , Jamaica,19.0,35.0,46.0,12.0,4.75,1.3,2.0,37.0,63.0,1.53,2.4,1.0,46,54,1.95,1.8,0.0,0,4,PREMATIPS
2025-09-06,00:00,CA All Boys , Gimnasia y Tiro,26.0,43.0,31.0,2.35,2.75,3.3,6.0,74.0,26.0,3.6,1.29,0.0,34,66,2.75,1.4,0.0,1,1,PREMATIPS
2025-09-06,00:00,Temperley , Talleres RdE,41.0,36.0,23.0,1.64,3.2,5.75,1.0,77.0,23.0,3.1,1.36,0.0,26,74,2.75,1.4,0.0,1,0,PREMATIPS
2025-09-06,00:00,Dep. Pasto , Boyaca Chico,35.0,22.0,43.0,2.05,3.0,4.1,6.0,59.0,41.0,2.88,1.4,0.0,52,48,2.38,1.53,1.0,2,0,PREMATIPS
2025-09-06,00:00,Defensor Sp. , Juventud de LP,37.0,32.0,31.0,2.25,3.1,3.25,4.0,65.0,35.0,2.25,1.62,0.0,27,73,1.91,1.8,0.0,1,0,PREMATIPS
2025-09-06,00:05,Est. Buenos Aires , Nueva Chicago,43.0,36.0,21.0,1.57,3.4,6.25,1.0,72.0,28.0,2.88,1.4,0.0,38,62,2.63,1.44,0.0,2,0,PREMATIPS
2025-09-06,00:30,York United , Cavalry,32.0,32.0,36.0,2.85,3.25,2.15,5.0,49.0,51.0,1.8,1.9,1.0,55,45,1.68,2.05,1.0,3,1,PREMATIPS
2025-09-06,01:00,Haiti , Honduras,35.0,32.0,33.0,2.5,3.25,2.9,5.0,57.0,43.0,2.15,1.67,0.0,50,50,1.91,1.91,1.0,0,0,PREMATIPS
2025-09-06,01:00,Trinidad&Tobago , Curacao,29.0,32.0,39.0,3.41,3.24,2.03,6.0,57.0,43.0,2.07,1.66,0.0,48,52,1.86,1.82,0.0,0,0,PREMATIPS
2025-09-06,01:10,Tigre Victoria , Ind. Rivadavia,32.0,34.0,34.0,2.5,2.65,2.87,0.0,70.0,30.0,2.95,1.34,0.0,38,62,2.4,1.5,0.0,1,3,PREMATIPS
2025-09-06,01:30,Coritiba PR , Ferroviaria SP,41.0,35.0,24.0,1.57,3.7,5.75,1.0,64.0,36.0,2.35,1.57,0.0,47,53,2.25,1.57,0.0,4,0,PREMATIPS
2025-09-06,02:00,Zacatecas , Cancun,38.0,33.0,29.0,1.9,3.25,3.5,4.0,36.0,64.0,1.95,1.73,1.0,39,61,1.83,1.85,0.0,0,0,PREMATIPS
2025-09-06,02:10,Once Caldas , Dep. Pereira,36.0,33.0,31.0,2.38,3.0,3.3,4.0,49.0,51.0,2.5,1.5,1.0,61,39,2.0,1.73,1.0,1,0,PREMATIPS
2025-09-06,03:00,Nicaragua , Costa Rica,26.0,33.0,41.0,4.75,3.5,1.8,2.0,57.0,43.0,2.2,1.65,0.0,45,55,2.0,1.75,0.0,1,1,PREMATIPS
2025-09-06,03:30,Vancouver FC , Valour,37.0,31.0,32.0,2.13,3.34,2.92,5.0,48.0,52.0,1.75,1.93,1.0,56,44,1.63,2.11,1.0,2,5,PREMATIPS
2025-09-06,04:00,Dorados Sinaloa , Irapuato,40.0,7.0,53.0,2.89,3.37,2.18,2.0,33.0,67.0,1.75,1.95,1.0,46,54,1.62,2.15,0.0,0,1,PREMATIPS
2025-09-06,10:00,Piast Gliwice , GKS Tychy,43.0,32.0,25.0,1.48,4.09,5.34,1.0,43.0,57.0,1.6,2.17,1.0,53,47,1.71,2.01,1.0,3,0,PREMATIPS
2025-09-06,10:00,Wisla Krakow , Puszcza Niepol.,41.0,30.0,29.0,1.65,3.75,4.0,1.0,39.0,61.0,1.51,2.37,1.0,60,40,1.55,2.3,1.0,1,4,PREMATIPS
2025-09-06,10:00,Viktoriya Sumy , Metalist Kharkov,36.0,33.0,31.0,1.87,3.0,3.9,4.0,59.0,41.0,2.4,1.5,0.0,53,47,2.15,1.6,1.0,1,0,PREMATIPS
2025-09-06,11:00,Busan I'Park , Suwon Bluewings,31.0,30.0,39.0,2.55,3.3,2.55,6.0,51.0,49.0,1.8,2.0,0.0,55,45,1.62,2.2,1.0,1,0,PREMATIPS
2025-09-06,11:00,Chungbuk Cheongju , Gyeongnam,38.0,24.0,38.0,2.2,3.3,3.1,5.0,45.0,55.0,1.95,1.85,1.0,53,47,1.8,1.91,1.0,0,1,PREMATIPS
2025-09-06,11:00,Jeonnam Dragons ,Land,36.0,32.0,32.0,2.7,3.4,2.4,5.0,50.0,50.0,1.9,1.9,1.0,60,40,1.73,2.0,1.0,1,2,PREMATIPS
2025-09-06,11:00,Seongnam , Ansan Greeners,37.0,40.0,23.0,1.55,3.8,5.75,1.0,61.0,39.0,2.1,1.7,0.0,45,55,2.2,1.62,0.0,4,0,PREMATIPS
2025-09-06,11:00,Eldense , Villarreal B,39.0,33.0,28.0,1.9,3.3,3.6,1.0,87.0,13.0,2.35,1.57,0.0,13,87,2.2,1.62,0.0,1,0,PREMATIPS
2025-09-06,11:30,Strommen , Alta,73.0,12.0,15.0,1.27,5.75,6.75,1.0,28.0,72.0,1.29,3.25,1.0,64,36,1.57,2.25,1.0,6,0,PREMATIPS
2025-09-06,12:00,Sudtirol , WSG Swarovski,34.0,32.0,34.0,2.48,3.3,2.49,0.0,46.0,54.0,1.71,2.01,1.0,58,42,1.57,2.25,1.0,0,0,PREMATIPS
2025-09-06,12:00,Gefle , IFK Haninge,37.0,26.0,37.0,1.93,3.6,3.0,5.0,40.0,60.0,1.46,2.5,1.0,66,34,1.44,2.55,1.0,2,0,PREMATIPS
2025-09-06,12:00,Sollentuna , Йоребро Сир.,52.0,17.0,31.0,1.83,3.5,3.5,1.0,30.0,70.0,1.6,2.15,1.0,67,33,1.57,2.25,1.0,3,1,PREMATIPS
2025-09-06,12:00,Angelholms , Rosengard 1917,35.0,16.0,49.0,2.15,3.3,2.85,2.0,46.0,54.0,1.73,1.95,1.0,54,46,1.63,2.1,1.0,1,1,PREMATIPS
2025-09-06,12:00,IFK Skovde , Torslanda IK,31.0,21.0,48.0,3.1,3.4,1.95,2.0,46.0,54.0,1.7,2.0,1.0,47,53,1.63,2.1,0.0,2,1,PREMATIPS
2025-09-06,12:00,FC Chernihiv , Livyi Bereh Kyiv,29.0,32.0,39.0,3.62,3.32,1.91,6.0,45.0,55.0,1.85,1.89,1.0,47,53,1.8,2.02,0.0,-,-,PREMATIPS
2025-09-06,12:30,Newport County , Bristol Rovers,30.0,31.0,39.0,3.4,3.8,1.86,6.0,59.0,41.0,1.75,2.05,0.0,50,50,1.73,2.0,1.0,2,3,PREMATIPS
2025-09-06,12:30,Altrincham , Sutton Utd,39.0,31.0,30.0,1.83,3.8,3.5,1.0,40.0,60.0,1.62,2.25,1.0,55,45,1.62,2.2,1.0,2,1,PREMATIPS
2025-09-06,12:30,Sri Lanka , Maldives,32.0,32.0,36.0,3.1,3.2,2.1,5.0,51.0,49.0,1.9,1.9,0.0,54,46,1.73,2.0,1.0,0,3,PREMATIPS
2025-09-06,12:30,Bala Town ,Bont,40.0,24.0,36.0,4.6,3.6,1.61,5.0,73.0,27.0,1.95,1.75,0.0,39,61,1.98,1.73,0.0,0,0,PREMATIPS
2025-09-06,12:30,Cardiff Met , Colwyn Bay,13.0,73.0,14.0,1.9,3.3,3.4,6.0,60.0,40.0,1.83,1.85,0.0,79,21,1.75,1.95,1.0,1,4,PREMATIPS
2025-09-06,12:30,Llanelli Town , Flint Town Utd,27.0,24.0,49.0,4.1,3.8,1.63,2.0,48.0,52.0,1.62,2.15,1.0,66,34,1.66,2.05,1.0,0,5,PREMATIPS
2025-09-06,12:30,TNS , Haverfordwest,57.0,15.0,28.0,1.26,5.25,8.75,1.0,65.0,35.0,1.57,2.25,0.0,42,58,2.0,1.7,0.0,5,0,PREMATIPS
2025-09-06,12:45,Nepal , Bangladesh,34.0,33.0,33.0,2.4,3.0,2.7,0.0,61.0,39.0,2.25,1.62,0.0,47,53,2.0,1.73,0.0,0,0,PREMATIPS
2025-09-06,13:00,SalPa Salo ,35 Helsinki,12.0,33.0,55.0,4.2,3.8,1.62,2.0,44.0,56.0,1.52,2.35,1.0,61,39,1.55,2.25,1.0,1,2,PREMATIPS
2025-09-06,13:00,Rot, Chemnitzer,39.0,30.0,31.0,1.91,3.74,3.21,1.0,41.0,59.0,1.53,2.3,1.0,61,39,1.49,2.43,1.0,5,1,PREMATIPS
2025-09-06,13:00,Pors Grenland , Eik Tonsberg,34.0,36.0,30.0,2.35,3.5,2.4,4.0,45.0,55.0,1.58,2.2,1.0,66,34,1.53,2.3,1.0,0,2,PREMATIPS
2025-09-06,13:00,Vard Haugesund , IL Sandviken,26.0,43.0,31.0,1.83,3.6,3.3,6.0,37.0,63.0,1.53,2.3,1.0,76,24,1.52,2.35,1.0,1,1,PREMATIPS
2025-09-06,13:00,Follo , Eidsvold TF,29.0,17.0,54.0,2.75,3.75,2.05,2.0,24.0,76.0,1.37,2.8,1.0,79,21,1.37,2.8,1.0,1,1,PREMATIPS
2025-09-06,13:00,Strindheim , Asker,50.0,14.0,36.0,2.5,3.6,2.25,1.0,31.0,69.0,1.41,2.65,1.0,62,38,1.39,2.75,1.0,4,1,PREMATIPS
2025-09-06,13:15,Lugo , Real Aviles,42.0,34.0,24.0,1.6,3.4,5.0,1.0,20.0,80.0,2.08,1.73,1.0,46,54,2.1,1.67,0.0,0,0,PREMATIPS
2025-09-06,14:00,JIPPO Joensuu , Lahti,28.0,28.0,44.0,3.2,3.4,1.95,5.0,43.0,57.0,1.68,2.05,1.0,66,34,1.6,2.15,1.0,1,0,PREMATIPS
2025-09-06,14:00,Albinoleffe , Renate,37.0,33.0,30.0,2.18,2.98,3.21,4.0,52.0,48.0,2.35,1.52,0.0,71,29,2.01,1.7,1.0,2,3,PREMATIPS
2025-09-06,14:00,Alcione Milano , Lumezzane,38.0,33.0,29.0,2.0,3.0,3.4,1.0,52.0,48.0,2.3,1.53,0.0,38,62,2.05,1.68,0.0,1,0,PREMATIPS
2025-09-06,14:00,Gubbio , Perugia,35.0,33.0,32.0,2.35,2.8,2.87,4.0,75.0,25.0,2.5,1.46,0.0,45,55,2.15,1.62,0.0,1,1,PREMATIPS
2025-09-06,14:00,Brann Bergen 2 , Lysekloster IL,30.0,28.0,42.0,4.2,4.4,1.53,6.0,34.0,66.0,1.35,2.9,1.0,66,34,1.44,2.55,1.0,0,4,PREMATIPS
2025-09-06,14:00,Flekkeroy IL , Notodden,23.0,41.0,36.0,2.25,3.5,2.55,6.0,39.0,61.0,1.6,2.15,1.0,59,41,1.55,2.3,1.0,2,2,PREMATIPS
2025-09-06,14:00,Ullensaker Kisa , Stjordals Blink,57.0,9.0,34.0,1.93,3.7,3.0,1.0,31.0,69.0,1.41,2.7,1.0,66,34,1.4,2.7,1.0,3,3,PREMATIPS
2025-09-06,14:00,Ahrobiznes , Podillya,65.0,28.0,7.0,1.36,3.95,9.1,1.0,78.0,22.0,2.47,1.48,0.0,30,70,2.96,1.37,0.0,2,1,PREMATIPS
2025-09-06,14:00,Latvia , Serbia,19.0,35.0,46.0,12.0,5.0,1.27,2.0,47.0,53.0,1.8,2.0,1.0,42,58,2.25,1.57,0.0,0,1,PREMATIPS
2025-09-06,14:30,Connah's Quay , Briton Ferry,31.0,23.0,46.0,1.66,3.6,4.2,6.0,47.0,53.0,1.61,2.15,1.0,59,41,1.62,2.15,1.0,-,-,PREMATIPS
2025-09-06,14:50,Al Sharjah , Dibba Al Fuj.,44.0,32.0,24.0,1.43,4.43,5.25,1.0,42.0,58.0,1.5,2.35,1.0,51,49,1.65,2.06,1.0,2,0,PREMATIPS
2025-09-06,14:50,Baniyas SC , Khor Fakkan,37.0,31.0,32.0,2.07,3.34,2.99,5.0,44.0,56.0,1.67,2.06,1.0,59,41,1.56,2.22,1.0,0,1,PREMATIPS
2025-09-06,15:00,CSKA Sofia II , Chernom. Burgas,38.0,31.0,31.0,1.96,3.24,3.17,5.0,66.0,34.0,1.98,1.63,0.0,52,48,1.88,1.8,1.0,1,1,PREMATIPS
2025-09-06,15:00,Fratria Varna , Ludogorets II,88.0,5.0,7.0,1.3,4.19,8.35,1.0,45.0,55.0,1.9,1.69,1.0,54,46,2.42,1.49,1.0,5,0,PREMATIPS
2025-09-06,15:00,Minyor Pernik , Sportist Svoge,39.0,32.0,29.0,1.75,3.45,3.64,1.0,73.0,27.0,1.65,1.96,0.0,60,40,1.66,2.03,1.0,3,1,PREMATIPS
2025-09-06,15:00,Spartak Pleven , Hebar,36.0,32.0,32.0,2.21,3.13,2.82,5.0,58.0,42.0,1.92,1.68,0.0,59,41,1.77,1.91,1.0,1,2,PREMATIPS
2025-09-06,15:00,Yantra Gabrovo , Sevlievo,18.0,71.0,11.0,1.21,4.66,11.25,4.0,78.0,22.0,1.79,1.79,0.0,38,62,2.64,1.4,0.0,3,0,PREMATIPS
2025-09-06,15:00,Blackpool , Luton Town,22.0,16.0,62.0,3.04,3.39,2.23,2.0,59.0,41.0,1.96,1.77,0.0,43,57,1.76,1.93,0.0,-,-,PREMATIPS
2025-09-06,15:00,Bolton Wanderers , Wimbledon,31.0,33.0,36.0,1.45,4.2,6.5,6.0,75.0,25.0,1.93,1.93,0.0,48,52,2.0,1.75,0.0,3,0,PREMATIPS
2025-09-06,15:00,Doncaster Rovers , Bradford City,29.0,42.0,29.0,2.15,3.3,3.0,0.0,59.0,41.0,2.0,1.85,0.0,54,46,1.75,2.0,1.0,3,1,PREMATIPS
2025-09-06,15:00,Huddersfield , Peterborough Utd,90.0,5.0,3.0,1.3,4.75,6.5,1.0,59.0,41.0,1.65,2.2,0.0,37,63,1.8,1.95,0.0,3,2,PREMATIPS
2025-09-06,15:00,Lincoln City , Wigan Athletic,43.0,32.0,25.0,2.2,3.2,3.0,4.0,70.0,30.0,2.4,1.53,0.0,48,52,2.05,1.7,0.0,2,2,PREMATIPS
2025-09-06,15:00,Plymouth Argyle , Stockport,16.0,29.0,55.0,3.5,3.6,1.83,2.0,48.0,52.0,1.85,2.0,1.0,54,46,1.7,2.05,1.0,4,2,PREMATIPS
2025-09-06,15:00,Port Vale , Leyton Orient,37.0,31.0,32.0,2.15,3.5,3.0,5.0,59.0,41.0,2.1,1.7,0.0,37,63,1.95,1.8,0.0,2,3,PREMATIPS
2025-09-06,15:00,Reading , Northampton Town,42.0,8.0,50.0,1.88,3.61,3.7,2.0,70.0,30.0,1.96,1.77,0.0,37,63,1.84,1.84,0.0,-,-,PREMATIPS
2025-09-06,15:00,Rotherham Utd , Exeter City,26.0,22.0,52.0,2.1,3.4,3.1,2.0,50.0,50.0,2.0,1.85,0.0,39,61,1.75,2.0,0.0,1,0,PREMATIPS
2025-09-06,15:00,Stevenage , Barnsley,38.0,30.0,32.0,2.11,3.56,3.12,5.0,59.0,41.0,1.88,1.84,0.0,48,52,1.74,1.95,0.0,-,-,PREMATIPS
2025-09-06,15:00,Wycombe , Mansfield Town,16.0,31.0,53.0,2.15,3.5,3.0,2.0,48.0,52.0,2.0,1.85,1.0,65,35,1.8,1.95,1.0,2,0,PREMATIPS
2025-09-06,15:00,Barnet , Shrewsbury Town,70.0,20.0,10.0,1.71,3.7,4.2,1.0,65.0,35.0,2.0,1.85,0.0,39,61,1.83,1.83,0.0,1,3,PREMATIPS
2025-09-06,15:00,Barrow , Swindon Town,32.0,4.0,64.0,3.0,3.4,2.15,2.0,54.0,46.0,2.08,1.73,0.0,44,56,1.83,1.83,0.0,1,3,PREMATIPS
2025-09-06,15:00,Cambridge Utd , Oldham Athletic,30.0,58.0,12.0,1.86,3.3,4.0,1.0,70.0,30.0,2.3,1.6,0.0,50,50,2.0,1.73,0.0,0,1,PREMATIPS
2025-09-06,15:00,Cheltenham Town , Accrington,36.0,31.0,33.0,2.35,3.5,2.65,5.0,69.0,31.0,1.9,1.95,0.0,48,52,1.73,2.0,0.0,1,0,PREMATIPS
2025-09-06,15:00,Colchester Utd , Crewe Alexandra,34.0,32.0,34.0,2.52,3.2,2.52,0.0,65.0,35.0,2.05,1.75,0.0,50,50,1.83,1.83,1.0,1,1,PREMATIPS
2025-09-06,15:00,Harrogate Town , Crawley Town,34.0,31.0,35.0,2.52,3.4,2.4,5.0,59.0,41.0,2.0,1.85,0.0,50,50,1.73,2.0,1.0,0,1,PREMATIPS
2025-09-06,15:00,MK Dons , Grimsby Town,29.0,44.0,27.0,1.88,3.5,3.5,4.0,59.0,41.0,1.88,1.98,0.0,44,56,1.73,2.0,0.0,2,3,PREMATIPS
2025-09-06,15:00,Notts County , Fleetwood Town,29.0,34.0,37.0,1.78,3.5,3.75,6.0,42.0,58.0,1.9,1.95,1.0,72,28,1.73,2.0,1.0,1,0,PREMATIPS
2025-09-06,15:00,Salford City , Tranmere Rovers,37.0,32.0,31.0,2.15,3.3,3.1,4.0,57.0,43.0,2.05,1.75,0.0,59,41,1.83,1.83,1.0,3,1,PREMATIPS
2025-09-06,15:00,Walsall , Chesterfield,33.0,32.0,35.0,2.65,3.2,2.45,5.0,54.0,46.0,2.08,1.73,0.0,50,50,1.83,1.83,1.0,1,0,PREMATIPS
2025-09-06,15:00,Boreham Wood , Morecambe,84.0,7.0,9.0,1.4,4.1,6.5,1.0,36.0,64.0,1.62,2.25,1.0,56,44,1.8,1.95,1.0,3,0,PREMATIPS
2025-09-06,15:00,Boston United , Solihull Moors,37.0,31.0,32.0,2.0,3.4,3.3,5.0,52.0,48.0,1.8,2.0,0.0,53,47,1.67,2.1,1.0,1,2,PREMATIPS
2025-09-06,15:00,Carlisle Utd , Truro City,61.0,31.0,8.0,1.48,4.5,5.25,1.0,54.0,46.0,1.67,2.15,0.0,41,59,1.8,1.95,0.0,3,0,PREMATIPS
2025-09-06,15:00,Forest Green R. , Hartlepool Utd,41.0,33.0,26.0,1.67,3.5,4.75,1.0,59.0,41.0,1.88,1.93,0.0,41,59,1.91,1.91,0.0,1,0,PREMATIPS
2025-09-06,15:00,Rochdale , Braintree,73.0,5.0,22.0,1.45,4.2,6.5,1.0,41.0,59.0,1.57,2.35,1.0,43,57,1.7,2.05,0.0,2,0,PREMATIPS
2025-09-06,15:00,Scunthorpe Utd , Wealdstone,39.0,32.0,29.0,1.85,3.4,3.9,1.0,39.0,61.0,1.88,1.93,1.0,74,26,1.75,2.0,1.0,0,0,PREMATIPS
2025-09-06,15:00,Southend Utd , Halifax Town,40.0,41.0,19.0,1.55,3.9,5.0,4.0,49.0,51.0,1.98,1.83,1.0,55,45,2.0,1.75,1.0,3,0,PREMATIPS
2025-09-06,15:00,Tamworth , Eastleigh,37.0,16.0,47.0,2.0,3.5,3.3,6.0,55.0,45.0,1.95,1.85,0.0,51,49,1.8,1.95,1.0,1,0,PREMATIPS
2025-09-06,15:00,Woking , Gateshead,23.0,20.0,57.0,2.15,3.5,2.9,2.0,45.0,55.0,1.7,2.1,1.0,51,49,1.62,2.2,1.0,5,0,PREMATIPS
2025-09-06,15:00,Yeovil Town , York City,27.0,33.0,40.0,4.33,3.5,1.75,2.0,60.0,40.0,1.98,1.83,0.0,48,52,1.8,1.95,0.0,1,3,PREMATIPS
2025-09-06,15:00,Ballymena Utd , Glentoran,47.0,4.0,49.0,3.6,3.4,1.9,1.0,78.0,22.0,1.87,1.8,0.0,19,81,1.78,1.9,0.0,0,2,PREMATIPS
2025-09-06,15:00,Bangor , Larne,40.0,22.0,38.0,4.75,3.7,1.63,5.0,51.0,49.0,1.9,1.78,0.0,41,59,1.93,1.77,0.0,0,2,PREMATIPS
2025-09-06,15:00,Carrick Rangers , Cliftonville,69.0,10.0,21.0,3.1,3.4,2.05,1.0,65.0,35.0,1.82,1.87,0.0,49,51,1.71,2.0,0.0,1,2,PREMATIPS
2025-09-06,15:00,Crusaders , Coleraine,20.0,22.0,58.0,4.1,3.6,1.75,2.0,53.0,47.0,1.77,1.93,0.0,46,54,1.73,1.95,0.0,0,4,PREMATIPS
2025-09-06,15:00,Glenavon , Dungannon Swifts,90.0,5.0,3.0,2.05,3.4,3.1,1.0,53.0,47.0,1.77,1.93,0.0,39,61,1.68,2.05,0.0,0,2,PREMATIPS
2025-09-06,15:00,Linfield , Portadown,60.0,3.0,37.0,1.41,4.4,6.5,1.0,50.0,50.0,1.75,1.95,1.0,26,74,2.0,1.7,0.0,3,0,PREMATIPS
2025-09-06,15:00,Grorud , Levanger,54.0,18.0,28.0,1.77,3.9,3.3,1.0,39.0,61.0,1.4,2.7,1.0,58,42,1.43,2.6,1.0,5,1,PREMATIPS
2025-09-06,15:00,Greenock Morton , Raith Rovers,18.0,54.0,28.0,4.2,3.2,1.85,6.0,70.0,30.0,2.25,1.62,0.0,63,37,2.0,1.73,1.0,0,1,PREMATIPS
2025-09-06,15:00,Ross County , Arbroath,22.0,15.0,63.0,1.62,3.9,4.5,2.0,45.0,55.0,1.85,1.95,1.0,63,37,1.83,1.83,1.0,1,2,PREMATIPS
2025-09-06,15:00,East Fife , Dumbarton,40.0,32.0,28.0,1.67,4.0,3.75,1.0,45.0,55.0,1.73,2.08,1.0,56,44,1.73,2.0,1.0,1,1,PREMATIPS
2025-09-06,15:00,East Kilbride , Hamilton,38.0,30.0,32.0,1.85,3.8,3.25,5.0,40.0,60.0,1.57,2.35,1.0,62,38,1.53,2.38,1.0,2,4,PREMATIPS
2025-09-06,15:00,Elgin City , Cove Rangers,33.0,31.0,36.0,2.68,3.39,2.29,5.0,49.0,51.0,1.76,1.96,1.0,56,44,1.62,2.14,1.0,1,0,PREMATIPS
2025-09-06,15:00,Kelty Hearts , Stranraer,40.0,33.0,27.0,1.8,3.4,3.8,1.0,53.0,47.0,1.93,1.88,0.0,49,51,1.8,1.91,0.0,3,0,PREMATIPS
2025-09-06,15:00,Arenas Club , Cacereno,37.0,34.0,29.0,2.15,2.88,3.4,4.0,54.0,46.0,2.25,1.62,0.0,80,20,1.91,1.8,1.0,2,2,PREMATIPS
2025-09-06,15:00,Alcorcon , Teruel,39.0,34.0,27.0,1.85,3.1,4.1,1.0,87.0,13.0,2.38,1.53,0.0,13,87,2.2,1.62,0.0,2,1,PREMATIPS
2025-09-06,15:00,Banik Lehota , STK Samorin,16.0,8.0,76.0,3.4,3.4,1.87,2.0,39.0,61.0,1.73,1.95,1.0,79,21,1.68,2.05,1.0,2,1,PREMATIPS
2025-09-06,15:00,Puchov , Pohronie,11.0,50.0,39.0,2.5,3.5,2.3,6.0,50.0,50.0,1.66,2.05,1.0,74,26,1.6,2.2,1.0,3,1,PREMATIPS
2025-09-06,15:00,Arlanda , AFC Eskilstuna,34.0,29.0,37.0,2.05,3.5,2.9,5.0,41.0,59.0,1.55,2.3,1.0,66,34,1.5,2.4,1.0,2,1,PREMATIPS
2025-09-06,15:00,Karlbergs BK , IFK Stocksund,53.0,19.0,28.0,1.4,4.6,5.5,1.0,36.0,64.0,1.35,2.9,1.0,67,33,1.51,2.37,1.0,3,2,PREMATIPS
2025-09-06,15:00,Oskarshamns AIK , Husqvarna,42.0,32.0,26.0,2.15,3.3,2.8,1.0,43.0,57.0,1.7,2.0,1.0,49,51,1.61,2.15,0.0,1,3,PREMATIPS
2025-09-06,15:00,Trollhattan , Eskilsminne IF,35.0,39.0,26.0,1.8,3.6,3.5,4.0,39.0,61.0,1.52,2.35,1.0,55,45,1.51,2.37,1.0,1,2,PREMATIPS
2025-09-06,15:15,Dep. La Coruna , Sporting Gijon,38.0,33.0,29.0,2.01,3.4,3.6,4.0,49.0,51.0,1.83,1.98,1.0,54,46,1.67,2.1,1.0,1,0,PREMATIPS
2025-09-06,15:30,Anag. Karditsas , Volos,19.0,36.0,45.0,8.09,4.38,1.34,2.0,47.0,53.0,1.84,1.85,1.0,41,59,2.18,1.61,0.0,0,1,PREMATIPS
2025-09-06,15:30,Barakaldo , Zamora CF,35.0,33.0,32.0,2.35,3.0,2.88,4.0,87.0,13.0,2.35,1.57,0.0,13,87,2.0,1.73,0.0,1,1,PREMATIPS
2025-09-06,15:30,Tatran LM , Slovan Brat. B,46.0,32.0,22.0,1.33,4.8,6.5,1.0,50.0,50.0,1.49,2.4,1.0,68,32,1.77,1.93,1.0,2,1,PREMATIPS
2025-09-06,16:00,Lokomotiv GO , Etar V. Tarnovo,42.0,46.0,12.0,1.74,3.25,4.2,4.0,73.0,27.0,2.02,1.61,0.0,39,61,1.94,1.75,0.0,0,1,PREMATIPS
2025-09-06,16:30,Arezzo , Vis Pesaro 1898,39.0,49.0,12.0,1.58,3.4,5.25,1.0,75.0,25.0,2.3,1.55,0.0,28,72,2.3,1.53,0.0,1,0,PREMATIPS
2025-09-06,16:30,Ascoli , Juve Next Gen,35.0,34.0,31.0,2.35,2.85,2.9,4.0,75.0,25.0,2.5,1.46,0.0,45,55,2.15,1.62,0.0,0,0,PREMATIPS
2025-09-06,16:30,Carpi , Campobasso,34.0,44.0,22.0,2.35,2.9,2.8,4.0,59.0,41.0,2.35,1.51,0.0,61,39,2.05,1.68,1.0,2,2,PREMATIPS
2025-09-06,16:30,Torres , Pianese,43.0,35.0,22.0,1.47,3.8,5.75,1.0,75.0,25.0,2.05,1.66,0.0,28,72,2.25,1.57,0.0,0,2,PREMATIPS
2025-09-06,16:30,Giugliano , Foggia,40.0,33.0,27.0,1.73,3.3,4.1,1.0,29.0,71.0,1.98,1.71,1.0,50,50,1.93,1.77,0.0,1,0,PREMATIPS
2025-09-06,16:30,Sorrento , Trapani,24.0,72.0,3.0,3.25,3.0,2.05,4.0,62.0,38.0,2.25,1.55,0.0,16,84,2.0,1.7,0.0,1,2,PREMATIPS
2025-09-06,17:00,Paradou AC , USM Alger,34.0,34.0,32.0,2.45,2.8,2.75,0.0,95.0,5.0,2.5,1.46,0.0,12,88,2.1,1.63,0.0,0,1,PREMATIPS
2025-09-06,17:00,USM Khenchela , CR Belouizdad,30.0,35.0,35.0,3.0,2.8,2.25,6.0,78.0,22.0,2.7,1.41,0.0,46,54,2.25,1.55,0.0,1,1,PREMATIPS
2025-09-06,17:00,Dunav Ruse , Belasitsa Petrich,71.0,22.0,7.0,1.14,5.36,13.16,1.0,76.0,24.0,1.62,2.02,0.0,42,58,2.65,1.39,0.0,3,0,PREMATIPS
2025-09-06,17:00,Zenit , Sion,44.0,33.0,23.0,1.35,4.58,7.2,1.0,37.0,63.0,1.45,2.5,1.0,55,45,1.67,2.08,1.0,5,3,PREMATIPS
2025-09-06,17:00,Rouen , Chateauroux,40.0,33.0,27.0,1.75,3.3,4.0,1.0,50.0,50.0,2.05,1.68,0.0,60,40,1.95,1.75,1.0,1,2,PREMATIPS
2025-09-06,17:00,Fylkir , Volsungur Husavik,44.0,19.0,37.0,1.27,5.75,7.0,4.0,33.0,67.0,1.24,3.7,1.0,75,25,1.47,2.45,1.0,1,2,PREMATIPS
2025-09-06,17:00,Grindavik , IR Reykjavik,19.0,29.0,52.0,3.9,4.0,1.63,2.0,34.0,66.0,1.39,2.75,1.0,70,30,1.44,2.55,1.0,3,1,PREMATIPS
2025-09-06,17:00,HK Kopavogur , Throttur,37.0,22.0,41.0,2.3,3.6,2.4,5.0,26.0,74.0,1.43,2.6,1.0,73,27,1.41,2.7,1.0,5,2,PREMATIPS
2025-09-06,17:00,Keflavik , Njardvik,26.0,33.0,41.0,2.25,3.7,2.45,6.0,29.0,71.0,1.38,2.8,1.0,71,29,1.37,2.8,1.0,2,1,PREMATIPS
2025-09-06,17:00,Leiknir R. , Selfoss,42.0,17.0,41.0,2.15,3.5,2.65,5.0,41.0,59.0,1.5,2.37,1.0,60,40,1.46,2.5,1.0,2,0,PREMATIPS
2025-09-06,17:00,Thor Akureyri , Fjolnir,51.0,29.0,20.0,1.25,6.0,7.0,1.0,29.0,71.0,1.25,3.5,1.0,73,27,1.53,2.3,1.0,2,1,PREMATIPS
2025-09-06,17:00,Armenia , Portugal,15.0,37.0,48.0,17.0,9.0,1.11,2.0,33.0,67.0,1.33,3.4,1.0,37,63,2.2,1.62,0.0,0,5,PREMATIPS
2025-09-06,17:00,England , Andorra,49.0,38.0,13.0,1.01,29.0,34.0,1.0,15.0,85.0,1.11,6.5,1.0,21,79,4.33,1.2,0.0,2,0,PREMATIPS
2025-09-06,17:00,Nigeria , Rwanda,45.0,38.0,17.0,1.32,4.25,10.53,1.0,59.0,41.0,2.28,1.57,0.0,32,68,2.97,1.35,0.0,1,0,PREMATIPS
2025-09-06,17:30,CA Atlanta , Atletico Guemes,36.0,41.0,23.0,1.86,3.1,4.5,1.0,77.0,23.0,2.88,1.4,0.0,43,57,2.5,1.5,0.0,1,0,PREMATIPS
2025-09-06,17:30,Bromley , Gillingham,36.0,33.0,31.0,2.2,3.2,3.2,4.0,65.0,35.0,2.3,1.6,0.0,50,50,1.91,1.8,0.0,2,2,PREMATIPS
2025-09-06,17:30,Aldershot Town , Brackley Town,39.0,27.0,34.0,2.4,3.3,2.63,5.0,38.0,62.0,1.7,2.1,1.0,68,32,1.57,2.25,1.0,2,2,PREMATIPS
2025-09-06,17:30,Real Zaragoza , Valladolid,24.0,11.0,65.0,2.52,3.2,2.6,2.0,60.0,40.0,2.3,1.6,0.0,43,57,1.83,1.83,0.0,1,1,PREMATIPS
2025-09-06,17:30,Ajman Club ,Wahda,29.0,32.0,39.0,3.58,3.4,1.85,6.0,48.0,52.0,1.76,1.92,1.0,54,46,1.66,2.04,1.0,2,4,PREMATIPS
2025-09-06,18:00,Ponferradina , Pontevedra,39.0,34.0,27.0,1.95,3.0,3.6,1.0,54.0,46.0,2.5,1.5,0.0,46,54,2.25,1.57,0.0,0,1,PREMATIPS
2025-09-06,18:00,CE Europa , Sevilla B,38.0,33.0,29.0,1.95,2.7,4.2,4.0,53.0,47.0,2.38,1.53,0.0,47,53,2.1,1.67,0.0,1,1,PREMATIPS
2025-09-06,19:00,JS Kabylie , Olympique Akbou,44.0,36.0,20.0,1.44,3.6,6.75,1.0,95.0,5.0,2.2,1.57,0.0,46,54,2.45,1.47,0.0,0,0,PREMATIPS
2025-09-06,19:00,Tlaxcala , Alebrijes Oaxaca,48.0,45.0,7.0,1.71,3.6,3.8,1.0,34.0,66.0,1.63,2.1,1.0,57,43,1.63,2.1,1.0,2,1,PREMATIPS
2025-09-06,19:00,Cambuur , Willem II,40.0,32.0,28.0,1.72,3.8,4.1,1.0,59.0,41.0,1.8,2.0,0.0,40,60,1.73,2.0,0.0,2,2,PREMATIPS
2025-09-06,19:30,Pergolettese , Cittadella,32.0,32.0,36.0,2.87,3.0,2.25,5.0,69.0,31.0,2.2,1.58,0.0,55,45,1.95,1.73,1.0,3,1,PREMATIPS
2025-09-06,19:30,Union Brescia , Pro Vercelli,38.0,34.0,28.0,1.98,3.0,3.5,4.0,35.0,65.0,2.35,1.51,1.0,71,29,2.1,1.63,1.0,5,0,PREMATIPS
2025-09-06,19:30,Virtus Verona , Inter U23,33.0,32.0,35.0,2.71,3.04,2.47,5.0,52.0,48.0,2.1,1.66,0.0,88,12,1.8,1.87,1.0,-,-,PREMATIPS
2025-09-06,19:30,Casarano , Benevento,30.0,32.0,38.0,3.4,3.2,1.95,6.0,29.0,71.0,1.88,1.8,1.0,66,34,1.75,1.95,1.0,1,0,PREMATIPS
2025-09-06,19:30,Casertana , Potenza,35.0,33.0,32.0,2.35,2.95,2.75,4.0,29.0,71.0,2.25,1.57,1.0,66,34,1.95,1.73,1.0,3,2,PREMATIPS
2025-09-06,19:30,Catania , Monopoli 1966,42.0,34.0,24.0,1.58,3.5,5.0,1.0,29.0,71.0,2.2,1.58,1.0,50,50,2.2,1.57,0.0,4,0,PREMATIPS
2025-09-06,19:30,Mont. Wanderers , Danubio,37.0,35.0,28.0,2.63,3.1,2.63,4.0,65.0,35.0,2.6,1.48,0.0,34,66,2.2,1.62,0.0,0,2,PREMATIPS
2025-09-06,19:45,Austria , Cyprus,48.0,37.0,15.0,1.07,13.0,26.0,1.0,26.0,74.0,1.25,4.0,1.0,37,63,2.5,1.5,0.0,1,0,PREMATIPS
2025-09-06,19:45,Ireland , Hungary,35.0,33.0,32.0,2.55,3.0,3.1,4.0,63.0,37.0,2.5,1.5,0.0,45,55,2.1,1.67,0.0,2,2,PREMATIPS
2025-09-06,19:45,San Marino , Bosnia&Herz.,12.0,40.0,48.0,41.0,11.0,1.07,2.0,35.0,65.0,1.44,2.7,1.0,25,75,3.5,1.29,0.0,0,6,PREMATIPS
2025-09-06,20:00,Velez Sarsfield , Central Cordoba,37.0,34.0,29.0,2.2,3.0,3.6,4.0,67.0,33.0,2.75,1.4,0.0,41,59,2.25,1.57,0.0,2,0,PREMATIPS
2025-09-06,20:00,Nacional Potosi , Ind. Petrolero,45.0,31.0,24.0,1.22,6.25,8.0,1.0,25.0,75.0,1.17,4.5,1.0,64,36,1.41,2.65,1.0,0,3,PREMATIPS
2025-09-06,20:00,Botafogo SP , Atletico PR,34.0,30.0,36.0,4.33,3.0,1.91,5.0,57.0,43.0,2.6,1.48,0.0,50,50,2.2,1.62,0.0,1,3,PREMATIPS
2025-09-06,20:00,CA Bucaramanga , Alianza Valledupar,40.0,35.0,25.0,1.75,3.4,5.0,4.0,46.0,54.0,2.2,1.65,1.0,56,44,2.1,1.67,1.0,3,1,PREMATIPS
2025-09-06,20:00,Egypt , Tunisia,37.0,33.0,30.0,2.1,3.2,3.1,4.0,59.0,41.0,2.25,1.62,0.0,47,53,2.0,1.73,0.0,1,0,PREMATIPS
2025-09-06,20:00,Nacional As. , Recoleta,33.0,45.0,22.0,1.7,3.8,4.5,4.0,59.0,41.0,2.15,1.67,0.0,48,52,2.1,1.67,0.0,1,0,PREMATIPS
2025-09-06,20:00,Malaga , Granada,39.0,33.0,28.0,1.92,3.1,3.9,1.0,49.0,51.0,2.35,1.57,1.0,54,46,2.0,1.73,1.0,2,2,PREMATIPS
2025-09-06,20:15,Ibiza , Hercules,39.0,34.0,27.0,1.85,3.1,4.0,1.0,53.0,47.0,2.38,1.53,0.0,47,53,2.2,1.62,0.0,2,1,PREMATIPS
2025-09-06,20:30,Estoril Praia , Santa Clara,33.0,33.0,34.0,3.1,3.0,2.4,0.0,50.0,50.0,2.6,1.48,0.0,47,53,2.1,1.67,0.0,0,1,PREMATIPS
2025-09-06,20:30,Tenerife , Merida AD,41.0,35.0,24.0,1.65,3.4,4.75,1.0,87.0,13.0,2.2,1.65,0.0,13,87,2.2,1.62,0.0,3,0,PREMATIPS
2025-09-06,21:00,Guarani SP , Ponte Preta SP,38.0,34.0,28.0,1.93,2.95,3.8,4.0,63.0,37.0,2.5,1.47,0.0,42,58,2.2,1.58,0.0,0,1,PREMATIPS
2025-09-06,21:00,Forge , HFX Wanderers,41.0,33.0,26.0,1.7,3.5,4.1,1.0,50.0,50.0,1.83,1.85,1.0,50,50,1.8,1.88,1.0,1,0,PREMATIPS
2025-09-06,21:30,Bahia BA , Confianca SE,44.0,34.0,22.0,1.38,4.75,7.0,1.0,47.0,53.0,1.75,2.05,1.0,45,55,2.25,1.57,0.0,5,0,PREMATIPS
2025-09-06,22:00,USA , South Korea,37.0,33.0,30.0,2.1,3.24,3.37,4.0,54.0,46.0,2.0,1.74,0.0,51,49,1.79,1.91,1.0,0,2,PREMATIPS
2025-09-06,22:00,Penarol , Plaza Colonia,75.0,21.0,4.0,1.29,5.5,8.5,1.0,45.0,55.0,2.03,1.78,1.0,47,53,2.75,1.4,0.0,1,0,PREMATIPS
2025-09-06,22:10,Llaneros FC , Deportes Tolima,38.0,18.0,44.0,3.3,3.1,2.3,6.0,59.0,41.0,2.6,1.48,0.0,39,61,2.1,1.67,0.0,1,0,PREMATIPS
2025-09-06,22:30,Gen.Caballero JLM , Libertad,25.0,36.0,39.0,3.6,3.2,2.05,2.0,62.0,38.0,2.4,1.53,0.0,31,69,2.1,1.67,0.0,0,0,PREMATIPS
2025-09-06,23:30,Sao Bernardo SP , Londrina PR,38.0,34.0,28.0,2.15,2.9,3.1,4.0,61.0,39.0,2.4,1.5,0.0,44,56,2.05,1.66,0.0,2,2,PREMATIPS
2025-09-07,00:00,Atletico Ottawa , Pacific,41.0,32.0,27.0,1.56,3.72,5.0,1.0,49.0,51.0,1.74,1.95,1.0,52,48,1.78,1.9,1.0,2,0,PREMATIPS
2025-09-07,00:15,Marquense , Dep. Mictlan,40.0,33.0,27.0,1.49,3.75,5.75,4.0,55.0,45.0,2.15,1.62,0.0,41,59,2.3,1.55,0.0,1,0,PREMATIPS
2025-09-07,00:20,Union Magdalena , J. Barranquilla,13.0,39.0,48.0,3.9,3.1,2.05,6.0,48.0,52.0,2.5,1.5,1.0,54,46,2.1,1.67,1.0,3,1,PREMATIPS
2025-09-07,00:30,Boston River , River Plate M.,85.0,10.0,3.0,1.75,3.5,4.5,1.0,58.0,42.0,2.25,1.62,0.0,33,67,2.1,1.67,0.0,2,0,PREMATIPS
2025-09-07,01:00,Atlante , Correcaminos,45.0,34.0,21.0,1.28,5.0,7.75,1.0,42.0,58.0,1.53,2.3,1.0,61,39,1.88,1.8,1.0,5,1,PREMATIPS
2025-09-07,01:30,Chicago Fire , New England Rev,35.0,34.0,31.0,1.67,4.2,4.0,4.0,40.0,60.0,1.48,2.6,1.0,60,40,1.5,2.5,1.0,3,2,PREMATIPS
2025-09-07,01:30,Houston Dynamo , LA Galaxy,52.0,27.0,21.0,1.77,3.9,3.9,1.0,42.0,58.0,1.62,2.25,1.0,58,42,1.57,2.25,1.0,1,1,PREMATIPS
2025-09-07,01:30,St. Louis City , Dallas,39.0,29.0,32.0,1.96,4.0,3.3,1.0,42.0,58.0,1.5,2.5,1.0,58,42,1.5,2.5,1.0,1,1,PREMATIPS
2025-09-07,02:00,Mun. Limeno , Inter FA,51.0,27.0,22.0,1.82,3.1,4.0,1.0,40.0,60.0,2.15,1.62,1.0,65,35,1.98,1.71,1.0,1,0,PREMATIPS
2025-09-07,02:00,Antigua GFC , Guastatoya,78.0,16.0,6.0,1.35,4.33,7.25,1.0,46.0,54.0,1.75,1.93,1.0,45,55,2.05,1.66,0.0,3,1,PREMATIPS
2025-09-07,02:00,Auckland United , Wellington Ol.,33.0,30.0,37.0,2.7,3.6,2.1,5.0,36.0,64.0,1.44,2.55,1.0,65,35,1.39,2.76,1.0,2,4,PREMATIPS
2025-09-07,02:30,Millonarios , Santa Fe Bogota,38.0,33.0,29.0,2.05,3.3,3.7,4.0,50.0,50.0,2.25,1.62,0.0,52,48,2.0,1.73,1.0,0,0,PREMATIPS
2025-09-07,03:00,Perez Zeledon , LD Alajuelense,46.0,19.0,35.0,3.7,3.2,2.0,4.0,57.0,43.0,2.05,1.75,0.0,34,66,1.8,1.91,0.0,2,1,PREMATIPS
2025-09-07,03:00,Mexico , Japan,35.0,32.0,33.0,2.52,3.24,2.63,5.0,54.0,46.0,2.03,1.72,0.0,52,48,1.79,1.91,1.0,0,0,PREMATIPS
2025-09-07,04:00,Jaiba Brava , Tapatio,31.0,29.0,40.0,1.6,3.6,4.6,6.0,52.0,48.0,1.82,1.87,0.0,55,45,1.85,1.83,1.0,2,1,PREMATIPS
2025-09-07,09:30,Petrzalka , Stara Lubovna,27.0,36.0,37.0,1.77,3.4,3.75,6.0,60.0,40.0,1.83,1.85,0.0,63,37,1.78,1.9,1.0,1,0,PREMATIPS
2025-09-07,10:00,Hong Kong , Fiji,42.0,33.0,25.0,1.52,3.95,5.32,1.0,52.0,48.0,1.9,1.78,0.0,46,54,1.98,1.72,0.0,8,0,PREMATIPS
2025-09-07,10:00,Slavia TU Kosice , Povazska Bystrica,32.0,30.0,38.0,3.1,3.4,1.98,2.0,49.0,51.0,1.68,2.05,1.0,74,26,1.62,2.15,1.0,-,-,PREMATIPS
2025-09-07,10:00,Met. Zaporizhya , UCSA Tarasivka,37.0,44.0,19.0,2.95,3.0,2.2,4.0,78.0,22.0,2.2,1.58,0.0,25,75,1.95,1.73,0.0,0,3,PREMATIPS
2025-09-07,10:30,S. Hiroshima , Shonan Bellmare,44.0,33.0,23.0,1.33,5.0,7.5,1.0,47.0,53.0,1.73,2.08,1.0,47,53,2.0,1.73,0.0,4,1,PREMATIPS
2025-09-07,11:00,Kashiwa Reysol , Yokohama F M.,41.0,31.0,28.0,1.78,3.64,3.79,1.0,46.0,54.0,1.71,2.02,1.0,54,46,1.65,2.09,1.0,1,0,PREMATIPS
2025-09-07,11:00,Kawasaki Front. , Urawa Red Diam.,38.0,31.0,31.0,2.21,3.27,2.94,5.0,49.0,51.0,1.81,1.89,1.0,55,45,1.65,2.09,1.0,2,2,PREMATIPS
2025-09-07,11:00,Vissel Kobe , Yokohama FC,42.0,34.0,24.0,1.57,3.63,5.3,1.0,54.0,46.0,2.01,1.72,0.0,45,55,2.02,1.7,0.0,1,0,PREMATIPS
2025-09-07,11:00,Bucheon 1995 , Incheon Utd,30.0,26.0,44.0,3.6,3.0,2.15,2.0,49.0,51.0,2.15,1.67,1.0,53,47,1.83,1.83,1.0,1,0,PREMATIPS
2025-09-07,11:00,Gimpo , Cheonan City,51.0,27.0,22.0,1.8,3.5,4.0,1.0,55.0,45.0,2.1,1.7,0.0,45,55,1.91,1.8,0.0,1,3,PREMATIPS
2025-09-07,11:00,Hwaseong FC , Chungnam Asan,31.0,34.0,35.0,3.51,3.26,1.95,6.0,61.0,39.0,1.93,1.77,0.0,51,49,1.77,1.92,1.0,1,1,PREMATIPS
2025-09-07,11:00,Real Madrid B , Racing Ferrol,30.0,32.0,38.0,4.0,3.1,1.85,6.0,20.0,80.0,1.93,1.88,1.0,80,20,1.73,2.0,1.0,-,-,PREMATIPS
2025-09-07,11:00,Talavera , Bilbao Athletic,34.0,32.0,34.0,2.55,3.0,2.55,0.0,54.0,46.0,2.1,1.7,0.0,46,54,1.83,1.83,0.0,1,1,PREMATIPS
2025-09-07,11:00,Algeciras , Marbella,32.0,33.0,35.0,2.6,3.2,2.38,6.0,19.0,81.0,2.25,1.62,1.0,83,17,2.0,1.73,1.0,0,0,PREMATIPS
2025-09-07,11:00,Tarazona , Antequera,36.0,33.0,31.0,2.25,3.1,3.0,4.0,86.0,14.0,2.5,1.5,0.0,16,84,2.2,1.62,0.0,1,0,PREMATIPS
2025-09-07,11:30,Rana FK , Kjelsas,39.0,17.0,44.0,2.8,3.7,2.05,5.0,39.0,61.0,1.47,2.45,1.0,64,36,1.46,2.5,1.0,0,3,PREMATIPS
2025-09-07,12:00,Jerv Grimstad , Brattvag,36.0,32.0,32.0,1.9,3.6,3.1,5.0,34.0,66.0,1.47,2.45,1.0,70,30,1.47,2.5,1.0,4,3,PREMATIPS
2025-09-07,12:00,Traeff , Sandnes,24.0,26.0,50.0,4.1,4.0,1.6,2.0,39.0,61.0,1.5,2.4,1.0,61,39,1.57,2.25,1.0,3,2,PREMATIPS
2025-09-07,12:00,Stockholm Inter. , Nordic United,42.0,21.0,37.0,1.65,3.56,4.52,5.0,43.0,57.0,1.84,1.8,1.0,56,44,1.79,1.82,1.0,1,2,PREMATIPS
2025-09-07,12:00,Inhulets Petrove , Vorskla Poltava,12.0,79.0,9.0,2.4,2.95,2.7,4.0,45.0,55.0,2.1,1.63,1.0,47,53,1.85,1.82,0.0,3,0,PREMATIPS
2025-09-07,12:30,Caernarfon Town , Barry Town Utd,42.0,32.0,26.0,1.53,4.1,4.6,1.0,59.0,41.0,1.55,2.25,0.0,64,36,1.66,2.05,1.0,3,1,PREMATIPS
2025-09-07,13:00,Ceuta , Huesca,33.0,34.0,33.0,2.82,3.1,2.55,0.0,50.0,50.0,2.88,1.4,0.0,54,46,2.25,1.57,1.0,2,1,PREMATIPS
2025-09-07,13:00,Celta Fortuna , CD Guadalajara,40.0,32.0,28.0,1.8,3.3,4.0,1.0,87.0,13.0,1.88,1.93,0.0,13,87,1.8,1.91,0.0,0,1,PREMATIPS
2025-09-07,13:00,Team TG , Vasalund,14.0,14.0,72.0,7.0,5.0,1.3,2.0,36.0,64.0,1.46,2.5,1.0,59,41,1.77,1.93,1.0,0,5,PREMATIPS
2025-09-07,14:00,Thailand , Iraq,31.0,33.0,36.0,2.9,3.09,2.33,6.0,57.0,43.0,2.14,1.62,0.0,49,51,1.87,1.82,0.0,0,1,PREMATIPS
2025-09-07,14:00,Lecco , Dolomiti Bellunesi,41.0,33.0,26.0,1.77,3.2,4.2,1.0,50.0,50.0,2.25,1.55,0.0,87,13,2.1,1.63,1.0,3,0,PREMATIPS
2025-09-07,14:00,Novara , Trento 1921,35.0,32.0,33.0,2.3,3.1,2.7,5.0,84.0,16.0,2.1,1.65,0.0,54,46,1.88,1.8,1.0,1,1,PREMATIPS
2025-09-07,14:00,Rodina Moscow , Yenisey,28.0,54.0,18.0,1.69,3.5,5.17,4.0,58.0,42.0,2.22,1.62,0.0,50,50,2.12,1.65,0.0,2,0,PREMATIPS
2025-09-07,14:00,Chornomorets Od , FSC Mariupol,43.0,43.0,14.0,1.53,3.58,4.94,4.0,70.0,30.0,1.88,1.69,0.0,30,70,2.0,1.7,0.0,2,0,PREMATIPS
2025-09-07,14:00,Georgia , Bulgaria,45.0,35.0,20.0,1.36,4.5,8.5,1.0,51.0,49.0,1.9,1.9,0.0,42,58,2.2,1.62,0.0,3,0,PREMATIPS
2025-09-07,15:00,KAMAZ , Torpedo Moscow,33.0,33.0,34.0,2.84,3.1,2.53,0.0,54.0,46.0,2.55,1.41,0.0,50,50,2.16,1.62,0.0,1,1,PREMATIPS
2025-09-07,15:00,Shinnik Yaroslavl , Volga Ulyanovsk,39.0,31.0,30.0,2.33,3.07,3.18,4.0,67.0,33.0,2.49,1.5,0.0,50,50,2.05,1.67,0.0,2,0,PREMATIPS
2025-09-07,15:00,Osasuna B , Ourense,39.0,32.0,29.0,1.83,3.1,4.1,1.0,87.0,13.0,2.05,1.75,0.0,13,87,1.83,1.83,0.0,1,1,PREMATIPS
2025-09-07,15:00,Assyriska FF , Karlstad Fotboll,36.0,18.0,46.0,3.03,3.57,2.01,2.0,34.0,66.0,1.55,2.19,1.0,64,36,1.5,2.31,1.0,2,0,PREMATIPS
2025-09-07,15:00,Ariana , Skovde,39.0,26.0,35.0,1.52,4.1,4.75,5.0,38.0,62.0,1.57,2.25,1.0,57,43,1.66,2.05,1.0,1,1,PREMATIPS
2025-09-07,15:00,Olympic Malmo , Jonkopings S.,28.0,26.0,46.0,3.4,3.3,1.9,2.0,46.0,54.0,1.88,1.8,1.0,46,54,1.78,1.9,0.0,1,1,PREMATIPS
2025-09-07,15:00,CA Cerro , Cerro Largo Melo,32.0,19.0,49.0,2.75,3.1,2.55,2.0,65.0,35.0,2.6,1.48,0.0,40,60,2.2,1.62,0.0,0,1,PREMATIPS
2025-09-07,15:15,Burgos , Las Palmas,36.0,33.0,31.0,2.57,3.0,2.85,4.0,50.0,50.0,2.6,1.48,0.0,65,35,2.2,1.62,1.0,0,0,PREMATIPS
2025-09-07,15:15,Real Sociedad B , Cadiz,16.0,61.0,23.0,3.4,3.1,2.2,6.0,61.0,39.0,2.35,1.57,0.0,54,46,2.0,1.73,1.0,3,3,PREMATIPS
2025-09-07,16:00,Kampaniakos , PAOK B,36.0,30.0,34.0,2.47,3.52,2.42,5.0,45.0,55.0,1.65,2.08,1.0,60,40,1.53,2.33,1.0,2,0,PREMATIPS
2025-09-07,16:00,Enyimba , Nasarawa United,55.0,11.0,34.0,1.39,3.49,7.5,1.0,95.0,5.0,2.65,1.4,0.0,8,92,2.95,1.3,0.0,0,0,PREMATIPS
2025-09-07,16:00,Kwara United , Kun Khalifat,8.0,83.0,9.0,1.41,3.37,7.83,6.0,80.0,20.0,3.25,1.28,0.0,25,75,3.71,1.23,0.0,2,0,PREMATIPS
2025-09-07,16:00,Niger Tornadoes , Bayelsa United,43.0,36.0,21.0,1.49,3.29,6.43,1.0,95.0,5.0,2.55,1.45,0.0,8,92,2.6,1.43,0.0,1,0,PREMATIPS
2025-09-07,16:00,Shooting Stars , Ikorodu City,42.0,36.0,22.0,1.53,3.23,5.98,1.0,95.0,5.0,2.55,1.45,0.0,25,75,2.52,1.45,0.0,1,1,PREMATIPS
2025-09-07,16:00,Tromsdalen , Honefoss,49.0,18.0,33.0,1.7,3.9,3.6,1.0,33.0,67.0,1.42,2.65,1.0,64,36,1.46,2.55,1.0,5,1,PREMATIPS
2025-09-07,16:00,Chernomorets N. , Ufa,19.0,21.0,60.0,2.02,3.1,3.98,2.0,71.0,29.0,2.5,1.43,0.0,46,54,2.17,1.61,0.0,3,2,PREMATIPS
2025-09-07,16:00,Rotor Volgograd ,Khabarovsk,46.0,28.0,26.0,1.89,3.2,4.16,4.0,58.0,42.0,2.41,1.45,0.0,54,46,2.2,1.6,1.0,1,0,PREMATIPS
2025-09-07,16:15,Qatar , Russia,28.0,33.0,39.0,5.38,3.81,1.75,6.0,56.0,44.0,2.12,1.83,0.0,48,52,1.95,1.78,0.0,1,4,PREMATIPS
2025-09-07,16:30,Giana Erminio , Pro Patria,21.0,50.0,29.0,2.0,2.9,3.6,6.0,50.0,50.0,2.37,1.51,0.0,70,30,2.1,1.65,1.0,2,1,PREMATIPS
2025-09-07,16:30,L.R. Vicenza , ArzignanoChiampo,43.0,35.0,22.0,1.51,3.6,5.5,1.0,34.0,66.0,2.1,1.65,1.0,54,46,2.2,1.58,1.0,2,1,PREMATIPS
2025-09-07,16:30,Pineto , Pontedera,39.0,33.0,28.0,1.87,3.2,3.7,1.0,76.0,24.0,2.1,1.63,0.0,28,72,1.95,1.73,0.0,1,1,PREMATIPS
2025-09-07,16:30,Ravenna , Bra,42.0,34.0,24.0,1.55,3.6,5.0,1.0,59.0,41.0,1.95,1.73,0.0,45,55,2.05,1.68,0.0,3,1,PREMATIPS
2025-09-07,16:30,Crotone , Cosenza,37.0,32.0,31.0,2.1,3.2,3.0,4.0,12.0,88.0,1.98,1.72,1.0,66,34,1.82,1.87,1.0,0,0,PREMATIPS
2025-09-07,16:30,Sotra SK , Arendal,35.0,39.0,26.0,2.0,3.5,2.95,1.0,43.0,57.0,1.63,2.1,1.0,70,30,1.57,2.2,1.0,3,1,PREMATIPS
2025-09-07,17:00,Shelbourne , Galway,39.0,39.0,22.0,1.85,3.3,4.5,4.0,56.0,44.0,2.08,1.73,0.0,57,43,1.91,1.91,1.0,1,0,PREMATIPS
2025-09-07,17:00,H. Kfar Saba , Bnei Yehuda,34.0,32.0,34.0,2.9,3.2,2.15,0.0,48.0,52.0,1.93,1.75,1.0,52,48,1.78,1.9,1.0,1,0,PREMATIPS
2025-09-07,17:00,H. Kfar Shalem , Hapoel Afula,44.0,34.0,22.0,1.43,4.2,5.75,1.0,48.0,52.0,1.72,1.98,1.0,35,65,1.93,1.77,0.0,2,0,PREMATIPS
2025-09-07,17:00,Hapoel Hadera , Hapoel Acre,34.0,33.0,33.0,2.5,3.0,2.55,0.0,48.0,52.0,1.98,1.72,1.0,85,15,1.77,1.93,1.0,1,2,PREMATIPS
2025-09-07,17:00,Kiryat Yam , Ironi Modi'in,40.0,5.0,55.0,1.74,3.46,4.02,2.0,15.0,85.0,1.77,1.89,1.0,68,32,1.72,1.95,1.0,3,2,PREMATIPS
2025-09-07,17:00,Cen. African Rep. , Comoros,28.0,33.0,39.0,4.01,3.17,1.91,6.0,60.0,40.0,2.33,1.54,0.0,45,55,2.08,1.67,0.0,0,2,PREMATIPS
2025-09-07,17:00,Lithuania , Netherlands,14.0,38.0,48.0,21.0,12.0,1.08,2.0,32.0,68.0,1.36,3.1,1.0,32,68,2.75,1.4,0.0,2,3,PREMATIPS
2025-09-07,17:00,North Macedonia , Liechtenstein,49.0,40.0,11.0,1.06,11.42,32.21,1.0,30.0,70.0,1.37,2.95,1.0,25,75,3.12,1.32,0.0,5,0,PREMATIPS
2025-09-07,17:15,Arenteiro , Unionistas,35.0,33.0,32.0,2.45,2.8,2.88,4.0,54.0,46.0,2.5,1.5,0.0,46,54,2.1,1.67,0.0,1,0,PREMATIPS
2025-09-07,17:15,Atl. Sanluqueno , Sabadell,32.0,34.0,34.0,2.75,2.9,2.45,0.0,86.0,14.0,2.5,1.5,0.0,16,84,2.2,1.62,0.0,2,2,PREMATIPS
2025-09-07,17:15,Real Murcia , Juv. Torremolinos,43.0,35.0,22.0,1.48,3.6,6.25,1.0,53.0,47.0,2.35,1.57,0.0,50,50,2.63,1.44,0.0,1,0,PREMATIPS
2025-09-07,17:30,Almeria , R. Santander,40.0,31.0,29.0,1.66,4.0,4.5,1.0,27.0,73.0,1.57,2.35,1.0,76,24,1.57,2.25,1.0,2,3,PREMATIPS
2025-09-07,17:30,Leonesa , Leganes,31.0,33.0,36.0,3.25,3.2,2.2,6.0,61.0,39.0,2.15,1.67,0.0,65,35,1.91,1.8,1.0,0,0,PREMATIPS
2025-09-07,18:00,Aurora Guatemala , Malacateco,51.0,36.0,13.0,1.9,3.2,3.5,1.0,46.0,54.0,2.05,1.66,1.0,65,35,1.93,1.77,1.0,1,0,PREMATIPS
2025-09-07,18:15,Gimnasia Mendoza , Gimnasia Jujuy,38.0,36.0,26.0,2.1,2.57,4.5,4.0,82.0,18.0,3.5,1.3,0.0,34,66,2.63,1.44,0.0,1,0,PREMATIPS
2025-09-07,19:00,Cobresal , Palestino,29.0,32.0,39.0,2.45,3.3,2.55,6.0,56.0,44.0,1.88,1.93,0.0,52,48,1.67,2.1,1.0,2,1,PREMATIPS
2025-09-07,19:30,Livorno , Guidonia,44.0,44.0,12.0,1.73,3.2,4.33,4.0,76.0,24.0,2.2,1.6,0.0,28,72,2.05,1.65,0.0,0,1,PREMATIPS
2025-09-07,19:30,Rimini , Ternana,25.0,34.0,41.0,4.6,3.3,1.66,2.0,92.0,8.0,2.35,1.51,0.0,12,88,2.3,1.55,0.0,1,4,PREMATIPS
2025-09-07,19:30,Sambenedettese , Forli,36.0,33.0,31.0,2.2,3.0,3.0,4.0,92.0,8.0,2.15,1.61,0.0,28,72,1.9,1.78,0.0,1,2,PREMATIPS
2025-09-07,19:30,Audace Cerignola , Siracusa,42.0,33.0,25.0,1.6,3.6,4.75,1.0,46.0,54.0,1.98,1.72,1.0,49,51,2.0,1.7,0.0,3,1,PREMATIPS
2025-09-07,19:30,Latina , Picerno,31.0,48.0,21.0,2.95,3.0,2.2,4.0,29.0,71.0,2.2,1.58,1.0,49,51,1.95,1.75,0.0,1,2,PREMATIPS
2025-09-07,19:30,Team Altamura , Cavese 1919,34.0,33.0,33.0,2.55,2.95,2.55,0.0,46.0,54.0,2.3,1.53,1.0,32,68,2.0,1.71,0.0,2,1,PREMATIPS
2025-09-07,19:30,Progreso M. , Miramar Misiones,32.0,5.0,63.0,2.15,3.3,3.2,2.0,39.0,61.0,2.15,1.67,1.0,66,34,2.0,1.73,1.0,3,2,PREMATIPS
2025-09-07,19:45,Belgium , Kazakhstan,48.0,38.0,14.0,1.05,13.0,34.0,1.0,26.0,74.0,1.29,3.6,1.0,32,68,3.0,1.36,0.0,6,0,PREMATIPS
2025-09-07,19:45,Germany , North. Ireland,47.0,36.0,17.0,1.18,7.5,15.0,1.0,37.0,63.0,1.5,2.5,1.0,41,59,2.2,1.62,0.0,3,1,PREMATIPS
2025-09-07,19:45,Luxembourg , Slovakia,25.0,34.0,41.0,4.75,3.5,1.75,2.0,59.0,41.0,2.35,1.57,0.0,44,56,2.1,1.67,0.0,0,1,PREMATIPS
2025-09-07,19:45,Poland , Finland,43.0,35.0,22.0,1.5,4.0,7.0,1.0,53.0,47.0,1.98,1.83,0.0,44,56,2.05,1.7,0.0,3,1,PREMATIPS
2025-09-07,19:45,Turkey , Spain,26.0,32.0,42.0,5.0,4.1,1.6,2.0,42.0,58.0,1.62,2.25,1.0,56,44,1.67,2.1,1.0,0,6,PREMATIPS
2025-09-07,20:00,Atletico Mitre , Def. de Belgrano,37.0,36.0,27.0,2.05,2.7,4.1,4.0,77.0,23.0,3.4,1.33,0.0,32,68,2.5,1.5,0.0,1,2,PREMATIPS
2025-09-07,20:00,Criciuma SC , Chapecoense SC,40.0,23.0,37.0,1.86,3.2,4.5,5.0,60.0,40.0,2.4,1.53,0.0,49,51,2.1,1.67,0.0,2,0,PREMATIPS
2025-09-07,20:00,Envigado , Aguilas Doradas,26.0,61.0,13.0,2.9,2.9,2.63,4.0,63.0,37.0,2.5,1.5,0.0,50,50,2.0,1.73,0.0,1,1,PREMATIPS
2025-09-07,20:00,2 de Mayo , Olimpia As.,32.0,36.0,32.0,4.2,3.4,1.85,0.0,63.0,37.0,2.2,1.65,0.0,51,49,2.0,1.73,1.0,3,2,PREMATIPS
2025-09-07,20:15,Dep. Madryn , Los Andes,40.0,32.0,28.0,1.61,3.5,6.0,1.0,69.0,31.0,2.88,1.4,0.0,46,54,2.75,1.4,0.0,1,0,PREMATIPS
2025-09-07,20:30,Real Tomayapo , Guabira Montero,35.0,31.0,34.0,2.47,3.33,2.45,5.0,47.0,53.0,1.7,2.0,1.0,57,43,1.57,2.22,1.0,1,2,PREMATIPS
2025-09-07,20:30,Floresta CE , Caxias RS,33.0,35.0,32.0,2.55,2.65,2.8,4.0,69.0,31.0,2.9,1.35,0.0,39,61,2.35,1.52,0.0,0,0,PREMATIPS
2025-09-07,21:00,Central Norte , Agropecuario,37.0,34.0,29.0,2.15,3.0,3.6,4.0,69.0,31.0,3.1,1.36,0.0,40,60,2.5,1.5,0.0,0,2,PREMATIPS
2025-09-07,22:00,Racing Cordoba , Patronato Parana,26.0,41.0,33.0,2.2,2.85,3.7,6.0,69.0,31.0,3.1,1.36,0.0,44,56,2.5,1.5,0.0,1,0,PREMATIPS
2025-09-07,22:00,Aguila , Cacahuatique,45.0,19.0,36.0,1.53,3.6,5.25,1.0,58.0,42.0,1.98,1.72,0.0,43,57,2.05,1.66,0.0,0,3,PREMATIPS
2025-09-07,22:00,Fuerte SF , Isidro Metapan,18.0,37.0,45.0,3.9,3.0,1.87,6.0,47.0,53.0,2.37,1.51,1.0,46,54,2.15,1.62,0.0,1,0,PREMATIPS
2025-09-07,22:00,Zacatecoluca FC , Alianza Salvador,20.0,20.0,60.0,4.0,2.95,1.87,2.0,57.0,43.0,2.05,1.68,0.0,48,52,1.88,1.8,0.0,0,1,PREMATIPS
2025-09-07,22:00,Dep. Achuapa , Xelaju MC,36.0,32.0,32.0,2.39,2.78,2.96,0.0,50.0,50.0,2.53,1.44,0.0,50,50,2.09,1.63,0.0,4,1,PREMATIPS
2025-09-07,22:00,Nacional M. , Racing Club M.,62.0,16.0,22.0,1.5,4.1,6.0,1.0,39.0,61.0,1.85,1.95,1.0,39,61,2.0,1.73,0.0,3,0,PREMATIPS
2025-09-07,22:10,America de Cali , Deportivo Cali,41.0,35.0,24.0,1.7,3.4,5.5,1.0,52.0,48.0,2.35,1.57,0.0,54,46,2.2,1.62,1.0,0,0,PREMATIPS
2025-09-07,22:30,America MG , Operario PR,35.0,22.0,43.0,1.96,3.1,4.2,6.0,56.0,44.0,2.5,1.5,0.0,45,55,2.2,1.62,0.0,1,1,PREMATIPS
2025-09-07,22:30,Cerro Porteno , Atl. Tembetary,61.0,29.0,10.0,1.38,4.2,8.0,1.0,50.0,50.0,1.7,2.1,1.0,58,42,1.91,1.8,1.0,-,-,PREMATIPS
2025-09-07,23:00,Chaco For Ever , Chacarita Jrs,38.0,36.0,26.0,1.97,2.77,4.33,4.0,71.0,29.0,3.1,1.36,0.0,33,67,2.5,1.5,0.0,0,0,PREMATIPS
2025-09-07,23:00,Brusque SC , Nautico PE,34.0,35.0,31.0,2.35,2.8,2.9,4.0,67.0,33.0,2.55,1.44,0.0,40,60,2.15,1.61,0.0,0,1,PREMATIPS
2025-09-08,00:00,Dep. Limache , Dep. La Serena,40.0,32.0,28.0,2.0,3.5,3.0,1.0,51.0,49.0,1.88,1.93,0.0,51,49,1.73,2.0,1.0,2,0,PREMATIPS
2025-09-08,00:00,Mun. Liberia , Sp. San Jose,59.0,32.0,9.0,1.8,3.5,3.9,1.0,52.0,48.0,1.88,1.93,0.0,40,60,1.8,1.91,0.0,2,1,PREMATIPS
2025-09-08,00:00,Tepatitlan , Leones Negros,44.0,30.0,26.0,1.95,3.3,3.2,4.0,39.0,61.0,1.78,1.9,1.0,66,34,1.7,2.0,1.0,1,1,PREMATIPS
2025-09-08,00:00,Sporting Kansas , Austin FC,35.0,21.0,44.0,2.2,3.7,2.82,6.0,47.0,53.0,1.53,2.4,1.0,59,41,1.5,2.5,1.0,1,2,PREMATIPS
2025-09-08,00:20,Ind. Medellin , Atl. Nacional,36.0,36.0,28.0,2.75,3.0,2.75,4.0,52.0,48.0,2.3,1.6,0.0,58,42,1.91,1.8,1.0,3,3,PREMATIPS
2025-09-08,00:30,Avai SC , Goias GO,31.0,28.0,41.0,2.05,3.0,3.9,6.0,58.0,42.0,2.5,1.5,0.0,50,50,2.1,1.67,0.0,2,1,PREMATIPS
2025-09-08,00:30,Mont. City Torque , Liverpool M.,40.0,24.0,36.0,2.0,3.2,3.8,5.0,53.0,47.0,2.1,1.7,0.0,46,54,1.83,1.83,0.0,1,1,PREMATIPS
2025-09-08,01:00,FAS Santa Ana , Luis Angel Firpo,41.0,17.0,42.0,2.45,2.85,2.75,5.0,51.0,49.0,2.25,1.55,0.0,46,54,1.93,1.75,0.0,2,3,PREMATIPS
2025-09-08,02:30,Fortaleza CEIF , La Equidad,33.0,50.0,17.0,1.83,3.2,4.75,4.0,59.0,41.0,2.35,1.57,0.0,54,46,2.2,1.62,1.0,1,0,PREMATIPS
2025-09-08,13:00,Oman , India,42.0,33.0,25.0,1.49,3.7,5.75,1.0,57.0,43.0,2.1,1.63,0.0,44,56,2.25,1.55,0.0,1,1,PREMATIPS
2025-09-08,14:00,Malaysia , Palestine,33.0,32.0,35.0,2.8,3.25,2.35,5.0,52.0,48.0,1.98,1.83,0.0,54,46,1.73,2.0,1.0,1,0,PREMATIPS
2025-09-08,14:00,Equat. Guinea , Tunisia,29.0,34.0,37.0,3.75,3.1,2.1,6.0,63.0,37.0,2.6,1.48,0.0,43,57,2.1,1.67,0.0,0,1,PREMATIPS
2025-09-08,14:00,Mozambique , Botswana,40.0,35.0,25.0,1.85,3.3,4.75,1.0,60.0,40.0,2.4,1.53,0.0,43,57,2.2,1.62,0.0,2,0,PREMATIPS
2025-09-08,14:00,Zambia , Morocco,25.0,33.0,42.0,5.75,4.1,1.57,2.0,50.0,50.0,1.9,1.9,1.0,49,51,1.83,1.83,0.0,0,2,PREMATIPS
2025-09-08,14:30,Indonesia , Lebanon,41.0,32.0,27.0,1.6,3.75,4.5,1.0,49.0,51.0,1.95,1.85,1.0,51,49,1.91,1.8,1.0,0,0,PREMATIPS
2025-09-08,15:00,Vihren Sandanski , Pirin Blagoevgrad,32.0,42.0,26.0,2.25,3.06,2.9,4.0,69.0,31.0,2.02,1.62,0.0,41,59,1.82,1.85,0.0,2,1,PREMATIPS
2025-09-08,15:00,FC Chelyabinsk , Chayka Pesch.,53.0,37.0,10.0,1.35,4.41,9.3,1.0,50.0,50.0,2.12,1.68,0.0,54,46,2.59,1.44,1.0,1,0,PREMATIPS
2025-09-08,15:00,Spartak Kostroma , Sokol Saratov,56.0,38.0,6.0,1.64,3.49,5.6,1.0,67.0,33.0,2.45,1.52,0.0,54,46,2.35,1.54,1.0,2,1,PREMATIPS
2025-09-08,15:00,Ural , Neftekhimik,57.0,23.0,20.0,1.4,4.16,8.4,1.0,67.0,33.0,2.14,1.66,0.0,46,54,2.46,1.49,0.0,1,1,PREMATIPS
2025-09-08,15:30,Uzbekistan , Iran,33.0,34.0,33.0,2.6,2.87,2.55,0.0,64.0,36.0,2.55,1.46,0.0,44,56,2.15,1.61,0.0,0,0,PREMATIPS
2025-09-08,16:30,Kafr Qasim , Maccabi Jaffa,38.0,32.0,30.0,1.93,3.25,3.4,4.0,32.0,68.0,1.83,1.85,1.0,85,15,1.72,1.98,1.0,4,2,PREMATIPS
2025-09-08,16:30,M. Herzliya , H. Nof HaGalil,35.0,32.0,33.0,2.25,3.1,2.75,5.0,49.0,51.0,1.87,1.82,1.0,51,49,1.71,1.98,1.0,4,1,PREMATIPS
2025-09-08,16:30,Rishon LeZion , Hapoel Raanana,38.0,43.0,19.0,1.87,3.2,3.6,4.0,49.0,51.0,1.98,1.73,1.0,18,82,1.85,1.83,0.0,1,0,PREMATIPS
2025-09-08,17:00,Arsenal Sarandi , Tristan Suarez,23.0,42.0,35.0,2.01,3.1,3.9,6.0,71.0,29.0,2.7,1.44,0.0,42,58,2.25,1.57,0.0,0,0,PREMATIPS
2025-09-08,17:00,Syria , Kuwait,40.0,32.0,28.0,1.75,3.4,4.0,1.0,53.0,47.0,2.03,1.78,0.0,50,50,1.83,1.83,1.0,2,2,PREMATIPS
2025-09-08,17:00,Guinea , Algeria,26.0,34.0,40.0,4.75,3.1,1.9,2.0,62.0,38.0,2.5,1.5,0.0,42,58,2.2,1.62,0.0,0,0,PREMATIPS
2025-09-08,17:00,Guinea, Djibouti,48.0,38.0,14.0,1.07,12.0,26.0,1.0,35.0,65.0,1.44,2.7,1.0,28,72,3.4,1.3,0.0,2,0,PREMATIPS
2025-09-08,17:00,Madagascar , Chad,46.0,37.0,17.0,1.3,5.0,13.0,1.0,54.0,46.0,2.03,1.78,0.0,34,66,2.75,1.4,0.0,3,1,PREMATIPS
2025-09-08,17:00,Malawi , Liberia,37.0,34.0,29.0,2.15,3.1,3.75,4.0,61.0,39.0,2.7,1.44,0.0,46,54,2.2,1.62,0.0,2,2,PREMATIPS
2025-09-08,17:00,Uganda , Somalia,48.0,38.0,14.0,1.11,8.0,29.0,1.0,43.0,57.0,1.65,2.2,1.0,30,70,3.5,1.29,0.0,2,0,PREMATIPS
2025-09-08,17:30,Spartak Moscow , ML Vitebsk,45.0,32.0,23.0,1.33,4.83,7.93,1.0,34.0,66.0,1.45,2.48,1.0,54,46,1.75,1.94,1.0,5,0,PREMATIPS
2025-09-08,17:30,UAE , Bahrain,40.0,33.0,27.0,1.65,3.4,4.5,1.0,53.0,47.0,2.05,1.75,0.0,49,51,1.91,1.8,0.0,1,0,PREMATIPS
2025-09-08,17:30,Fakel Voronezh , Arsenal Tula,50.0,20.0,30.0,2.33,2.92,3.36,1.0,63.0,37.0,2.77,1.4,0.0,54,46,2.26,1.58,1.0,1,0,PREMATIPS
2025-09-08,18:00,Norrby , Ljungskile,30.0,32.0,38.0,2.6,3.4,2.2,6.0,41.0,59.0,1.55,2.25,1.0,56,44,1.5,2.4,1.0,4,2,PREMATIPS
2025-09-08,18:15,Czech Republic , Saudi Arabia,44.0,34.0,22.0,1.45,3.9,5.5,1.0,50.0,50.0,1.85,1.95,1.0,46,54,2.0,1.73,0.0,1,1,PREMATIPS
2025-09-08,19:00,Alvarado , Deportivo Maipu,26.0,39.0,35.0,2.5,2.55,3.5,6.0,76.0,24.0,3.4,1.33,0.0,36,64,2.38,1.53,0.0,0,0,PREMATIPS
2025-09-08,19:30,Eibar , FC Andorra,40.0,34.0,26.0,1.75,3.4,4.5,1.0,38.0,62.0,2.3,1.6,1.0,76,24,2.1,1.67,1.0,2,0,PREMATIPS
2025-09-08,19:45,Belarus , Scotland,21.0,35.0,44.0,8.0,4.0,1.48,2.0,58.0,42.0,2.15,1.67,0.0,39,61,2.38,1.53,0.0,0,2,PREMATIPS
2025-09-08,19:45,Croatia , Montenegro,47.0,36.0,17.0,1.22,6.25,13.0,1.0,41.0,59.0,1.53,2.4,1.0,39,61,2.1,1.67,0.0,4,0,PREMATIPS
2025-09-08,19:45,Gibraltar , Faroe Islands,20.0,36.0,44.0,8.5,4.0,1.45,2.0,61.0,39.0,2.4,1.53,0.0,37,63,2.63,1.44,0.0,0,1,PREMATIPS
2025-09-08,19:45,Greece , Denmark,34.0,34.0,32.0,2.45,3.1,3.1,0.0,58.0,42.0,2.2,1.65,0.0,49,51,1.91,1.91,0.0,0,3,PREMATIPS
2025-09-08,19:45,Israel , Italy,22.0,34.0,44.0,7.5,5.0,1.38,2.0,44.0,56.0,1.62,2.25,1.0,49,51,1.8,1.95,0.0,4,5,PREMATIPS
2025-09-08,19:45,Kosovo , Sweden,27.0,31.0,42.0,5.0,4.0,1.67,2.0,43.0,57.0,1.62,2.25,1.0,56,44,1.67,2.1,1.0,2,0,PREMATIPS
2025-09-08,19:45,Switzerland , Slovenia,44.0,33.0,23.0,1.42,4.5,7.5,1.0,46.0,54.0,1.83,1.98,1.0,49,51,2.05,1.7,0.0,3,0,PREMATIPS
2025-09-08,20:00,Ghana , Mali,37.0,34.0,29.0,2.5,2.9,3.2,4.0,62.0,38.0,2.88,1.4,0.0,44,56,2.2,1.62,0.0,1,0,PREMATIPS
2025-09-08,20:00,Libya , Eswatini,45.0,37.0,18.0,1.42,3.9,10.0,1.0,56.0,44.0,2.35,1.57,0.0,35,65,2.75,1.4,0.0,2,0,PREMATIPS
2025-09-08,22:00,Almirante Brown , San Telmo,38.0,35.0,27.0,2.01,3.0,4.0,4.0,70.0,30.0,2.88,1.4,0.0,39,61,2.5,1.5,0.0,1,0,PREMATIPS
2025-09-08,22:30,Sp. Trinidense , Sp. Ameliano,63.0,17.0,20.0,2.2,3.3,3.2,1.0,56.0,44.0,2.2,1.65,0.0,41,59,1.91,1.8,0.0,1,0,PREMATIPS
2025-09-08,23:00,Colon Santa Fe , Est. Rio Cuarto,34.0,34.0,32.0,2.45,2.85,3.1,0.0,76.0,24.0,3.5,1.3,0.0,36,64,2.63,1.44,0.0,0,1,PREMATIPS
2025-09-08,23:00,Quilmes , Ferro C. Oeste,39.0,29.0,32.0,2.45,2.82,3.1,4.0,72.0,28.0,3.1,1.36,0.0,35,65,2.5,1.5,0.0,0,0,PREMATIPS
2025-09-08,23:30,Novorizontino SP , Atletico GO,33.0,42.0,25.0,2.05,3.0,3.9,1.0,65.0,35.0,2.88,1.4,0.0,47,53,2.38,1.53,0.0,1,1,PREMATIPS
2025-09-09,00:00,Cuiaba MT , CRB AL,40.0,23.0,37.0,2.05,2.85,4.1,5.0,65.0,35.0,2.5,1.5,0.0,45,55,2.1,1.67,0.0,1,0,PREMATIPS
2025-09-09,01:10,Argentinos Jrs , Lanus,36.0,35.0,29.0,2.2,2.8,3.2,4.0,68.0,32.0,2.75,1.39,0.0,40,60,2.3,1.53,0.0,1,0,PREMATIPS
2025-09-09,01:30,Vila Nova GO , Athletic Club MG,53.0,14.0,33.0,2.15,2.8,3.6,1.0,61.0,39.0,2.6,1.48,0.0,42,58,2.1,1.67,0.0,1,1,PREMATIPS
2025-09-09,01:30,El Salvador , Suriname,36.0,33.0,31.0,2.3,3.1,3.3,4.0,64.0,36.0,2.7,1.44,0.0,43,57,2.2,1.62,0.0,1,2,PREMATIPS
2025-09-09,02:30,Panama , Guatemala,45.0,34.0,21.0,1.36,4.75,9.0,1.0,47.0,53.0,1.75,2.05,1.0,45,55,2.05,1.7,0.0,1,1,PREMATIPS
2025-09-09,08:00,New Zealand , Australia,32.0,32.0,36.0,3.1,3.0,2.4,0.0,59.0,41.0,2.35,1.57,0.0,47,53,2.0,1.73,0.0,1,3,PREMATIPS
2025-09-09,12:45,Nepal , Bangladesh,33.0,34.0,33.0,2.6,3.0,2.5,0.0,61.0,39.0,2.3,1.6,0.0,46,54,1.91,1.8,0.0,-,-,PREMATIPS
2025-09-09,13:15,Sri Lanka , Maldives,36.0,31.0,33.0,2.3,3.5,2.6,5.0,52.0,48.0,1.95,1.85,0.0,53,47,1.73,2.0,1.0,1,1,PREMATIPS
2025-09-09,14:00,Kenya , Seychelles,49.0,38.0,13.0,1.04,15.0,41.0,1.0,22.0,78.0,1.25,4.0,1.0,29,71,3.25,1.33,0.0,5,0,PREMATIPS
2025-09-09,14:00,Namibia , Sao Tome&Pr.,47.0,38.0,15.0,1.2,5.75,23.0,1.0,46.0,54.0,2.08,1.73,1.0,30,70,3.75,1.25,0.0,3,0,PREMATIPS
2025-09-09,14:00,Sierra Leone , Ethiopia,38.0,34.0,28.0,1.91,3.2,4.5,4.0,61.0,39.0,2.7,1.44,0.0,44,56,2.38,1.53,0.0,2,0,PREMATIPS
2025-09-09,14:00,Tanzania , Niger,41.0,35.0,24.0,1.75,3.2,5.75,1.0,62.0,38.0,2.7,1.44,0.0,40,60,2.38,1.53,0.0,0,1,PREMATIPS
2025-09-09,14:00,Zimbabwe , Rwanda,33.0,34.0,33.0,2.88,2.8,2.88,0.0,65.0,35.0,3.6,1.29,0.0,43,57,2.63,1.44,0.0,0,1,PREMATIPS
2025-09-09,14:30,Pobeda Prilep , Bashkimi,21.0,32.0,47.0,14.0,8.0,1.11,2.0,38.0,62.0,1.42,2.65,1.0,42,58,2.34,1.54,0.0,0,4,PREMATIPS
2025-09-09,15:30,Slovan Duslo Sala , OFK Malzenice,31.0,32.0,37.0,3.0,3.4,2.0,6.0,54.0,46.0,1.82,1.87,0.0,51,49,1.65,2.0,1.0,1,1,PREMATIPS
2025-09-09,17:00,AB Gladsaxe , B.93 Copenhagen,32.0,30.0,38.0,2.85,3.6,2.01,5.0,42.0,58.0,1.6,2.3,1.0,60,40,1.53,2.38,1.0,1,1,PREMATIPS
2025-09-09,17:00,Estonia , Andorra,43.0,36.0,21.0,1.65,3.1,5.25,1.0,61.0,39.0,2.88,1.4,0.0,37,63,2.63,1.44,0.0,0,0,PREMATIPS
2025-09-09,17:00,Armenia , Ireland,26.0,33.0,41.0,4.75,3.5,1.8,2.0,55.0,45.0,2.03,1.78,0.0,48,52,1.91,1.91,0.0,2,1,PREMATIPS
2025-09-09,17:00,Azerbaijan , Ukraine,23.0,34.0,43.0,8.0,4.1,1.45,2.0,49.0,51.0,1.83,1.98,1.0,47,53,2.0,1.75,0.0,1,1,PREMATIPS
2025-09-09,17:00,Burkina Faso , Egypt,32.0,33.0,35.0,3.1,3.1,2.45,6.0,60.0,40.0,2.35,1.57,0.0,46,54,2.0,1.73,0.0,0,0,PREMATIPS
2025-09-09,17:00,Cape Verde , Cameroon,31.0,34.0,35.0,3.2,2.75,2.63,6.0,63.0,37.0,2.6,1.48,0.0,45,55,2.1,1.67,0.0,1,0,PREMATIPS
2025-09-09,17:00,Congo DR , Senegal,29.0,34.0,37.0,3.6,3.1,2.2,6.0,63.0,37.0,2.7,1.44,0.0,43,57,2.25,1.57,0.0,2,3,PREMATIPS
2025-09-09,17:00,South Africa , Nigeria,34.0,34.0,32.0,2.63,3.0,2.9,0.0,65.0,35.0,2.88,1.4,0.0,43,57,2.25,1.57,0.0,1,1,PREMATIPS
2025-09-09,17:00,Togo , Sudan,36.0,34.0,30.0,2.45,2.75,3.5,4.0,63.0,37.0,3.5,1.3,0.0,43,57,2.5,1.5,0.0,1,0,PREMATIPS
2025-09-09,18:00,Jordan , Dominican Rep.,43.0,33.0,24.0,1.5,4.2,5.5,1.0,50.0,50.0,1.95,1.85,0.0,47,53,2.0,1.73,0.0,3,0,PREMATIPS
2025-09-09,19:00,Bella Vista , Central Espanol,30.0,34.0,36.0,2.85,2.6,2.55,6.0,52.0,48.0,1.9,1.8,0.0,55,45,1.62,2.1,1.0,1,2,PREMATIPS
2025-09-09,19:45,York City , Tamworth,43.0,32.0,25.0,1.48,4.33,5.25,1.0,54.0,46.0,1.6,2.3,0.0,56,44,1.75,2.0,1.0,4,0,PREMATIPS
2025-09-09,19:45,Mansfield Town , Harrogate Town,41.0,31.0,28.0,1.7,4.0,4.33,1.0,45.0,55.0,1.75,2.05,1.0,54,46,1.73,2.0,1.0,0,1,PREMATIPS
2025-09-09,19:45,Wales , Canada,36.0,32.0,32.0,2.3,3.2,2.75,0.0,53.0,47.0,2.05,1.75,0.0,52,48,1.8,1.91,1.0,0,1,PREMATIPS
2025-09-09,19:45,Albania , Latvia,45.0,36.0,19.0,1.38,4.5,9.0,1.0,57.0,43.0,2.15,1.67,0.0,36,64,2.63,1.44,0.0,1,0,PREMATIPS
2025-09-09,19:45,Bosnia&Herz. , Austria,25.0,33.0,42.0,5.25,3.8,1.67,2.0,51.0,49.0,1.9,1.9,0.0,50,50,1.91,1.91,1.0,1,2,PREMATIPS
2025-09-09,19:45,Cyprus , Romania,26.0,33.0,41.0,4.75,3.7,1.7,2.0,53.0,47.0,2.03,1.78,0.0,48,52,1.95,1.8,0.0,2,2,PREMATIPS
2025-09-09,19:45,France , Iceland,48.0,37.0,15.0,1.09,10.0,21.0,1.0,27.0,73.0,1.3,3.5,1.0,40,60,2.2,1.62,0.0,2,1,PREMATIPS
2025-09-09,19:45,Hungary , Portugal,22.0,34.0,44.0,7.5,4.5,1.42,2.0,42.0,58.0,1.62,2.25,1.0,51,49,1.8,1.95,1.0,2,3,PREMATIPS
2025-09-09,19:45,Norway , Moldova,49.0,38.0,13.0,1.06,12.0,34.0,1.0,26.0,74.0,1.3,3.5,1.0,33,67,2.5,1.5,0.0,11,1,PREMATIPS
2025-09-09,19:45,Serbia , England,27.0,33.0,40.0,4.2,3.4,1.91,2.0,57.0,43.0,2.15,1.67,0.0,46,54,2.0,1.75,0.0,0,5,PREMATIPS
2025-09-09,20:00,Malta , San Marino,46.0,37.0,17.0,1.29,4.1,10.0,1.0,58.0,42.0,2.25,1.62,0.0,32,68,3.0,1.36,0.0,3,1,PREMATIPS
2025-09-09,20:00,Angola , Mauritius,47.0,38.0,15.0,1.2,5.75,19.0,1.0,49.0,51.0,1.88,1.93,1.0,30,70,3.25,1.33,0.0,3,1,PREMATIPS
2025-09-09,20:00,Benin , Lesotho,43.0,35.0,22.0,1.6,3.4,7.0,1.0,63.0,37.0,2.6,1.48,0.0,36,64,2.5,1.5,0.0,4,0,PREMATIPS
2025-09-09,20:00,Gabon , Cote d'Ivoire,28.0,35.0,37.0,3.77,2.85,2.13,6.0,67.0,33.0,2.77,1.39,0.0,40,60,2.28,1.55,0.0,0,0,PREMATIPS
2025-09-09,20:00,Gambia , Burundi,41.0,34.0,25.0,1.73,3.4,5.5,1.0,58.0,42.0,2.35,1.57,0.0,43,57,2.2,1.62,0.0,2,0,PREMATIPS
2025-09-09,20:00,Mauritania , South Sudan,45.0,37.0,18.0,1.36,4.2,11.0,1.0,58.0,42.0,2.3,1.6,0.0,33,67,2.75,1.4,0.0,0,0,PREMATIPS
2025-09-10,00:00,Ecuador , Argentina,30.0,36.0,34.0,3.2,2.7,2.63,6.0,74.0,26.0,3.4,1.33,0.0,36,64,2.5,1.5,0.0,1,0,PREMATIPS
2025-09-10,00:30,USA , Japan,31.0,32.0,37.0,3.0,3.4,2.1,6.0,54.0,46.0,2.1,1.7,0.0,51,49,1.83,1.83,1.0,2,0,PREMATIPS
2025-09-10,00:30,Bolivia , Brazil,31.0,32.0,37.0,3.4,3.25,2.2,6.0,55.0,45.0,2.15,1.67,0.0,51,49,1.88,1.83,1.0,1,0,PREMATIPS
2025-09-10,00:30,Chile , Uruguay,30.0,33.0,37.0,3.66,3.07,2.11,6.0,62.0,38.0,2.55,1.49,0.0,44,56,2.14,1.65,0.0,0,0,PREMATIPS
2025-09-10,00:30,Peru , Paraguay,36.0,35.0,29.0,2.45,2.9,3.25,4.0,71.0,29.0,3.5,1.3,0.0,37,63,2.63,1.44,0.0,0,1,PREMATIPS
2025-09-10,00:30,Venezuela , Colombia,34.0,33.0,33.0,2.7,3.2,2.7,0.0,57.0,43.0,2.3,1.6,0.0,49,51,1.95,1.8,0.0,3,6,PREMATIPS
2025-09-10,01:00,Curacao , Bermuda,47.0,35.0,18.0,1.18,7.0,13.0,1.0,36.0,64.0,1.48,2.6,1.0,41,59,2.1,1.67,0.0,3,2,PREMATIPS
2025-09-10,01:00,Jamaica , Trinidad&Tobago,44.0,34.0,22.0,1.36,4.41,7.59,1.0,49.0,51.0,1.74,1.97,1.0,46,54,2.02,1.7,0.0,2,0,PREMATIPS
2025-09-10,02:30,CA Bucaramanga , Once Caldas,52.0,25.0,23.0,1.8,3.3,4.5,1.0,42.0,58.0,2.15,1.67,1.0,64,36,1.91,1.8,1.0,0,0,PREMATIPS
2025-09-10,02:30,Santa Fe Bogota , Alianza Valledupar,42.0,34.0,24.0,1.8,3.5,4.33,1.0,57.0,43.0,2.15,1.67,0.0,43,57,2.0,1.73,0.0,4,1,PREMATIPS
2025-09-10,02:30,Mexico , South Korea,35.0,32.0,33.0,2.28,3.19,3.0,5.0,56.0,44.0,2.14,1.64,0.0,50,50,1.86,1.84,0.0,2,2,PREMATIPS
2025-09-10,03:00,Costa Rica , Haiti,41.0,33.0,26.0,1.62,3.8,5.5,1.0,53.0,47.0,1.93,1.88,0.0,48,52,1.95,1.8,0.0,3,3,PREMATIPS
2025-09-10,03:00,Honduras , Nicaragua,44.0,35.0,21.0,1.36,4.33,9.0,1.0,52.0,48.0,1.95,1.85,0.0,42,58,2.25,1.57,0.0,2,0,PREMATIPS
2025-09-10,14:30,FK Skopje , Tikvesh,23.0,34.0,43.0,6.5,4.1,1.4,2.0,48.0,52.0,1.73,1.95,1.0,49,51,1.95,1.75,0.0,0,1,PREMATIPS
2025-09-10,15:00,FC Molodechno , Neman Grodno,13.0,10.0,77.0,8.25,4.8,1.28,2.0,49.0,51.0,1.73,1.95,1.0,38,62,2.2,1.57,0.0,3,2,PREMATIPS
2025-09-10,15:00,Nasaf Qarshi , Buxoro,56.0,31.0,13.0,1.35,4.33,7.5,1.0,53.0,47.0,1.9,1.78,0.0,52,48,2.3,1.53,1.0,5,0,PREMATIPS
2025-09-10,15:30,Vukovar 1991 , Cibalia,45.0,34.0,21.0,1.29,4.8,8.0,1.0,46.0,54.0,1.68,2.05,1.0,45,55,2.1,1.63,0.0,0,1,PREMATIPS
2025-09-10,17:00,Suduva , Panevezys,37.0,32.0,31.0,2.1,3.2,2.95,4.0,54.0,46.0,1.98,1.73,0.0,51,49,1.8,1.89,1.0,-,-,PREMATIPS
2025-09-10,18:00,KuPS Kuopio , Jaro,44.0,33.0,23.0,1.26,5.25,8.0,1.0,40.0,60.0,1.4,2.7,1.0,52,48,1.73,1.95,1.0,2,0,PREMATIPS
2025-09-10,18:30,Alcorcon , Leonesa,34.0,31.0,35.0,2.6,3.25,2.3,5.0,49.0,51.0,1.75,1.93,1.0,56,44,1.63,2.1,1.0,0,1,PREMATIPS
2025-09-10,19:00,Zrinjski Mostar , FK Sarajevo,38.0,27.0,35.0,1.66,3.4,4.5,5.0,61.0,39.0,2.15,1.6,0.0,41,59,2.1,1.63,0.0,2,0,PREMATIPS
2025-09-10,19:00,Laredo , Ourense,24.0,33.0,43.0,5.25,3.8,1.49,2.0,49.0,51.0,1.8,1.88,1.0,49,51,1.88,1.82,0.0,1,5,PREMATIPS
2025-09-10,19:30,Zamora CF , Amorebieta,43.0,34.0,23.0,1.44,3.9,6.0,1.0,48.0,52.0,1.75,1.93,1.0,48,52,1.91,1.79,0.0,4,1,PREMATIPS
2025-09-10,19:30,Racing Club M. , Boston River,34.0,33.0,33.0,2.45,3.0,3.0,0.0,57.0,43.0,2.4,1.53,0.0,49,51,2.0,1.73,0.0,0,0,PREMATIPS
2025-09-10,19:45,Barry Town Utd , Llanelli Town,44.0,32.0,24.0,1.38,4.6,6.0,1.0,39.0,61.0,1.47,2.45,1.0,55,45,1.68,2.05,1.0,1,0,PREMATIPS
2025-09-10,19:45,Connah's Quay , TNS,29.0,29.0,42.0,4.0,4.4,1.55,2.0,40.0,60.0,1.52,2.35,1.0,56,44,1.62,2.1,1.0,1,3,PREMATIPS
2025-09-10,19:45,Newtown , Bala Town,31.0,31.0,38.0,3.15,3.42,1.96,5.0,48.0,52.0,1.73,1.92,1.0,55,45,1.62,2.0,1.0,1,1,PREMATIPS
2025-09-10,19:45,Pen, Briton Ferry,43.0,32.0,25.0,1.44,4.2,5.5,1.0,40.0,60.0,1.55,2.3,1.0,54,46,1.7,2.0,1.0,2,2,PREMATIPS
2025-09-10,22:00,Lobos UPNFM , Olancho FC,31.0,31.0,38.0,2.85,3.2,2.15,5.0,42.0,58.0,1.85,1.83,1.0,60,40,1.72,1.98,1.0,1,1,PREMATIPS
2025-09-10,23:00,Fluminense RJ , Bahia BA,38.0,34.0,28.0,1.62,3.5,5.5,4.0,62.0,38.0,2.3,1.6,0.0,44,56,2.1,1.67,0.0,2,0,PREMATIPS
2025-09-10,23:00,Cerro Largo Melo , Tacuarembo FC,39.0,33.0,28.0,1.83,3.25,3.7,1.0,58.0,42.0,2.15,1.62,0.0,46,54,2.0,1.7,0.0,0,1,PREMATIPS
2025-09-10,23:00,U. Central , Dep. La Guaira,31.0,32.0,37.0,2.75,3.2,2.2,6.0,56.0,44.0,1.82,1.85,0.0,50,50,1.7,2.0,1.0,2,0,PREMATIPS
2025-09-11,00:15,Dep. Choloma , Motagua,43.0,6.0,51.0,5.5,4.4,1.41,2.0,25.0,75.0,1.53,2.3,1.0,61,39,1.71,1.98,1.0,0,3,PREMATIPS
2025-09-11,00:30,Penarol , Liverpool M.,38.0,32.0,30.0,2.1,3.1,3.1,4.0,58.0,42.0,2.15,1.6,0.0,48,52,1.95,1.75,0.0,2,1,PREMATIPS
2025-09-11,01:00,Aucas Quito , Dep. Cuenca,38.0,33.0,29.0,1.9,3.2,3.5,4.0,54.0,46.0,1.98,1.73,0.0,50,50,1.85,1.83,0.0,1,1,PREMATIPS
2025-09-11,01:30,Corinthians SP , Atletico PR,40.0,35.0,25.0,1.91,2.82,4.2,1.0,63.0,37.0,2.6,1.48,0.0,42,58,2.2,1.62,0.0,2,0,PREMATIPS
2025-09-11,01:30,Millonarios , Dep. Pasto,22.0,50.0,28.0,1.57,3.7,5.75,6.0,51.0,49.0,2.5,1.5,0.0,52,48,2.63,1.44,1.0,1,0,PREMATIPS
2025-09-11,02:00,Puntarenas , Dep. Saprissa,26.0,31.0,43.0,3.6,3.4,1.9,2.0,45.0,55.0,2.1,1.7,1.0,35,65,2.0,1.73,0.0,3,1,PREMATIPS
2025-09-11,02:30,Real Espana , Victoria La Ceiba,85.0,11.0,3.0,1.31,4.8,7.0,1.0,45.0,55.0,1.61,2.15,1.0,30,70,1.95,1.73,0.0,1,3,PREMATIPS
2025-09-11,03:00,Cartagines , Herediano,22.0,51.0,27.0,2.15,3.2,3.25,6.0,61.0,39.0,2.08,1.73,0.0,29,71,1.83,1.83,0.0,2,0,PREMATIPS
2025-09-11,09:30,Semen Padang , PSBS Biak,41.0,32.0,27.0,1.58,3.8,4.4,1.0,60.0,40.0,1.63,2.1,0.0,57,43,1.7,2.0,1.0,1,2,PREMATIPS
2025-09-11,13:00,Persita Tangerang , PSM Makassar,33.0,32.0,35.0,2.75,3.1,2.25,5.0,74.0,26.0,2.05,1.68,0.0,65,35,1.85,1.83,1.0,2,1,PREMATIPS
2025-09-11,13:15,Johor DT , Penang,51.0,42.0,7.0,1.01,23.0,36.0,1.0,37.0,63.0,1.06,7.5,1.0,42,58,2.3,1.53,0.0,6,0,PREMATIPS
2025-09-11,14:00,FSC Mariupol , Livyi Bereh Kyiv,29.0,6.0,65.0,4.6,3.5,1.62,2.0,54.0,46.0,2.2,1.6,0.0,44,56,2.15,1.6,0.0,1,0,PREMATIPS
2025-09-11,14:30,CSKA Pamir , Istiklol,38.0,25.0,37.0,3.0,3.3,2.1,5.0,51.0,49.0,2.2,1.65,0.0,47,53,1.88,1.82,0.0,3,3,PREMATIPS
2025-09-11,14:30,Mash'al Mubarek , Shurtan Guzar,47.0,32.0,21.0,2.4,3.0,2.65,1.0,53.0,47.0,2.3,1.55,0.0,42,58,2.0,1.7,0.0,2,1,PREMATIPS
2025-09-11,14:40,Al Ittihad Kalba ,Wahda,34.0,8.0,58.0,3.9,3.4,1.75,2.0,86.0,14.0,1.72,1.98,0.0,14,86,1.68,2.05,0.0,0,0,PREMATIPS
2025-09-11,16:00,AS Soliman , Olympique Beja,34.0,34.0,32.0,1.96,2.84,4.14,0.0,93.0,7.0,2.96,1.35,0.0,9,91,2.52,1.46,0.0,1,0,PREMATIPS
2025-09-11,16:00,ES Metlaoui , JS El Omrane,47.0,25.0,28.0,1.95,2.9,3.7,1.0,76.0,24.0,2.55,1.44,0.0,26,74,2.25,1.57,0.0,0,0,PREMATIPS
2025-09-11,16:00,JS Kairouan , AS La Marsa,55.0,10.0,35.0,2.5,2.8,2.75,1.0,76.0,24.0,2.7,1.4,0.0,18,82,2.25,1.57,0.0,2,1,PREMATIPS
2025-09-11,17:00,Al, Malkia,34.0,32.0,34.0,2.28,3.12,2.79,0.0,51.0,49.0,1.89,1.78,0.0,54,46,1.7,1.96,1.0,2,2,PREMATIPS
2025-09-11,17:00,Sitra Club , Bahrain SC,39.0,32.0,29.0,1.87,3.2,3.6,1.0,83.0,17.0,2.2,1.58,0.0,18,82,2.05,1.68,0.0,4,1,PREMATIPS
2025-09-11,17:15,Khor Fakkan , Al Sharjah,27.0,32.0,41.0,3.3,3.5,1.87,2.0,36.0,64.0,1.58,2.2,1.0,64,36,1.55,2.3,1.0,2,2,PREMATIPS
2025-09-11,17:15,Shabab Al, Baniyas SC,45.0,34.0,21.0,1.32,4.75,7.0,1.0,86.0,14.0,1.51,2.37,0.0,14,86,1.78,1.9,0.0,1,0,PREMATIPS
2025-09-11,17:45,ES Setif , CS Constantine,19.0,50.0,31.0,1.75,3.0,4.5,6.0,96.0,4.0,2.55,1.44,0.0,46,54,2.35,1.51,0.0,2,1,PREMATIPS
2025-09-11,18:00,Hobro , Lyngby,30.0,30.0,40.0,3.7,3.6,1.91,5.0,64.0,36.0,1.85,1.95,0.0,51,49,1.73,2.0,1.0,1,4,PREMATIPS
2025-09-11,18:00,IA Akranes , Breidablik,28.0,21.0,51.0,4.5,4.33,1.57,2.0,42.0,58.0,1.38,2.8,1.0,56,44,1.47,2.5,1.0,3,0,PREMATIPS
2025-09-11,19:00,ES Mostaganem , MB Rouissat,44.0,10.0,46.0,1.68,3.1,4.8,5.0,85.0,15.0,2.55,1.44,0.0,23,77,2.4,1.49,0.0,1,1,PREMATIPS
2025-09-11,23:30,Cruzeiro MG , Atletico MG,37.0,34.0,29.0,2.17,2.93,3.45,4.0,61.0,39.0,2.5,1.48,0.0,46,54,2.09,1.66,0.0,2,0,PREMATIPS
2025-09-12,00:00,CA Belgrano , San Martin SJ,39.0,35.0,26.0,1.96,2.85,4.75,1.0,59.0,41.0,3.1,1.36,0.0,32,68,2.5,1.5,0.0,0,0,PREMATIPS
2025-09-12,00:30,Nacional M. , Plaza Colonia,44.0,35.0,21.0,1.4,4.1,6.5,1.0,51.0,49.0,1.9,1.78,0.0,43,57,2.15,1.6,0.0,1,2,PREMATIPS
2025-09-12,01:00,Valour , Forge,27.0,33.0,40.0,4.14,3.38,1.75,2.0,53.0,47.0,1.92,1.76,0.0,48,52,1.82,1.84,0.0,2,1,PREMATIPS
2025-09-12,01:30,Botafogo RJ , Vasco da Gama RJ,41.0,34.0,25.0,1.61,3.56,5.19,1.0,56.0,44.0,2.03,1.72,0.0,46,54,1.99,1.73,0.0,1,1,PREMATIPS
2025-09-12,02:00,Hercules Salvador , Platense Zac.,29.0,41.0,30.0,2.45,3.25,2.45,6.0,58.0,42.0,1.82,1.87,0.0,53,47,1.68,2.05,1.0,1,3,PREMATIPS
2025-09-12,02:00,Platense , Marathon,41.0,23.0,36.0,4.75,3.6,1.6,5.0,38.0,62.0,1.8,1.88,1.0,42,58,1.83,1.85,0.0,1,1,PREMATIPS
2025-09-12,03:00,Guadalupe FC , San Carlos,28.0,45.0,27.0,2.5,3.25,2.6,4.0,62.0,38.0,2.05,1.75,0.0,35,65,1.8,1.91,0.0,2,3,PREMATIPS
2025-09-12,09:30,Persib Bandung , Persebaya,43.0,33.0,24.0,1.53,3.75,5.0,1.0,62.0,38.0,1.9,1.78,0.0,55,45,1.98,1.71,1.0,1,0,PREMATIPS
2025-09-12,09:30,Persik Kediri , Malut United,36.0,31.0,33.0,2.2,3.4,2.7,5.0,43.0,57.0,1.73,1.98,1.0,80,20,1.63,2.1,1.0,2,1,PREMATIPS
2025-09-12,11:00,Shanghai Port , Yunnan Yukun,46.0,29.0,25.0,1.3,5.75,7.0,1.0,34.0,66.0,1.29,3.6,1.0,74,26,1.5,2.5,1.0,4,2,PREMATIPS
2025-09-12,11:00,Machida Zelvia , Yokohama FC,65.0,15.0,20.0,1.51,4.1,5.75,1.0,55.0,45.0,2.15,1.67,0.0,40,60,2.2,1.62,0.0,1,1,PREMATIPS
2025-09-12,11:00,S. Hiroshima , Kyoto Sanga,37.0,19.0,44.0,1.81,3.7,3.9,6.0,54.0,46.0,1.9,1.9,0.0,48,52,1.8,1.95,0.0,1,1,PREMATIPS
2025-09-12,11:00,Vissel Kobe , Kashiwa Reysol,42.0,23.0,35.0,2.2,3.2,3.25,4.0,58.0,42.0,2.1,1.7,0.0,48,52,1.91,1.91,0.0,0,0,PREMATIPS
2025-09-12,11:00,Podillya , Probiy Horodenka,34.0,33.0,33.0,2.37,3.1,2.6,0.0,53.0,47.0,1.98,1.73,0.0,59,41,1.78,1.9,1.0,1,1,PREMATIPS
2025-09-12,12:30,Geylang Int , A. Niigata,39.0,28.0,33.0,1.8,4.5,2.9,1.0,45.0,55.0,1.25,4.0,1.0,55,45,1.29,3.5,1.0,0,2,PREMATIPS
2025-09-12,12:35,Chengdu Rongcheng , Changchun Yatai,64.0,23.0,13.0,1.11,7.5,19.0,1.0,44.0,56.0,1.4,2.88,1.0,58,42,2.2,1.62,1.0,1,0,PREMATIPS
2025-09-12,12:35,Henan , Beijing Guoan,23.0,26.0,51.0,2.57,3.6,2.35,2.0,34.0,66.0,1.36,3.1,1.0,66,34,1.33,3.25,1.0,2,0,PREMATIPS
2025-09-12,13:00,Shanghai Shenhua , Shandong Taishan,50.0,17.0,33.0,1.42,4.33,7.0,1.0,32.0,68.0,1.5,2.5,1.0,62,38,1.67,2.1,1.0,3,3,PREMATIPS
2025-09-12,13:00,Madura Utd , Bhayangkara,34.0,32.0,34.0,2.5,3.1,2.5,0.0,59.0,41.0,2.0,1.68,0.0,63,37,1.82,1.87,1.0,0,0,PREMATIPS
2025-09-12,13:00,Buriram Utd , PT Prachuap,47.0,34.0,19.0,1.22,6.0,8.25,1.0,26.0,74.0,1.34,3.0,1.0,79,21,1.71,1.98,1.0,2,0,PREMATIPS
2025-09-12,13:00,Uthai Thani , BG Pathum Utd,12.0,46.0,42.0,2.9,3.4,2.05,6.0,26.0,74.0,1.7,2.0,1.0,90,10,1.61,2.15,1.0,0,1,PREMATIPS
2025-09-12,13:30,Fratria Varna , Yantra Gabrovo,47.0,20.0,33.0,1.78,3.12,4.02,1.0,54.0,46.0,2.18,1.53,0.0,49,51,2.05,1.66,0.0,0,1,PREMATIPS
2025-09-12,13:30,Oleksandriya , LNZ Cherkasy,11.0,22.0,67.0,2.85,3.0,2.55,2.0,68.0,32.0,2.5,1.47,0.0,33,67,2.1,1.63,0.0,4,1,PREMATIPS
2025-09-12,14:00,Gandzasar , Van,13.0,67.0,20.0,2.95,3.2,2.1,6.0,83.0,17.0,1.93,1.77,0.0,32,68,1.77,1.93,0.0,1,0,PREMATIPS
2025-09-12,14:00,PDRM , Negeri Sembilan,27.0,32.0,41.0,4.61,3.8,1.58,2.0,49.0,51.0,1.67,2.01,1.0,52,48,1.73,1.98,1.0,1,0,PREMATIPS
2025-09-12,14:00,Khosilot , Ravshan Kulob,23.0,28.0,49.0,3.08,3.08,2.22,2.0,55.0,45.0,2.26,1.56,0.0,57,43,1.93,1.76,1.0,2,2,PREMATIPS
2025-09-12,14:30,Shkendija 79 , Bashkimi,44.0,35.0,21.0,1.37,4.33,6.75,1.0,41.0,59.0,1.8,1.88,1.0,54,46,2.1,1.63,1.0,2,1,PREMATIPS
2025-09-12,14:30,Sogdiana , AGMK Olmaliq,28.0,19.0,53.0,2.1,3.25,2.95,2.0,56.0,44.0,1.78,1.9,0.0,51,49,1.68,2.05,1.0,4,1,PREMATIPS
2025-09-12,14:40,Al Dhafra Club , Dibba Al Fuj.,35.0,30.0,35.0,2.37,3.25,2.5,5.0,37.0,63.0,1.75,1.95,1.0,63,37,1.63,2.1,1.0,2,1,PREMATIPS
2025-09-12,14:45,Kapaz ,Naxcivan,11.0,25.0,64.0,4.2,3.5,1.68,2.0,31.0,69.0,1.98,1.72,1.0,62,38,1.95,1.75,1.0,0,2,PREMATIPS
2025-09-12,15:00,Al, A'Ali CSC,45.0,34.0,21.0,1.26,5.0,8.25,1.0,67.0,33.0,1.57,2.2,0.0,33,67,2.0,1.7,0.0,1,0,PREMATIPS
2025-09-12,15:00,Al,Ahli Manama,42.0,34.0,24.0,1.55,3.7,5.0,1.0,67.0,33.0,1.78,1.9,0.0,33,67,1.87,1.82,0.0,3,0,PREMATIPS
2025-09-12,15:00,Petrojet , National Bank,29.0,33.0,38.0,3.6,3.0,1.95,6.0,84.0,16.0,2.3,1.53,0.0,24,76,2.05,1.66,0.0,0,3,PREMATIPS
2025-09-12,15:00,Esenler Erokspor , Hatayspor,40.0,32.0,28.0,1.73,3.5,4.0,1.0,49.0,51.0,1.73,2.08,1.0,64,36,1.73,2.0,1.0,4,1,PREMATIPS
2025-09-12,15:30,Beroe , Botev Vratsa,16.0,58.0,26.0,2.05,3.3,3.4,6.0,58.0,42.0,2.3,1.6,0.0,48,52,2.0,1.73,0.0,2,0,PREMATIPS
2025-09-12,15:30,Tractor , Aluminium Arak,43.0,36.0,21.0,1.44,3.9,6.75,1.0,94.0,6.0,2.15,1.61,0.0,14,86,2.4,1.49,0.0,4,1,PREMATIPS
2025-09-12,15:30,Navbahor , Termez Surkhon,44.0,27.0,29.0,1.7,3.4,4.2,1.0,51.0,49.0,1.95,1.73,0.0,44,56,1.93,1.77,0.0,0,0,PREMATIPS
2025-09-12,16:00,ES Ben Aknoun , Paradou AC,36.0,34.0,30.0,2.15,2.87,3.2,4.0,78.0,22.0,2.5,1.46,0.0,47,53,2.15,1.61,0.0,1,0,PREMATIPS
2025-09-12,16:00,Olympique Akbou , MC Alger,37.0,54.0,9.0,3.2,2.65,2.3,4.0,95.0,5.0,3.1,1.31,0.0,14,86,2.5,1.46,0.0,0,1,PREMATIPS
2025-09-12,16:00,Shirak , Ararat,43.0,39.0,18.0,2.2,3.2,2.75,4.0,63.0,37.0,1.93,1.77,0.0,39,61,1.77,1.93,0.0,4,2,PREMATIPS
2025-09-12,16:00,IR Tanger , Hassania Agadir,36.0,34.0,30.0,2.28,2.68,3.38,4.0,87.0,13.0,2.58,1.43,0.0,14,86,2.1,1.64,0.0,1,1,PREMATIPS
2025-09-12,16:00,Al,Sadd,24.0,6.0,70.0,11.0,6.5,1.17,2.0,75.0,25.0,1.32,3.1,0.0,38,62,1.8,1.87,0.0,1,0,PREMATIPS
2025-09-12,16:00,Pohronie , Petrzalka,33.0,43.0,24.0,1.95,3.5,3.1,4.0,54.0,46.0,1.63,2.1,0.0,66,34,1.58,2.2,1.0,1,2,PREMATIPS
2025-09-12,16:00,Veres Rivne , FC Kudrivka,38.0,32.0,30.0,2.0,3.4,3.6,4.0,52.0,48.0,2.0,1.7,0.0,50,50,1.87,1.82,0.0,2,0,PREMATIPS
2025-09-12,16:25,Al Jahra , Al Fahaheel,35.0,30.0,35.0,2.3,3.5,2.5,5.0,42.0,58.0,1.61,2.15,1.0,61,39,1.55,2.25,1.0,1,3,PREMATIPS
2025-09-12,16:25,Al,Ahli Jeddah,25.0,32.0,43.0,4.75,4.33,1.5,2.0,45.0,55.0,1.57,2.35,1.0,55,45,1.67,2.1,1.0,0,0,PREMATIPS
2025-09-12,16:30,Ekenas , SalPa Salo,81.0,11.0,8.0,1.42,4.49,5.7,1.0,42.0,58.0,1.46,2.48,1.0,56,44,1.63,2.11,1.0,2,3,PREMATIPS
2025-09-12,16:30,PK, KaPa Helsinki,48.0,33.0,19.0,1.91,3.84,3.13,1.0,37.0,63.0,1.37,2.84,1.0,70,30,1.36,2.85,1.0,1,1,PREMATIPS
2025-09-12,16:30,Kheybar , Fajr Sepasi,37.0,35.0,28.0,2.15,2.87,3.5,4.0,78.0,22.0,2.95,1.34,0.0,47,53,2.5,1.47,0.0,1,1,PREMATIPS
2025-09-12,16:35,Al,Hazem,43.0,32.0,25.0,1.55,4.75,4.75,1.0,45.0,55.0,1.5,2.5,1.0,88,12,1.62,2.2,1.0,1,0,PREMATIPS
2025-09-12,17:00,A. Lustenau , Sturm Graz II,43.0,47.0,10.0,1.5,4.4,5.0,4.0,44.0,56.0,1.5,2.37,1.0,57,43,1.63,2.1,1.0,2,1,PREMATIPS
2025-09-12,17:00,Amstetten , Rapid Wien II,45.0,49.0,6.0,1.51,4.33,5.0,4.0,64.0,36.0,1.53,2.3,0.0,50,50,1.65,2.1,1.0,3,1,PREMATIPS
2025-09-12,17:00,Kapfenberg , Hertha Wels,38.0,31.0,31.0,1.95,3.6,3.25,0.0,64.0,36.0,1.7,2.0,0.0,30,70,1.65,2.1,0.0,3,2,PREMATIPS
2025-09-12,17:00,Sankt Polten , SV Stripfing,47.0,44.0,9.0,1.53,4.2,4.8,1.0,50.0,50.0,1.57,2.2,1.0,50,50,1.68,2.05,1.0,3,1,PREMATIPS
2025-09-12,17:00,Qarabag , Zira Baku,32.0,8.0,60.0,1.52,3.6,5.5,2.0,65.0,35.0,2.05,1.68,0.0,39,61,2.1,1.62,0.0,1,1,PREMATIPS
2025-09-12,17:00,Ceske Budejovice , Taborsko,20.0,22.0,58.0,2.9,3.2,2.3,2.0,33.0,67.0,2.2,1.65,1.0,58,42,1.83,1.83,1.0,1,2,PREMATIPS
2025-09-12,17:00,Pribram , Vlasim,35.0,31.0,34.0,2.63,3.6,2.3,5.0,37.0,63.0,1.7,2.1,1.0,54,46,1.62,2.2,1.0,0,0,PREMATIPS
2025-09-12,17:00,Prostejov , HS Kromeriz,85.0,11.0,3.0,1.75,3.75,3.9,1.0,33.0,67.0,1.75,2.05,1.0,50,50,1.73,2.0,1.0,3,1,PREMATIPS
2025-09-12,17:00,Vysocina Jihlava , Slavia Prague B,43.0,14.0,43.0,2.1,3.7,3.0,5.0,41.0,59.0,1.8,2.0,1.0,46,54,1.67,2.1,0.0,0,2,PREMATIPS
2025-09-12,17:00,Jazz Pori , Atlantis,39.0,30.0,31.0,1.85,3.9,3.2,1.0,32.0,68.0,1.36,3.1,1.0,67,33,1.36,3.0,1.0,6,4,PREMATIPS
2025-09-12,17:00,Suduva , Panevezys,41.0,29.0,30.0,1.88,3.25,3.5,4.0,48.0,52.0,2.15,1.62,1.0,48,52,1.92,1.78,0.0,1,1,PREMATIPS
2025-09-12,17:00,Lechia Gdansk , GKS Katowice,27.0,20.0,53.0,2.2,3.7,3.0,2.0,30.0,70.0,1.8,2.0,1.0,61,39,1.67,2.1,1.0,2,0,PREMATIPS
2025-09-12,17:00,GKS Tychy , Polonia Bytom,33.0,23.0,44.0,2.3,3.5,2.9,6.0,38.0,62.0,1.8,2.0,1.0,53,47,1.67,2.1,1.0,1,2,PREMATIPS
2025-09-12,17:00,Rubin Kazan , Dyn. Makhachkala,48.0,28.0,24.0,2.04,3.45,3.95,1.0,60.0,40.0,2.28,1.67,0.0,47,53,1.98,1.78,0.0,1,0,PREMATIPS
2025-09-12,17:00,Torpedo Moscow , Volga Ulyanovsk,33.0,27.0,40.0,1.7,3.64,4.66,6.0,62.0,38.0,2.24,1.61,0.0,42,58,2.13,1.63,0.0,2,3,PREMATIPS
2025-09-12,17:15,Floriana , Gzira United,40.0,33.0,27.0,1.73,3.4,4.0,1.0,53.0,47.0,2.05,1.66,0.0,52,48,2.0,1.71,1.0,1,1,PREMATIPS
2025-09-12,17:15,Ajman Club , Al Bataeh Club,38.0,31.0,31.0,2.05,3.3,2.95,5.0,53.0,47.0,1.77,1.93,0.0,47,53,1.66,2.05,0.0,1,0,PREMATIPS
2025-09-12,17:30,Arm. Bielefeld , Magdeburg,80.0,6.0,14.0,2.1,3.7,3.1,1.0,42.0,58.0,1.57,2.35,1.0,68,32,1.5,2.5,1.0,2,0,PREMATIPS
2025-09-12,17:30,Paderborn , Bochum,39.0,31.0,30.0,1.85,3.7,3.9,1.0,42.0,58.0,1.65,2.2,1.0,68,32,1.57,2.25,1.0,1,0,PREMATIPS
2025-09-12,17:30,Esteghlal Kh. , Esteghlal Tehran,16.0,56.0,28.0,4.1,3.0,1.9,6.0,78.0,22.0,2.65,1.42,0.0,64,36,2.35,1.52,1.0,1,0,PREMATIPS
2025-09-12,17:30,Gol Gohar , Sepahan,41.0,45.0,14.0,3.6,2.9,2.1,4.0,94.0,6.0,2.9,1.36,0.0,31,69,2.45,1.47,0.0,1,1,PREMATIPS
2025-09-12,17:45,Botev Plovdiv , Montana,43.0,35.0,22.0,1.46,3.7,7.5,1.0,48.0,52.0,2.0,1.8,1.0,48,52,2.1,1.67,0.0,0,1,PREMATIPS
2025-09-12,18:00,Sonderjyske , Randers,51.0,25.0,24.0,2.32,3.7,2.65,1.0,53.0,47.0,1.57,2.35,0.0,57,43,1.5,2.5,1.0,0,1,PREMATIPS
2025-09-12,18:00,B.93 Copenhagen , Aarhus Fremad,42.0,28.0,30.0,3.3,3.7,2.01,4.0,47.0,53.0,1.57,2.35,1.0,64,36,1.5,2.5,1.0,1,3,PREMATIPS
2025-09-12,18:00,Pharco , Al Ittihad,22.0,28.0,50.0,3.4,2.65,2.2,2.0,62.0,38.0,2.95,1.35,0.0,32,68,2.4,1.49,0.0,0,0,PREMATIPS
2025-09-12,18:00,ZED FC , El Ismaily,40.0,36.0,24.0,1.9,2.8,4.1,1.0,77.0,23.0,2.95,1.35,0.0,30,70,2.55,1.46,0.0,1,0,PREMATIPS
2025-09-12,18:00,Jahn Regensburg ,Weiss Essen,31.0,31.0,38.0,2.9,3.5,2.1,5.0,51.0,49.0,1.7,2.1,0.0,61,39,1.62,2.2,1.0,1,3,PREMATIPS
2025-09-12,18:00,Dziugas Telsiai , Dainava Alytus,56.0,25.0,19.0,1.68,3.3,4.4,1.0,55.0,45.0,2.0,1.7,0.0,44,56,1.94,1.76,0.0,1,1,PREMATIPS
2025-09-12,18:00,Ol. Dcheira , Berkane,24.0,35.0,41.0,4.5,3.7,1.6,2.0,62.0,38.0,2.35,1.57,0.0,40,60,2.38,1.53,0.0,0,4,PREMATIPS
2025-09-12,18:00,Olympique Safi , UTS Touarga,39.0,34.0,27.0,1.91,3.0,4.0,1.0,87.0,13.0,2.6,1.48,0.0,14,86,2.2,1.62,0.0,1,1,PREMATIPS
2025-09-12,18:00,Vardar Skopje , Makedonija GP,60.0,23.0,17.0,1.4,4.0,6.75,1.0,22.0,78.0,1.9,1.78,1.0,65,35,2.2,1.6,1.0,1,0,PREMATIPS
2025-09-12,18:00,Bodo Glimt , Kristiansund,59.0,19.0,22.0,1.18,7.5,12.0,1.0,39.0,61.0,1.25,4.0,1.0,53,47,1.7,2.05,1.0,7,1,PREMATIPS
2025-09-12,18:00,Al,Salal,40.0,22.0,38.0,1.38,4.8,5.5,5.0,63.0,37.0,1.33,3.0,0.0,50,50,1.5,2.4,1.0,4,2,PREMATIPS
2025-09-12,18:00,Al,Sailiya,89.0,5.0,4.0,1.38,4.6,6.0,1.0,41.0,59.0,1.46,2.5,1.0,61,39,1.66,2.05,1.0,2,0,PREMATIPS
2025-09-12,18:00,Skovde , Trollhattan,34.0,39.0,27.0,2.7,3.6,2.1,4.0,35.0,65.0,1.47,2.45,1.0,61,39,1.44,2.55,1.0,1,2,PREMATIPS
2025-09-12,18:00,Bodrum , Adana Demirspor,49.0,47.0,4.0,1.03,17.0,41.0,1.0,32.0,68.0,1.14,5.5,1.0,72,28,2.73,1.36,1.0,3,1,PREMATIPS
2025-09-12,18:15,Arsenal Dzerzh. , Slavia Mozyr,22.0,32.0,46.0,3.8,3.2,1.83,6.0,52.0,48.0,2.15,1.62,0.0,52,48,2.0,1.71,1.0,1,0,PREMATIPS
2025-09-12,18:15,Hercules , Algeciras,40.0,33.0,27.0,1.75,3.2,4.33,1.0,54.0,46.0,2.15,1.67,0.0,48,52,2.1,1.67,0.0,0,1,PREMATIPS
2025-09-12,18:30,Dep. Riestra , Central Cordoba,35.0,34.0,31.0,2.5,2.85,3.1,4.0,69.0,31.0,3.1,1.36,0.0,42,58,2.5,1.5,0.0,2,0,PREMATIPS
2025-09-12,18:30,Chateauroux , Stade Briochin,42.0,36.0,22.0,2.15,2.9,3.2,4.0,50.0,50.0,2.37,1.51,0.0,52,48,2.05,1.66,1.0,2,2,PREMATIPS
2025-09-12,18:30,Dijon , Villefranche,42.0,35.0,23.0,1.57,3.5,5.25,1.0,45.0,55.0,2.1,1.65,1.0,55,45,2.1,1.62,1.0,0,0,PREMATIPS
2025-09-12,18:30,Le Puy Foot 43 , Rouen,12.0,55.0,33.0,2.3,2.95,2.85,6.0,50.0,50.0,2.2,1.58,0.0,72,28,1.93,1.75,1.0,0,3,PREMATIPS
2025-09-12,18:30,Orleans , Bourg Peronnas,32.0,60.0,8.0,1.75,3.25,4.2,4.0,55.0,45.0,2.1,1.65,0.0,55,45,1.98,1.72,1.0,1,0,PREMATIPS
2025-09-12,18:30,Quevilly, Aubagne Air Bel,35.0,33.0,32.0,2.35,2.95,2.75,4.0,50.0,50.0,2.25,1.57,0.0,60,40,1.95,1.73,1.0,1,2,PREMATIPS
2025-09-12,18:30,Sochaux , Caen,47.0,25.0,28.0,1.83,3.1,3.8,1.0,50.0,50.0,1.93,1.75,0.0,45,55,1.82,1.87,0.0,1,1,PREMATIPS
2025-09-12,18:30,Valenciennes , Paris 13 Atl.,39.0,33.0,28.0,1.9,3.1,3.7,1.0,37.0,63.0,2.2,1.57,1.0,65,35,2.0,1.68,1.0,1,0,PREMATIPS
2025-09-12,18:30,Versailles 78 , Concarneau,37.0,32.0,31.0,2.0,3.1,3.25,4.0,64.0,36.0,2.15,1.62,0.0,46,54,1.93,1.75,0.0,4,0,PREMATIPS
2025-09-12,18:30,Stade Nyonnais ,Ouchy,52.0,11.0,37.0,4.2,3.9,1.6,1.0,43.0,57.0,1.49,2.4,1.0,63,37,1.55,2.3,1.0,1,2,PREMATIPS
2025-09-12,18:30,Sollentuna , Arlanda,39.0,22.0,39.0,2.7,3.5,2.1,5.0,35.0,65.0,1.53,2.3,1.0,65,35,1.49,2.4,1.0,2,0,PREMATIPS
2025-09-12,18:40,Al Arabi Kuwait , Al Shabab Kuwait,44.0,33.0,23.0,1.34,4.75,6.5,1.0,37.0,63.0,1.49,2.45,1.0,54,46,1.73,1.98,1.0,2,0,PREMATIPS
2025-09-12,19:00,MC Oran , JS Kabylie,19.0,71.0,10.0,2.3,2.74,3.16,4.0,84.0,16.0,2.83,1.37,0.0,42,58,2.25,1.54,0.0,2,0,PREMATIPS
2025-09-12,19:00,Lokeren , Lierse K.,37.0,32.0,31.0,2.12,3.33,3.03,4.0,53.0,47.0,1.84,1.85,0.0,47,53,1.69,2.02,0.0,2,0,PREMATIPS
2025-09-12,19:00,RSCA Futures , Beerschot,22.0,25.0,53.0,4.0,3.7,1.75,2.0,66.0,34.0,1.7,2.1,0.0,50,50,1.67,2.1,1.0,0,2,PREMATIPS
2025-09-12,19:00,Slaven Belupo , Istra 1961,54.0,20.0,26.0,2.2,3.4,2.75,1.0,36.0,64.0,2.05,1.75,1.0,57,43,1.83,1.83,1.0,2,1,PREMATIPS
2025-09-12,19:00,Amiens , Bastia,31.0,32.0,37.0,3.6,3.3,1.95,6.0,59.0,41.0,2.1,1.7,0.0,64,36,1.91,1.8,1.0,0,0,PREMATIPS
2025-09-12,19:00,Boulogne , Laval,33.0,32.0,35.0,2.92,3.12,2.39,5.0,79.0,21.0,2.28,1.57,0.0,42,58,1.95,1.76,0.0,1,2,PREMATIPS
2025-09-12,19:00,Le Mans , Rodez AF,37.0,32.0,31.0,2.0,3.4,3.3,4.0,62.0,38.0,1.9,1.9,0.0,42,58,1.73,2.0,0.0,0,1,PREMATIPS
2025-09-12,19:00,Pau , Red Star Paris,36.0,31.0,33.0,2.55,2.9,2.88,5.0,62.0,38.0,2.3,1.6,0.0,50,50,1.91,1.8,0.0,0,3,PREMATIPS
2025-09-12,19:00,Troyes , Nancy,38.0,33.0,29.0,2.1,3.0,3.5,4.0,62.0,38.0,2.25,1.62,0.0,42,58,2.0,1.73,0.0,3,0,PREMATIPS
2025-09-12,19:00,Almere City , Jong PSV,24.0,5.0,69.0,1.49,4.33,5.25,2.0,56.0,44.0,1.4,2.88,0.0,43,57,1.5,2.5,0.0,2,4,PREMATIPS
2025-09-12,19:00,De Graafschap , Willem II,27.0,16.0,57.0,2.01,3.8,3.0,2.0,47.0,53.0,1.53,2.4,1.0,52,48,1.5,2.5,1.0,1,1,PREMATIPS
2025-09-12,19:00,Den Bosch , Dordrecht,35.0,30.0,35.0,2.57,3.5,2.4,5.0,45.0,55.0,1.62,2.25,1.0,46,54,1.5,2.5,0.0,3,3,PREMATIPS
2025-09-12,19:00,Emmen , TOP Oss,73.0,5.0,20.0,1.57,4.2,4.75,1.0,32.0,68.0,1.62,2.25,1.0,50,50,1.67,2.1,1.0,1,1,PREMATIPS
2025-09-12,19:00,FC Eindhoven , ADO Den Haag,30.0,31.0,39.0,3.8,3.7,1.81,6.0,62.0,38.0,1.7,2.1,0.0,38,62,1.67,2.1,0.0,0,1,PREMATIPS
2025-09-12,19:00,Jong AZ , Vitesse,46.0,33.0,21.0,1.15,7.0,10.0,1.0,67.0,33.0,1.33,3.4,0.0,32,68,1.83,1.83,0.0,4,0,PREMATIPS
2025-09-12,19:00,Jong Utrecht , RKC Waalwijk,30.0,31.0,39.0,3.4,3.9,1.86,6.0,50.0,50.0,1.6,2.3,1.0,57,43,1.57,2.25,1.0,2,0,PREMATIPS
2025-09-12,19:00,MVV Maastricht , Cambuur,27.0,32.0,41.0,5.0,4.2,1.53,2.0,62.0,38.0,1.6,2.3,0.0,29,71,1.67,2.1,0.0,0,1,PREMATIPS
2025-09-12,19:00,Roda Kerkrade , Jong Ajax,42.0,32.0,26.0,1.56,4.0,5.25,1.0,50.0,50.0,1.67,2.15,1.0,49,51,1.73,2.0,0.0,3,3,PREMATIPS
2025-09-12,19:00,UTC Cajamarca , Ayacucho,37.0,33.0,30.0,2.1,3.2,3.4,4.0,46.0,54.0,2.15,1.67,1.0,55,45,2.0,1.73,1.0,0,1,PREMATIPS
2025-09-12,19:00,U Cluj , Rapid Bucuresti,21.0,44.0,35.0,2.45,3.0,2.8,6.0,59.0,41.0,2.1,1.7,0.0,63,37,1.83,1.83,1.0,0,0,PREMATIPS
2025-09-12,19:00,Al,Fateh,44.0,31.0,25.0,1.38,5.5,5.5,1.0,12.0,88.0,1.33,3.25,1.0,88,12,1.53,2.38,1.0,4,2,PREMATIPS
2025-09-12,19:15,Etoile Carouge ,Sport,9.0,54.0,37.0,4.2,3.6,1.65,6.0,48.0,52.0,1.8,1.88,1.0,52,48,1.8,1.88,1.0,2,1,PREMATIPS
2025-09-12,19:15,Neuchatel Xamax , Wil,42.0,42.0,16.0,1.98,3.4,3.1,4.0,43.0,57.0,1.63,2.1,1.0,68,32,1.55,2.3,1.0,3,1,PREMATIPS
2025-09-12,19:30,Floridsdorfer AC , A. Klagenfurt,60.0,7.0,33.0,2.15,3.25,3.1,1.0,44.0,56.0,2.05,1.66,1.0,50,50,1.87,1.8,0.0,1,2,PREMATIPS
2025-09-12,19:30,Bayer Leverkusen , E. Frankfurt,38.0,30.0,32.0,2.1,3.8,3.25,5.0,12.0,88.0,1.5,2.63,1.0,87,13,1.44,2.63,1.0,3,1,PREMATIPS
2025-09-12,19:30,Drogheda Utd , Shamrock Rovers,24.0,35.0,41.0,4.75,3.1,1.7,2.0,63.0,37.0,2.45,1.49,0.0,39,61,2.3,1.53,0.0,1,1,PREMATIPS
2025-09-12,19:30,Avellino , Monza 1912,30.0,33.0,37.0,3.3,3.25,2.15,6.0,89.0,11.0,2.25,1.62,0.0,53,47,1.95,1.8,1.0,2,1,PREMATIPS
2025-09-12,19:30,ArzignanoChiampo , Giana Erminio,34.0,33.0,33.0,2.45,2.95,2.65,0.0,39.0,61.0,2.35,1.52,1.0,77,23,2.0,1.68,1.0,0,0,PREMATIPS
2025-09-12,19:30,Ospitaletto , Pergolettese,33.0,32.0,35.0,2.65,3.0,2.4,5.0,50.0,50.0,2.2,1.58,0.0,66,34,1.95,1.75,1.0,1,2,PREMATIPS
2025-09-12,19:30,Foggia , Latina,37.0,32.0,31.0,2.15,3.0,3.0,4.0,45.0,55.0,2.2,1.6,1.0,28,72,1.95,1.75,0.0,1,1,PREMATIPS
2025-09-12,19:30,Monopoli 1966 , Audace Cerignola,31.0,33.0,36.0,2.8,3.0,2.3,6.0,23.0,77.0,2.3,1.53,1.0,61,39,2.0,1.68,1.0,2,0,PREMATIPS
2025-09-12,19:30,Potenza , Crotone,33.0,31.0,36.0,2.8,3.2,2.2,5.0,34.0,66.0,1.82,1.85,1.0,50,50,1.68,2.0,1.0,3,3,PREMATIPS
2025-09-12,19:30,Valletta , Marsaxlokk,33.0,31.0,36.0,2.7,3.25,2.25,5.0,70.0,30.0,1.95,1.73,0.0,52,48,1.8,1.88,1.0,3,1,PREMATIPS
2025-09-12,19:30,Lech Poznan , Zaglebie Lubin,43.0,31.0,26.0,1.52,4.23,5.28,1.0,33.0,67.0,1.54,2.34,1.0,79,21,1.63,2.15,1.0,1,2,PREMATIPS
2025-09-12,19:30,Chrobry Glogow , Pogon Siedlce,30.0,29.0,41.0,2.25,3.25,3.2,6.0,54.0,46.0,2.0,1.8,0.0,53,47,1.73,2.0,1.0,2,1,PREMATIPS
2025-09-12,19:30,Las Palmas , Real Sociedad B,43.0,34.0,23.0,1.49,4.0,6.25,1.0,58.0,42.0,1.98,1.83,0.0,53,47,2.0,1.73,1.0,2,1,PREMATIPS
2025-09-12,19:45,Standard Liege , Mechelen,29.0,32.0,39.0,2.3,3.25,3.0,6.0,52.0,48.0,1.93,1.88,0.0,58,42,1.75,2.0,1.0,1,1,PREMATIPS
2025-09-12,19:45,Marseille , Lorient,45.0,32.0,23.0,1.38,5.0,7.5,1.0,51.0,49.0,1.5,2.63,0.0,37,63,1.7,2.05,0.0,4,0,PREMATIPS
2025-09-12,19:45,Bohemians , Derry City,48.0,16.0,36.0,2.1,3.2,3.5,1.0,56.0,44.0,2.15,1.67,0.0,45,55,1.95,1.8,0.0,3,4,PREMATIPS
2025-09-12,19:45,Cobh Ramblers , Treaty United,49.0,25.0,26.0,1.4,4.2,6.0,1.0,48.0,52.0,1.61,2.15,1.0,50,50,1.82,1.87,1.0,3,0,PREMATIPS
2025-09-12,19:45,Dundalk , Bray Wanderers,40.0,26.0,34.0,1.5,3.9,5.0,4.0,46.0,54.0,1.65,2.1,1.0,50,50,1.75,1.95,1.0,3,1,PREMATIPS
2025-09-12,19:45,UC Dublin , Longford Town,46.0,30.0,24.0,1.6,3.6,4.75,1.0,56.0,44.0,1.73,1.95,0.0,48,52,1.77,1.93,0.0,2,1,PREMATIPS
2025-09-12,19:45,Finn Harps , Cork City,30.0,33.0,37.0,3.31,3.02,2.06,6.0,58.0,42.0,2.16,1.6,0.0,48,52,1.89,1.78,0.0,0,3,PREMATIPS
2025-09-12,19:45,Kerry , Sligo Rovers,26.0,33.0,41.0,4.6,3.6,1.61,2.0,53.0,47.0,1.9,1.77,0.0,47,53,1.93,1.75,0.0,3,3,PREMATIPS
2025-09-12,19:45,Glentoran , Linfield,32.0,32.0,36.0,2.9,3.2,2.25,5.0,64.0,36.0,2.05,1.66,0.0,17,83,1.87,1.82,0.0,1,1,PREMATIPS
2025-09-12,19:45,Partick Thistle , Airdrieonians,60.0,31.0,9.0,1.6,3.7,5.0,1.0,54.0,46.0,1.8,2.0,0.0,71,29,1.8,1.91,1.0,2,1,PREMATIPS
2025-09-12,20:00,Radnik Bijeljina , Sloga Doboj,64.0,10.0,26.0,1.85,3.2,3.7,1.0,64.0,36.0,2.05,1.66,0.0,38,62,1.93,1.77,0.0,0,0,PREMATIPS
2025-09-12,20:00,U. de Vinto , Real Tomayapo,40.0,31.0,29.0,1.63,3.75,4.41,1.0,45.0,55.0,1.65,2.09,1.0,60,40,1.66,2.07,1.0,1,0,PREMATIPS
2025-09-12,20:00,Ipswich Town , Sheffield Utd,40.0,32.0,28.0,1.76,3.5,4.33,1.0,67.0,33.0,1.98,1.88,0.0,52,48,1.8,1.91,1.0,5,0,PREMATIPS
2025-09-12,20:00,Wydad Casablanca , KACM Marrakech,43.0,35.0,22.0,1.45,3.74,6.44,1.0,55.0,45.0,2.01,1.7,0.0,42,58,2.15,1.61,0.0,1,0,PREMATIPS
2025-09-12,20:00,Sevilla , Elche,24.0,45.0,31.0,1.85,3.4,4.5,6.0,64.0,36.0,2.2,1.67,0.0,62,38,2.0,1.75,1.0,2,2,PREMATIPS
2025-09-12,20:15,Alverca , Tondela,35.0,33.0,32.0,2.25,3.2,3.2,4.0,25.0,75.0,2.3,1.6,1.0,46,54,1.95,1.8,0.0,1,0,PREMATIPS
2025-09-12,20:15,Benfica , Santa Clara,45.0,36.0,19.0,1.3,5.0,9.5,1.0,53.0,47.0,2.15,1.67,0.0,24,76,2.75,1.4,0.0,1,1,PREMATIPS
2025-09-12,20:15,SM Academy , La Fiorita,14.0,38.0,48.0,29.0,6.0,1.13,2.0,55.0,45.0,1.53,2.3,0.0,75,25,2.12,1.59,1.0,0,5,PREMATIPS
2025-09-12,20:15,Virtus , Folgore,43.0,33.0,24.0,1.63,3.7,4.2,1.0,21.0,79.0,1.82,1.85,1.0,41,59,1.83,1.85,0.0,2,1,PREMATIPS
2025-09-12,20:30,Atl. Tembetary , Sp. Ameliano,32.0,21.0,47.0,3.6,3.0,2.15,6.0,54.0,46.0,2.5,1.5,0.0,50,50,2.1,1.67,0.0,2,3,PREMATIPS
2025-09-12,20:30,Barakaldo , Arenas Club,38.0,33.0,29.0,1.95,3.1,3.7,4.0,57.0,43.0,2.1,1.7,0.0,64,36,1.91,1.8,1.0,2,1,PREMATIPS
2025-09-12,21:15,Sport Huancayo , Los Chankas CYC,43.0,33.0,24.0,1.5,4.1,6.5,1.0,38.0,62.0,1.7,2.1,1.0,57,43,1.8,1.91,1.0,1,2,PREMATIPS
2025-09-12,22:00,Coquimbo Unido , Nublense,48.0,28.0,24.0,1.76,3.25,5.0,1.0,59.0,41.0,2.25,1.62,0.0,45,55,2.1,1.67,0.0,2,1,PREMATIPS
2025-09-12,22:00,Dep. Mixco , Marquense,54.0,16.0,30.0,1.42,3.8,6.5,1.0,50.0,50.0,2.1,1.65,0.0,46,54,2.35,1.52,0.0,1,0,PREMATIPS
2025-09-12,22:00,Yaracuyanos , Anzoategui FC,35.0,12.0,53.0,3.4,2.9,2.05,2.0,59.0,41.0,2.2,1.58,0.0,44,56,1.95,1.75,0.0,2,1,PREMATIPS
2025-09-12,23:00,Atl. Huracan , Velez Sarsfield,35.0,36.0,29.0,2.05,2.65,4.5,4.0,64.0,36.0,4.2,1.22,0.0,32,68,3.0,1.36,0.0,0,0,PREMATIPS
2025-09-12,23:00,Racing Club , San Lorenzo,29.0,22.0,49.0,1.86,3.0,5.0,2.0,64.0,36.0,2.88,1.4,0.0,42,58,2.38,1.53,0.0,2,0,PREMATIPS
2025-09-12,23:00,Volta Redonda RJ , Criciuma SC,23.0,32.0,45.0,2.45,3.0,3.0,6.0,70.0,30.0,2.5,1.5,0.0,42,58,2.1,1.67,0.0,0,0,PREMATIPS
2025-09-12,23:00,2 de Mayo , Guarani As.,26.0,22.0,52.0,3.1,3.1,2.3,2.0,50.0,50.0,2.15,1.67,0.0,51,49,1.83,1.83,1.0,1,0,PREMATIPS
2025-09-13,00:00,Aguilas Doradas , Ind. Medellin,30.0,33.0,37.0,3.6,3.0,2.2,6.0,61.0,39.0,2.4,1.53,0.0,46,54,2.1,1.67,0.0,-,-,PREMATIPS
2025-09-13,00:30,Union La Calera , Everton VM,43.0,23.0,34.0,3.1,3.0,2.3,4.0,58.0,42.0,2.7,1.44,0.0,48,52,2.2,1.62,0.0,1,0,PREMATIPS
2025-09-13,00:30,Metropolitanos , Est. de Merida,32.0,7.0,61.0,2.3,3.1,2.7,2.0,44.0,56.0,1.8,1.88,1.0,52,48,1.65,2.1,1.0,1,0,PREMATIPS
2025-09-13,01:00,Bolivar La Paz , Guabira Montero,50.0,24.0,26.0,1.06,9.0,21.0,1.0,35.0,65.0,1.25,4.0,1.0,66,34,2.0,1.73,1.0,4,0,PREMATIPS
2025-09-13,01:00,Libertad Loja , LDU Quito,45.0,17.0,38.0,3.6,3.5,1.96,4.0,54.0,46.0,1.83,1.98,0.0,60,40,1.67,2.1,1.0,0,1,PREMATIPS
2025-09-13,01:15,Lanus , Ind. Rivadavia,39.0,35.0,26.0,1.91,3.1,4.5,1.0,55.0,45.0,2.7,1.44,0.0,42,58,2.25,1.57,0.0,1,0,PREMATIPS
2025-09-13,01:15,Newells Old Boys , Atl. Tucuman,35.0,34.0,31.0,2.35,2.85,3.4,4.0,59.0,41.0,2.7,1.44,0.0,51,49,2.1,1.67,1.0,2,0,PREMATIPS
2025-09-13,01:30,Coritiba PR , Goias GO,38.0,26.0,36.0,1.91,3.0,4.5,5.0,64.0,36.0,2.7,1.44,0.0,44,56,2.38,1.53,0.0,0,0,PREMATIPS
2025-09-13,01:30,J. Barranquilla , La Equidad,60.0,25.0,15.0,1.38,4.5,8.5,1.0,53.0,47.0,1.93,1.88,0.0,50,50,2.2,1.62,0.0,1,1,PREMATIPS
2025-09-13,02:00,Malacateco , Coban Imperial,38.0,21.0,41.0,1.78,3.3,3.9,5.0,50.0,50.0,1.93,1.77,0.0,54,46,1.85,1.83,1.0,3,0,PREMATIPS
2025-09-13,02:00,Necaxa , Juarez,22.0,32.0,46.0,1.96,3.5,3.8,6.0,53.0,47.0,2.03,1.78,0.0,56,44,1.91,1.91,1.0,1,1,PREMATIPS
2025-09-13,02:00,Correcaminos , Jaiba Brava,31.0,31.0,38.0,3.0,3.25,2.05,0.0,50.0,50.0,1.93,1.77,0.0,67,33,1.8,1.9,1.0,1,2,PREMATIPS
2025-09-13,02:30,Ol. Tegucigalpa , Genesis PN,67.0,17.0,16.0,1.13,6.16,16.55,1.0,44.0,56.0,1.64,2.1,1.0,53,47,2.76,1.36,1.0,3,2,PREMATIPS
2025-09-13,04:00,Mazatlan , Pumas UNAM,25.0,47.0,28.0,3.4,3.4,2.1,6.0,53.0,47.0,2.1,1.7,0.0,51,49,1.91,1.91,1.0,1,4,PREMATIPS
2025-09-13,06:00,Consadole Sap. , Iwaki FC,43.0,24.0,33.0,2.82,3.4,2.25,4.0,53.0,47.0,1.85,1.95,0.0,57,43,1.67,2.1,1.0,1,5,PREMATIPS
2025-09-13,08:30,Chungnam Asan , Bucheon 1995,25.0,31.0,44.0,2.15,3.3,3.1,6.0,53.0,47.0,1.85,1.95,0.0,56,44,1.67,2.1,1.0,3,0,PREMATIPS
2025-09-13,09:15,Chrudim , Usti nad Labem,25.0,17.0,58.0,2.6,3.4,2.4,2.0,27.0,73.0,1.67,2.15,1.0,65,35,1.57,2.25,1.0,1,1,PREMATIPS
2025-09-13,09:30,Arema Malang , Dewa United,33.0,32.0,35.0,2.65,3.3,2.25,5.0,43.0,57.0,1.75,1.95,1.0,71,29,1.63,2.1,1.0,1,2,PREMATIPS
2025-09-13,10:00,Egri FC , Budafoki MTE,24.0,33.0,43.0,3.0,3.5,1.98,2.0,41.0,59.0,1.58,2.2,1.0,53,47,1.72,1.94,1.0,0,2,PREMATIPS
2025-09-13,10:00,Avispa Fukuoka , Cerezo Osaka,28.0,38.0,34.0,3.1,3.3,2.25,6.0,56.0,44.0,2.0,1.8,0.0,54,46,1.8,1.95,1.0,2,4,PREMATIPS
2025-09-13,10:00,Fujieda MYFC , Oita Trinita,45.0,29.0,26.0,2.3,3.2,3.0,4.0,60.0,40.0,2.25,1.62,0.0,47,53,1.91,1.8,0.0,1,1,PREMATIPS
2025-09-13,10:00,Vegalta Sendai , Mito HollyHock,33.0,30.0,37.0,2.2,3.3,3.0,5.0,56.0,44.0,2.2,1.65,0.0,51,49,1.91,1.8,1.0,1,1,PREMATIPS
2025-09-13,10:00,Metalist Kharkov , Prykarpattia,13.0,23.0,64.0,2.2,3.2,2.85,2.0,58.0,42.0,2.0,1.7,0.0,43,57,1.83,1.85,0.0,2,2,PREMATIPS
2025-09-13,10:00,Long An , Binh Dinh,32.0,32.0,36.0,3.1,3.0,2.15,0.0,60.0,40.0,2.25,1.57,0.0,47,53,2.0,1.71,0.0,1,1,PREMATIPS
2025-09-13,10:30,Ventforet Kofu , Sagan Tosu,38.0,25.0,37.0,2.75,3.1,2.5,5.0,61.0,39.0,2.4,1.53,0.0,45,55,2.0,1.73,0.0,2,3,PREMATIPS
2025-09-13,10:55,Fagiano Okayama , Nagoya Grampus,47.0,23.0,30.0,2.75,2.82,2.75,1.0,53.0,47.0,2.6,1.48,0.0,50,50,2.05,1.7,0.0,0,1,PREMATIPS
2025-09-13,11:00,Albirex Niigata ,Pulse,20.0,35.0,45.0,2.75,3.3,2.35,6.0,54.0,46.0,1.9,1.9,0.0,51,49,1.7,2.05,1.0,0,1,PREMATIPS
2025-09-13,11:00,Gamba Osaka , Urawa Red Diam.,37.0,24.0,39.0,2.2,3.3,3.1,5.0,54.0,46.0,1.9,1.9,0.0,50,50,1.7,2.05,1.0,1,0,PREMATIPS
2025-09-13,11:00,Kashima Antlers , Shonan Bellmare,60.0,20.0,20.0,1.57,4.0,5.0,1.0,54.0,46.0,1.75,2.05,0.0,49,51,1.8,1.95,0.0,3,0,PREMATIPS
2025-09-13,11:00,Yokohama F M. , Kawasaki Front.,25.0,34.0,41.0,3.1,3.75,2.05,6.0,51.0,49.0,1.62,2.25,0.0,50,50,1.57,2.25,1.0,0,3,PREMATIPS
2025-09-13,11:00,Jubilo Iwata , Imabari,42.0,23.0,35.0,2.25,3.5,2.82,4.0,55.0,45.0,1.9,1.9,0.0,48,52,1.73,2.0,0.0,1,0,PREMATIPS
2025-09-13,11:00,Omiya Ardija ,Varen Nagasaki,33.0,36.0,31.0,3.0,3.3,2.2,4.0,51.0,49.0,1.83,1.98,0.0,53,47,1.67,2.1,1.0,1,2,PREMATIPS
2025-09-13,11:00,Felgueiras 1932 , Benfica B,32.0,49.0,19.0,2.1,3.5,3.0,4.0,63.0,37.0,1.95,1.85,0.0,63,37,1.8,1.91,1.0,2,1,PREMATIPS
2025-09-13,11:00,Gangwon , Seoul,30.0,37.0,33.0,2.63,3.4,2.55,6.0,55.0,45.0,2.15,1.67,0.0,49,51,1.83,1.83,0.0,3,2,PREMATIPS
2025-09-13,11:00,Jeonbuk Motors , Daejeon Citizen,38.0,34.0,28.0,1.75,3.7,4.33,1.0,48.0,52.0,1.8,2.0,1.0,56,44,1.73,2.0,1.0,1,0,PREMATIPS
2025-09-13,11:00,Pohang Steelers , Ulsan HD,49.0,21.0,30.0,2.63,3.25,2.7,1.0,54.0,46.0,1.93,1.88,0.0,54,46,1.67,2.1,1.0,1,1,PREMATIPS
2025-09-13,11:00,Cheonan City , Incheon Utd,17.0,20.0,63.0,4.5,3.7,1.65,2.0,52.0,48.0,2.05,1.75,0.0,47,53,2.0,1.73,0.0,3,4,PREMATIPS
2025-09-13,11:00,Gyeongnam , Gimpo,25.0,33.0,42.0,3.6,3.2,2.0,6.0,54.0,46.0,2.05,1.75,0.0,47,53,1.83,1.83,0.0,0,2,PREMATIPS
2025-09-13,11:00,Seoul E, Suwon Bluewings,33.0,30.0,37.0,2.5,3.4,2.45,5.0,47.0,53.0,1.65,2.2,1.0,64,36,1.53,2.38,1.0,0,1,PREMATIPS
2025-09-13,11:00,IFK Stocksund , Stockholm Inter.,29.0,19.0,52.0,7.25,5.0,1.29,2.0,32.0,68.0,1.47,2.45,1.0,65,35,1.8,1.88,1.0,0,2,PREMATIPS
2025-09-13,11:00,Rukh Lviv , Epitsentr,90.0,5.0,3.0,2.2,3.1,3.3,1.0,51.0,49.0,2.3,1.55,0.0,50,50,2.0,1.7,0.0,0,1,PREMATIPS
2025-09-13,12:00,Smorgon , Naftan,34.0,15.0,51.0,2.15,3.1,2.95,2.0,54.0,46.0,2.1,1.65,0.0,38,62,1.87,1.8,0.0,1,1,PREMATIPS
2025-09-13,12:00,HB Koge , Horsens,25.0,26.0,49.0,5.5,4.1,1.51,2.0,55.0,45.0,1.7,2.1,0.0,47,53,1.8,1.91,0.0,1,0,PREMATIPS
2025-09-13,12:00,Darmstadt 98 , E. Braunschweig,42.0,32.0,26.0,1.62,4.0,5.0,1.0,60.0,40.0,1.67,2.15,0.0,50,50,1.73,2.0,1.0,2,1,PREMATIPS
2025-09-13,12:00,Karlsruher , Nurnberg,39.0,31.0,30.0,1.91,3.6,3.8,1.0,68.0,32.0,1.73,2.08,0.0,34,66,1.67,2.1,0.0,2,1,PREMATIPS
2025-09-13,12:00,Schalke 04 , Holstein Kiel,82.0,3.0,15.0,2.2,3.5,3.1,1.0,51.0,49.0,1.7,2.1,0.0,50,50,1.57,2.25,1.0,0,1,PREMATIPS
2025-09-13,12:00,Arendal , Vard Haugesund,44.0,41.0,15.0,1.41,4.5,5.5,1.0,41.0,59.0,1.43,2.6,1.0,80,20,1.58,2.2,1.0,0,0,PREMATIPS
2025-09-13,12:00,IL Sandviken , Pors Grenland,34.0,35.0,31.0,1.87,3.5,3.3,4.0,43.0,57.0,1.5,2.4,1.0,71,29,1.47,2.45,1.0,5,2,PREMATIPS
2025-09-13,12:00,Notodden , Sotra SK,25.0,27.0,48.0,4.2,3.6,1.65,6.0,39.0,61.0,1.73,1.98,1.0,61,39,1.73,1.95,1.0,1,1,PREMATIPS
2025-09-13,12:00,Nizhny Novgorod , Orenburg,39.0,11.0,50.0,2.79,3.49,2.56,2.0,51.0,49.0,1.92,1.94,0.0,47,53,1.68,2.11,0.0,3,1,PREMATIPS
2025-09-13,12:00,Falkenberg , Utsiktens,41.0,43.0,16.0,1.6,3.9,5.0,4.0,42.0,58.0,1.7,2.1,1.0,58,42,1.75,2.0,1.0,3,1,PREMATIPS
2025-09-13,12:00,IFK Haninge , Йоребро Сир.,48.0,23.0,29.0,1.58,4.0,4.1,1.0,32.0,68.0,1.41,2.65,1.0,67,33,1.47,2.45,1.0,3,1,PREMATIPS
2025-09-13,12:00,Husqvarna , Angelholms,23.0,41.0,36.0,2.4,3.4,2.4,6.0,37.0,63.0,1.58,2.2,1.0,61,39,1.52,2.35,1.0,0,1,PREMATIPS
2025-09-13,12:00,Torslanda IK , Olympic Malmo,30.0,35.0,35.0,2.65,3.3,2.2,6.0,46.0,54.0,1.71,2.0,1.0,51,49,1.61,2.15,1.0,1,5,PREMATIPS
2025-09-13,12:00,Chonburi , Bangkok Utd,17.0,49.0,34.0,3.4,3.6,1.82,6.0,38.0,62.0,1.52,2.35,1.0,66,34,1.51,2.37,1.0,0,1,PREMATIPS
2025-09-13,12:00,Thanh Hoa , HA Gia Lai,41.0,34.0,25.0,1.63,3.3,4.75,1.0,57.0,43.0,2.05,1.66,0.0,44,56,2.05,1.68,0.0,0,2,PREMATIPS
2025-09-13,12:30,Arsenal , Nottingham Forest,40.0,40.0,20.0,1.38,5.0,8.0,1.0,52.0,48.0,1.62,2.3,0.0,34,66,1.95,1.8,0.0,3,0,PREMATIPS
2025-09-13,12:30,Charlton , Millwall,35.0,34.0,31.0,2.32,3.1,3.1,4.0,58.0,42.0,2.5,1.53,0.0,35,65,2.0,1.73,0.0,1,1,PREMATIPS
2025-09-13,12:30,Oxford Utd , Leicester City,15.0,23.0,62.0,4.2,3.5,1.79,2.0,50.0,50.0,2.03,1.83,0.0,51,49,1.83,1.83,1.0,2,2,PREMATIPS
2025-09-13,12:30,Preston North End , Middlesbrough,42.0,7.0,51.0,3.2,3.3,2.2,2.0,58.0,42.0,2.1,1.73,0.0,43,57,1.83,1.83,0.0,2,2,PREMATIPS
2025-09-13,12:30,Bradford City , Huddersfield,49.0,6.0,45.0,2.3,3.4,3.0,1.0,42.0,58.0,2.05,1.75,1.0,58,42,1.8,1.95,1.0,3,1,PREMATIPS
2025-09-13,12:30,Northampton Town , Blackpool,34.0,32.0,34.0,2.55,3.4,2.65,0.0,63.0,37.0,2.4,1.53,0.0,43,57,2.1,1.67,0.0,1,0,PREMATIPS
2025-09-13,12:30,Accrington , Colchester Utd,33.0,33.0,34.0,2.82,3.25,2.45,0.0,76.0,24.0,2.35,1.57,0.0,57,43,2.0,1.73,1.0,1,0,PREMATIPS
2025-09-13,12:30,Crawley Town , Cheltenham Town,40.0,32.0,28.0,1.86,3.6,4.0,1.0,63.0,37.0,1.85,2.0,0.0,41,59,1.73,2.0,0.0,2,0,PREMATIPS
2025-09-13,12:30,Yeovil Town , Woking,39.0,24.0,37.0,2.0,3.3,3.4,5.0,48.0,52.0,2.1,1.7,1.0,50,50,1.95,1.8,0.0,1,0,PREMATIPS
2025-09-13,12:30,Flora Tallinn , Parnu Vaprus,53.0,12.0,35.0,1.35,4.6,6.5,1.0,29.0,71.0,1.49,2.4,1.0,57,43,1.73,1.98,1.0,3,0,PREMATIPS
2025-09-13,12:30,Tanjong Pagar , Tampines Rovers,22.0,32.0,46.0,9.5,6.0,1.22,2.0,84.0,16.0,1.3,3.5,0.0,16,84,1.67,2.1,0.0,0,3,PREMATIPS
2025-09-13,12:30,Sukhothai , Lamphun Warriors,33.0,31.0,36.0,2.65,3.25,2.25,5.0,49.0,51.0,1.82,1.85,1.0,55,45,1.7,2.0,1.0,1,2,PREMATIPS
2025-09-13,12:30,Barry Town Utd , Bala Town,20.0,36.0,44.0,2.0,3.25,3.1,6.0,68.0,32.0,1.8,1.88,0.0,51,49,1.7,2.0,1.0,4,0,PREMATIPS
2025-09-13,12:30,Briton Ferry , Caernarfon Town,30.0,30.0,40.0,2.7,3.5,2.1,2.0,43.0,57.0,1.44,2.55,1.0,66,34,1.42,2.65,1.0,2,5,PREMATIPS
2025-09-13,12:30,Colwyn Bay , Haverfordwest,31.0,50.0,19.0,3.2,3.25,2.0,4.0,60.0,40.0,1.78,1.9,0.0,59,41,1.68,2.05,1.0,3,0,PREMATIPS
2025-09-13,12:30,Connah's Quay , Cardiff Met,42.0,37.0,21.0,1.82,3.6,3.4,4.0,43.0,57.0,1.7,2.0,1.0,71,29,1.66,2.05,1.0,1,1,PREMATIPS
2025-09-13,12:30,Pen, Flint Town Utd,47.0,21.0,32.0,1.8,3.5,3.6,1.0,53.0,47.0,1.75,1.95,0.0,50,50,1.7,2.0,1.0,5,0,PREMATIPS
2025-09-13,12:30,TNS , Llanelli Town,89.0,7.0,3.0,1.01,19.0,51.0,1.0,51.0,49.0,1.17,4.5,0.0,35,65,3.25,1.29,0.0,6,0,PREMATIPS
2025-09-13,12:35,Qingdao W. Coast , Zhejiang Pro,28.0,30.0,42.0,2.25,3.9,2.65,6.0,39.0,61.0,1.57,2.35,1.0,61,39,1.5,2.5,1.0,0,2,PREMATIPS
2025-09-13,13:00,Kolding , Hvidovre,52.0,21.0,27.0,1.62,3.8,5.0,1.0,50.0,50.0,1.85,1.95,1.0,56,44,1.83,1.83,1.0,0,1,PREMATIPS
2025-09-13,13:00,IFK Mariehamn , Haka,34.0,31.0,35.0,2.63,3.46,2.37,5.0,43.0,57.0,1.61,2.18,1.0,60,40,1.51,2.36,1.0,1,1,PREMATIPS
2025-09-13,13:00,Annecy , Reims,30.0,33.0,37.0,3.25,3.2,2.1,6.0,70.0,30.0,2.3,1.6,0.0,32,68,2.0,1.73,0.0,1,1,PREMATIPS
2025-09-13,13:00,Grenoble Foot , Dunkerque,33.0,32.0,35.0,2.9,3.3,2.25,5.0,45.0,55.0,2.08,1.73,1.0,74,26,1.83,1.83,1.0,1,0,PREMATIPS
2025-09-13,13:00,Duisburg , Wehen Wiesbaden,36.0,30.0,34.0,2.25,3.5,2.7,5.0,26.0,74.0,1.67,2.15,1.0,70,30,1.57,2.25,1.0,3,1,PREMATIPS
2025-09-13,13:00,Erzgebirge Aue , Viktoria Koln,36.0,31.0,33.0,2.2,3.4,2.88,5.0,59.0,41.0,1.8,2.0,0.0,45,55,1.67,2.1,0.0,0,3,PREMATIPS
2025-09-13,13:00,Hoffenheim II , Verl,28.0,66.0,6.0,2.25,3.7,2.8,4.0,43.0,57.0,1.52,2.35,1.0,70,30,1.47,2.45,1.0,2,4,PREMATIPS
2025-09-13,13:00,Ingolstadt , Schweinfurt 05,51.0,45.0,3.0,1.53,4.2,4.75,1.0,68.0,32.0,1.57,2.35,0.0,53,47,1.67,2.1,1.0,2,3,PREMATIPS
2025-09-13,13:00,Stuttgart II , Saarbrucken,33.0,30.0,37.0,2.8,3.5,2.2,5.0,43.0,57.0,1.7,2.1,1.0,78,22,1.57,2.25,1.0,1,3,PREMATIPS
2025-09-13,13:00,Persis Solo , Persijap Jepara,39.0,32.0,29.0,1.83,3.25,3.7,1.0,43.0,57.0,1.93,1.77,1.0,62,38,1.82,1.87,1.0,1,2,PREMATIPS
2025-09-13,13:00,Atyrau , Tobol Kostanay,13.0,29.0,58.0,3.8,3.5,1.73,2.0,50.0,50.0,1.78,1.9,1.0,52,48,1.77,1.93,1.0,1,0,PREMATIPS
2025-09-13,13:00,Kyzylzhar , Okzhetpes,22.0,36.0,42.0,2.1,3.1,3.0,6.0,56.0,44.0,2.1,1.63,0.0,54,46,1.93,1.77,1.0,3,1,PREMATIPS
2025-09-13,13:00,Honefoss , Grorud,36.0,16.0,48.0,2.25,3.7,2.4,6.0,30.0,70.0,1.38,2.8,1.0,60,40,1.37,2.85,1.0,1,1,PREMATIPS
2025-09-13,13:00,Kjelsas , Follo,60.0,13.0,27.0,1.47,4.33,4.8,1.0,30.0,70.0,1.44,2.55,1.0,71,29,1.58,2.2,1.0,3,1,PREMATIPS
2025-09-13,13:00,Getafe , Real Oviedo,39.0,35.0,26.0,1.93,3.05,4.7,1.0,53.0,47.0,2.74,1.43,0.0,29,71,2.31,1.56,0.0,2,0,PREMATIPS
2025-09-13,13:00,Sabadell , Cartagena,36.0,33.0,31.0,2.2,3.0,3.1,4.0,54.0,46.0,2.08,1.73,0.0,47,53,1.83,1.83,0.0,-,-,PREMATIPS
2025-09-13,13:00,Ratchaburi , Port Bangkok,37.0,31.0,32.0,2.4,3.4,2.4,5.0,71.0,29.0,1.6,2.15,0.0,55,45,1.53,2.3,1.0,1,0,PREMATIPS
2025-09-13,13:15,Cong An Ha Noi , Hai Phong,45.0,23.0,32.0,1.42,4.2,5.75,4.0,35.0,65.0,1.61,2.15,1.0,61,39,1.78,1.9,1.0,2,1,PREMATIPS
2025-09-13,13:15,Cong An HoChiMinh , Nam Dinh,26.0,35.0,39.0,3.8,3.1,1.87,6.0,24.0,76.0,2.15,1.61,1.0,61,39,1.98,1.72,1.0,0,0,PREMATIPS
2025-09-13,13:30,Admira Wacker , SW Bregenz,66.0,30.0,3.0,1.35,5.0,6.75,1.0,49.0,51.0,1.49,2.4,1.0,65,35,1.75,1.93,1.0,2,2,PREMATIPS
2025-09-13,13:30,Imishli FK , Sumgayit,30.0,28.0,42.0,2.8,3.0,2.3,6.0,77.0,23.0,2.25,1.55,0.0,28,72,2.0,1.71,0.0,0,3,PREMATIPS
2025-09-13,13:30,Obolon , Dynamo Kyiv,18.0,36.0,46.0,10.94,4.9,1.23,2.0,43.0,57.0,1.78,1.9,1.0,58,42,2.43,1.48,1.0,2,2,PREMATIPS
2025-09-13,13:45,Korona Kielce , Pogon Szczecin,53.0,16.0,31.0,2.2,3.4,3.1,1.0,49.0,51.0,1.73,2.08,1.0,56,44,1.62,2.2,1.0,1,0,PREMATIPS
2025-09-13,14:00,Slutsk , BATE Borisov,25.0,21.0,54.0,2.85,3.1,2.25,2.0,52.0,48.0,2.15,1.62,0.0,45,55,1.9,1.78,0.0,0,3,PREMATIPS
2025-09-13,14:00,Banik Ostrava , Slovan Liberec,35.0,20.0,45.0,2.05,3.6,3.1,6.0,65.0,35.0,1.85,1.95,0.0,51,49,1.7,2.05,1.0,0,2,PREMATIPS
2025-09-13,14:00,Teplice , Mlada Boleslav,37.0,31.0,32.0,2.1,3.7,2.88,5.0,25.0,75.0,1.67,2.15,1.0,63,37,1.62,2.2,1.0,2,3,PREMATIPS
2025-09-13,14:00,Viktoria Plzen , Sigma Olomouc,36.0,33.0,31.0,1.45,4.2,5.5,4.0,67.0,33.0,1.67,2.15,0.0,47,53,1.75,2.0,0.0,1,0,PREMATIPS
2025-09-13,14:00,Zlin , Dukla Prague,51.0,30.0,19.0,2.15,3.1,3.25,1.0,67.0,33.0,2.3,1.6,0.0,52,48,2.0,1.75,1.0,1,1,PREMATIPS
2025-09-13,14:00,Brondby , Copenhagen,35.0,4.0,61.0,3.6,3.25,2.01,2.0,49.0,51.0,1.88,1.93,1.0,52,48,1.67,2.1,1.0,2,1,PREMATIPS
2025-09-13,14:00,MP Mikkeli , Tampere Utd,43.0,31.0,26.0,1.49,4.28,4.96,1.0,36.0,64.0,1.43,2.61,1.0,60,40,1.54,2.31,1.0,3,0,PREMATIPS
2025-09-13,14:00,OLS Oulu , KuPS Akatemia,44.0,31.0,25.0,1.33,5.25,5.75,1.0,29.0,71.0,1.3,3.5,1.0,62,38,1.5,2.5,1.0,4,2,PREMATIPS
2025-09-13,14:00,Keski, RoPS Rovaniemi,39.0,29.0,32.0,1.8,4.75,2.88,1.0,31.0,69.0,1.36,3.1,1.0,68,32,1.4,2.75,1.0,2,2,PREMATIPS
2025-09-13,14:00,Cagliari , Parma,37.0,33.0,30.0,2.25,3.1,3.4,4.0,92.0,8.0,2.3,1.62,0.0,45,55,1.95,1.8,0.0,2,0,PREMATIPS
2025-09-13,14:00,Juve Stabia , Reggiana 1919,37.0,34.0,29.0,1.96,3.1,4.1,4.0,54.0,46.0,2.35,1.57,0.0,70,30,2.05,1.7,1.0,0,0,PREMATIPS
2025-09-13,14:00,Modena , Bari,36.0,33.0,31.0,2.01,3.25,3.6,4.0,71.0,29.0,2.15,1.67,0.0,70,30,1.95,1.8,1.0,3,0,PREMATIPS
2025-09-13,14:00,Padova , Frosinone,35.0,33.0,32.0,2.4,2.82,3.25,4.0,71.0,29.0,2.35,1.57,0.0,37,63,1.95,1.8,0.0,0,1,PREMATIPS
2025-09-13,14:00,Pescara , Venezia,27.0,33.0,40.0,4.33,3.6,1.76,2.0,38.0,62.0,2.05,1.75,1.0,70,30,1.95,1.8,1.0,2,2,PREMATIPS
2025-09-13,14:00,Dolomiti Bellunesi , Alcione Milano,34.0,33.0,33.0,2.5,2.95,2.6,0.0,61.0,39.0,2.3,1.53,0.0,43,57,2.0,1.7,0.0,1,1,PREMATIPS
2025-09-13,14:00,Lumezzane , Triestina,34.0,33.0,33.0,2.55,2.87,2.6,0.0,61.0,39.0,2.25,1.55,0.0,54,46,1.95,1.75,1.0,1,2,PREMATIPS
2025-09-13,14:00,Pro Vercelli , Virtus Verona,74.0,11.0,15.0,1.95,3.0,3.5,1.0,33.0,67.0,2.3,1.55,1.0,77,23,2.05,1.68,1.0,0,2,PREMATIPS
2025-09-13,14:00,Renate , Union Brescia,31.0,33.0,36.0,2.85,2.9,2.3,6.0,50.0,50.0,2.5,1.47,0.0,54,46,2.15,1.62,1.0,1,3,PREMATIPS
2025-09-13,14:00,Guidonia , Ravenna,33.0,32.0,35.0,2.7,3.1,2.35,5.0,68.0,32.0,1.93,1.75,0.0,36,64,1.75,1.93,0.0,1,2,PREMATIPS
2025-09-13,14:00,Pianese , Sambenedettese,38.0,33.0,29.0,1.93,3.1,3.5,4.0,79.0,21.0,2.1,1.63,0.0,36,64,1.93,1.75,0.0,1,1,PREMATIPS
2025-09-13,14:00,Ordabasy , Zhenis Astana,26.0,45.0,29.0,1.93,3.1,3.5,6.0,59.0,41.0,2.1,1.63,0.0,45,55,1.93,1.75,0.0,2,1,PREMATIPS
2025-09-13,14:00,RFS Riga , FS Jelgava,62.0,18.0,20.0,1.15,6.75,12.5,1.0,50.0,50.0,1.39,2.75,1.0,52,48,2.05,1.66,1.0,1,4,PREMATIPS
2025-09-13,14:00,Terengganu , Immigration FC,45.0,31.0,24.0,1.28,5.25,7.25,1.0,30.0,70.0,1.31,3.2,1.0,60,40,1.55,2.25,1.0,3,0,PREMATIPS
2025-09-13,14:00,Brattvag , Traeff,46.0,29.0,25.0,1.46,4.33,4.93,1.0,39.0,61.0,1.38,2.75,1.0,68,32,1.47,2.34,1.0,4,2,PREMATIPS
2025-09-13,14:00,Lusitania , Penafiel,48.0,46.0,6.0,1.83,3.4,4.0,1.0,55.0,45.0,2.08,1.73,0.0,55,45,1.83,1.83,1.0,0,0,PREMATIPS
2025-09-13,14:00,UTA Arad , Arges Pitesti,37.0,27.0,36.0,2.55,3.1,2.63,5.0,55.0,45.0,2.2,1.65,0.0,63,37,1.83,1.83,1.0,3,3,PREMATIPS
2025-09-13,14:00,Cailungo , Murata,31.0,30.0,39.0,2.7,3.7,2.1,5.0,50.0,50.0,1.73,1.95,1.0,10,90,1.65,2.06,0.0,1,1,PREMATIPS
2025-09-13,14:00,Faetano , Tre Penne,24.0,33.0,43.0,5.25,3.8,1.52,2.0,84.0,16.0,1.87,1.82,0.0,10,90,1.98,1.72,0.0,0,6,PREMATIPS
2025-09-13,14:00,Juvenes/Dogana , Cosmos,29.0,31.0,40.0,3.6,3.5,1.8,2.0,84.0,16.0,2.05,1.68,0.0,10,90,1.9,1.79,0.0,1,0,PREMATIPS
2025-09-13,14:00,Degerfors , Mjallby,13.0,23.0,64.0,4.33,3.75,1.71,2.0,48.0,52.0,1.98,1.83,1.0,53,47,1.8,1.95,1.0,0,1,PREMATIPS
2025-09-13,14:00,Oddevold , Brage,41.0,29.0,30.0,2.15,3.4,3.1,4.0,47.0,53.0,1.8,2.0,1.0,57,43,1.67,2.1,1.0,4,0,PREMATIPS
2025-09-13,14:00,Orebro , Ostersund,15.0,41.0,44.0,2.45,3.6,2.5,6.0,48.0,52.0,1.73,2.08,1.0,57,43,1.57,2.25,1.0,2,0,PREMATIPS
2025-09-13,14:00,Sundsvall , Varbergs BoIS,35.0,33.0,32.0,2.88,3.25,2.38,4.0,51.0,49.0,2.05,1.75,0.0,55,45,1.8,1.95,1.0,2,3,PREMATIPS
2025-09-13,14:00,Boluspor , Manisa,40.0,32.0,28.0,1.7,3.3,4.75,1.0,40.0,60.0,1.8,2.0,1.0,89,11,1.73,2.0,1.0,2,0,PREMATIPS
2025-09-13,14:00,Istanbulspor , Umraniyespor,30.0,52.0,18.0,1.6,3.75,4.75,4.0,73.0,27.0,1.8,2.0,0.0,56,44,1.8,1.91,1.0,4,0,PREMATIPS
2025-09-13,14:00,Chornomorets Od , Met. Zaporizhya,63.0,19.0,18.0,1.39,3.98,6.39,1.0,71.0,29.0,2.19,1.5,0.0,28,72,2.52,1.44,0.0,3,0,PREMATIPS
2025-09-13,14:00,Kokand , Qizilqum,24.0,34.0,42.0,2.25,2.92,3.01,6.0,55.0,45.0,2.28,1.5,0.0,42,58,1.93,1.67,0.0,2,1,PREMATIPS
2025-09-13,14:00,Green Buffaloes , Mines United,43.0,36.0,21.0,1.63,2.8,6.75,1.0,48.0,52.0,2.25,1.57,1.0,54,46,2.15,1.62,1.0,2,0,PREMATIPS
2025-09-13,14:00,Kabwe Warriors , Nkana,34.0,34.0,32.0,2.35,3.1,2.65,0.0,93.0,7.0,2.2,1.58,0.0,21,79,1.95,1.73,0.0,1,0,PREMATIPS
2025-09-13,14:00,Mufulira Wand. , ZESCO United,30.0,34.0,36.0,3.25,2.7,2.25,6.0,59.0,41.0,2.7,1.4,0.0,32,68,2.25,1.55,0.0,0,1,PREMATIPS
2025-09-13,14:00,Power Dynamos , NAPSA Stars,41.0,36.0,23.0,1.75,3.0,5.37,1.0,76.0,24.0,3.0,1.34,0.0,38,62,2.75,1.41,0.0,2,0,PREMATIPS
2025-09-13,14:00,Red Arrows , Nchanga Rangers,41.0,36.0,23.0,1.68,3.07,5.35,1.0,76.0,24.0,2.5,1.5,0.0,43,57,2.42,1.51,0.0,2,0,PREMATIPS
2025-09-13,14:30,Freiburg , Stuttgart,34.0,30.0,36.0,2.7,3.6,2.5,5.0,28.0,72.0,1.57,2.38,1.0,71,29,1.5,2.5,1.0,3,1,PREMATIPS
2025-09-13,14:30,Heidenheim , B. Dortmund,26.0,32.0,42.0,5.0,4.33,1.6,2.0,28.0,72.0,1.53,2.5,1.0,54,46,1.57,2.25,1.0,0,2,PREMATIPS
2025-09-13,14:30,Mainz 05 , RB Leipzig,35.0,30.0,35.0,2.35,3.7,2.88,5.0,61.0,39.0,1.57,2.38,0.0,37,63,1.5,2.5,0.0,0,1,PREMATIPS
2025-09-13,14:30,Union Berlin , Hoffenheim,34.0,32.0,34.0,2.7,3.5,2.55,0.0,11.0,89.0,1.73,2.1,1.0,71,29,1.57,2.25,1.0,2,4,PREMATIPS
2025-09-13,14:30,Wolfsburg , Koln,39.0,31.0,30.0,1.95,3.6,3.75,1.0,44.0,56.0,1.73,2.1,1.0,71,29,1.67,2.1,1.0,3,3,PREMATIPS
2025-09-13,14:30,AP Brera , Shkupi Skopje,89.0,7.0,3.0,1.58,3.7,4.75,1.0,30.0,70.0,1.9,1.8,1.0,49,51,1.95,1.75,0.0,1,0,PREMATIPS
2025-09-13,14:30,Sileks Kratovo , Rabotnicki Skopje,70.0,23.0,7.0,1.33,4.07,8.77,1.0,55.0,45.0,2.08,1.62,0.0,16,84,2.58,1.44,0.0,3,1,PREMATIPS
2025-09-13,14:40,Al,Nasr Dubai,37.0,31.0,32.0,2.09,3.44,2.96,5.0,70.0,30.0,1.64,2.1,0.0,30,70,1.55,2.25,0.0,0,0,PREMATIPS
2025-09-13,14:45,Akhmat Grozny , Lok. Moscow,35.0,31.0,34.0,2.58,3.49,2.77,5.0,41.0,59.0,2.0,1.88,1.0,66,34,1.74,2.03,1.0,1,1,PREMATIPS
2025-09-13,14:45,Dynamo Moscow , Spartak Moscow,29.0,30.0,41.0,2.98,3.5,2.39,6.0,56.0,44.0,1.89,1.98,0.0,52,48,1.68,2.12,1.0,2,2,PREMATIPS
2025-09-13,15:00,Bylis Ballsh , Egnatia,37.0,56.0,7.0,3.32,3.13,2.0,4.0,73.0,27.0,2.08,1.62,0.0,48,52,1.9,1.82,0.0,0,1,PREMATIPS
2025-09-13,15:00,KF Tirana , Flamurtari,38.0,33.0,29.0,1.93,3.13,3.45,4.0,56.0,44.0,2.13,1.55,0.0,48,52,1.94,1.77,0.0,1,1,PREMATIPS
2025-09-13,15:00,BKMA , Alashkert,28.0,32.0,40.0,4.0,3.5,1.71,2.0,64.0,36.0,1.77,1.93,0.0,38,62,1.75,1.95,0.0,1,3,PREMATIPS
2025-09-13,15:00,Zulte Waregem , OH Leuven,35.0,32.0,33.0,2.25,3.4,3.1,5.0,47.0,53.0,2.0,1.8,1.0,58,42,1.8,1.95,1.0,2,0,PREMATIPS
2025-09-13,15:00,Patro Eisden , Lommel,38.0,32.0,30.0,1.95,3.3,3.5,4.0,45.0,55.0,1.98,1.83,1.0,47,53,1.8,1.91,0.0,0,2,PREMATIPS
2025-09-13,15:00,Chernom. Burgas , Vihren Sandanski,26.0,29.0,45.0,2.13,2.86,3.16,6.0,73.0,27.0,2.34,1.45,0.0,47,53,2.05,1.65,0.0,3,2,PREMATIPS
2025-09-13,15:00,Marek Dupnitsa , Lokomotiv GO,41.0,33.0,26.0,1.66,3.22,4.36,1.0,62.0,38.0,2.19,1.52,0.0,41,59,2.11,1.61,0.0,1,1,PREMATIPS
2025-09-13,15:00,Sevlievo , Minyor Pernik,23.0,35.0,42.0,2.56,2.88,2.48,6.0,69.0,31.0,2.23,1.49,0.0,44,56,1.95,1.71,0.0,1,3,PREMATIPS
2025-09-13,15:00,Ghazl El Mahalla , Arab Contractors,27.0,69.0,4.0,2.4,2.65,3.0,4.0,84.0,16.0,2.8,1.38,0.0,10,90,2.25,1.55,0.0,1,1,PREMATIPS
2025-09-13,15:00,Haras El Hodood , El Gounah,32.0,34.0,34.0,3.4,2.7,2.15,0.0,90.0,10.0,2.95,1.34,0.0,26,74,2.45,1.49,0.0,2,1,PREMATIPS
2025-09-13,15:00,Bournemouth , Brighton,36.0,31.0,33.0,2.35,3.6,2.88,5.0,63.0,37.0,1.62,2.3,0.0,45,55,1.53,2.38,0.0,2,1,PREMATIPS
2025-09-13,15:00,Crystal Palace , Sunderland,42.0,34.0,24.0,1.73,3.6,5.0,1.0,52.0,48.0,2.2,1.67,0.0,34,66,2.0,1.75,0.0,0,0,PREMATIPS
2025-09-13,15:00,Everton , Aston Villa,36.0,32.0,32.0,2.55,3.3,2.75,5.0,63.0,37.0,2.03,1.83,0.0,23,77,1.75,2.0,0.0,0,0,PREMATIPS
2025-09-13,15:00,Fulham , Leeds Utd,39.0,32.0,29.0,1.95,3.5,3.9,1.0,74.0,26.0,2.1,1.73,0.0,34,66,1.91,1.91,0.0,1,0,PREMATIPS
2025-09-13,15:00,Newcastle Utd , Wolverhampton,45.0,33.0,22.0,1.4,4.75,8.0,1.0,52.0,48.0,1.73,2.1,0.0,34,66,2.0,1.75,0.0,1,0,PREMATIPS
2025-09-13,15:00,Coventry City , Norwich City,41.0,31.0,28.0,1.76,4.0,4.0,1.0,33.0,67.0,1.57,2.38,1.0,68,32,1.57,2.25,1.0,1,1,PREMATIPS
2025-09-13,15:00,Sheffield Wed , Bristol City,11.0,29.0,60.0,3.75,3.5,1.91,2.0,42.0,58.0,1.98,1.88,1.0,60,40,1.73,2.0,1.0,0,3,PREMATIPS
2025-09-13,15:00,Stoke City , Birmingham City,32.0,33.0,35.0,3.0,3.2,2.35,6.0,50.0,50.0,2.3,1.62,0.0,51,49,1.91,1.8,1.0,1,0,PREMATIPS
2025-09-13,15:00,Swansea City , Hull City,40.0,43.0,17.0,1.71,3.5,4.75,4.0,58.0,42.0,2.03,1.83,0.0,43,57,1.83,1.83,0.0,2,2,PREMATIPS
2025-09-13,15:00,Watford , Blackburn Rovers,45.0,26.0,29.0,2.15,3.3,3.25,4.0,50.0,50.0,2.1,1.73,0.0,51,49,1.83,1.83,1.0,0,1,PREMATIPS
2025-09-13,15:00,West Bromwich , Derby County,49.0,45.0,6.0,1.68,3.5,5.0,1.0,50.0,50.0,2.3,1.62,0.0,68,32,2.2,1.62,1.0,0,1,PREMATIPS
2025-09-13,15:00,Wrexham , QPR,49.0,26.0,25.0,1.86,3.5,4.0,1.0,33.0,67.0,1.98,1.88,1.0,76,24,1.8,1.91,1.0,1,3,PREMATIPS
2025-09-13,15:00,Barnsley , Reading,45.0,42.0,13.0,1.76,3.9,4.2,1.0,58.0,42.0,1.57,2.35,0.0,54,46,1.57,2.25,1.0,3,2,PREMATIPS
2025-09-13,15:00,Burton Albion , Lincoln City,20.0,32.0,48.0,2.82,3.3,2.4,2.0,49.0,51.0,2.15,1.67,1.0,55,45,1.95,1.8,1.0,0,1,PREMATIPS
2025-09-13,15:00,Exeter City , Port Vale,76.0,18.0,6.0,3.0,3.4,2.32,1.0,57.0,43.0,2.1,1.7,0.0,39,61,1.91,1.91,0.0,0,2,PREMATIPS
2025-09-13,15:00,Leyton Orient , Bolton Wanderers,30.0,45.0,25.0,3.0,3.6,2.2,4.0,62.0,38.0,1.98,1.88,0.0,49,51,1.75,2.0,0.0,1,1,PREMATIPS
2025-09-13,15:00,Luton Town , Plymouth Argyle,73.0,4.0,23.0,1.51,4.2,5.75,1.0,55.0,45.0,1.73,2.08,0.0,35,65,1.8,1.95,0.0,2,3,PREMATIPS
2025-09-13,15:00,Mansfield Town , Stevenage,35.0,32.0,33.0,2.45,3.25,2.82,5.0,55.0,45.0,2.2,1.65,0.0,50,50,1.95,1.8,0.0,1,1,PREMATIPS
2025-09-13,15:00,Peterborough Utd , Wycombe,31.0,32.0,37.0,3.2,3.5,2.1,6.0,57.0,43.0,1.88,1.98,0.0,49,51,1.7,2.05,0.0,2,1,PREMATIPS
2025-09-13,15:00,Stockport , Cardiff City,36.0,19.0,45.0,2.57,3.6,2.45,6.0,45.0,55.0,1.98,1.88,1.0,50,50,1.75,2.0,1.0,1,1,PREMATIPS
2025-09-13,15:00,Wigan Athletic , Doncaster Rovers,28.0,21.0,51.0,2.32,3.25,3.0,2.0,62.0,38.0,2.25,1.62,0.0,49,51,2.0,1.75,0.0,3,0,PREMATIPS
2025-09-13,15:00,Wimbledon , Rotherham Utd,37.0,33.0,30.0,2.15,3.3,3.3,1.0,54.0,46.0,2.3,1.6,0.0,36,64,2.0,1.75,0.0,2,1,PREMATIPS
2025-09-13,15:00,Bristol Rovers , Barrow,52.0,16.0,32.0,1.79,3.6,4.33,1.0,63.0,37.0,2.05,1.75,0.0,41,59,1.91,1.8,0.0,2,1,PREMATIPS
2025-09-13,15:00,Chesterfield , MK Dons,37.0,32.0,31.0,2.32,3.3,3.0,4.0,53.0,47.0,2.05,1.75,0.0,50,50,1.8,1.91,1.0,1,1,PREMATIPS
2025-09-13,15:00,Crewe Alexandra , Barnet,64.0,7.0,29.0,2.45,3.5,2.65,1.0,63.0,37.0,1.88,1.98,0.0,45,55,1.67,2.1,0.0,1,2,PREMATIPS
2025-09-13,15:00,Fleetwood Town , Walsall,35.0,18.0,47.0,2.7,3.1,2.65,6.0,63.0,37.0,2.4,1.53,0.0,45,55,2.0,1.73,0.0,1,1,PREMATIPS
2025-09-13,15:00,Gillingham , Notts County,36.0,32.0,32.0,2.3,3.2,3.2,5.0,53.0,47.0,2.25,1.62,0.0,64,36,1.83,1.83,1.0,1,0,PREMATIPS
2025-09-13,15:00,Grimsby Town , Cambridge Utd,59.0,8.0,33.0,2.15,3.25,3.4,1.0,58.0,42.0,2.1,1.7,0.0,50,50,1.83,1.83,1.0,1,1,PREMATIPS
2025-09-13,15:00,Oldham Athletic , Bromley,18.0,50.0,32.0,2.45,3.2,2.85,6.0,63.0,37.0,2.08,1.73,0.0,50,50,1.8,1.91,1.0,1,0,PREMATIPS
2025-09-13,15:00,Shrewsbury Town , Salford City,20.0,30.0,50.0,3.0,3.3,2.35,2.0,48.0,52.0,1.93,1.93,1.0,55,45,1.67,2.1,1.0,1,3,PREMATIPS
2025-09-13,15:00,Swindon Town , Harrogate Town,60.0,18.0,22.0,1.53,4.1,5.75,1.0,48.0,52.0,1.85,2.0,1.0,55,45,1.83,1.83,1.0,3,1,PREMATIPS
2025-09-13,15:00,Tranmere Rovers , Newport County,67.0,20.0,13.0,1.62,3.75,5.25,1.0,51.0,49.0,1.93,1.93,0.0,63,37,1.83,1.83,1.0,1,1,PREMATIPS
2025-09-13,15:00,Boreham Wood , Altrincham,39.0,31.0,30.0,1.9,3.5,3.7,1.0,37.0,63.0,1.73,2.08,1.0,56,44,1.67,2.1,1.0,3,1,PREMATIPS
2025-09-13,15:00,Braintree , York City,18.0,35.0,47.0,5.25,3.9,1.57,2.0,48.0,52.0,1.7,2.1,1.0,41,59,1.75,2.0,0.0,2,3,PREMATIPS
2025-09-13,15:00,Carlisle Utd , Aldershot Town,43.0,31.0,26.0,1.48,4.5,5.0,1.0,32.0,68.0,1.5,2.5,1.0,58,42,1.62,2.2,1.0,2,0,PREMATIPS
2025-09-13,15:00,Forest Green R. , Scunthorpe Utd,42.0,33.0,25.0,1.55,4.0,4.75,1.0,43.0,57.0,1.8,2.0,1.0,56,44,1.91,1.91,1.0,1,1,PREMATIPS
2025-09-13,15:00,Hartlepool Utd , Brackley Town,31.0,53.0,16.0,1.9,3.5,3.6,4.0,63.0,37.0,1.95,1.85,0.0,48,52,1.8,1.95,0.0,0,0,PREMATIPS
2025-09-13,15:00,Solihull Moors , Morecambe,43.0,32.0,25.0,1.5,4.2,5.25,1.0,38.0,62.0,1.65,2.2,1.0,50,50,1.75,2.0,1.0,4,4,PREMATIPS
2025-09-13,15:00,Southend Utd , Boston United,52.0,33.0,15.0,1.36,4.75,7.0,1.0,46.0,54.0,1.7,2.1,1.0,48,52,2.0,1.75,0.0,1,1,PREMATIPS
2025-09-13,15:00,Sutton Utd , Tamworth,35.0,31.0,34.0,2.38,3.5,2.63,5.0,40.0,60.0,1.88,1.93,1.0,54,46,1.7,2.05,1.0,2,3,PREMATIPS
2025-09-13,15:00,Truro City , Rochdale,28.0,32.0,40.0,4.1,3.75,1.73,2.0,46.0,54.0,1.85,1.95,1.0,39,61,1.8,1.95,0.0,0,1,PREMATIPS
2025-09-13,15:00,Wealdstone , Gateshead,39.0,30.0,31.0,1.91,3.75,3.2,1.0,32.0,68.0,1.62,2.25,1.0,50,50,1.57,2.25,1.0,2,2,PREMATIPS
2025-09-13,15:00,Telford United , Kidderminster,31.0,31.0,38.0,3.75,3.5,1.8,0.0,51.0,49.0,1.9,1.9,0.0,53,47,1.71,1.97,1.0,3,1,PREMATIPS
2025-09-13,15:00,Tartu Tammeka , FCI Levadia,25.0,4.0,71.0,13.0,6.5,1.15,2.0,27.0,73.0,1.34,2.95,1.0,54,46,1.93,1.77,1.0,2,2,PREMATIPS
2025-09-13,15:00,Gnistan , Inter Turku,27.0,31.0,42.0,4.5,4.1,1.6,2.0,36.0,64.0,1.5,2.5,1.0,62,38,1.57,2.25,1.0,0,2,PREMATIPS
2025-09-13,15:00,VPS Vaasa , KTP Kotka,41.0,30.0,29.0,1.69,4.0,3.96,1.0,36.0,64.0,1.45,2.59,1.0,63,37,1.46,2.51,1.0,2,1,PREMATIPS
2025-09-13,15:00,KPV Kokkola , JJK Jyvaskyla,41.0,31.0,28.0,1.6,4.2,4.2,1.0,39.0,61.0,1.53,2.4,1.0,60,40,1.57,2.25,1.0,4,0,PREMATIPS
2025-09-13,15:00,Egaleo , Athens Kallithea,34.0,33.0,33.0,2.45,3.1,2.6,0.0,59.0,41.0,2.2,1.6,0.0,47,53,1.93,1.75,0.0,1,2,PREMATIPS
2025-09-13,15:00,Ilioupoli , Panargiakos,40.0,33.0,27.0,1.85,3.16,4.01,1.0,86.0,14.0,2.27,1.53,0.0,13,87,2.05,1.69,0.0,1,1,PREMATIPS
2025-09-13,15:00,Kalamata , Marko 1927,47.0,38.0,15.0,1.2,5.25,12.5,1.0,50.0,50.0,1.8,1.88,1.0,32,68,2.75,1.39,0.0,2,0,PREMATIPS
2025-09-13,15:00,Kampaniakos , Kavala,35.0,33.0,32.0,2.35,2.87,2.87,4.0,86.0,14.0,2.3,1.55,0.0,13,87,1.98,1.72,0.0,1,0,PREMATIPS
2025-09-13,15:00,BFC Siofok , MTK Budapest,16.0,36.0,48.0,19.95,8.38,1.07,2.0,31.0,69.0,1.32,3.01,1.0,39,61,2.33,1.52,0.0,1,7,PREMATIPS
2025-09-13,15:00,Fjolnir , Leiknir R.,34.0,22.0,44.0,3.0,3.75,1.9,6.0,38.0,62.0,1.4,2.7,1.0,68,32,1.41,2.7,1.0,1,2,PREMATIPS
2025-09-13,15:00,IR Reykjavik , Fylkir,45.0,27.0,28.0,2.15,3.4,2.7,1.0,39.0,61.0,1.51,2.35,1.0,69,31,1.46,2.5,1.0,1,2,PREMATIPS
2025-09-13,15:00,Njardvik , Grindavik,53.0,25.0,22.0,1.19,6.75,9.25,1.0,27.0,73.0,1.23,3.8,1.0,77,23,1.55,2.3,1.0,3,0,PREMATIPS
2025-09-13,15:00,Selfoss , Keflavik,32.0,13.0,55.0,3.0,3.8,1.9,2.0,31.0,69.0,1.35,2.9,1.0,60,40,1.36,2.85,1.0,1,4,PREMATIPS
2025-09-13,15:00,Throttur , Thor Akureyri,40.0,20.0,40.0,2.32,3.81,2.42,5.0,27.0,73.0,1.34,3.0,1.0,79,21,1.31,3.05,1.0,1,2,PREMATIPS
2025-09-13,15:00,Volsungur Husavik , HK Kopavogur,28.0,24.0,48.0,4.0,4.0,1.62,6.0,27.0,73.0,1.33,3.0,1.0,73,27,1.39,2.75,1.0,0,4,PREMATIPS
2025-09-13,15:00,Turan Turkistan , Ulytau Jezkazgan,39.0,20.0,41.0,2.65,3.1,2.35,5.0,57.0,43.0,1.98,1.73,0.0,44,56,1.78,1.9,0.0,1,1,PREMATIPS
2025-09-13,15:00,Banga Gargzdai , Zalgiris,30.0,30.0,40.0,4.33,3.75,1.61,0.0,57.0,43.0,1.7,2.0,0.0,45,55,1.7,2.02,0.0,0,2,PREMATIPS
2025-09-13,15:00,Zimbru Chisinau , Balti,44.0,34.0,22.0,1.29,4.55,7.52,1.0,39.0,61.0,1.49,2.36,1.0,53,47,1.8,1.9,1.0,2,0,PREMATIPS
2025-09-13,15:00,Jezero Plav , Decic Tuzi,32.0,25.0,43.0,3.1,2.85,2.2,6.0,34.0,66.0,2.25,1.55,1.0,76,24,1.95,1.73,1.0,4,0,PREMATIPS
2025-09-13,15:00,Carrick Rangers , Bangor,66.0,5.0,29.0,1.61,4.0,4.4,1.0,51.0,49.0,1.66,2.05,0.0,48,52,1.73,1.98,0.0,-,-,PREMATIPS
2025-09-13,15:00,Cliftonville , Ballymena Utd,33.0,28.0,39.0,1.8,3.5,3.8,6.0,63.0,37.0,1.8,1.88,0.0,34,66,1.75,1.95,0.0,3,2,PREMATIPS
2025-09-13,15:00,Dungannon Swifts , Crusaders,44.0,5.0,49.0,2.25,3.5,2.75,2.0,43.0,57.0,1.73,1.95,1.0,43,57,1.65,2.1,0.0,0,3,PREMATIPS
2025-09-13,15:00,Larne , Glenavon,93.0,3.0,3.0,1.4,4.33,7.0,1.0,69.0,31.0,1.85,1.83,0.0,29,71,2.15,1.62,0.0,1,0,PREMATIPS
2025-09-13,15:00,Portadown , Coleraine,24.0,16.0,60.0,5.5,4.1,1.5,2.0,51.0,49.0,1.8,1.9,0.0,29,71,1.93,1.75,0.0,1,4,PREMATIPS
2025-09-13,15:00,Molde , Fredrikstad,34.0,29.0,37.0,1.69,3.76,4.39,5.0,50.0,50.0,1.67,2.09,1.0,45,55,1.67,2.08,0.0,1,2,PREMATIPS
2025-09-13,15:00,Egersunds , Stabaek,43.0,35.0,22.0,2.45,3.75,2.45,4.0,45.0,55.0,1.53,2.4,1.0,65,35,1.5,2.5,1.0,1,1,PREMATIPS
2025-09-13,15:00,Odds BK , Hodd,37.0,32.0,31.0,1.91,3.6,3.6,4.0,47.0,53.0,1.73,2.08,1.0,66,34,1.67,2.1,1.0,1,2,PREMATIPS
2025-09-13,15:00,Ranheim , Asane,39.0,30.0,31.0,1.79,3.72,3.82,4.0,42.0,58.0,1.62,2.16,1.0,66,34,1.58,2.21,1.0,5,2,PREMATIPS
2025-09-13,15:00,Raufoss , Aalesunds,26.0,38.0,36.0,3.9,3.75,1.83,6.0,36.0,64.0,1.67,2.15,1.0,71,29,1.62,2.2,1.0,0,1,PREMATIPS
2025-09-13,15:00,Sogndal , Lillestrom,26.0,28.0,46.0,5.0,4.2,1.57,2.0,36.0,64.0,1.5,2.5,1.0,63,37,1.53,2.38,1.0,1,5,PREMATIPS
2025-09-13,15:00,Start , Kongsvinger,45.0,27.0,28.0,2.05,3.9,3.1,4.0,32.0,68.0,1.5,2.5,1.0,66,34,1.44,2.63,1.0,2,3,PREMATIPS
2025-09-13,15:00,Eik Tonsberg , Jerv Grimstad,29.0,32.0,39.0,3.2,3.6,1.88,6.0,41.0,59.0,1.55,2.25,1.0,64,36,1.55,2.3,1.0,2,3,PREMATIPS
2025-09-13,15:00,Stjordals Blink , Strindheim,70.0,8.0,22.0,1.26,5.75,7.5,1.0,34.0,66.0,1.3,3.2,1.0,60,40,1.6,2.2,1.0,4,2,PREMATIPS
2025-09-13,15:00,Arsenal Tula , Spartak Kostroma,23.0,37.0,40.0,1.92,3.07,4.27,6.0,51.0,49.0,2.55,1.4,0.0,68,32,2.27,1.56,1.0,1,2,PREMATIPS
2025-09-13,15:00,Aberdeen , Livingston,20.0,27.0,53.0,1.76,3.9,4.0,2.0,52.0,48.0,1.93,1.93,0.0,44,56,1.8,1.95,0.0,0,0,PREMATIPS
2025-09-13,15:00,Dundee FC , Motherwell,14.0,57.0,29.0,3.7,3.5,1.91,6.0,60.0,40.0,2.03,1.83,0.0,61,39,1.8,1.95,1.0,1,1,PREMATIPS
2025-09-13,15:00,Falkirk , Saint Mirren,37.0,32.0,31.0,2.15,3.5,3.1,4.0,63.0,37.0,1.95,1.9,0.0,58,42,1.75,2.0,1.0,1,2,PREMATIPS
2025-09-13,15:00,Rangers , Hearts,15.0,54.0,31.0,1.66,4.1,4.33,6.0,60.0,40.0,1.62,2.3,0.0,69,31,1.62,2.2,1.0,0,2,PREMATIPS
2025-09-13,15:00,Arbroath , Dunfermline,34.0,47.0,19.0,3.1,3.25,2.15,4.0,58.0,42.0,2.15,1.67,0.0,50,50,1.91,1.8,0.0,0,5,PREMATIPS
2025-09-13,15:00,Ayr United , Ross County,19.0,68.0,13.0,2.4,3.2,2.8,4.0,51.0,49.0,1.9,1.9,0.0,73,27,1.73,2.0,1.0,1,1,PREMATIPS
2025-09-13,15:00,Queen's Park , Greenock Morton,20.0,57.0,23.0,2.55,3.2,2.63,6.0,71.0,29.0,2.0,1.8,0.0,75,25,1.8,1.91,1.0,0,0,PREMATIPS
2025-09-13,15:00,Raith Rovers , Saint Johnstone,39.0,27.0,34.0,3.0,3.0,2.35,5.0,63.0,37.0,2.1,1.7,0.0,51,49,1.83,1.83,1.0,0,2,PREMATIPS
2025-09-13,15:00,Alloa Athletic , Montrose,62.0,22.0,16.0,2.1,3.4,3.1,1.0,54.0,46.0,1.9,1.9,0.0,45,55,1.73,2.0,0.0,0,1,PREMATIPS
2025-09-13,15:00,East Fife , Queen of South,31.0,24.0,45.0,2.5,3.5,2.5,6.0,42.0,58.0,1.62,2.25,1.0,56,44,1.53,2.38,1.0,2,1,PREMATIPS
2025-09-13,15:00,Kelty Hearts , Stenhousemuir,27.0,7.0,66.0,3.1,3.6,2.0,2.0,36.0,64.0,1.98,1.83,1.0,61,39,1.83,1.83,1.0,0,1,PREMATIPS
2025-09-13,15:00,Peterhead , Hamilton,56.0,5.0,39.0,2.9,3.2,2.3,1.0,42.0,58.0,1.83,1.98,1.0,50,50,1.67,2.1,1.0,2,2,PREMATIPS
2025-09-13,15:00,Annan Athletic , Clyde,45.0,32.0,23.0,3.1,3.6,2.2,4.0,47.0,53.0,1.6,2.3,1.0,61,39,1.53,2.38,1.0,0,6,PREMATIPS
2025-09-13,15:00,Edinburgh City , East Kilbride,3.0,16.0,80.0,3.7,3.8,1.91,2.0,20.0,80.0,1.44,2.63,1.0,74,26,1.44,2.63,1.0,2,2,PREMATIPS
2025-09-13,15:00,Elgin City , Stirling Albion,27.0,11.0,62.0,1.9,3.75,3.7,2.0,47.0,53.0,1.7,2.1,1.0,61,39,1.67,2.1,1.0,3,0,PREMATIPS
2025-09-13,15:00,Forfar Athletic , Dumbarton,54.0,8.0,38.0,1.91,3.7,3.7,1.0,40.0,60.0,1.95,1.85,1.0,61,39,1.8,1.91,1.0,2,3,PREMATIPS
2025-09-13,15:00,Stranraer , The Spartans,14.0,22.0,64.0,4.75,3.6,1.75,2.0,47.0,53.0,1.95,1.85,1.0,61,39,1.83,1.83,1.0,0,2,PREMATIPS
2025-09-13,15:00,Puchov , Slavia TU Kosice,46.0,39.0,15.0,1.35,5.25,5.5,4.0,47.0,53.0,1.39,2.75,1.0,80,20,1.62,2.15,1.0,0,2,PREMATIPS
2025-09-13,15:00,Stara Lubovna , Banik Lehota,72.0,19.0,9.0,1.52,4.1,4.6,1.0,44.0,56.0,1.71,2.0,1.0,67,33,1.82,1.85,1.0,0,0,PREMATIPS
2025-09-13,15:00,STK Samorin , Inter Bratislava,26.0,38.0,36.0,2.15,3.4,2.7,6.0,49.0,51.0,1.73,1.95,1.0,76,24,1.65,2.1,1.0,2,0,PREMATIPS
2025-09-13,15:00,Zvolen , Zlate Moravce,34.0,44.0,22.0,3.4,3.4,1.88,4.0,46.0,54.0,1.83,1.85,1.0,86,14,1.75,1.93,1.0,1,3,PREMATIPS
2025-09-13,15:00,AFC Eskilstuna , Gefle,46.0,22.0,32.0,2.25,3.4,2.6,4.0,43.0,57.0,1.65,2.1,1.0,67,33,1.57,2.25,1.0,2,0,PREMATIPS
2025-09-13,15:00,Karlstad Fotboll , Karlbergs BK,45.0,22.0,33.0,1.68,3.9,3.7,4.0,40.0,60.0,1.4,2.7,1.0,67,33,1.44,2.55,1.0,1,0,PREMATIPS
2025-09-13,15:00,Nordic United , Hammarby TFF,39.0,20.0,41.0,2.42,3.26,2.6,5.0,45.0,55.0,1.78,1.89,1.0,57,43,1.63,2.12,1.0,1,1,PREMATIPS
2025-09-13,15:00,Ariana , IFK Skovde,50.0,32.0,18.0,1.27,5.25,7.5,1.0,41.0,59.0,1.44,2.55,1.0,54,46,1.78,1.9,1.0,2,1,PREMATIPS
2025-09-13,15:00,Ljungskile , Hassleholms IF,56.0,11.0,33.0,1.73,3.6,3.75,1.0,37.0,63.0,1.61,2.15,1.0,58,42,1.6,2.15,1.0,3,0,PREMATIPS
2025-09-13,15:00,Rosengard 1917 , Oskarshamns AIK,58.0,26.0,16.0,1.52,3.9,4.8,1.0,52.0,48.0,1.68,2.05,0.0,46,54,1.78,1.9,0.0,0,1,PREMATIPS
2025-09-13,15:00,Eyupspor , Galatasaray,30.0,6.0,64.0,8.5,5.0,1.3,2.0,24.0,76.0,1.44,2.7,1.0,50,50,1.67,2.1,1.0,0,2,PREMATIPS
2025-09-13,15:00,Fatih Karagumruk , Kasimpasa,33.0,32.0,35.0,2.82,3.4,2.32,5.0,38.0,62.0,1.85,1.95,1.0,50,50,1.67,2.1,1.0,0,1,PREMATIPS
2025-09-13,15:00,Samsunspor , Antalyaspor,41.0,34.0,25.0,1.66,3.6,5.25,1.0,55.0,45.0,2.1,1.7,0.0,55,45,2.0,1.73,1.0,1,2,PREMATIPS
2025-09-13,15:00,Pakhtakor , Neftchi Fergana,35.0,26.0,39.0,2.0,3.1,3.2,5.0,51.0,49.0,1.95,1.73,0.0,42,58,1.8,1.88,0.0,2,1,PREMATIPS
2025-09-13,15:15,Real Sociedad , Real Madrid,13.0,45.0,42.0,5.5,4.2,1.57,2.0,53.0,47.0,1.73,2.1,0.0,52,48,1.8,1.95,1.0,1,2,PREMATIPS
2025-09-13,15:15,Cadiz , Eibar,41.0,30.0,29.0,2.25,3.0,3.4,1.0,49.0,51.0,2.7,1.44,1.0,62,38,2.1,1.67,1.0,1,0,PREMATIPS
2025-09-13,15:15,Mirandes , Dep. La Coruna,30.0,34.0,36.0,3.25,3.1,2.25,6.0,49.0,51.0,2.35,1.57,1.0,54,46,2.0,1.73,1.0,1,5,PREMATIPS
2025-09-13,15:15,Marbella , Ibiza,30.0,34.0,36.0,3.1,2.9,2.2,6.0,38.0,62.0,2.38,1.53,1.0,64,36,2.1,1.67,1.0,1,1,PREMATIPS
2025-09-13,15:15,Teruel , Eldense,33.0,33.0,34.0,2.63,3.1,2.45,0.0,71.0,29.0,2.35,1.57,0.0,30,70,2.0,1.73,0.0,1,1,PREMATIPS
2025-09-13,15:15,Villarreal B , CE Europa,38.0,32.0,30.0,2.0,3.2,3.3,4.0,88.0,12.0,2.2,1.65,0.0,30,70,1.91,1.8,0.0,3,3,PREMATIPS
2025-09-13,15:30,Alemannia Aachen , Ulm 1846,35.0,32.0,33.0,2.38,3.2,2.75,5.0,43.0,57.0,2.05,1.75,1.0,61,39,1.8,1.91,1.0,1,3,PREMATIPS
2025-09-13,15:30,Chadormalou , Malavan,34.0,33.0,33.0,2.35,2.9,3.0,0.0,77.0,23.0,2.75,1.38,0.0,50,50,2.3,1.53,0.0,0,0,PREMATIPS
2025-09-13,15:30,Shams Azar , Paykan,17.0,56.0,27.0,2.45,2.95,2.85,6.0,77.0,23.0,2.65,1.42,0.0,66,34,2.25,1.57,1.0,1,1,PREMATIPS
2025-09-13,15:30,Zob Ahan , Mes Rafsanjan,37.0,34.0,29.0,2.1,2.95,3.5,4.0,60.0,40.0,2.65,1.41,0.0,50,50,2.3,1.55,0.0,2,0,PREMATIPS
2025-09-13,15:30,Ajax , Zwolle,46.0,33.0,21.0,1.3,5.75,9.0,1.0,71.0,29.0,1.48,2.6,0.0,34,66,1.8,1.95,0.0,3,1,PREMATIPS
2025-09-13,15:30,VVV, Helmond Sport,38.0,30.0,32.0,2.1,3.6,3.1,5.0,51.0,49.0,1.62,2.25,0.0,57,43,1.53,2.38,1.0,2,1,PREMATIPS
2025-09-13,15:30,Estoril Praia , AVS Futebol SAD,40.0,32.0,28.0,1.71,3.9,4.33,1.0,51.0,49.0,2.05,1.8,0.0,55,45,1.95,1.8,1.0,3,1,PREMATIPS
2025-09-13,15:30,Moreirense , Rio Ave,35.0,33.0,32.0,2.15,3.1,3.6,4.0,54.0,46.0,2.25,1.62,0.0,55,45,1.95,1.8,1.0,3,1,PREMATIPS
2025-09-13,15:30,Leixoes , Farense,34.0,33.0,33.0,2.45,3.0,2.8,0.0,63.0,37.0,2.15,1.67,0.0,38,62,1.83,1.83,0.0,0,2,PREMATIPS
2025-09-13,15:45,Spartak Varna , Arda Kardzhali,21.0,33.0,46.0,5.25,3.7,1.62,6.0,60.0,40.0,2.15,1.67,0.0,51,49,2.1,1.67,1.0,3,0,PREMATIPS
2025-09-13,16:00,Petro de Luanda , Kabuscorp SCP,42.0,33.0,25.0,1.5,3.55,5.84,1.0,63.0,37.0,2.38,1.47,0.0,36,64,2.45,1.48,0.0,3,1,PREMATIPS
2025-09-13,16:00,Altach , LASK Linz,63.0,25.0,12.0,2.5,3.3,2.65,1.0,55.0,45.0,1.95,1.85,0.0,43,57,1.75,2.0,0.0,1,0,PREMATIPS
2025-09-13,16:00,Blau, Grazer AK,37.0,33.0,30.0,2.2,3.25,3.2,4.0,49.0,51.0,2.08,1.73,1.0,43,57,1.91,1.91,0.0,3,0,PREMATIPS
2025-09-13,16:00,Wolfsberger AC , RB Salzburg,30.0,27.0,43.0,3.6,4.0,1.79,6.0,35.0,65.0,1.65,2.2,1.0,50,50,1.62,2.2,1.0,3,1,PREMATIPS
2025-09-13,16:00,Turan Tovuz , Gabala,39.0,33.0,28.0,1.9,3.1,3.6,1.0,55.0,45.0,2.2,1.6,0.0,61,39,2.0,1.71,1.0,1,0,PREMATIPS
2025-09-13,16:00,Etar V. Tarnovo , Spartak Pleven,44.0,39.0,17.0,1.48,3.61,5.43,4.0,73.0,27.0,1.95,1.66,0.0,40,60,2.06,1.63,0.0,0,0,PREMATIPS
2025-09-13,16:00,Varazdin , Hajduk Split,19.0,47.0,34.0,3.75,3.4,1.8,6.0,43.0,57.0,2.3,1.6,1.0,57,43,2.1,1.67,1.0,2,0,PREMATIPS
2025-09-13,16:00,Nice , Nantes,41.0,33.0,26.0,1.62,3.9,5.5,1.0,62.0,38.0,1.9,1.95,0.0,36,64,1.91,1.91,0.0,1,0,PREMATIPS
2025-09-13,16:00,Dinamo Tbilisi , Gagra,47.0,20.0,33.0,1.53,3.6,5.25,1.0,59.0,41.0,2.0,1.7,0.0,48,52,2.1,1.65,0.0,0,1,PREMATIPS
2025-09-13,16:00,Olympiacos , Panserraikos,94.0,3.0,3.0,1.1,8.0,26.0,1.0,95.0,5.0,1.48,2.6,0.0,7,93,2.75,1.4,0.0,5,0,PREMATIPS
2025-09-13,16:00,Riga FC , Auda Kekava,54.0,21.0,25.0,1.3,4.75,8.0,1.0,52.0,48.0,1.63,2.1,0.0,47,53,2.0,1.7,0.0,6,0,PREMATIPS
2025-09-13,16:00,Kaerjeng Un , Petange,32.0,30.0,38.0,3.1,3.5,1.98,5.0,48.0,52.0,1.68,2.05,1.0,53,47,1.62,2.15,1.0,3,0,PREMATIPS
2025-09-13,16:00,Hamrun Spartans , Mosta,23.0,51.0,26.0,1.43,4.1,5.75,6.0,70.0,30.0,1.71,2.0,0.0,71,29,1.9,1.78,1.0,2,0,PREMATIPS
2025-09-13,16:00,Bendel Insurance , Niger Tornadoes,41.0,36.0,23.0,1.67,2.89,5.18,1.0,95.0,5.0,2.68,1.38,0.0,30,70,2.45,1.45,0.0,1,0,PREMATIPS
2025-09-13,16:00,Al,Wakrah SC,13.0,17.0,70.0,2.7,3.4,2.2,2.0,75.0,25.0,1.62,2.15,0.0,26,74,1.55,2.25,0.0,5,3,PREMATIPS
2025-09-13,16:00,Al,Arabi Doha,73.0,6.0,21.0,2.4,3.6,2.3,1.0,31.0,69.0,1.41,2.7,1.0,71,29,1.39,2.75,1.0,3,2,PREMATIPS
2025-09-13,16:00,Ben Guerdane , Bizertin,41.0,49.0,10.0,2.26,2.7,3.83,4.0,93.0,7.0,3.2,1.3,0.0,26,74,2.6,1.45,0.0,0,1,PREMATIPS
2025-09-13,16:00,Monastir , Etoile du Sahel,35.0,49.0,16.0,2.35,2.65,3.1,4.0,76.0,24.0,3.0,1.33,0.0,34,66,2.45,1.49,0.0,1,1,PREMATIPS
2025-09-13,16:00,Stade Tunisien , Esperance Tunis,35.0,33.0,32.0,3.9,2.87,1.93,4.0,85.0,15.0,2.45,1.49,0.0,26,74,2.15,1.61,0.0,1,0,PREMATIPS
2025-09-13,16:00,Metalist 1925 , Shakhtar Donetsk,27.0,36.0,37.0,9.25,5.0,1.32,2.0,68.0,32.0,1.75,1.93,0.0,33,67,2.2,1.57,0.0,1,1,PREMATIPS
2025-09-13,16:15,Catanzaro , Carrarese,36.0,34.0,30.0,2.35,2.85,3.3,4.0,88.0,12.0,2.5,1.5,0.0,37,63,2.0,1.75,0.0,1,1,PREMATIPS
2025-09-13,16:25,Qadsia SC Kuwait , Al Naser Kuwait,42.0,33.0,25.0,1.51,3.9,5.0,1.0,84.0,16.0,1.65,2.1,0.0,16,84,1.75,1.93,0.0,4,0,PREMATIPS
2025-09-13,16:25,Al,Fayha,37.0,32.0,31.0,2.25,3.2,3.0,4.0,14.0,86.0,2.15,1.67,1.0,86,14,1.83,1.83,1.0,3,0,PREMATIPS
2025-09-13,16:30,Union Espanola , Audax Italiano,23.0,16.0,61.0,2.25,3.4,3.0,2.0,48.0,52.0,1.83,1.98,1.0,50,50,1.67,2.1,1.0,3,4,PREMATIPS
2025-09-13,16:30,Persepolis , Foolad Khuzestan,40.0,34.0,26.0,1.75,3.1,4.8,1.0,94.0,6.0,2.65,1.42,0.0,33,67,2.45,1.47,0.0,1,1,PREMATIPS
2025-09-13,16:30,Campobasso , Pineto,34.0,34.0,32.0,2.45,2.9,2.7,0.0,57.0,43.0,2.37,1.5,0.0,69,31,2.05,1.68,1.0,0,1,PREMATIPS
2025-09-13,16:30,Forli , Gubbio,35.0,33.0,32.0,2.3,2.95,2.85,4.0,79.0,21.0,2.45,1.49,0.0,47,53,2.1,1.63,0.0,0,1,PREMATIPS
2025-09-13,16:30,Pontedera , Rimini,46.0,35.0,19.0,1.42,3.9,6.75,1.0,68.0,32.0,2.05,1.66,0.0,36,64,2.35,1.52,0.0,2,1,PREMATIPS
2025-09-13,16:30,Picerno , Casarano,38.0,33.0,29.0,2.15,3.2,2.9,4.0,35.0,65.0,1.88,1.8,1.0,62,38,1.73,1.95,1.0,1,2,PREMATIPS
2025-09-13,16:30,Siracusa , Benevento,26.0,33.0,41.0,4.33,3.6,1.63,2.0,35.0,65.0,1.85,1.83,1.0,62,38,1.87,1.82,1.0,0,3,PREMATIPS
2025-09-13,16:30,Bokelj Kotor , Mornar Bar,27.0,47.0,26.0,2.6,3.0,2.45,4.0,27.0,73.0,1.95,1.73,1.0,76,24,1.77,1.93,1.0,1,2,PREMATIPS
2025-09-13,16:30,Wisla Plock , Cracovia Krakow,43.0,20.0,37.0,2.3,3.2,3.25,4.0,54.0,46.0,2.08,1.73,0.0,51,49,1.8,1.95,1.0,-,-,PREMATIPS
2025-09-13,16:30,NK Radomlje , Olimpija,32.0,15.0,53.0,5.0,4.0,1.55,2.0,35.0,65.0,1.75,1.93,1.0,52,48,1.85,1.83,1.0,3,2,PREMATIPS
2025-09-13,16:30,Halmstad , Norrkoping,31.0,20.0,49.0,2.75,3.25,2.45,2.0,46.0,54.0,1.98,1.83,1.0,50,50,1.75,2.0,1.0,1,1,PREMATIPS
2025-09-13,16:45,ML Vitebsk , Torpedo Zhodino,39.0,33.0,28.0,2.0,2.95,3.5,1.0,58.0,42.0,2.55,1.46,0.0,42,58,2.2,1.58,0.0,0,1,PREMATIPS
2025-09-13,16:45,Al,Taawoun,35.0,32.0,33.0,2.38,3.5,2.6,5.0,14.0,86.0,2.03,1.78,1.0,52,48,1.83,1.83,1.0,2,3,PREMATIPS
2025-09-13,17:00,ASO Chlef , MC El Bayadh,41.0,37.0,22.0,1.66,3.0,5.5,1.0,84.0,16.0,2.8,1.37,0.0,35,65,2.7,1.4,0.0,2,0,PREMATIPS
2025-09-13,17:00,Al,Najma Manama,42.0,34.0,24.0,1.52,3.55,5.76,1.0,75.0,25.0,1.88,1.78,0.0,16,84,1.94,1.71,0.0,1,1,PREMATIPS
2025-09-13,17:00,Budaiya Club ,Shabab Manama,26.0,34.0,40.0,3.44,3.12,1.98,2.0,75.0,25.0,2.09,1.63,0.0,16,84,1.87,1.76,0.0,1,1,PREMATIPS
2025-09-13,17:00,Omonia Nicosia , Akritas Chloraka,46.0,35.0,19.0,1.24,5.25,9.0,1.0,53.0,47.0,1.53,2.3,0.0,44,56,2.0,1.7,0.0,3,0,PREMATIPS
2025-09-13,17:00,Slavia Prague , Karvina,51.0,18.0,31.0,1.14,6.5,15.0,1.0,43.0,57.0,1.36,3.1,1.0,61,39,2.0,1.75,1.0,3,1,PREMATIPS
2025-09-13,17:00,SJK Seinajoki , HJK Helsinki,33.0,29.0,38.0,3.0,4.0,2.0,5.0,33.0,67.0,1.36,3.1,1.0,68,32,1.36,3.0,1.0,3,3,PREMATIPS
2025-09-13,17:00,Telavi , Gareji Sagarejo,28.0,35.0,37.0,2.85,2.95,2.3,6.0,61.0,39.0,2.35,1.53,0.0,48,52,2.0,1.68,0.0,0,0,PREMATIPS
2025-09-13,17:00,Juventus , Inter,33.0,34.0,33.0,2.75,3.0,2.75,0.0,59.0,41.0,2.2,1.67,0.0,28,72,1.91,1.91,0.0,4,3,PREMATIPS
2025-09-13,17:00,Milsami Orhei , Dacia Buiucani,43.0,33.0,24.0,1.45,3.86,5.5,1.0,44.0,56.0,1.59,2.08,1.0,53,47,1.72,1.98,1.0,3,2,PREMATIPS
2025-09-13,17:00,Brann Bergen , Valerenga Oslo,52.0,18.0,30.0,1.57,4.5,5.0,1.0,38.0,62.0,1.4,2.88,1.0,59,41,1.5,2.5,1.0,3,2,PREMATIPS
2025-09-13,17:00,Orlando Pirates , Stellenbosch,39.0,35.0,26.0,1.83,3.0,4.0,1.0,63.0,37.0,2.5,1.46,0.0,41,59,2.25,1.55,0.0,0,0,PREMATIPS
2025-09-13,17:00,Javor Ivanjica , IMT New Belgrade,17.0,55.0,28.0,2.35,3.1,2.65,6.0,37.0,63.0,1.93,1.77,1.0,66,34,1.75,1.93,1.0,2,0,PREMATIPS
2025-09-13,17:00,Radnik Surdulica , Radnicki 1923,25.0,34.0,41.0,3.0,3.3,2.05,6.0,62.0,38.0,1.78,1.9,0.0,47,53,1.68,2.05,0.0,2,3,PREMATIPS
2025-09-13,17:00,Thun , Basel,31.0,30.0,39.0,3.4,3.9,1.91,5.0,22.0,78.0,1.48,2.6,1.0,79,21,1.44,2.63,1.0,1,3,PREMATIPS
2025-09-13,17:00,Zurich , Servette,36.0,30.0,34.0,2.25,3.5,2.75,5.0,24.0,76.0,1.62,2.25,1.0,86,14,1.5,2.5,1.0,2,1,PREMATIPS
2025-09-13,17:00,Aarau , Vaduz,39.0,40.0,21.0,1.98,3.5,3.0,1.0,41.0,59.0,1.55,2.25,1.0,53,47,1.52,2.35,1.0,1,0,PREMATIPS
2025-09-13,17:00,Bellinzona ,Jona,34.0,32.0,34.0,2.37,3.25,2.55,0.0,41.0,59.0,1.87,1.82,1.0,47,53,1.73,1.98,0.0,1,1,PREMATIPS
2025-09-13,17:00,Kosice , Komarno,73.0,4.0,23.0,1.5,4.33,5.25,1.0,28.0,72.0,1.52,2.35,1.0,71,29,1.65,2.1,1.0,2,3,PREMATIPS
2025-09-13,17:00,Skalica , Spartak Trnava,18.0,43.0,39.0,4.6,3.6,1.66,2.0,43.0,57.0,1.82,1.85,1.0,43,57,1.82,1.87,0.0,0,4,PREMATIPS
2025-09-13,17:00,Trencin , Ruzomberok,91.0,6.0,3.0,2.25,3.4,2.75,1.0,35.0,65.0,1.65,2.1,1.0,59,41,1.57,2.25,1.0,0,3,PREMATIPS
2025-09-13,17:00,Corum , Vanspor,50.0,24.0,26.0,1.57,3.9,4.5,1.0,40.0,60.0,1.83,1.98,1.0,56,44,1.83,1.83,1.0,0,0,PREMATIPS
2025-09-13,17:00,Sivasspor , Sariyer SK,38.0,32.0,30.0,1.85,3.5,3.5,4.0,48.0,52.0,1.88,1.93,1.0,73,27,1.8,1.91,1.0,1,0,PREMATIPS
2025-09-13,17:00,Racing Club M. , Boston River,35.0,33.0,32.0,2.55,3.0,2.88,4.0,47.0,53.0,2.4,1.53,1.0,40,60,2.0,1.73,0.0,0,0,PREMATIPS
2025-09-13,17:15,Dender , Union SG,7.0,45.0,48.0,6.5,4.5,1.44,6.0,64.0,36.0,1.85,1.95,0.0,41,59,2.05,1.7,0.0,0,1,PREMATIPS
2025-09-13,17:15,Hibernians , Birkirkara,32.0,55.0,13.0,2.9,3.1,2.2,4.0,53.0,47.0,2.05,1.66,0.0,54,46,1.87,1.82,1.0,2,1,PREMATIPS
2025-09-13,17:15,Al,Ain,35.0,31.0,34.0,2.3,3.4,2.55,5.0,36.0,64.0,1.61,2.15,1.0,64,36,1.53,2.3,1.0,1,1,PREMATIPS
2025-09-13,17:30,Rudar Prijedor , Velez Mostar,53.0,10.0,37.0,3.4,3.25,1.93,1.0,61.0,39.0,2.05,1.66,0.0,41,59,1.9,1.78,0.0,1,3,PREMATIPS
2025-09-13,17:30,West Ham Utd , Tottenham,27.0,4.0,69.0,3.25,3.5,2.15,2.0,40.0,60.0,1.73,2.1,1.0,23,77,1.62,2.2,0.0,0,3,PREMATIPS
2025-09-13,17:30,Halifax Town , Eastleigh,41.0,18.0,41.0,2.0,3.2,3.6,5.0,52.0,48.0,2.15,1.67,0.0,47,53,1.95,1.8,0.0,2,2,PREMATIPS
2025-09-13,17:30,Bayern Munchen , Hamburger,48.0,36.0,16.0,1.06,12.0,23.0,1.0,44.0,56.0,1.17,5.0,1.0,37,63,1.95,1.8,0.0,5,0,PREMATIPS
2025-09-13,17:30,Petrovac , Mladost DG,27.0,50.0,23.0,1.95,3.1,3.5,4.0,40.0,60.0,2.05,1.66,1.0,76,24,1.88,1.8,1.0,4,0,PREMATIPS
2025-09-13,17:30,Alta , Rana FK,42.0,9.0,49.0,2.05,3.8,2.7,2.0,34.0,66.0,1.38,2.75,1.0,58,42,1.39,2.75,1.0,3,3,PREMATIPS
2025-09-13,17:30,Krasnodar , Akron Tolyatti,64.0,22.0,14.0,1.36,5.47,8.7,1.0,51.0,49.0,1.49,2.51,0.0,56,44,1.83,1.94,1.0,2,1,PREMATIPS
2025-09-13,17:30,Cove Rangers , Inverness,14.0,24.0,62.0,5.55,3.66,1.55,2.0,56.0,44.0,1.92,1.77,0.0,36,64,1.97,1.73,0.0,0,1,PREMATIPS
2025-09-13,17:30,Athletic Bilbao , Alaves,70.0,9.0,21.0,1.57,3.9,6.0,1.0,53.0,47.0,2.38,1.57,0.0,63,37,2.38,1.53,1.0,0,1,PREMATIPS
2025-09-13,17:30,Huesca , Malaga,36.0,30.0,34.0,2.2,3.0,3.5,5.0,58.0,42.0,2.88,1.4,0.0,62,38,2.25,1.57,1.0,1,0,PREMATIPS
2025-09-13,17:30,Merida AD , Celta Fortuna,36.0,32.0,32.0,2.1,3.1,3.25,0.0,72.0,28.0,2.15,1.67,0.0,15,85,1.83,1.83,0.0,2,4,PREMATIPS
2025-09-13,17:30,Gimnastic , Atl. Sanluqueno,42.0,34.0,24.0,1.53,3.5,5.5,1.0,38.0,62.0,2.05,1.75,1.0,64,36,2.1,1.67,1.0,1,3,PREMATIPS
2025-09-13,17:45,Bnei Sakhnin , Hapoel Haifa,59.0,4.0,37.0,2.7,3.2,2.45,1.0,25.0,75.0,2.1,1.7,1.0,67,33,1.83,1.83,1.0,0,2,PREMATIPS
2025-09-13,17:45,H. Petah Tikva , Maccabi Netanya,33.0,31.0,36.0,2.7,3.1,2.5,5.0,42.0,58.0,1.95,1.85,1.0,34,66,1.73,2.0,0.0,3,1,PREMATIPS
2025-09-13,17:45,Go Ahead Eagles , Volendam,12.0,73.0,15.0,1.5,4.75,5.5,6.0,29.0,71.0,1.33,3.4,1.0,75,25,1.44,2.63,1.0,3,0,PREMATIPS
2025-09-13,17:45,NEC Nijmegen , PSV Eindhoven,28.0,30.0,42.0,4.75,4.2,1.65,2.0,29.0,71.0,1.33,3.4,1.0,50,50,1.4,2.75,1.0,3,5,PREMATIPS
2025-09-13,17:45,Hibernian , Dundee Utd,18.0,68.0,14.0,1.68,4.0,4.33,4.0,41.0,59.0,1.8,2.0,1.0,75,25,1.75,2.0,1.0,3,3,PREMATIPS
2025-09-13,18:00,Vllaznia , Partizani,41.0,35.0,24.0,1.95,2.84,3.91,1.0,73.0,27.0,2.46,1.45,0.0,31,69,2.18,1.6,0.0,4,1,PREMATIPS
2025-09-13,18:00,Anorthosis , AEK Larnaca,27.0,33.0,40.0,4.2,3.4,1.71,2.0,70.0,30.0,1.88,1.8,0.0,27,73,1.85,1.83,0.0,1,1,PREMATIPS
2025-09-13,18:00,Pafos , Apollon Limassol,44.0,34.0,22.0,1.41,4.1,6.25,1.0,53.0,47.0,1.87,1.8,0.0,27,73,2.15,1.62,0.0,0,1,PREMATIPS
2025-09-13,18:00,Artis Brno , Sparta Prague B,57.0,15.0,28.0,1.38,4.5,6.5,1.0,35.0,65.0,1.73,2.08,1.0,43,57,2.0,1.73,0.0,5,0,PREMATIPS
2025-09-13,18:00,Cer. Cleopatra , Smouha,36.0,34.0,30.0,2.3,2.75,3.0,4.0,84.0,16.0,2.75,1.39,0.0,30,70,2.3,1.55,0.0,1,0,PREMATIPS
2025-09-13,18:00,Zamalek , El Masry,36.0,34.0,30.0,2.1,2.87,3.25,4.0,50.0,50.0,2.4,1.49,0.0,43,57,2.1,1.65,0.0,3,0,PREMATIPS
2025-09-13,18:00,Torpedo Kutaisi , Samgurali,50.0,21.0,29.0,1.71,3.4,4.2,1.0,59.0,41.0,2.05,1.66,0.0,47,53,2.0,1.71,0.0,6,2,PREMATIPS
2025-09-13,18:00,Atromitos , Aris,31.0,33.0,36.0,2.57,3.1,2.7,6.0,95.0,5.0,2.4,1.53,0.0,7,93,2.0,1.75,0.0,1,2,PREMATIPS
2025-09-13,18:00,Panetolikos , Volos,34.0,33.0,33.0,2.5,3.1,2.85,0.0,95.0,5.0,2.4,1.53,0.0,7,93,2.05,1.7,0.0,1,2,PREMATIPS
2025-09-13,18:00,Vasas Budapest , Puskas Akademia,26.0,31.0,43.0,5.16,4.03,1.5,2.0,37.0,63.0,1.58,2.23,1.0,59,41,1.69,2.0,1.0,4,1,PREMATIPS
2025-09-13,18:00,Ironi Tiberias , Maccabi Tel Aviv,20.0,34.0,46.0,9.0,5.75,1.25,2.0,25.0,75.0,1.57,2.35,1.0,17,83,2.1,1.67,0.0,1,4,PREMATIPS
2025-09-13,18:00,Kiryat Shmona , M. Bnei Reineh,35.0,32.0,33.0,2.3,3.1,2.8,5.0,25.0,75.0,2.05,1.75,1.0,51,49,1.8,1.91,1.0,3,1,PREMATIPS
2025-09-13,18:00,Pr. Niedercorn , UNA Strassen,39.0,17.0,44.0,2.15,3.2,2.9,5.0,35.0,65.0,1.75,1.95,1.0,53,47,1.62,2.15,1.0,0,1,PREMATIPS
2025-09-13,18:00,FUS Rabat , Raja Casablanca,33.0,34.0,33.0,2.3,3.1,2.8,0.0,92.0,8.0,2.4,1.53,0.0,16,84,2.1,1.67,0.0,0,2,PREMATIPS
2025-09-13,18:00,Buducnost , Jedinstvo,57.0,19.0,24.0,1.34,4.38,6.84,1.0,54.0,46.0,1.5,2.32,0.0,56,44,1.71,1.95,1.0,1,1,PREMATIPS
2025-09-13,18:00,Asker , Strommen,17.0,20.0,63.0,6.5,4.8,1.33,2.0,28.0,72.0,1.41,2.65,1.0,64,36,1.65,2.1,1.0,2,2,PREMATIPS
2025-09-13,18:00,Porto , Nacional Madeira,47.0,36.0,17.0,1.15,6.5,17.0,1.0,51.0,49.0,1.6,2.3,0.0,38,62,2.38,1.53,0.0,1,0,PREMATIPS
2025-09-13,18:00,Al, Qatar SC,44.0,5.0,49.0,1.5,4.2,4.75,2.0,53.0,47.0,1.46,2.5,0.0,49,51,1.55,2.25,0.0,1,1,PREMATIPS
2025-09-13,18:00,Besiktas , Ist. Basaksehir,41.0,32.0,27.0,1.56,4.2,5.25,1.0,66.0,34.0,1.57,2.35,0.0,50,50,1.62,2.2,1.0,2,1,PREMATIPS
2025-09-13,18:00,Konyaspor , Alanyaspor,40.0,33.0,27.0,2.01,3.5,3.5,1.0,49.0,51.0,2.0,1.8,1.0,50,50,1.8,1.91,1.0,1,2,PREMATIPS
2025-09-13,18:15,CSKA Sofia , Septemvri Sofia,47.0,37.0,16.0,1.27,4.75,11.0,1.0,56.0,44.0,1.85,1.95,0.0,52,48,2.38,1.53,1.0,3,1,PREMATIPS
2025-09-13,18:15,Zabbar , Naxxar Lions,42.0,34.0,24.0,1.49,3.8,5.5,1.0,36.0,64.0,1.93,1.75,1.0,71,29,2.05,1.66,1.0,1,1,PREMATIPS
2025-09-13,18:30,Godoy Cruz , Barracas Central,39.0,34.0,27.0,2.05,3.0,4.1,1.0,55.0,45.0,2.88,1.4,0.0,56,44,2.25,1.57,1.0,0,0,PREMATIPS
2025-09-13,18:30,Sampdoria , Cesena,13.0,11.0,76.0,2.55,3.0,2.82,2.0,54.0,46.0,2.5,1.5,0.0,70,30,2.05,1.7,1.0,1,2,PREMATIPS
2025-09-13,18:30,Slask Wroclaw , Puszcza Niepol.,35.0,57.0,8.0,1.8,3.7,4.1,1.0,42.0,58.0,1.83,1.98,1.0,70,30,1.73,2.0,1.0,2,0,PREMATIPS
2025-09-13,18:30,Stal Rzeszow , Znicz Pruszkow,68.0,23.0,9.0,2.0,3.75,3.4,1.0,29.0,71.0,1.62,2.25,1.0,53,47,1.53,2.38,1.0,1,0,PREMATIPS
2025-09-13,18:30,Wisla Krakow , Odra Opole,45.0,34.0,21.0,1.33,5.0,8.0,1.0,38.0,62.0,1.6,2.3,1.0,46,54,1.91,1.8,0.0,2,2,PREMATIPS
2025-09-13,18:30,OFK Belgrade , Novi Pazar,33.0,41.0,26.0,2.1,3.2,2.95,4.0,37.0,63.0,1.83,1.85,1.0,77,23,1.7,2.0,1.0,0,2,PREMATIPS
2025-09-13,18:40,Al Tadamon , Al Kuwait,21.0,33.0,46.0,9.75,6.0,1.2,2.0,84.0,16.0,1.37,2.85,0.0,16,84,1.8,1.87,0.0,1,3,PREMATIPS
2025-09-13,18:45,Rijeka , Lok. Zagreb,31.0,30.0,39.0,1.55,3.5,5.5,6.0,49.0,51.0,1.9,1.9,1.0,57,43,1.91,1.8,1.0,1,1,PREMATIPS
2025-09-13,19:00,CR Belouizdad , JS Saoura,43.0,36.0,21.0,1.46,3.6,6.5,1.0,84.0,16.0,2.3,1.55,0.0,51,49,2.5,1.46,1.0,1,2,PREMATIPS
2025-09-13,19:00,USM Alger , USM Khenchela,44.0,36.0,20.0,1.45,3.64,7.04,1.0,84.0,16.0,2.32,1.52,0.0,46,54,2.52,1.45,0.0,1,1,PREMATIPS
2025-09-13,19:00,Austria Wien II , First Vienna,29.0,32.0,39.0,3.0,3.3,2.15,6.0,55.0,45.0,1.83,1.85,0.0,52,48,1.71,2.0,1.0,1,1,PREMATIPS
2025-09-13,19:00,Club Brugge NXT , RFC Liege,17.0,23.0,60.0,2.63,3.7,2.25,2.0,65.0,35.0,1.57,2.35,0.0,47,53,1.5,2.5,0.0,0,2,PREMATIPS
2025-09-13,19:00,Francs Borains , Eupen,36.0,31.0,33.0,2.3,3.3,2.8,5.0,78.0,22.0,1.9,1.9,0.0,38,62,1.73,2.0,0.0,0,3,PREMATIPS
2025-09-13,19:00,Jong Genk , Kortrijk,24.0,33.0,43.0,5.93,4.33,1.42,2.0,59.0,41.0,1.53,2.31,0.0,33,67,1.68,2.02,0.0,1,3,PREMATIPS
2025-09-13,19:00,Palestino , O'Higgins,36.0,30.0,34.0,2.15,3.2,3.3,5.0,58.0,42.0,1.95,1.85,0.0,47,53,1.73,2.0,0.0,1,2,PREMATIPS
2025-09-13,19:00,Clermont Foot , Saint Etienne,20.0,53.0,27.0,3.7,3.6,1.83,2.0,53.0,47.0,1.75,2.05,0.0,49,51,1.73,2.0,0.0,1,2,PREMATIPS
2025-09-13,19:00,Tlaxcala , Tapatio,20.0,32.0,48.0,2.2,3.3,2.75,6.0,35.0,65.0,1.72,1.98,1.0,58,42,1.62,2.15,1.0,1,0,PREMATIPS
2025-09-13,19:00,Sport Boys , Comerciantes Un,47.0,10.0,43.0,1.53,3.6,7.0,1.0,53.0,47.0,2.1,1.7,0.0,48,52,2.2,1.62,0.0,0,1,PREMATIPS
2025-09-13,19:00,Al,Qadsiah,43.0,31.0,26.0,1.67,4.0,3.9,1.0,48.0,52.0,1.5,2.5,1.0,52,48,1.5,2.5,1.0,2,2,PREMATIPS
2025-09-13,19:00,Vojvodina , Cukaricki,41.0,32.0,27.0,1.62,3.6,4.4,1.0,44.0,56.0,1.75,1.93,1.0,65,35,1.78,1.9,1.0,3,1,PREMATIPS
2025-09-13,19:15,Piast Gliwice , Jagiellonia,34.0,32.0,34.0,2.4,3.25,3.0,0.0,49.0,51.0,2.1,1.7,1.0,45,55,1.91,1.91,0.0,1,1,PREMATIPS
2025-09-13,19:15,Maribor , Mura,58.0,26.0,16.0,1.49,4.2,5.5,1.0,35.0,65.0,1.55,2.25,1.0,57,43,1.68,2.05,1.0,1,0,PREMATIPS
2025-09-13,19:30,Def. de Belgrano , Chaco For Ever,36.0,35.0,29.0,2.2,3.0,3.5,4.0,73.0,27.0,3.4,1.33,0.0,35,65,2.63,1.44,0.0,0,0,PREMATIPS
2025-09-13,19:30,Est. Buenos Aires , Def. Unidos,43.0,37.0,20.0,1.42,3.9,7.5,1.0,72.0,28.0,2.4,1.53,0.0,34,66,2.75,1.4,0.0,3,0,PREMATIPS
2025-09-13,19:30,Hannover 96 , Hertha Berlin,67.0,25.0,8.0,1.75,4.0,4.1,1.0,60.0,40.0,1.53,2.4,0.0,42,58,1.53,2.38,0.0,0,3,PREMATIPS
2025-09-13,19:30,Sliema Wanderers , Tarxien Rainbows,45.0,34.0,21.0,1.32,4.6,7.25,1.0,70.0,30.0,1.68,2.05,0.0,54,46,2.05,1.68,1.0,1,0,PREMATIPS
2025-09-13,19:30,Sutjeska Niksic , Arsenal Tivat,24.0,59.0,17.0,1.8,3.35,3.76,1.0,47.0,53.0,1.79,1.84,1.0,56,44,1.71,1.94,1.0,2,0,PREMATIPS
2025-09-13,19:30,Metaloglobus , CFR Cluj,25.0,28.0,47.0,7.5,3.8,1.42,6.0,31.0,69.0,1.95,1.85,1.0,74,26,2.1,1.67,1.0,1,1,PREMATIPS
2025-09-13,19:30,St. Gallen , Lugano,84.0,4.0,12.0,2.1,3.5,3.1,1.0,15.0,85.0,1.83,1.98,1.0,71,29,1.67,2.1,1.0,1,0,PREMATIPS
2025-09-13,19:30,Zilina , Slovan Brat.,32.0,45.0,23.0,3.4,3.8,1.85,4.0,37.0,63.0,1.42,2.65,1.0,63,37,1.43,2.6,1.0,3,3,PREMATIPS
2025-09-13,19:30,Liverpool M. , Penarol,29.0,33.0,38.0,3.6,3.25,2.0,6.0,53.0,47.0,2.35,1.57,0.0,46,54,2.1,1.67,0.0,2,2,PREMATIPS
2025-09-13,19:45,RAAL La Louviere , Club Brugge,18.0,30.0,52.0,5.75,4.5,1.48,2.0,62.0,38.0,1.67,2.15,0.0,50,50,1.8,1.95,1.0,1,0,PREMATIPS
2025-09-13,19:45,Fiorentina , Napoli,29.0,34.0,37.0,4.2,3.2,2.0,6.0,92.0,8.0,2.38,1.57,0.0,28,72,2.05,1.7,0.0,1,3,PREMATIPS
2025-09-13,20:00,Oriente Petrolero , CDT Real Oruro,34.0,33.0,33.0,1.46,4.0,5.75,0.0,36.0,64.0,1.5,2.5,1.0,69,31,1.62,2.2,1.0,3,0,PREMATIPS
2025-09-13,20:00,Fortaleza CE , Vitoria BA,30.0,33.0,37.0,1.85,3.4,4.75,6.0,54.0,46.0,2.15,1.67,0.0,48,52,2.0,1.75,0.0,2,0,PREMATIPS
2025-09-13,20:00,Gremio RS , Mirassol SP,24.0,38.0,38.0,2.2,3.1,3.6,6.0,61.0,39.0,2.15,1.67,0.0,58,42,1.91,1.91,1.0,0,1,PREMATIPS
2025-09-13,20:00,Paysandu PA , America MG,37.0,25.0,38.0,2.1,3.1,3.5,5.0,61.0,39.0,2.25,1.62,0.0,48,52,1.91,1.8,0.0,0,0,PREMATIPS
2025-09-13,20:00,Fortaleza CEIF , America de Cali,54.0,37.0,9.0,2.75,2.9,2.75,1.0,60.0,40.0,2.5,1.5,0.0,53,47,2.0,1.73,1.0,1,0,PREMATIPS
2025-09-13,20:00,Ind. del Valle , Vinotinto,50.0,35.0,15.0,1.27,5.0,9.0,1.0,50.0,50.0,1.67,2.15,1.0,55,45,2.0,1.73,1.0,3,1,PREMATIPS
2025-09-13,20:00,Brentford , Chelsea,29.0,31.0,40.0,4.1,3.8,1.83,2.0,52.0,48.0,1.73,2.1,0.0,45,55,1.67,2.1,0.0,2,2,PREMATIPS
2025-09-13,20:00,FAR Rabat , Yacoub El Mansour,45.0,36.0,19.0,1.38,3.7,9.0,1.0,92.0,8.0,2.2,1.65,0.0,16,84,2.63,1.44,0.0,2,0,PREMATIPS
2025-09-13,20:00,Feyenoord , Heerenveen,84.0,9.0,7.0,1.35,5.18,7.42,1.0,32.0,68.0,1.43,2.67,1.0,62,38,1.68,2.08,1.0,1,0,PREMATIPS
2025-09-13,20:00,Twente , NAC Breda,43.0,33.0,24.0,1.55,4.2,5.5,1.0,54.0,46.0,1.7,2.1,0.0,34,66,1.8,1.95,0.0,2,2,PREMATIPS
2025-09-13,20:00,Atletico Madrid , Villarreal,5.0,82.0,13.0,1.75,3.8,4.5,6.0,64.0,36.0,1.73,2.1,0.0,63,37,1.67,2.1,1.0,2,0,PREMATIPS
2025-09-13,20:00,Valladolid , Almeria,36.0,31.0,33.0,2.2,3.3,3.1,5.0,49.0,51.0,1.95,1.85,1.0,54,46,1.73,2.0,1.0,3,1,PREMATIPS
2025-09-13,20:00,Antequera , Alcorcon,36.0,32.0,32.0,2.25,3.0,2.88,0.0,71.0,29.0,2.25,1.62,0.0,30,70,1.91,1.8,0.0,1,2,PREMATIPS
2025-09-13,20:00,Sevilla B , Betis B,36.0,33.0,31.0,2.15,3.1,3.1,4.0,54.0,46.0,2.25,1.62,0.0,64,36,2.0,1.73,1.0,1,0,PREMATIPS
2025-09-13,20:05,Auxerre , Monaco,27.0,31.0,42.0,5.0,4.5,1.6,2.0,50.0,50.0,1.44,2.75,1.0,47,53,1.53,2.38,0.0,1,2,PREMATIPS
2025-09-13,20:30,Dep. Moron , Temperley,38.0,36.0,26.0,2.05,2.75,4.33,4.0,77.0,23.0,3.6,1.29,0.0,30,70,2.75,1.4,0.0,0,1,PREMATIPS
2025-09-13,20:30,Gen.Caballero JLM , Cerro Porteno,22.0,30.0,48.0,4.75,3.7,1.67,2.0,54.0,46.0,2.1,1.7,0.0,44,56,2.0,1.73,0.0,2,1,PREMATIPS
2025-09-13,20:30,Famalicao , Sporting CP,23.0,33.0,44.0,6.25,4.75,1.42,2.0,51.0,49.0,1.65,2.2,0.0,30,70,1.8,1.95,0.0,1,2,PREMATIPS
2025-09-13,20:45,Independiente , Banfield,42.0,35.0,23.0,1.62,3.5,6.0,1.0,52.0,48.0,2.5,1.5,0.0,49,51,2.38,1.53,0.0,0,1,PREMATIPS
2025-09-13,21:00,Nautico PE , Guarani SP,40.0,34.0,26.0,1.87,3.1,3.8,1.0,60.0,40.0,2.25,1.55,0.0,42,58,2.05,1.66,0.0,0,2,PREMATIPS
2025-09-13,21:00,Cavalry , HFX Wanderers,38.0,32.0,30.0,1.95,3.25,3.3,4.0,51.0,49.0,1.88,1.8,0.0,54,46,1.75,1.93,1.0,3,1,PREMATIPS
2025-09-13,21:15,Alianza Atl. , Juan Pablo II,24.0,60.0,16.0,1.5,3.75,7.0,4.0,71.0,29.0,2.2,1.65,0.0,36,64,2.25,1.57,0.0,0,1,PREMATIPS
2025-09-13,21:30,Cobresal , Huachipato,43.0,26.0,31.0,1.91,3.5,3.8,1.0,48.0,52.0,1.83,1.98,1.0,52,48,1.67,2.1,1.0,3,2,PREMATIPS
2025-09-13,22:00,ART Mun. Jalapa , Walter Ferretti,29.0,30.0,41.0,3.7,3.5,1.77,6.0,35.0,65.0,1.6,2.2,1.0,64,36,1.58,2.2,1.0,3,0,PREMATIPS
2025-09-13,22:00,Cerro Largo Melo , Defensor Sp.,33.0,33.0,34.0,2.9,3.0,2.5,0.0,75.0,25.0,2.7,1.44,0.0,24,76,2.2,1.62,0.0,1,0,PREMATIPS
2025-09-13,22:00,Zamora Barinas , Rayo Zuliano,58.0,12.0,30.0,1.9,3.0,3.8,1.0,59.0,41.0,2.35,1.52,0.0,37,63,2.1,1.63,0.0,1,0,PREMATIPS
2025-09-13,22:10,Alianza Valledupar , Millonarios,48.0,17.0,35.0,2.75,3.1,2.63,1.0,53.0,47.0,2.4,1.53,0.0,47,53,2.0,1.73,0.0,3,0,PREMATIPS
2025-09-13,22:30,Nacional Potosi , SA Bulo Bulo,38.0,25.0,37.0,1.45,4.1,6.0,5.0,50.0,50.0,1.44,2.7,1.0,56,44,1.57,2.25,1.0,2,3,PREMATIPS
2025-09-13,22:30,Palmeiras SP , Internacional RS,46.0,30.0,24.0,1.62,3.8,5.75,1.0,55.0,45.0,2.1,1.7,0.0,53,47,2.05,1.7,1.0,4,1,PREMATIPS
2025-09-13,22:30,Vila Nova GO , Remo PA,31.0,36.0,33.0,1.96,3.0,4.1,6.0,69.0,31.0,2.7,1.44,0.0,46,54,2.38,1.53,0.0,1,1,PREMATIPS
2025-09-13,22:30,Un. Catolica Q. , Delfin Manta,42.0,36.0,22.0,1.3,4.75,9.0,4.0,52.0,48.0,1.7,2.1,0.0,53,47,2.1,1.67,1.0,1,1,PREMATIPS
2025-09-13,23:00,Estudiantes LP , River Plate,32.0,33.0,35.0,2.75,3.2,2.5,6.0,60.0,40.0,2.5,1.5,0.0,41,59,2.1,1.67,0.0,1,2,PREMATIPS
2025-09-13,23:00,Sp. Luqueno , Libertad,37.0,37.0,26.0,4.1,3.4,1.85,4.0,65.0,35.0,2.2,1.65,0.0,36,64,2.0,1.73,0.0,1,4,PREMATIPS
2025-09-13,23:30,Caxias RS , Sao Bernardo SP,37.0,34.0,29.0,2.0,3.0,3.4,4.0,63.0,37.0,2.45,1.49,0.0,43,57,2.15,1.61,0.0,0,0,PREMATIPS
2025-09-14,00:00,Pacific , Vancouver FC,37.0,31.0,32.0,2.15,3.36,2.91,5.0,46.0,54.0,1.68,2.04,1.0,58,42,1.57,2.22,1.0,1,1,PREMATIPS
2025-09-14,00:00,Dep. Limache , U. Catolica,23.0,34.0,43.0,3.0,3.1,2.35,6.0,52.0,48.0,2.1,1.7,0.0,55,45,1.83,1.83,1.0,0,1,PREMATIPS
2025-09-14,00:00,Herediano , Sp. San Jose,78.0,9.0,13.0,1.7,3.4,4.5,1.0,50.0,50.0,1.98,1.83,0.0,47,53,1.83,1.83,0.0,0,0,PREMATIPS
2025-09-14,00:00,Comunicaciones , Antigua GFC,28.0,25.0,47.0,1.98,3.2,3.2,6.0,46.0,54.0,1.8,1.88,1.0,50,50,1.7,2.0,1.0,0,3,PREMATIPS
2025-09-14,00:00,Pachuca , Cruz Azul,34.0,31.0,35.0,2.75,3.4,2.45,5.0,44.0,56.0,1.73,2.08,1.0,52,48,1.57,2.25,1.0,0,1,PREMATIPS
2025-09-14,00:00,Alebrijes Oaxaca , Atlante,28.0,31.0,41.0,3.6,3.5,1.78,2.0,26.0,74.0,1.72,1.98,1.0,66,34,1.7,2.0,1.0,0,3,PREMATIPS
2025-09-14,00:15,Victoria La Ceiba , Juticalpa,20.0,17.0,63.0,1.78,3.4,3.75,2.0,47.0,53.0,2.1,1.63,1.0,36,64,2.0,1.7,0.0,2,3,PREMATIPS
2025-09-14,00:20,Once Caldas , Envigado,34.0,28.0,38.0,1.73,3.6,4.75,5.0,66.0,34.0,2.2,1.65,0.0,53,47,2.1,1.67,1.0,1,0,PREMATIPS
2025-09-14,00:30,Aurora Cochabamba , The Strongest,11.0,19.0,70.0,2.57,3.5,2.4,2.0,30.0,70.0,1.48,2.6,1.0,71,29,1.4,2.75,1.0,2,1,PREMATIPS
2025-09-14,00:30,Atlanta Utd , Columbus Crew,22.0,42.0,36.0,3.0,4.0,2.05,6.0,44.0,56.0,1.5,2.5,1.0,64,36,1.44,2.63,1.0,4,5,PREMATIPS
2025-09-14,00:30,CF Montreal , St. Louis City,39.0,27.0,34.0,2.55,3.9,2.4,5.0,44.0,56.0,1.44,2.7,1.0,59,41,1.4,2.75,1.0,0,2,PREMATIPS
2025-09-14,00:30,Charlotte FC , Inter Miami,45.0,20.0,35.0,2.54,3.77,2.41,4.0,37.0,63.0,1.46,2.59,1.0,63,37,1.41,2.72,1.0,3,0,PREMATIPS
2025-09-14,00:30,DC United , Orlando City,22.0,37.0,41.0,3.6,3.8,1.91,6.0,38.0,62.0,1.67,2.15,1.0,64,36,1.62,2.2,1.0,1,1,PREMATIPS
2025-09-14,00:30,FC Cincinnati , Nashville SC,47.0,17.0,36.0,2.45,3.8,2.55,1.0,44.0,56.0,1.7,2.1,1.0,55,45,1.62,2.2,1.0,2,1,PREMATIPS
2025-09-14,00:30,New England Rev , Toronto,45.0,25.0,30.0,1.86,4.0,3.6,4.0,54.0,46.0,1.65,2.2,0.0,53,47,1.62,2.2,1.0,1,1,PREMATIPS
2025-09-14,00:30,Puerto Cabello , Dep. La Guaira,25.0,29.0,46.0,3.3,3.1,2.0,2.0,44.0,56.0,2.1,1.63,1.0,48,52,1.93,1.75,0.0,1,0,PREMATIPS
2025-09-14,01:00,Ind. Petrolero , Blooming,22.0,39.0,39.0,1.86,3.3,3.9,6.0,34.0,66.0,1.6,2.3,1.0,73,27,1.53,2.38,1.0,-,-,PREMATIPS
2025-09-14,01:00,Fluminense RJ , Corinthians SP,43.0,27.0,30.0,2.1,3.0,4.1,1.0,57.0,43.0,2.7,1.44,0.0,52,48,2.25,1.57,1.0,0,1,PREMATIPS
2025-09-14,01:00,Orense SC , Mushuc Runa,57.0,24.0,19.0,1.71,3.4,4.5,1.0,55.0,45.0,2.15,1.67,0.0,56,44,2.0,1.73,1.0,3,1,PREMATIPS
2025-09-14,01:00,Alianza Lima , Dep. Garcilaso,45.0,34.0,21.0,1.32,4.74,8.37,1.0,66.0,34.0,1.77,1.97,0.0,49,51,2.13,1.64,0.0,3,4,PREMATIPS
2025-09-14,01:15,Sarmiento Junin , Aldosivi,37.0,34.0,29.0,2.2,2.82,3.75,4.0,67.0,33.0,3.1,1.36,0.0,29,71,2.25,1.57,0.0,2,0,PREMATIPS
2025-09-14,01:30,Gimnasia y Tiro , Arsenal Sarandi,44.0,28.0,28.0,1.96,2.75,4.75,1.0,72.0,28.0,3.4,1.33,0.0,38,62,2.63,1.44,0.0,3,0,PREMATIPS
2025-09-14,01:30,Chicago Fire , New York City,34.0,32.0,34.0,2.05,3.7,3.25,5.0,39.0,61.0,1.53,2.4,1.0,60,40,1.5,2.5,1.0,1,3,PREMATIPS
2025-09-14,01:30,Dallas , Austin FC,41.0,21.0,38.0,2.55,3.7,2.45,5.0,52.0,48.0,1.67,2.15,0.0,56,44,1.57,2.25,1.0,2,0,PREMATIPS
2025-09-14,01:30,Seattle Sounders , LA Galaxy,50.0,34.0,16.0,1.33,6.0,7.0,1.0,43.0,57.0,1.44,2.7,1.0,55,45,1.75,2.0,1.0,2,2,PREMATIPS
2025-09-14,01:30,SJ Earthquakes , Los Angeles FC,25.0,42.0,33.0,3.2,3.9,2.05,6.0,40.0,60.0,1.5,2.5,1.0,63,37,1.44,2.63,1.0,2,4,PREMATIPS
2025-09-14,02:00,Inter FA , Zacatecoluca FC,49.0,22.0,29.0,2.05,3.2,3.1,1.0,57.0,43.0,2.25,1.55,0.0,43,57,2.05,1.66,0.0,1,1,PREMATIPS
2025-09-14,02:00,Isidro Metapan , Hercules Salvador,48.0,32.0,20.0,1.49,3.8,5.75,1.0,44.0,56.0,1.93,1.75,1.0,53,47,2.1,1.65,1.0,3,1,PREMATIPS
2025-09-14,02:00,Luis Angel Firpo , Aguila,45.0,32.0,23.0,1.73,3.25,4.2,1.0,53.0,47.0,2.0,1.7,0.0,40,60,1.93,1.75,0.0,1,0,PREMATIPS
2025-09-14,02:00,Dep. Mictlan , Dep. Achuapa,10.0,69.0,21.0,1.87,3.1,3.8,6.0,55.0,45.0,2.3,1.53,0.0,45,55,2.1,1.65,0.0,1,0,PREMATIPS
2025-09-14,02:00,Atlas , Santos Laguna,40.0,32.0,28.0,1.68,4.0,4.33,1.0,34.0,66.0,1.7,2.1,1.0,56,44,1.67,2.1,1.0,2,2,PREMATIPS
2025-09-14,02:00,Tigres UANL , Leon,60.0,7.0,33.0,1.42,4.5,6.25,1.0,45.0,55.0,1.53,2.4,1.0,49,51,1.7,2.05,0.0,0,0,PREMATIPS
2025-09-14,02:00,Atletico Morelia , Dorados Sinaloa,80.0,8.0,12.0,1.36,4.6,6.25,1.0,36.0,64.0,1.61,2.15,1.0,45,55,1.88,1.8,0.0,2,1,PREMATIPS
2025-09-14,02:00,Cancun , Venados,73.0,11.0,16.0,1.65,3.4,4.4,1.0,38.0,62.0,1.73,1.95,1.0,47,53,1.73,1.98,0.0,1,0,PREMATIPS
2025-09-14,02:00,Real Esteli , Matagalpa,43.0,29.0,28.0,1.28,4.75,8.5,4.0,43.0,57.0,1.77,1.93,1.0,61,39,2.1,1.63,1.0,2,1,PREMATIPS
2025-09-14,02:30,Atl. Nacional , CA Bucaramanga,37.0,26.0,37.0,1.55,4.2,5.5,5.0,44.0,56.0,2.05,1.75,1.0,62,38,2.1,1.67,1.0,0,3,PREMATIPS
2025-09-14,02:30,Motagua , Lobos UPNFM,38.0,19.0,43.0,1.36,4.5,6.5,5.0,42.0,58.0,1.65,2.1,1.0,55,45,1.93,1.77,1.0,3,3,PREMATIPS
2025-09-14,02:30,Colorado Rapids , Houston Dynamo,39.0,29.0,32.0,1.96,3.75,3.4,4.0,44.0,56.0,1.57,2.35,1.0,56,44,1.53,2.38,1.0,2,1,PREMATIPS
2025-09-14,02:30,Real Salt Lake , Sporting Kansas,55.0,15.0,30.0,1.46,4.75,5.5,1.0,45.0,55.0,1.36,3.1,1.0,59,41,1.5,2.5,1.0,2,1,PREMATIPS
2025-09-14,02:35,V. Whitecaps , Philadelphia Un,37.0,31.0,32.0,2.1,3.7,3.1,5.0,43.0,57.0,1.62,2.25,1.0,52,48,1.53,2.38,1.0,7,0,PREMATIPS
2025-09-14,03:00,LD Alajuelense , Mun. Liberia,34.0,9.0,57.0,1.6,3.6,5.25,2.0,54.0,46.0,1.9,1.9,0.0,39,61,1.83,1.83,0.0,2,0,PREMATIPS
2025-09-14,03:30,Portland Timbers , NY Red Bulls,38.0,31.0,31.0,2.1,3.75,3.2,1.0,50.0,50.0,1.8,2.0,1.0,55,45,1.67,2.1,1.0,2,1,PREMATIPS
2025-09-14,03:30,San Diego FC , Minnesota Utd,40.0,31.0,29.0,1.71,4.1,4.1,1.0,44.0,56.0,1.6,2.3,1.0,57,43,1.62,2.2,1.0,1,3,PREMATIPS
2025-09-14,04:00,Xelaju MC , Aurora Guatemala,34.0,18.0,48.0,1.48,3.78,5.75,6.0,55.0,45.0,1.94,1.75,0.0,54,46,2.05,1.66,1.0,2,2,PREMATIPS
2025-09-14,04:00,Dep. Toluca , Puebla,61.0,29.0,10.0,1.33,5.25,8.0,1.0,44.0,56.0,1.53,2.4,1.0,56,44,1.8,1.95,1.0,3,1,PREMATIPS
2025-09-14,04:15,Club America , Guadalajara,67.0,20.0,13.0,1.76,3.8,4.2,1.0,45.0,55.0,1.9,1.9,1.0,64,36,1.8,1.95,1.0,1,2,PREMATIPS
2025-09-14,06:00,SKA, FC Chelyabinsk,23.0,35.0,42.0,2.26,3.17,3.15,6.0,62.0,38.0,2.29,1.59,0.0,61,39,1.98,1.75,1.0,1,1,PREMATIPS
2025-09-14,09:00,Hang Yuen , Taichung Futuro,34.0,31.0,35.0,2.46,3.3,2.45,5.0,47.0,53.0,1.69,1.96,1.0,58,42,1.58,2.24,1.0,2,0,PREMATIPS
2025-09-14,09:00,Ming Chuan Univ. , Tainan City,17.0,36.0,47.0,20.0,8.5,1.09,2.0,30.0,70.0,1.28,3.34,1.0,42,58,2.12,1.65,0.0,0,6,PREMATIPS
2025-09-14,09:15,Viktoria Zizkov , Zbrojovka Brno,43.0,14.0,43.0,4.1,3.8,1.7,5.0,43.0,57.0,1.7,2.1,1.0,48,52,1.67,2.1,0.0,1,4,PREMATIPS
2025-09-14,09:30,Liefering , Austria Salzburg,33.0,32.0,35.0,1.93,3.6,3.3,5.0,28.0,72.0,1.61,2.15,1.0,66,34,1.58,2.2,1.0,3,2,PREMATIPS
2025-09-14,09:30,PSIM Yogyakarta , Borneo Samarinda,33.0,32.0,35.0,2.6,3.1,2.37,5.0,73.0,27.0,1.93,1.77,0.0,49,51,1.75,1.93,0.0,1,3,PREMATIPS
2025-09-14,09:30,OFK Malzenice , Tatran LM,25.0,25.0,50.0,3.5,3.5,1.82,2.0,31.0,69.0,1.75,1.93,1.0,73,27,1.71,2.0,1.0,1,2,PREMATIPS
2025-09-14,09:30,Slovan Brat. B , Povazska Bystrica,42.0,33.0,25.0,2.45,3.4,2.37,4.0,52.0,48.0,1.73,1.95,0.0,64,36,1.65,2.1,1.0,-,-,PREMATIPS
2025-09-14,09:30,Zilina B , Dukla B. Bystrica,26.0,20.0,54.0,4.75,4.0,1.52,2.0,50.0,50.0,1.55,2.25,1.0,61,39,1.65,2.1,1.0,0,4,PREMATIPS
2025-09-14,10:00,FC Santa Coloma , Penya Encarnada,46.0,37.0,17.0,1.31,4.45,8.95,1.0,80.0,20.0,1.66,2.08,0.0,14,86,1.97,1.73,0.0,-,-,PREMATIPS
2025-09-14,11:00,Blaublitz Akita , Ehime,44.0,34.0,22.0,1.62,3.5,5.25,1.0,51.0,49.0,2.1,1.7,0.0,61,39,2.0,1.73,1.0,3,2,PREMATIPS
2025-09-14,11:00,M. Yamagata , Kataller Toyama,47.0,27.0,26.0,1.79,3.6,4.0,1.0,52.0,48.0,2.0,1.8,0.0,49,51,1.83,1.83,0.0,3,0,PREMATIPS
2025-09-14,11:00,Renofa Yamaguchi , JEF Utd Chiba,17.0,38.0,45.0,3.3,3.2,2.15,6.0,60.0,40.0,2.25,1.62,0.0,47,53,1.91,1.8,0.0,2,1,PREMATIPS
2025-09-14,11:00,Miedz Legnica , Polonia Warszawa,27.0,27.0,46.0,2.25,3.5,3.0,5.0,25.0,75.0,1.65,2.2,1.0,74,26,1.57,2.25,1.0,1,1,PREMATIPS
2025-09-14,11:00,Portimonense , Sporting CP B,33.0,24.0,43.0,2.55,3.3,2.55,6.0,55.0,45.0,2.03,1.78,0.0,47,53,1.8,1.91,0.0,1,2,PREMATIPS
2025-09-14,11:00,Anyang , Jeju SK,40.0,27.0,33.0,2.25,3.4,3.1,4.0,51.0,49.0,1.98,1.83,0.0,55,45,1.8,1.91,1.0,2,1,PREMATIPS
2025-09-14,11:00,Gimcheon Sangmu , Daegu,59.0,26.0,15.0,1.53,4.5,5.25,1.0,45.0,55.0,1.44,2.7,1.0,57,43,1.53,2.38,1.0,1,2,PREMATIPS
2025-09-14,11:00,Suwon FC , Gwangju,38.0,28.0,34.0,2.5,3.3,2.75,5.0,51.0,49.0,2.0,1.8,0.0,58,42,1.73,2.0,1.0,2,4,PREMATIPS
2025-09-14,11:00,Ansan Greeners , Busan I'Park,22.0,25.0,53.0,4.2,3.4,1.75,2.0,61.0,39.0,2.08,1.73,0.0,42,58,2.0,1.73,0.0,2,3,PREMATIPS
2025-09-14,11:00,Chungbuk Cheongju , Seongnam,25.0,33.0,42.0,3.6,3.4,1.95,6.0,51.0,49.0,2.05,1.75,0.0,51,49,1.83,1.83,1.0,0,1,PREMATIPS
2025-09-14,11:00,Jeonnam Dragons , Hwaseong FC,49.0,28.0,23.0,1.71,3.47,4.29,1.0,57.0,43.0,1.9,1.8,0.0,54,46,1.84,1.85,1.0,1,2,PREMATIPS
2025-09-14,11:00,Ourense , Talavera,36.0,33.0,31.0,2.2,3.05,3.1,4.0,71.0,29.0,2.25,1.62,0.0,65,35,2.0,1.73,1.0,1,2,PREMATIPS
2025-09-14,11:00,Real Aviles , Osasuna B,15.0,16.0,69.0,2.1,3.1,3.1,2.0,71.0,29.0,2.1,1.7,0.0,32,68,1.83,1.83,0.0,2,0,PREMATIPS
2025-09-14,11:00,Atl. Madrid B , Real Murcia,34.0,33.0,33.0,2.55,3.1,2.55,0.0,54.0,46.0,2.2,1.65,0.0,50,50,1.91,1.8,0.0,1,1,PREMATIPS
2025-09-14,11:00,Juv. Torremolinos , Tarazona,35.0,34.0,31.0,2.3,2.9,2.9,4.0,87.0,13.0,3.0,1.36,0.0,16,84,2.63,1.44,0.0,2,1,PREMATIPS
2025-09-14,11:00,Kryvbas , Polissya,31.0,32.0,37.0,3.0,3.3,2.25,6.0,52.0,48.0,2.05,1.68,0.0,50,50,1.85,1.83,0.0,0,1,PREMATIPS
2025-09-14,11:00,Vorskla Poltava , Ahrobiznes,28.0,44.0,28.0,1.87,3.1,3.8,0.0,58.0,42.0,2.25,1.55,0.0,27,73,2.05,1.66,0.0,0,0,PREMATIPS
2025-09-14,11:15,Excelsior , Sparta Rotterdam,32.0,31.0,37.0,3.1,3.6,2.2,5.0,20.0,80.0,1.62,2.25,1.0,51,49,1.53,2.38,1.0,0,1,PREMATIPS
2025-09-14,11:15,Motor Lublin , Termalica,35.0,35.0,30.0,2.05,3.6,3.3,4.0,58.0,42.0,1.57,2.35,0.0,48,52,1.53,2.38,0.0,1,1,PREMATIPS
2025-09-14,11:30,Roma , Torino,43.0,35.0,22.0,1.53,4.0,6.5,1.0,74.0,26.0,2.05,1.8,0.0,13,87,2.1,1.67,0.0,0,1,PREMATIPS
2025-09-14,11:30,Juve Next Gen , Arezzo,32.0,33.0,35.0,2.8,3.0,2.3,6.0,68.0,32.0,2.25,1.55,0.0,37,63,1.98,1.72,0.0,2,3,PREMATIPS
2025-09-14,12:00,Dalian Yingbo , Shenzhen Peng C.,61.0,13.0,26.0,2.1,3.4,3.3,1.0,47.0,53.0,1.75,2.05,1.0,49,51,1.62,2.2,0.0,2,1,PREMATIPS
2025-09-14,12:00,Jablonec , Pardubice,52.0,45.0,3.0,1.4,4.2,7.5,1.0,64.0,36.0,1.67,2.15,0.0,66,34,1.91,1.91,1.0,3,2,PREMATIPS
2025-09-14,12:00,Southampton , Portsmouth,41.0,31.0,28.0,1.76,3.8,4.0,1.0,50.0,50.0,1.8,2.0,1.0,68,32,1.73,2.0,1.0,0,0,PREMATIPS
2025-09-14,12:00,Eidsvold TF , Tromsdalen,34.0,20.0,46.0,3.0,3.5,1.95,2.0,30.0,70.0,1.43,2.6,1.0,78,22,1.41,2.65,1.0,0,1,PREMATIPS
2025-09-14,12:00,Kalmar , Vasteras,44.0,18.0,38.0,2.15,3.25,3.2,4.0,50.0,50.0,2.03,1.78,0.0,46,54,1.8,1.95,0.0,2,1,PREMATIPS
2025-09-14,12:00,Team TG , Enkopings SK,24.0,17.0,59.0,4.75,3.9,1.55,2.0,37.0,63.0,1.52,2.35,1.0,60,40,1.6,2.15,1.0,2,3,PREMATIPS
2025-09-14,12:00,Rayong , Muangthong Utd,33.0,31.0,36.0,2.7,3.4,2.15,5.0,50.0,50.0,1.63,2.1,1.0,65,35,1.57,2.25,1.0,2,0,PREMATIPS
2025-09-14,12:00,Taichung Rock , Taipower,33.0,30.0,37.0,2.65,3.7,2.1,5.0,41.0,59.0,1.55,2.3,1.0,62,38,1.47,2.47,1.0,0,2,PREMATIPS
2025-09-14,12:00,Tatung FC , AC Taipei,34.0,30.0,36.0,2.5,3.3,2.37,5.0,41.0,59.0,1.58,2.2,1.0,63,37,1.5,2.4,1.0,-,-,PREMATIPS
2025-09-14,12:15,FC Ranger's , Pas de la Casa,43.0,34.0,23.0,1.44,4.1,6.22,1.0,80.0,20.0,1.76,1.94,0.0,14,86,1.86,1.83,0.0,-,-,PREMATIPS
2025-09-14,12:30,Royal Antwerp , KAA Gent,45.0,42.0,13.0,2.55,3.25,2.8,4.0,62.0,38.0,1.8,2.0,0.0,72,28,1.62,2.2,1.0,1,2,PREMATIPS
2025-09-14,12:30,RWDM Brussels , Seraing,45.0,33.0,22.0,1.3,5.5,6.25,1.0,48.0,52.0,1.57,2.35,1.0,52,48,1.91,1.8,1.0,5,0,PREMATIPS
2025-09-14,12:30,Kuressaare , Tallinna Kalev,51.0,10.0,39.0,1.83,3.5,3.4,1.0,33.0,67.0,1.53,2.3,1.0,53,47,1.52,2.35,1.0,2,1,PREMATIPS
2025-09-14,12:30,Paide , Nomme Kalju,50.0,14.0,36.0,1.9,3.5,3.25,1.0,40.0,60.0,1.65,2.1,1.0,48,52,1.6,2.15,0.0,1,1,PREMATIPS
2025-09-14,12:30,Elversberg , Dynamo Dresden,76.0,3.0,21.0,2.0,3.7,3.4,1.0,50.0,50.0,1.7,2.1,1.0,50,50,1.62,2.2,1.0,2,2,PREMATIPS
2025-09-14,12:30,Greuther Furth , Kaiserslautern,36.0,30.0,34.0,2.35,3.4,2.88,5.0,42.0,58.0,1.57,2.35,1.0,59,41,1.44,2.63,1.0,0,3,PREMATIPS
2025-09-14,12:30,Preussen Munster , F. Dusseldorf,52.0,25.0,23.0,2.55,3.25,2.75,1.0,42.0,58.0,1.85,1.95,1.0,67,33,1.67,2.1,1.0,1,2,PREMATIPS
2025-09-14,12:30,Osnabruck , Hansa Rostock,35.0,32.0,33.0,2.5,3.3,2.8,5.0,74.0,26.0,2.08,1.73,0.0,37,63,1.83,1.83,0.0,0,0,PREMATIPS
2025-09-14,12:30,Krylya Sovetov , Sochi,75.0,22.0,3.0,2.12,3.46,3.64,1.0,41.0,59.0,2.05,1.82,1.0,62,38,1.83,1.93,1.0,2,0,PREMATIPS
2025-09-14,12:30,Balestier Khalsa , Lion City Sail.,28.0,29.0,43.0,4.5,4.33,1.48,2.0,14.0,86.0,1.29,3.6,1.0,80,20,1.36,3.0,1.0,0,5,PREMATIPS
2025-09-14,12:30,Ayutthaya Utd , Chiangrai Utd,37.0,32.0,31.0,2.05,3.25,3.0,4.0,28.0,72.0,1.77,1.93,1.0,87,13,1.65,2.05,1.0,1,1,PREMATIPS
2025-09-14,12:35,Tianjin J. Tiger , Wuhan Three Towns,48.0,23.0,29.0,1.79,3.6,4.33,1.0,43.0,57.0,1.73,2.08,1.0,59,41,1.67,2.1,1.0,4,0,PREMATIPS
2025-09-14,13:00,Viborg , AGF Aarhus,35.0,16.0,49.0,3.5,3.4,2.01,2.0,43.0,57.0,1.75,2.05,1.0,62,38,1.67,2.1,1.0,1,2,PREMATIPS
2025-09-14,13:00,Hillerod , Esbjerg,41.0,15.0,44.0,2.15,4.0,2.7,5.0,47.0,53.0,1.53,2.4,1.0,55,45,1.5,2.5,1.0,3,0,PREMATIPS
2025-09-14,13:00,Persija Jakarta , Bali United,42.0,46.0,12.0,1.68,3.6,4.0,4.0,42.0,58.0,1.68,2.05,1.0,63,37,1.68,2.05,1.0,1,1,PREMATIPS
2025-09-14,13:00,Kairat Almaty , Aktobe,46.0,18.0,36.0,1.78,3.25,3.9,1.0,47.0,53.0,2.0,1.7,1.0,52,48,1.9,1.77,1.0,1,0,PREMATIPS
2025-09-14,13:00,Levanger , Ullensaker Kisa,27.0,26.0,47.0,2.4,3.5,2.4,6.0,33.0,67.0,1.44,2.55,1.0,69,31,1.4,2.7,1.0,1,1,PREMATIPS
2025-09-14,13:00,Celta Vigo , Girona,42.0,32.0,26.0,1.66,3.99,4.88,1.0,64.0,36.0,1.72,2.07,0.0,53,47,1.72,2.02,1.0,1,1,PREMATIPS
2025-09-14,13:00,FC Andorra , Cordoba,54.0,27.0,19.0,2.35,3.5,2.7,1.0,41.0,59.0,1.98,1.83,1.0,70,30,1.73,2.0,1.0,3,1,PREMATIPS
2025-09-14,13:00,Winterthur , Sion,32.0,31.0,37.0,3.2,3.4,2.15,5.0,32.0,68.0,1.83,1.98,1.0,60,40,1.67,2.1,1.0,2,3,PREMATIPS
2025-09-14,13:00,Djurgarden , Hammarby,25.0,30.0,45.0,2.45,3.3,2.75,6.0,58.0,42.0,1.8,2.0,0.0,45,55,1.57,2.25,0.0,3,3,PREMATIPS
2025-09-14,13:00,Osters , Varnamo,60.0,26.0,14.0,2.1,3.3,3.3,1.0,57.0,43.0,1.75,2.05,0.0,50,50,1.62,2.2,1.0,4,3,PREMATIPS
2025-09-14,13:00,Kanchanaburi , Nakhon Ratch.,41.0,31.0,28.0,1.75,3.6,3.7,1.0,61.0,39.0,1.61,2.15,0.0,54,46,1.6,2.15,1.0,0,0,PREMATIPS
2025-09-14,13:00,UCSA Tarasivka , Inhulets Petrove,28.0,32.0,40.0,3.75,3.4,1.78,2.0,45.0,55.0,2.0,1.7,1.0,34,66,1.93,1.77,0.0,0,0,PREMATIPS
2025-09-14,13:15,Pirin Blagoevgrad , Dunav Ruse,36.0,19.0,45.0,2.5,2.95,2.53,6.0,54.0,46.0,2.21,1.51,0.0,49,51,1.94,1.71,0.0,1,3,PREMATIPS
2025-09-14,13:15,Kuala Lumpur , Kelantan Warriors,43.0,31.0,26.0,1.31,4.8,7.0,1.0,36.0,64.0,1.4,2.7,1.0,58,42,1.65,2.1,1.0,1,0,PREMATIPS
2025-09-14,13:15,Kuching City , Brunei DPMM,45.0,33.0,22.0,1.24,5.75,8.25,1.0,33.0,67.0,1.37,2.8,1.0,53,47,1.73,1.95,1.0,7,1,PREMATIPS
2025-09-14,13:15,Viettel , Ha Noi FC,33.0,32.0,35.0,2.8,3.0,2.3,5.0,53.0,47.0,1.93,1.77,0.0,52,48,1.73,1.95,1.0,1,0,PREMATIPS
2025-09-14,13:30,Rapid Wien , WSG Swarovski,43.0,33.0,24.0,1.46,4.5,5.5,1.0,52.0,48.0,1.67,2.15,0.0,63,37,1.8,1.95,1.0,4,1,PREMATIPS
2025-09-14,13:30,Ried , Hartberg,35.0,30.0,35.0,3.0,4.0,2.01,5.0,42.0,58.0,1.65,2.2,1.0,56,44,1.8,1.95,1.0,0,2,PREMATIPS
2025-09-14,13:30,Shamakhi , Karvan Yevlakh,35.0,15.0,50.0,1.73,3.25,4.2,2.0,67.0,33.0,2.1,1.63,0.0,71,29,2.0,1.68,1.0,3,0,PREMATIPS
2025-09-14,13:30,FC Suduroy , 07 Vestur,65.0,7.0,28.0,3.2,3.7,1.85,1.0,29.0,71.0,1.43,2.6,1.0,56,44,1.43,2.6,1.0,0,3,PREMATIPS
2025-09-14,13:30,Heracles , AZ Alkmaar,9.0,24.0,67.0,5.75,4.5,1.5,2.0,31.0,69.0,1.57,2.35,1.0,48,52,1.7,2.05,0.0,1,2,PREMATIPS
2025-09-14,13:30,Utrecht , Groningen,41.0,31.0,28.0,1.75,3.9,4.5,1.0,20.0,80.0,1.7,2.1,1.0,59,41,1.67,2.1,1.0,0,1,PREMATIPS
2025-09-14,13:30,Bryne , Tromso,26.0,25.0,49.0,4.2,3.5,1.85,2.0,44.0,56.0,1.95,1.85,1.0,58,42,1.8,1.95,1.0,0,2,PREMATIPS
2025-09-14,13:30,Skeid , Moss,19.0,34.0,47.0,2.8,3.5,2.3,2.0,37.0,63.0,1.67,2.15,1.0,71,29,1.57,2.25,1.0,1,1,PREMATIPS
2025-09-14,13:30,Zorya Luhansk , Kolos Kovalivka,34.0,33.0,33.0,2.6,3.1,2.7,0.0,52.0,48.0,2.35,1.51,0.0,58,42,2.05,1.66,1.0,1,3,PREMATIPS
2025-09-14,13:45,Legia Warszawa , Radomiak Radom,28.0,37.0,35.0,1.55,4.2,5.75,6.0,46.0,54.0,1.73,2.08,1.0,60,40,1.8,1.95,1.0,4,1,PREMATIPS
2025-09-14,13:45,Otelul Galati , Botosani,21.0,55.0,24.0,2.1,3.25,3.25,6.0,50.0,50.0,2.35,1.57,0.0,67,33,2.1,1.67,1.0,0,1,PREMATIPS
2025-09-14,14:00,Posusje , Zrinjski Mostar,33.0,28.0,39.0,6.25,3.75,1.46,6.0,83.0,17.0,2.05,1.68,0.0,25,75,2.25,1.57,0.0,0,1,PREMATIPS
2025-09-14,14:00,FC Molodechno , Isloch Minsk,14.0,25.0,61.0,6.75,4.33,1.36,2.0,46.0,54.0,1.77,1.9,1.0,43,57,2.1,1.65,0.0,0,1,PREMATIPS
2025-09-14,14:00,AAB Aalborg , Middelfart,40.0,41.0,19.0,1.42,4.5,6.0,4.0,51.0,49.0,1.67,2.15,0.0,51,49,1.83,1.83,1.0,4,0,PREMATIPS
2025-09-14,14:00,Burnley , Liverpool,21.0,34.0,45.0,8.5,5.75,1.3,2.0,40.0,60.0,1.5,2.63,1.0,44,56,1.91,1.91,0.0,0,1,PREMATIPS
2025-09-14,14:00,KuPS Kuopio , Ilves Tampere,37.0,30.0,33.0,2.1,3.8,2.8,5.0,40.0,60.0,1.57,2.35,1.0,62,38,1.5,2.5,1.0,2,4,PREMATIPS
2025-09-14,14:00,Jaro , AC Oulu,33.0,31.0,36.0,2.8,3.4,2.3,5.0,45.0,55.0,1.7,2.1,1.0,59,41,1.57,2.25,1.0,1,2,PREMATIPS
2025-09-14,14:00,Lille , Toulouse,41.0,31.0,28.0,1.75,3.8,4.5,1.0,50.0,50.0,1.83,2.03,1.0,47,53,1.75,2.0,0.0,2,1,PREMATIPS
2025-09-14,14:00,Atalanta , Lecce,9.0,87.0,4.0,1.4,4.5,8.5,4.0,90.0,10.0,1.8,2.0,0.0,46,54,2.0,1.75,0.0,4,1,PREMATIPS
2025-09-14,14:00,Pisa , Udinese,33.0,33.0,34.0,2.75,3.1,2.75,0.0,74.0,26.0,2.3,1.62,0.0,63,37,1.95,1.8,1.0,0,1,PREMATIPS
2025-09-14,14:00,Entella , Mantova,37.0,34.0,29.0,2.1,3.2,3.5,4.0,70.0,30.0,2.15,1.67,0.0,69,31,1.91,1.91,1.0,1,0,PREMATIPS
2025-09-14,14:00,Inter U23 , Lecco,36.0,32.0,32.0,2.3,3.0,2.8,5.0,44.0,56.0,2.1,1.63,1.0,77,23,1.88,1.8,1.0,0,1,PREMATIPS
2025-09-14,14:00,Trento 1921 , Albinoleffe,35.0,33.0,32.0,2.35,2.95,2.75,4.0,50.0,50.0,2.2,1.58,0.0,66,34,1.93,1.77,1.0,2,2,PREMATIPS
2025-09-14,14:00,Bra , Torres,28.0,33.0,39.0,3.8,3.3,1.8,6.0,57.0,43.0,1.98,1.72,0.0,48,52,1.88,1.8,0.0,1,1,PREMATIPS
2025-09-14,14:00,Perugia , Ascoli,32.0,34.0,34.0,2.7,2.75,2.55,0.0,79.0,21.0,2.6,1.43,0.0,37,63,2.15,1.6,0.0,0,2,PREMATIPS
2025-09-14,14:00,Atalanta U23 , Team Altamura,41.0,32.0,27.0,1.6,3.75,4.4,1.0,29.0,71.0,1.68,2.05,1.0,56,44,1.73,1.98,1.0,0,0,PREMATIPS
2025-09-14,14:00,Cosenza , Catania,20.0,12.0,68.0,2.87,3.2,2.15,2.0,34.0,66.0,2.1,1.62,1.0,39,61,1.93,1.77,0.0,4,1,PREMATIPS
2025-09-14,14:00,Ballkani , Drenica,44.0,36.0,20.0,1.44,3.6,7.0,1.0,77.0,23.0,2.0,1.68,0.0,47,53,2.2,1.58,0.0,3,0,PREMATIPS
2025-09-14,14:00,Gjilani , Malisheva,31.0,62.0,7.0,2.0,3.24,3.28,4.0,66.0,34.0,2.11,1.64,0.0,47,53,1.88,1.8,0.0,1,3,PREMATIPS
2025-09-14,14:00,Metta , Super Nova Riga,27.0,30.0,43.0,2.39,3.29,2.59,6.0,51.0,49.0,1.8,1.86,0.0,53,47,1.65,2.06,1.0,2,1,PREMATIPS
2025-09-14,14:00,Kauno Zalgiris , Riteriai,67.0,19.0,14.0,1.17,6.5,11.5,1.0,42.0,58.0,1.49,2.45,1.0,49,51,2.21,1.58,0.0,6,1,PREMATIPS
2025-09-14,14:00,Maritimo , Vizela,39.0,24.0,37.0,2.7,3.2,2.45,5.0,72.0,28.0,2.2,1.65,0.0,30,70,1.83,1.83,0.0,1,1,PREMATIPS
2025-09-14,14:00,Mamelodi Sund. , Magesi,46.0,37.0,17.0,1.25,5.25,11.0,1.0,87.0,13.0,1.9,1.77,0.0,36,64,2.8,1.38,0.0,3,0,PREMATIPS
2025-09-14,14:00,Domagnano , Libertas,41.0,32.0,27.0,1.65,3.56,4.41,1.0,52.0,48.0,1.83,1.86,0.0,43,57,1.79,1.9,0.0,5,2,PREMATIPS
2025-09-14,14:00,Fiorentino , Pennarossa,41.0,29.0,30.0,1.68,4.0,3.6,1.0,52.0,48.0,1.72,1.98,0.0,10,90,1.7,2.01,0.0,2,0,PREMATIPS
2025-09-14,14:00,Tre Fiori , San Giovanni,42.0,32.0,26.0,1.47,4.1,5.25,1.0,85.0,15.0,1.58,2.2,0.0,10,90,1.65,2.05,0.0,4,0,PREMATIPS
2025-09-14,14:00,Radnicki Nis , Napredak Kr.,23.0,50.0,27.0,1.95,3.3,3.2,6.0,45.0,55.0,1.73,1.98,1.0,58,42,1.65,2.1,1.0,3,0,PREMATIPS
2025-09-14,14:00,Primorje , Aluminij,18.0,24.0,58.0,2.15,3.5,2.9,2.0,40.0,60.0,1.66,2.05,1.0,61,39,1.58,2.2,1.0,4,1,PREMATIPS
2025-09-14,14:00,Trelleborg , Sandviken,28.0,28.0,44.0,2.2,3.4,3.0,5.0,51.0,49.0,1.83,1.98,0.0,41,59,1.67,2.1,0.0,1,2,PREMATIPS
2025-09-14,14:00,Bandirmaspor , Keciorengucu,40.0,32.0,28.0,1.73,4.0,4.2,1.0,41.0,59.0,1.85,1.95,1.0,62,38,1.8,1.91,1.0,1,1,PREMATIPS
2025-09-14,14:00,Igdir FK , Serik,37.0,46.0,17.0,1.42,4.33,6.5,4.0,49.0,51.0,1.73,2.08,1.0,54,46,1.91,1.8,1.0,1,2,PREMATIPS
2025-09-14,14:00,Bunyodkor , Xorazm Urganch,48.0,27.0,25.0,1.57,3.8,4.5,1.0,53.0,47.0,1.63,2.1,0.0,52,48,1.7,2.0,1.0,1,0,PREMATIPS
2025-09-14,14:00,Mutondo Stars , Kansanshi Dynamos,36.0,34.0,30.0,2.2,2.85,3.1,4.0,83.0,17.0,2.7,1.4,0.0,20,80,2.3,1.55,0.0,1,0,PREMATIPS
2025-09-14,14:00,Zanaco , Nkwazi,35.0,34.0,31.0,2.3,2.8,2.95,4.0,83.0,17.0,3.0,1.33,0.0,31,69,2.5,1.46,0.0,1,1,PREMATIPS
2025-09-14,14:30,Olympic Sport , Racing Abidjan,36.0,32.0,32.0,2.29,3.07,2.85,5.0,68.0,32.0,2.3,1.56,0.0,42,58,2.06,1.76,0.0,2,2,PREMATIPS
2025-09-14,14:30,Bohemians 1905 , Slovacko,49.0,30.0,21.0,1.85,3.4,3.8,1.0,70.0,30.0,2.05,1.75,0.0,44,56,1.95,1.8,0.0,1,0,PREMATIPS
2025-09-14,14:30,Sankt Pauli , Augsburg,37.0,33.0,30.0,2.15,3.4,3.4,4.0,28.0,72.0,2.1,1.73,1.0,70,30,1.91,1.91,1.0,2,1,PREMATIPS
2025-09-14,14:30,Struga Trim, Tikvesh,81.0,9.0,10.0,1.37,4.5,6.25,1.0,47.0,53.0,1.58,2.2,1.0,41,59,1.83,1.85,0.0,3,0,PREMATIPS
2025-09-14,14:30,Ruch Chorzow , LKS Lodz,33.0,30.0,37.0,2.5,3.3,2.75,5.0,42.0,58.0,1.85,1.95,1.0,57,43,1.67,2.1,1.0,2,1,PREMATIPS
2025-09-14,14:30,River Plate M. , Progreso M.,34.0,32.0,34.0,2.6,3.3,2.6,0.0,52.0,48.0,2.08,1.73,0.0,41,59,1.83,1.83,0.0,0,0,PREMATIPS
2025-09-14,14:35,Al Urooba Club , Emirates Club,39.0,31.0,30.0,1.82,3.5,3.5,1.0,43.0,57.0,1.58,2.2,1.0,59,41,1.57,2.25,1.0,2,0,PREMATIPS
2025-09-14,15:00,Cercle Brugge , Charleroi,43.0,42.0,15.0,2.1,3.4,3.4,4.0,62.0,38.0,1.9,1.9,0.0,56,44,1.7,2.05,1.0,2,3,PREMATIPS
2025-09-14,15:00,Olympic Charleroi , Beveren,9.0,3.0,88.0,5.75,4.33,1.45,2.0,45.0,55.0,1.67,2.15,1.0,29,71,1.83,1.83,0.0,0,5,PREMATIPS
2025-09-14,15:00,Bragantino SP , Sport Recife PE,64.0,22.0,14.0,1.85,3.5,4.2,1.0,49.0,51.0,2.08,1.73,1.0,50,50,1.95,1.8,0.0,1,1,PREMATIPS
2025-09-14,15:00,Nordsjaelland , Midtjylland,31.0,19.0,50.0,3.3,3.8,1.96,2.0,34.0,66.0,1.4,2.88,1.0,67,33,1.4,2.75,1.0,1,0,PREMATIPS
2025-09-14,15:00,El Gaish , Modern Sport FC,26.0,13.0,61.0,3.2,2.5,2.45,2.0,57.0,43.0,3.2,1.31,0.0,43,57,2.45,1.47,0.0,1,0,PREMATIPS
2025-09-14,15:00,Narva Trans , Harju JK Laagri,65.0,13.0,22.0,1.37,4.75,5.75,1.0,33.0,67.0,1.47,2.45,1.0,55,45,1.7,2.0,1.0,1,3,PREMATIPS
2025-09-14,15:00,SJK Akatemia , JIPPO Joensuu,30.0,31.0,39.0,3.53,3.78,1.79,6.0,39.0,61.0,1.47,2.52,1.0,68,32,1.44,2.51,1.0,1,1,PREMATIPS
2025-09-14,15:00,Inter Turku 2 , EPS Espoo,43.0,30.0,27.0,1.42,4.76,5.22,1.0,27.0,73.0,1.27,3.54,1.0,67,33,1.37,2.83,1.0,1,3,PREMATIPS
2025-09-14,15:00,EB Streymur , B68 Toftir,44.0,23.0,33.0,2.25,3.25,2.7,4.0,35.0,65.0,1.63,2.1,1.0,60,40,1.55,2.3,1.0,0,2,PREMATIPS
2025-09-14,15:00,NSI Runavik , TB Tvoroyri,69.0,17.0,14.0,1.05,12.5,26.0,1.0,25.0,75.0,1.11,5.59,1.0,64,36,1.75,1.93,1.0,3,0,PREMATIPS
2025-09-14,15:00,Anag. Karditsas , Makedonikos,45.0,36.0,19.0,1.38,3.9,7.75,1.0,92.0,8.0,2.15,1.61,0.0,16,84,2.55,1.44,0.0,3,0,PREMATIPS
2025-09-14,15:00,Chania , Hellas Syros,40.0,34.0,26.0,1.72,3.21,4.43,1.0,92.0,8.0,2.14,1.56,0.0,16,84,2.01,1.7,0.0,1,1,PREMATIPS
2025-09-14,15:00,Iraklis , Ast. Tripolis B,46.0,38.0,16.0,1.21,5.25,12.0,1.0,92.0,8.0,1.8,1.88,0.0,16,84,2.65,1.41,0.0,2,2,PREMATIPS
2025-09-14,15:00,Nestos Chrysoupoli , PAS Giannina,39.0,33.0,28.0,1.87,3.25,3.6,1.0,92.0,8.0,2.25,1.55,0.0,16,84,2.1,1.63,0.0,1,0,PREMATIPS
2025-09-14,15:00,Olympiacos B , Panionios,25.0,34.0,41.0,4.5,3.4,1.66,2.0,92.0,8.0,2.2,1.58,0.0,16,84,2.15,1.6,0.0,1,1,PREMATIPS
2025-09-14,15:00,FH Hafnarfjordur , Fram Reykjavik,39.0,31.0,30.0,1.71,3.74,3.72,4.0,43.0,57.0,1.46,2.37,1.0,61,39,1.46,2.36,1.0,2,2,PREMATIPS
2025-09-14,15:00,KA Akureyri , Vestri,41.0,21.0,38.0,1.62,4.0,4.4,5.0,55.0,45.0,1.6,2.15,0.0,48,52,1.66,2.05,0.0,4,1,PREMATIPS
2025-09-14,15:00,Astana , Yelimay Semey,40.0,30.0,30.0,1.49,4.0,5.0,1.0,52.0,48.0,1.65,2.1,0.0,52,48,1.78,1.9,1.0,3,3,PREMATIPS
2025-09-14,15:00,Atert Bissen , Victoria Rosport,15.0,38.0,47.0,1.95,3.75,2.9,6.0,48.0,52.0,1.58,2.2,1.0,59,41,1.57,2.25,1.0,5,0,PREMATIPS
2025-09-14,15:00,F91 Dudelange , Rodange 91,50.0,33.0,17.0,1.28,6.5,5.75,1.0,38.0,62.0,1.55,2.3,1.0,69,31,2.05,1.68,1.0,3,0,PREMATIPS
2025-09-14,15:00,Jeunesse Canach , Jeunesse Esch,17.0,44.0,39.0,2.7,3.25,2.25,6.0,41.0,59.0,1.6,2.15,1.0,65,35,1.52,2.35,1.0,1,0,PREMATIPS
2025-09-14,15:00,Mamer 32 , Swift Hesperange,39.0,5.0,56.0,3.6,3.6,1.77,2.0,28.0,72.0,1.53,2.3,1.0,65,35,1.53,2.3,1.0,1,2,PREMATIPS
2025-09-14,15:00,Racing FC Union , Mondorf,18.0,29.0,53.0,1.93,3.6,3.1,2.0,66.0,34.0,1.73,1.95,0.0,59,41,1.68,2.0,1.0,0,2,PREMATIPS
2025-09-14,15:00,US Hostert , Differdange,34.0,16.0,50.0,9.75,5.5,1.22,2.0,39.0,61.0,1.46,2.5,1.0,54,46,1.9,1.77,1.0,0,1,PREMATIPS
2025-09-14,15:00,Politechnica UTM , Spartanii,36.0,29.0,35.0,2.21,3.65,2.49,5.0,41.0,59.0,1.51,2.22,1.0,62,38,1.48,2.45,1.0,4,1,PREMATIPS
2025-09-14,15:00,Lysekloster IL , Flekkeroy IL,49.0,30.0,21.0,1.35,4.75,6.25,1.0,38.0,62.0,1.44,2.6,1.0,59,41,1.66,2.05,1.0,3,0,PREMATIPS
2025-09-14,15:00,Baltika , Zenit,26.0,53.0,21.0,4.71,3.52,1.86,4.0,55.0,45.0,2.2,1.73,0.0,57,43,1.98,1.78,1.0,0,0,PREMATIPS
2025-09-14,15:00,Rotor Volgograd , KAMAZ,34.0,31.0,35.0,2.1,2.99,3.68,5.0,54.0,46.0,2.7,1.36,0.0,58,42,2.31,1.54,1.0,3,0,PREMATIPS
2025-09-14,15:00,Sokol Saratov , Shinnik Yaroslavl,10.0,55.0,35.0,2.6,2.86,2.96,6.0,77.0,23.0,2.82,1.34,0.0,43,57,2.27,1.56,0.0,0,0,PREMATIPS
2025-09-14,15:00,Kilmarnock , Celtic,9.0,71.0,20.0,11.0,5.75,1.22,6.0,52.0,48.0,1.5,2.63,0.0,44,56,1.95,1.8,0.0,1,2,PREMATIPS
2025-09-14,15:00,Bilbao Athletic , Real Madrid B,39.0,31.0,30.0,1.85,3.7,3.4,1.0,54.0,46.0,1.65,2.2,0.0,65,35,1.67,2.1,1.0,1,0,PREMATIPS
2025-09-14,15:00,Cacereno , Arenteiro,36.0,33.0,31.0,2.25,3.0,3.1,4.0,54.0,46.0,2.35,1.57,0.0,65,35,2.0,1.73,1.0,0,2,PREMATIPS
2025-09-14,15:00,Vasalund , Assyriska FF,49.0,24.0,27.0,1.79,3.63,3.75,1.0,37.0,63.0,1.68,2.03,1.0,57,43,1.64,2.1,1.0,1,2,PREMATIPS
2025-09-14,15:00,Eskilsminne IF , Norrby,26.0,31.0,43.0,2.65,3.4,2.15,6.0,44.0,56.0,1.61,2.15,1.0,56,44,1.55,2.3,1.0,2,3,PREMATIPS
2025-09-14,15:00,Lund , Jonkopings S.,31.0,27.0,42.0,2.65,3.25,2.3,6.0,44.0,56.0,1.78,1.9,1.0,48,52,1.66,2.05,0.0,1,2,PREMATIPS
2025-09-14,15:00,Kayserispor , Goztepe,19.0,16.0,65.0,3.5,3.2,2.1,2.0,63.0,37.0,1.98,1.83,0.0,47,53,1.73,2.0,0.0,1,1,PREMATIPS
2025-09-14,15:15,Kecskemeti , Ujpest,28.0,31.0,41.0,4.01,3.81,1.68,2.0,40.0,60.0,1.53,2.32,1.0,60,40,1.52,2.3,1.0,2,2,PREMATIPS
2025-09-14,15:15,Levante , Real Betis,31.0,32.0,37.0,3.3,3.3,2.2,6.0,56.0,44.0,1.98,1.88,0.0,64,36,1.75,2.0,1.0,2,2,PREMATIPS
2025-09-14,15:15,R. Santander , Leonesa,88.0,8.0,3.0,1.46,4.33,6.0,1.0,41.0,59.0,1.75,2.05,1.0,62,38,1.91,1.8,1.0,2,4,PREMATIPS
2025-09-14,15:30,Waldhof Mannheim , Energie Cottbus,47.0,29.0,24.0,2.1,3.7,3.1,1.0,49.0,51.0,1.73,2.08,1.0,62,38,1.62,2.2,1.0,0,3,PREMATIPS
2025-09-14,15:30,Estrela Amadora , V. Guimaraes,32.0,33.0,35.0,3.0,3.25,2.4,6.0,58.0,42.0,2.25,1.62,0.0,47,53,1.95,1.8,0.0,0,2,PREMATIPS
2025-09-14,15:30,Porto B , Uniao Leiria,9.0,43.0,48.0,3.4,3.3,2.0,6.0,72.0,28.0,2.05,1.75,0.0,22,78,1.83,1.83,0.0,1,2,PREMATIPS
2025-09-14,15:30,Torreense , Pacos Ferreira,59.0,27.0,14.0,1.65,3.4,5.25,1.0,55.0,45.0,2.15,1.67,0.0,30,70,2.1,1.67,0.0,0,0,PREMATIPS
2025-09-14,15:30,Grasshopper , Lausanne,34.0,30.0,36.0,2.75,3.5,2.32,5.0,22.0,78.0,1.7,2.1,1.0,92,8,1.57,2.25,1.0,3,1,PREMATIPS
2025-09-14,15:30,Luzern , Young Boys,31.0,46.0,23.0,3.0,3.6,2.15,4.0,36.0,64.0,1.57,2.35,1.0,79,21,1.5,2.5,1.0,1,2,PREMATIPS
2025-09-14,15:30,Elfsborg , Malmo,36.0,27.0,37.0,3.6,3.6,1.96,5.0,49.0,51.0,1.73,2.08,1.0,48,52,1.67,2.1,0.0,2,2,PREMATIPS
2025-09-14,15:30,Sirius , GAIS Goteborg,23.0,32.0,45.0,2.7,3.4,2.45,6.0,48.0,52.0,1.62,2.25,1.0,60,40,1.5,2.5,1.0,3,0,PREMATIPS
2025-09-14,15:45,Telstar , Fortuna Sittard,40.0,27.0,33.0,2.4,3.6,2.8,4.0,37.0,63.0,1.7,2.1,1.0,59,41,1.57,2.25,1.0,1,3,PREMATIPS
2025-09-14,16:00,Noah , Pyunik,48.0,18.0,34.0,1.66,3.6,4.1,1.0,49.0,51.0,1.68,2.05,1.0,41,59,1.7,2.0,0.0,3,1,PREMATIPS
2025-09-14,16:00,Urartu ,Armenia,41.0,27.0,32.0,3.4,3.3,1.9,4.0,70.0,30.0,1.78,1.9,0.0,38,62,1.7,2.0,0.0,2,3,PREMATIPS
2025-09-14,16:00,Sturm Graz , Austria Wien,39.0,32.0,29.0,1.86,3.6,4.0,1.0,37.0,63.0,1.7,2.1,1.0,53,47,1.62,2.2,1.0,0,1,PREMATIPS
2025-09-14,16:00,Neftchi Baku , Sabah Baku,31.0,28.0,41.0,2.55,3.0,2.45,6.0,73.0,27.0,2.1,1.63,0.0,43,57,1.87,1.82,0.0,0,0,PREMATIPS
2025-09-14,16:00,Lokomotiv Pd , Ludogorets,23.0,34.0,43.0,6.0,3.8,1.53,2.0,53.0,47.0,2.1,1.7,0.0,46,54,2.2,1.62,0.0,1,1,PREMATIPS
2025-09-14,16:00,Hebar , CSKA Sofia II,40.0,32.0,28.0,1.72,3.33,3.91,1.0,51.0,49.0,1.84,1.75,0.0,63,37,1.79,1.87,1.0,1,1,PREMATIPS
2025-09-14,16:00,Osijek , Vukovar 1991,57.0,28.0,15.0,1.44,4.5,5.0,1.0,64.0,36.0,1.98,1.83,0.0,44,56,2.1,1.67,0.0,4,0,PREMATIPS
2025-09-14,16:00,Asteras Tripolis , AEL Larissa,39.0,34.0,27.0,1.86,3.2,4.33,1.0,92.0,8.0,2.5,1.5,0.0,27,73,2.2,1.62,0.0,2,2,PREMATIPS
2025-09-14,16:00,Kifisia , Panathinaikos,20.0,35.0,45.0,9.5,4.33,1.35,2.0,75.0,25.0,1.9,1.9,0.0,77,23,2.2,1.62,1.0,3,2,PREMATIPS
2025-09-14,16:00,Abia Warriors , Katsina United,45.0,38.0,17.0,1.32,3.72,9.63,1.0,87.0,13.0,2.45,1.44,0.0,18,82,3.21,1.3,0.0,1,0,PREMATIPS
2025-09-14,16:00,Kun Khalifat ,Kanemi,40.0,34.0,26.0,1.72,3.11,4.39,1.0,87.0,13.0,2.52,1.42,0.0,18,82,2.28,1.54,0.0,3,1,PREMATIPS
2025-09-14,16:00,Nasarawa United , Wikki Tourists,44.0,39.0,17.0,1.41,3.28,8.61,1.0,95.0,5.0,2.36,1.43,0.0,18,82,2.78,1.38,0.0,1,0,PREMATIPS
2025-09-14,16:00,Rivers United , Shooting Stars,41.0,36.0,23.0,1.61,3.16,5.19,1.0,95.0,5.0,2.52,1.42,0.0,40,60,2.42,1.48,0.0,1,0,PREMATIPS
2025-09-14,16:00,Hamarkameratene , Stromsgodset,51.0,20.0,29.0,2.25,3.4,3.1,1.0,37.0,63.0,1.7,2.1,1.0,55,45,1.57,2.25,1.0,1,2,PREMATIPS
2025-09-14,16:00,KFUM Oslo , Viking,31.0,22.0,47.0,2.8,3.3,2.5,6.0,39.0,61.0,1.9,1.9,1.0,58,42,1.7,2.05,1.0,2,2,PREMATIPS
2025-09-14,16:00,Sarpsborg 08 , Sandefjord,36.0,22.0,42.0,2.2,3.75,2.9,6.0,36.0,64.0,1.44,2.7,1.0,59,41,1.4,2.75,1.0,2,1,PREMATIPS
2025-09-14,16:00,Mjondalen , Lyn Oslo,24.0,26.0,50.0,3.9,4.0,1.8,2.0,39.0,61.0,1.6,2.3,1.0,65,35,1.57,2.25,1.0,0,1,PREMATIPS
2025-09-14,16:00,U Craiova , Farul Constanta,54.0,18.0,28.0,1.73,3.9,3.9,1.0,42.0,58.0,1.75,2.05,1.0,71,29,1.73,2.0,1.0,2,0,PREMATIPS
2025-09-14,16:00,Crvena Zvezda , Zelezn. Pancevo,48.0,20.0,32.0,1.08,9.5,17.0,1.0,42.0,58.0,1.26,3.5,1.0,59,41,2.1,1.65,1.0,7,1,PREMATIPS
2025-09-14,16:00,TSC Backa Topola , Mladost Lucani,37.0,44.0,19.0,1.53,3.9,4.8,4.0,59.0,41.0,1.65,2.1,0.0,58,42,1.73,1.95,1.0,1,0,PREMATIPS
2025-09-14,16:00,Z. Michalovce , Tatran Presov,52.0,37.0,11.0,2.25,3.4,2.75,1.0,45.0,55.0,1.68,2.0,1.0,64,36,1.6,2.15,1.0,1,2,PREMATIPS
2025-09-14,16:00,Club Africain , Sfaxien Sfax,61.0,24.0,15.0,1.66,3.2,5.0,1.0,68.0,32.0,2.65,1.41,0.0,42,58,2.55,1.44,0.0,1,1,PREMATIPS
2025-09-14,16:00,Gabes , ES Zarzis,23.0,30.0,47.0,3.2,2.6,2.35,6.0,60.0,40.0,3.2,1.31,0.0,42,58,2.5,1.46,0.0,0,1,PREMATIPS
2025-09-14,16:00,Karpaty Lviv , SC Poltava,50.0,28.0,22.0,1.41,4.6,7.0,1.0,44.0,56.0,1.77,1.93,1.0,67,33,2.05,1.66,1.0,1,1,PREMATIPS
2025-09-14,16:15,Brest , Paris FC,37.0,31.0,32.0,2.25,3.5,3.1,5.0,39.0,61.0,1.73,2.1,1.0,58,42,1.62,2.2,1.0,1,2,PREMATIPS
2025-09-14,16:15,Metz , Angers,36.0,32.0,32.0,2.35,3.4,3.1,0.0,62.0,38.0,2.1,1.73,0.0,36,64,1.8,1.95,0.0,1,1,PREMATIPS
2025-09-14,16:15,Paris SG , Lens,45.0,32.0,23.0,1.33,5.75,7.5,1.0,50.0,50.0,1.36,3.2,1.0,47,53,1.62,2.2,0.0,2,0,PREMATIPS
2025-09-14,16:15,Strasbourg , Le Havre,42.0,32.0,26.0,1.73,3.8,5.0,1.0,39.0,61.0,1.83,2.03,1.0,58,42,1.8,1.95,1.0,1,0,PREMATIPS
2025-09-14,16:15,Sudtirol , Palermo,29.0,33.0,38.0,3.6,3.2,2.05,6.0,54.0,46.0,2.15,1.67,0.0,69,31,1.91,1.91,1.0,0,2,PREMATIPS
2025-09-14,16:20,Al Salmiya , Kazma SC,37.0,30.0,33.0,2.05,3.5,2.8,5.0,75.0,25.0,1.53,2.3,0.0,16,84,1.5,2.4,0.0,0,1,PREMATIPS
2025-09-14,16:25,Siauliai , Hegelmann,35.0,23.0,42.0,2.8,3.4,2.15,6.0,40.0,60.0,1.71,1.98,1.0,50,50,1.57,2.25,1.0,0,1,PREMATIPS
2025-09-14,16:30,Manchester City , Manchester Utd,41.0,31.0,28.0,1.75,3.9,4.33,1.0,51.0,49.0,1.57,2.38,0.0,44,56,1.53,2.38,0.0,3,0,PREMATIPS
2025-09-14,16:30,Lahti , JaPS Jarvenpaa,44.0,29.0,27.0,1.35,4.72,6.77,1.0,40.0,60.0,1.48,2.46,1.0,63,37,1.69,2.01,1.0,2,1,PREMATIPS
2025-09-14,16:30,B. M'gladbach , Werder Bremen,39.0,30.0,31.0,1.95,4.0,3.4,1.0,44.0,56.0,1.5,2.63,1.0,53,47,1.44,2.63,1.0,0,4,PREMATIPS
2025-09-14,16:30,Pro Patria , Novara,31.0,32.0,37.0,3.1,3.1,2.1,6.0,50.0,50.0,2.25,1.57,0.0,88,12,2.0,1.71,1.0,0,0,PREMATIPS
2025-09-14,16:30,Vis Pesaro 1898 , Livorno,37.0,33.0,30.0,2.1,2.95,3.2,4.0,79.0,21.0,2.4,1.49,0.0,37,63,2.1,1.63,0.0,3,0,PREMATIPS
2025-09-14,16:30,Trapani , Casertana,38.0,33.0,29.0,1.95,3.25,3.25,4.0,23.0,77.0,1.9,1.78,1.0,62,38,1.78,1.9,1.0,2,0,PREMATIPS
2025-09-14,16:30,Widzew Lodz , Arka Gdynia,44.0,25.0,31.0,1.53,4.2,5.75,4.0,54.0,46.0,1.83,1.98,0.0,51,49,1.95,1.8,1.0,2,0,PREMATIPS
2025-09-14,16:30,Pogon Grodzisk M. , Gornik Leczna,41.0,48.0,11.0,1.95,3.8,3.4,4.0,29.0,71.0,1.62,2.25,1.0,70,30,1.57,2.25,1.0,3,3,PREMATIPS
2025-09-14,16:30,FC Koper , Celje,38.0,4.0,58.0,3.3,3.6,1.93,2.0,26.0,74.0,1.55,2.3,1.0,57,43,1.51,2.37,1.0,3,3,PREMATIPS
2025-09-14,16:35,Al,Najma Unaizah,36.0,31.0,33.0,2.2,3.5,2.8,5.0,45.0,55.0,1.83,1.98,1.0,53,47,1.67,2.1,1.0,2,1,PREMATIPS
2025-09-14,16:50,Damac , Neom SC,29.0,31.0,40.0,3.8,3.8,1.75,2.0,78.0,22.0,1.75,2.05,0.0,53,47,1.73,2.0,1.0,1,2,PREMATIPS
2025-09-14,17:00,AEL Limassol , Ethnikos Achna,39.0,32.0,29.0,1.9,3.3,3.4,1.0,70.0,30.0,1.75,1.95,0.0,27,73,1.66,2.05,0.0,2,2,PREMATIPS
2025-09-14,17:00,Enosis Paralimni , APOEL Nicosia,25.0,33.0,42.0,5.0,3.6,1.57,2.0,70.0,30.0,1.95,1.73,0.0,27,73,2.0,1.7,0.0,0,2,PREMATIPS
2025-09-14,17:00,Hradec Kralove , Sparta Prague,19.0,32.0,49.0,4.75,3.75,1.62,2.0,53.0,47.0,1.93,1.88,0.0,66,34,1.95,1.8,1.0,2,1,PREMATIPS
2025-09-14,17:00,Silkeborg , Odense,53.0,28.0,19.0,2.1,3.7,3.0,1.0,34.0,66.0,1.65,2.2,1.0,62,38,1.57,2.25,1.0,2,1,PREMATIPS
2025-09-14,17:00,Klubi, TPS Turku,26.0,29.0,45.0,3.25,3.81,1.88,6.0,29.0,71.0,1.37,2.88,1.0,71,29,1.34,2.89,1.0,2,3,PREMATIPS
2025-09-14,17:00,Iberia 1999 , Kolkheti Poti,59.0,27.0,14.0,1.21,5.25,11.0,1.0,58.0,42.0,1.68,2.05,0.0,44,56,2.4,1.49,0.0,0,2,PREMATIPS
2025-09-14,17:00,Bnei Yehuda , H. Ramat Gan,35.0,31.0,34.0,2.3,3.4,2.5,5.0,54.0,46.0,1.73,1.98,0.0,63,37,1.65,2.1,1.0,1,0,PREMATIPS
2025-09-14,17:00,Hapoel Afula , H. Kfar Saba,15.0,4.0,81.0,2.8,3.2,2.2,2.0,59.0,41.0,1.93,1.77,0.0,29,71,1.77,1.93,0.0,1,1,PREMATIPS
2025-09-14,17:00,Ironi Modi'in , Hapoel Acre,36.0,30.0,34.0,2.3,3.4,2.55,5.0,37.0,63.0,1.71,2.0,1.0,85,15,1.63,2.1,1.0,1,0,PREMATIPS
2025-09-14,17:00,M. Petah Tikva , Kafr Qasim,26.0,50.0,24.0,1.57,3.6,4.8,4.0,59.0,41.0,1.75,1.95,0.0,52,48,1.8,1.9,1.0,2,3,PREMATIPS
2025-09-14,17:00,Maccabi Jaffa , Hapoel Hadera,34.0,30.0,36.0,2.55,3.5,2.25,5.0,15.0,85.0,1.57,2.25,1.0,85,15,1.52,2.35,1.0,1,1,PREMATIPS
2025-09-14,17:00,Sassuolo , Lazio,30.0,32.0,38.0,3.7,3.4,2.05,6.0,57.0,43.0,1.93,1.93,0.0,29,71,1.75,2.0,0.0,1,0,PREMATIPS
2025-09-14,17:00,Liepaja , Tukums 2000,54.0,24.0,22.0,1.27,5.12,8.59,1.0,45.0,55.0,1.48,2.47,1.0,52,48,1.83,1.84,1.0,4,1,PREMATIPS
2025-09-14,17:00,Sheriff Tiraspol , Petrocub,42.0,32.0,26.0,1.51,3.88,4.86,1.0,44.0,56.0,1.59,2.07,1.0,55,45,1.67,2.05,1.0,2,0,PREMATIPS
2025-09-14,17:00,Fenerbahce , Trabzonspor,43.0,32.0,25.0,1.51,4.5,5.25,1.0,60.0,40.0,1.67,2.15,0.0,47,53,1.8,1.91,0.0,1,0,PREMATIPS
2025-09-14,17:00,Gaziantep , Kocaelispor,38.0,32.0,30.0,2.01,3.3,3.8,1.0,41.0,59.0,1.88,1.93,1.0,50,50,1.67,2.1,1.0,2,0,PREMATIPS
2025-09-14,17:00,Amed SFK , Pendikspor,18.0,63.0,19.0,1.65,3.9,4.75,6.0,41.0,59.0,1.73,2.08,1.0,71,29,1.8,1.91,1.0,2,1,PREMATIPS
2025-09-14,17:00,Juventud de LP , Mont. City Torque,34.0,31.0,35.0,2.63,3.3,2.55,5.0,58.0,42.0,1.95,1.85,0.0,46,54,1.73,2.0,0.0,0,1,PREMATIPS
2025-09-14,17:05,Los Andes , Club Almagro,32.0,40.0,28.0,2.57,2.57,3.3,4.0,75.0,25.0,3.4,1.33,0.0,39,61,2.5,1.5,0.0,1,0,PREMATIPS
2025-09-14,17:15,HB Torshavn , B36 Torshavn,58.0,10.0,32.0,1.57,3.9,4.5,1.0,28.0,72.0,1.52,2.35,1.0,64,36,1.58,2.2,1.0,2,2,PREMATIPS
2025-09-14,17:15,CD Guadalajara , Unionistas,36.0,33.0,31.0,2.25,3.0,3.0,4.0,88.0,12.0,2.25,1.62,0.0,15,85,2.0,1.73,0.0,2,0,PREMATIPS
2025-09-14,17:15,Pontevedra , Tenerife,29.0,33.0,38.0,3.6,3.0,2.05,6.0,71.0,29.0,2.5,1.5,0.0,32,68,2.2,1.62,0.0,0,2,PREMATIPS
2025-09-14,17:15,Zamora CF , Lugo,38.0,33.0,29.0,2.05,3.0,3.6,4.0,71.0,29.0,2.5,1.5,0.0,49,51,2.2,1.62,0.0,1,0,PREMATIPS
2025-09-14,17:30,Nueva Chicago , Gimnasia Jujuy,31.0,35.0,34.0,3.0,3.0,2.45,6.0,74.0,26.0,3.5,1.3,0.0,37,63,2.75,1.4,0.0,1,0,PREMATIPS
2025-09-14,17:30,Anderlecht , Genk,59.0,6.0,35.0,2.6,3.4,2.63,1.0,47.0,53.0,1.7,2.1,1.0,65,35,1.53,2.38,1.0,1,1,PREMATIPS
2025-09-14,17:30,KR Reykjavik , Vikingur R.,25.0,33.0,42.0,2.87,3.9,2.0,6.0,31.0,69.0,1.34,2.95,1.0,70,30,1.35,2.9,1.0,0,7,PREMATIPS
2025-09-14,17:30,Ikorodu City , Barau,45.0,37.0,18.0,1.36,3.56,8.64,1.0,95.0,5.0,2.18,1.51,0.0,29,71,2.85,1.39,0.0,2,0,PREMATIPS
2025-09-14,17:30,Rostov , CSKA Moscow,11.0,46.0,43.0,3.97,3.52,1.99,6.0,50.0,50.0,2.03,1.85,0.0,67,33,1.82,1.93,1.0,1,0,PREMATIPS
2025-09-14,17:30,Osasuna , Rayo Vallecano,35.0,33.0,32.0,2.55,3.2,2.9,4.0,75.0,25.0,2.3,1.62,0.0,39,61,1.95,1.8,0.0,2,0,PREMATIPS
2025-09-14,17:30,Castellon , Ceuta,41.0,32.0,27.0,1.66,3.8,4.5,1.0,41.0,59.0,1.67,2.15,1.0,62,38,1.67,2.1,1.0,3,3,PREMATIPS
2025-09-14,17:30,Sporting Gijon , Burgos,48.0,27.0,25.0,1.91,3.1,4.2,1.0,58.0,42.0,2.4,1.53,0.0,45,55,2.1,1.67,0.0,2,3,PREMATIPS
2025-09-14,17:45,El Nacional , Macara Ambato,39.0,29.0,32.0,2.5,3.2,2.7,4.0,62.0,38.0,2.2,1.65,0.0,50,50,1.91,1.8,0.0,0,2,PREMATIPS
2025-09-14,18:00,Elbasani , Dinamo City,29.0,33.0,38.0,3.44,3.12,2.02,6.0,56.0,44.0,2.06,1.62,0.0,66,34,1.87,1.83,1.0,1,0,PREMATIPS
2025-09-14,18:00,Teuta Durres , Vora FK,40.0,34.0,26.0,1.71,3.28,4.21,1.0,73.0,27.0,2.08,1.6,0.0,33,67,1.97,1.75,0.0,1,1,PREMATIPS
2025-09-14,18:00,Ordino , UE Santa Coloma,19.0,35.0,46.0,10.6,5.4,1.22,2.0,43.0,57.0,1.6,2.18,1.0,44,56,2.05,1.67,0.0,-,-,PREMATIPS
2025-09-14,18:00,Dep. Saprissa , Guadalupe FC,75.0,8.0,17.0,1.25,5.0,9.0,1.0,50.0,50.0,1.7,2.1,1.0,32,68,2.2,1.62,0.0,3,1,PREMATIPS
2025-09-14,18:00,Enppi , Al Ahly Cairo,23.0,66.0,11.0,6.75,3.8,1.41,4.0,67.0,33.0,2.25,1.55,0.0,27,73,2.6,1.43,0.0,1,1,PREMATIPS
2025-09-14,18:00,Kahraba Ismailia , Wadi Degla,31.0,33.0,36.0,3.1,2.95,2.2,6.0,57.0,43.0,2.37,1.5,0.0,43,57,2.05,1.66,0.0,1,4,PREMATIPS
2025-09-14,18:00,Dila Gori , Dinamo Batumi,43.0,30.0,27.0,1.53,3.6,5.25,1.0,61.0,39.0,2.0,1.7,0.0,44,56,2.1,1.65,0.0,2,0,PREMATIPS
2025-09-14,18:00,Levadiakos , AEK Athens,21.0,35.0,44.0,8.5,4.1,1.39,2.0,75.0,25.0,2.0,1.8,0.0,43,57,2.2,1.62,0.0,0,1,PREMATIPS
2025-09-14,18:00,St Patrick's , Galway,40.0,34.0,26.0,1.73,3.3,4.1,1.0,57.0,43.0,2.1,1.63,0.0,46,54,2.0,1.68,0.0,1,1,PREMATIPS
2025-09-14,18:00,Difaa El Jadidi , CODM Meknes,39.0,34.0,27.0,1.9,3.0,4.2,1.0,95.0,5.0,2.25,1.62,0.0,11,89,2.0,1.73,0.0,0,0,PREMATIPS
2025-09-14,18:00,Pelister Bitola , Arsimi Cegrane,40.0,42.0,18.0,1.71,3.5,4.0,1.0,47.0,53.0,1.9,1.77,1.0,57,43,1.88,1.8,1.0,0,4,PREMATIPS
2025-09-14,18:00,Arouca , Casa Pia,39.0,32.0,29.0,1.96,3.3,4.0,1.0,50.0,50.0,2.15,1.67,0.0,39,61,1.95,1.8,0.0,0,2,PREMATIPS
2025-09-14,18:00,Chaves , Feirense,38.0,33.0,29.0,1.9,3.0,4.2,4.0,72.0,28.0,2.25,1.62,0.0,47,53,1.91,1.8,0.0,1,1,PREMATIPS
2025-09-14,18:00,DAC Dun. Streda , Z. Podbrezova,44.0,34.0,22.0,1.42,4.6,6.0,1.0,31.0,69.0,1.49,2.4,1.0,60,40,1.68,2.05,1.0,2,0,PREMATIPS
2025-09-14,18:15,Saint Truiden , Westerlo,77.0,8.0,15.0,1.85,3.9,3.6,1.0,56.0,44.0,1.57,2.35,0.0,60,40,1.53,2.38,1.0,0,3,PREMATIPS
2025-09-14,18:15,FC Minsk , Dinamo Minsk,31.0,27.0,42.0,6.25,4.0,1.42,6.0,41.0,59.0,1.98,1.72,1.0,52,48,2.25,1.57,1.0,2,1,PREMATIPS
2025-09-14,18:15,Dinamo Zagreb , HNK Gorica,54.0,25.0,21.0,1.17,7.0,10.0,1.0,50.0,50.0,1.53,2.4,1.0,44,56,2.25,1.57,0.0,1,2,PREMATIPS
2025-09-14,18:15,Hapoel Jerusalem , H. Beer Sheva,15.0,3.0,82.0,8.0,5.25,1.27,2.0,8.0,92.0,1.6,2.3,1.0,69,31,2.0,1.73,1.0,1,5,PREMATIPS
2025-09-14,18:15,Haugesund , Rosenborg,14.0,22.0,64.0,6.0,5.5,1.4,2.0,45.0,55.0,1.4,2.88,1.0,47,53,1.62,2.2,0.0,0,3,PREMATIPS
2025-09-14,18:30,Lokomotiv Sofia , Levski Sofia,22.0,52.0,26.0,5.5,3.6,1.61,6.0,58.0,42.0,2.4,1.53,0.0,42,58,2.38,1.53,0.0,1,2,PREMATIPS
2025-09-14,18:30,Munchen 1860 , Havelse,46.0,48.0,6.0,1.29,5.75,8.0,4.0,65.0,35.0,1.44,2.7,0.0,62,38,1.83,1.83,1.0,3,2,PREMATIPS
2025-09-14,18:30,Empoli , Spezia,36.0,33.0,31.0,2.25,3.1,3.3,4.0,54.0,46.0,2.5,1.5,0.0,53,47,2.05,1.7,1.0,1,1,PREMATIPS
2025-09-14,18:30,Alianza Huanuco , Cienciano,49.0,20.0,31.0,2.5,3.2,2.8,1.0,51.0,49.0,1.9,1.9,0.0,51,49,1.67,2.1,1.0,0,3,PREMATIPS
2025-09-14,18:30,Spartak Subotica , Partizan,13.0,44.0,43.0,5.5,4.1,1.44,2.0,46.0,54.0,1.63,2.1,1.0,71,29,1.78,1.9,1.0,2,5,PREMATIPS
2025-09-14,18:45,Siroki Brijeg , FK Sarajevo,53.0,21.0,26.0,3.1,3.2,2.05,1.0,49.0,51.0,1.87,1.8,1.0,58,42,1.73,1.95,1.0,2,1,PREMATIPS
2025-09-14,19:00,Gimnasia LP , Union Santa Fe,31.0,35.0,34.0,3.25,2.7,2.45,6.0,70.0,30.0,3.1,1.36,0.0,36,64,2.25,1.57,0.0,1,3,PREMATIPS
2025-09-14,19:00,Instituto ACC , Argentinos Jrs,32.0,34.0,34.0,2.85,3.1,2.55,0.0,65.0,35.0,2.88,1.4,0.0,31,69,2.2,1.62,0.0,2,0,PREMATIPS
2025-09-14,19:00,Tristan Suarez , Atl. Colegiales,37.0,37.0,26.0,1.79,3.0,5.25,1.0,79.0,21.0,3.1,1.36,0.0,29,71,2.63,1.44,0.0,2,2,PREMATIPS
2025-09-14,19:00,York United , Atletico Ottawa,33.0,32.0,35.0,2.65,3.2,2.3,5.0,49.0,51.0,1.82,1.85,1.0,55,45,1.68,2.05,1.0,2,2,PREMATIPS
2025-09-14,19:00,Colo, U. de Chile,32.0,32.0,36.0,3.0,3.4,2.3,0.0,53.0,47.0,2.0,1.8,0.0,52,48,1.8,1.91,1.0,0,3,PREMATIPS
2025-09-14,19:00,Pyramids , Auckland City,48.0,35.0,17.0,1.08,9.28,19.77,1.0,30.0,70.0,1.31,3.19,1.0,39,61,2.33,1.54,0.0,3,0,PREMATIPS
2025-09-14,19:00,Leones Negros , Atletico La Paz,33.0,53.0,14.0,1.5,4.1,4.8,4.0,43.0,57.0,1.5,2.37,1.0,74,26,1.61,2.15,1.0,2,3,PREMATIPS
2025-09-14,19:00,Csikszereda , FC FCSB,16.0,46.0,38.0,7.5,3.9,1.42,6.0,43.0,57.0,1.8,2.0,1.0,71,29,1.91,1.8,1.0,1,1,PREMATIPS
2025-09-14,19:00,Al,Kholood,47.0,34.0,19.0,1.14,8.5,11.0,1.0,12.0,88.0,1.25,3.75,1.0,53,47,1.8,1.91,1.0,2,0,PREMATIPS
2025-09-14,19:15,Prishtina , Drita,64.0,26.0,10.0,3.25,3.2,1.98,1.0,55.0,45.0,2.0,1.7,0.0,53,47,1.87,1.82,1.0,2,2,PREMATIPS
2025-09-14,19:15,Bravo , Domzale,93.0,3.0,3.0,1.41,4.5,6.25,1.0,26.0,74.0,1.52,2.35,1.0,57,43,1.71,1.98,1.0,1,1,PREMATIPS
2025-09-14,19:30,Chacarita Jrs , Almirante Brown,39.0,35.0,26.0,1.91,3.0,4.5,1.0,73.0,27.0,2.88,1.4,0.0,36,64,2.5,1.5,0.0,0,1,PREMATIPS
2025-09-14,19:30,Ferro C. Oeste , San Miguel,23.0,45.0,32.0,2.5,2.75,3.2,6.0,76.0,24.0,3.4,1.33,0.0,35,65,2.5,1.5,0.0,0,1,PREMATIPS
2025-09-14,19:30,San Telmo , Central Norte,38.0,34.0,28.0,2.1,2.85,3.9,4.0,72.0,28.0,2.7,1.44,0.0,33,67,2.25,1.57,0.0,3,1,PREMATIPS
2025-09-14,19:30,Talleres RdE , Colon Santa Fe,36.0,15.0,49.0,2.82,3.0,2.57,2.0,75.0,25.0,3.1,1.36,0.0,29,71,2.38,1.53,0.0,2,0,PREMATIPS
2025-09-14,19:30,OFI Crete , PAOK,25.0,33.0,42.0,5.5,3.8,1.57,2.0,92.0,8.0,1.73,2.08,0.0,10,90,1.75,2.0,0.0,1,2,PREMATIPS
2025-09-14,19:30,Ternana , Carpi,41.0,33.0,26.0,1.71,3.3,4.2,1.0,68.0,32.0,2.15,1.62,0.0,48,52,2.05,1.66,0.0,2,0,PREMATIPS
2025-09-14,19:30,Salernitana , Sorrento,44.0,34.0,22.0,1.44,3.9,6.0,1.0,51.0,49.0,1.98,1.73,0.0,45,55,2.15,1.6,0.0,2,1,PREMATIPS
2025-09-14,19:30,Nacional As. , Olimpia As.,52.0,31.0,17.0,2.5,3.0,2.8,1.0,62.0,38.0,2.3,1.6,0.0,45,55,1.91,1.8,0.0,4,1,PREMATIPS
2025-09-14,19:30,Racing Ferrol , Ponferradina,38.0,33.0,29.0,1.9,3.3,3.6,4.0,38.0,62.0,2.1,1.7,1.0,49,51,2.0,1.73,0.0,2,1,PREMATIPS
2025-09-14,19:30,Danubio , CA Cerro,50.0,18.0,32.0,2.0,3.3,3.6,1.0,64.0,36.0,2.5,1.5,0.0,35,65,2.2,1.62,0.0,5,1,PREMATIPS
2025-09-14,19:45,Rennes , Lyon,34.0,31.0,35.0,2.6,3.6,2.6,5.0,62.0,38.0,1.73,2.1,0.0,25,75,1.62,2.2,0.0,3,1,PREMATIPS
2025-09-14,19:45,Milan , Bologna,40.0,32.0,28.0,1.91,3.4,4.2,1.0,74.0,26.0,2.0,1.85,0.0,29,71,1.8,1.95,0.0,1,0,PREMATIPS
2025-09-14,20:00,Atletico Guemes , Racing Cordoba,29.0,39.0,32.0,1.76,3.2,5.0,6.0,71.0,29.0,2.88,1.4,0.0,49,51,2.63,1.44,0.0,1,0,PREMATIPS
2025-09-14,20:00,Deportivo Maipu , CA All Boys,34.0,40.0,26.0,1.86,3.1,4.75,1.0,74.0,26.0,3.1,1.36,0.0,39,61,2.63,1.44,0.0,0,0,PREMATIPS
2025-09-14,20:00,Patronato Parana , Quilmes,37.0,38.0,25.0,2.15,2.82,3.8,4.0,72.0,28.0,3.1,1.36,0.0,38,62,2.5,1.5,0.0,1,0,PREMATIPS
2025-09-14,20:00,ABB La Paz , J. Wilstermann,56.0,24.0,20.0,1.68,3.6,4.33,1.0,43.0,57.0,1.7,2.1,1.0,62,38,1.67,2.1,1.0,0,0,PREMATIPS
2025-09-14,20:00,Atletico MG , Santos SP,38.0,25.0,37.0,1.83,3.5,4.5,5.0,55.0,45.0,2.15,1.67,0.0,45,55,2.0,1.75,0.0,1,1,PREMATIPS
2025-09-14,20:00,Juventude RS , Flamengo RJ,19.0,22.0,59.0,8.0,4.75,1.4,2.0,54.0,46.0,1.95,1.9,0.0,41,59,2.1,1.67,0.0,0,2,PREMATIPS
2025-09-14,20:00,Operario PR , Cuiaba MT,31.0,35.0,34.0,2.05,3.1,3.75,6.0,60.0,40.0,2.88,1.4,0.0,46,54,2.38,1.53,0.0,1,1,PREMATIPS
2025-09-14,20:00,Santa Fe Bogota , Union Magdalena,50.0,20.0,30.0,1.48,4.33,6.5,1.0,56.0,44.0,2.08,1.73,0.0,53,47,2.25,1.57,1.0,2,0,PREMATIPS
2025-09-14,20:00,Tecnico Un. , Dep. Cuenca,19.0,33.0,48.0,2.3,3.2,3.0,6.0,60.0,40.0,2.4,1.53,0.0,50,50,2.0,1.73,0.0,0,2,PREMATIPS
2025-09-14,20:00,Maghreb Fez , RCA Zemamra,40.0,34.0,26.0,1.75,2.9,4.75,1.0,95.0,5.0,2.5,1.5,0.0,11,89,2.25,1.57,0.0,2,0,PREMATIPS
2025-09-14,20:00,Barcelona , Valencia,46.0,32.0,22.0,1.3,6.25,8.5,1.0,53.0,47.0,1.4,3.0,0.0,50,50,1.7,2.05,1.0,6,0,PREMATIPS
2025-09-14,20:00,Granada , Leganes,16.0,52.0,32.0,2.4,3.0,3.1,6.0,41.0,59.0,2.35,1.57,1.0,70,30,1.91,1.8,1.0,0,2,PREMATIPS
2025-09-14,20:15,Valur Reykjavik , Stjarnan,42.0,24.0,34.0,1.75,4.1,3.5,4.0,28.0,72.0,1.3,3.2,1.0,74,26,1.34,2.95,1.0,1,2,PREMATIPS
2025-09-14,20:30,Dep. Madryn , Alvarado,42.0,37.0,21.0,1.49,3.4,8.5,1.0,71.0,29.0,2.88,1.4,0.0,42,58,3.0,1.36,0.0,1,0,PREMATIPS
2025-09-14,20:30,Londrina PR , Floresta CE,41.0,35.0,24.0,1.61,3.2,5.5,1.0,62.0,38.0,2.6,1.43,0.0,40,60,2.55,1.44,0.0,0,0,PREMATIPS
2025-09-14,20:30,SC Braga , Gil Vicente,43.0,34.0,23.0,1.53,4.0,5.75,1.0,50.0,50.0,2.15,1.67,0.0,31,69,2.2,1.62,0.0,0,1,PREMATIPS
2025-09-14,21:00,Melgar Arequipa , Un. de Deportes,19.0,47.0,34.0,2.15,3.2,3.4,6.0,62.0,38.0,2.25,1.62,0.0,53,47,2.0,1.73,1.0,1,2,PREMATIPS
2025-09-14,21:30,Rosario Central , Boca Juniors,25.0,51.0,24.0,2.5,3.0,3.1,4.0,84.0,16.0,3.1,1.36,0.0,33,67,2.38,1.53,0.0,1,1,PREMATIPS
2025-09-14,21:30,Sao Paulo SP , Botafogo RJ,38.0,27.0,35.0,2.3,2.88,3.6,5.0,62.0,38.0,2.7,1.44,0.0,41,59,2.2,1.62,0.0,1,0,PREMATIPS
2025-09-14,22:00,Perez Zeledon , Puntarenas,56.0,19.0,25.0,2.25,3.1,3.0,1.0,37.0,63.0,2.25,1.62,1.0,51,49,1.91,1.8,1.0,1,1,PREMATIPS
2025-09-14,22:00,San Carlos , Cartagines,26.0,33.0,41.0,2.8,3.2,2.3,6.0,65.0,35.0,2.2,1.65,0.0,32,68,1.91,1.8,0.0,0,2,PREMATIPS
2025-09-14,22:00,Alianza Salvador , Fuerte SF,39.0,39.0,22.0,1.34,4.2,8.0,4.0,56.0,44.0,2.05,1.68,0.0,45,55,2.55,1.44,0.0,1,0,PREMATIPS
2025-09-14,22:00,Cacahuatique , Mun. Limeno,38.0,33.0,29.0,2.1,2.95,3.3,4.0,41.0,59.0,2.3,1.53,1.0,60,40,2.0,1.68,1.0,2,1,PREMATIPS
2025-09-14,22:00,Guastatoya , Municipal,8.0,28.0,64.0,3.2,3.2,2.0,2.0,46.0,54.0,2.05,1.66,1.0,58,42,1.9,1.8,1.0,0,3,PREMATIPS
2025-09-14,22:00,Marathon , Dep. Choloma,67.0,20.0,13.0,1.09,8.5,19.5,1.0,34.0,66.0,1.44,2.55,1.0,49,51,2.75,1.39,0.0,1,0,PREMATIPS
2025-09-14,22:00,Plaza Colonia , Nacional M.,13.0,7.0,80.0,7.5,4.2,1.44,2.0,47.0,53.0,2.05,1.75,1.0,35,65,2.25,1.57,0.0,1,2,PREMATIPS
2025-09-14,22:00,Portuguesa Ac. , Dep. Tachira,16.0,28.0,56.0,4.2,3.2,1.77,2.0,52.0,48.0,2.25,1.57,0.0,51,49,2.1,1.65,1.0,2,0,PREMATIPS
2025-09-14,22:10,Deportivo Cali , Dep. Pasto,36.0,41.0,23.0,1.95,3.2,4.1,4.0,55.0,45.0,2.7,1.44,0.0,51,49,2.38,1.53,1.0,2,1,PREMATIPS
2025-09-14,22:15,GV San Jose , Always Ready,31.0,26.0,43.0,3.7,3.4,1.81,6.0,37.0,63.0,1.53,2.4,1.0,60,40,1.5,2.5,1.0,0,1,PREMATIPS
2025-09-14,22:15,Platense Zac. , FAS Santa Ana,16.0,53.0,31.0,3.6,3.1,1.9,6.0,58.0,42.0,2.15,1.61,0.0,53,47,1.98,1.73,1.0,3,3,PREMATIPS
2025-09-14,22:30,Athletic Club MG , Botafogo SP,45.0,24.0,31.0,1.71,3.3,5.0,4.0,60.0,40.0,2.4,1.53,0.0,43,57,2.2,1.62,0.0,2,0,PREMATIPS
2025-09-14,23:00,Est. Rio Cuarto , Atletico Mitre,41.0,36.0,23.0,1.86,3.0,5.0,1.0,77.0,23.0,3.4,1.33,0.0,33,67,2.75,1.4,0.0,1,0,PREMATIPS
2025-09-14,23:00,Ponte Preta SP , Brusque SC,40.0,35.0,25.0,1.73,3.1,4.5,1.0,64.0,36.0,2.5,1.46,0.0,40,60,2.35,1.52,0.0,1,0,PREMATIPS
2025-09-14,23:00,Sp. Trinidense , Recoleta,56.0,22.0,22.0,1.9,3.5,3.8,1.0,58.0,42.0,1.95,1.85,0.0,42,58,1.83,1.83,0.0,2,3,PREMATIPS
2025-09-14,23:00,Carabobo , Caracas,49.0,23.0,28.0,1.68,3.25,4.6,1.0,60.0,40.0,2.25,1.55,0.0,40,60,2.2,1.58,0.0,1,0,PREMATIPS
2025-09-14,23:30,Emelec , Barcelona SC,28.0,28.0,44.0,2.75,3.25,2.4,5.0,62.0,38.0,2.4,1.53,0.0,47,53,2.0,1.73,0.0,0,4,PREMATIPS
2025-09-14,23:30,Cusco , Sp. Cristal,42.0,20.0,38.0,1.75,3.3,4.75,5.0,61.0,39.0,2.1,1.7,0.0,31,69,1.91,1.8,0.0,3,2,PREMATIPS
2025-09-15,00:00,Def. Y Justicia , Platense,36.0,34.0,30.0,2.4,2.85,3.3,4.0,63.0,37.0,2.88,1.4,0.0,54,46,2.25,1.57,1.0,1,2,PREMATIPS
2025-09-15,00:00,Tigre Victoria , Talleres,35.0,35.0,30.0,2.5,2.82,3.1,4.0,60.0,40.0,3.1,1.36,0.0,41,59,2.38,1.53,0.0,0,0,PREMATIPS
2025-09-15,00:00,San Martin T. , CA Atlanta,23.0,49.0,28.0,2.5,2.75,3.2,6.0,78.0,22.0,3.4,1.33,0.0,34,66,2.5,1.5,0.0,4,0,PREMATIPS
2025-09-15,00:00,Queretaro , Monterrey,13.0,16.0,71.0,5.5,4.1,1.56,2.0,34.0,66.0,1.88,1.93,1.0,52,48,1.95,1.8,1.0,0,1,PREMATIPS
2025-09-15,00:00,Managua FC , Diriangen,26.0,30.0,44.0,3.1,3.3,2.0,6.0,46.0,54.0,1.83,1.85,1.0,58,42,1.73,1.95,1.0,2,0,PREMATIPS
2025-09-15,00:15,Olancho FC , Platense,44.0,21.0,35.0,1.47,4.0,5.25,4.0,37.0,63.0,1.75,1.95,1.0,65,35,1.9,1.78,1.0,2,1,PREMATIPS
2025-09-15,00:20,Dep. Pereira , Llaneros FC,33.0,23.0,44.0,1.73,3.3,5.5,6.0,56.0,44.0,2.3,1.6,0.0,43,57,2.2,1.62,0.0,0,0,PREMATIPS
2025-09-15,00:30,Vasco da Gama RJ , Ceara CE,31.0,29.0,40.0,1.95,3.5,4.0,6.0,57.0,43.0,2.35,1.57,0.0,47,53,2.1,1.67,0.0,2,2,PREMATIPS
2025-09-15,00:30,Miramar Misiones , Mont. Wanderers,34.0,33.0,33.0,2.55,3.25,2.7,0.0,58.0,42.0,2.4,1.53,0.0,46,54,2.1,1.67,0.0,3,0,PREMATIPS
2025-09-15,00:30,Monagas , U. Central,43.0,33.0,24.0,2.1,3.0,3.2,4.0,63.0,37.0,2.15,1.61,0.0,44,56,1.93,1.77,0.0,2,0,PREMATIPS
2025-09-15,01:00,Irapuato , Tepatitlan,28.0,33.0,39.0,2.07,3.35,3.12,6.0,41.0,59.0,1.72,1.99,1.0,58,42,1.61,2.18,1.0,0,0,PREMATIPS
2025-09-15,02:00,Atl. San Luis , Club Tijuana,29.0,20.0,51.0,2.15,3.6,3.1,2.0,44.0,56.0,1.57,2.35,1.0,56,44,1.5,2.5,1.0,1,1,PREMATIPS
2025-09-15,02:30,Deportes Tolima , Boyaca Chico,50.0,31.0,19.0,1.42,4.2,8.5,1.0,73.0,27.0,2.15,1.67,0.0,36,64,2.5,1.5,0.0,4,0,PREMATIPS
2025-09-15,03:00,UNAN Managua , Sport Sebaco,37.0,19.0,44.0,2.15,3.2,2.9,6.0,32.0,68.0,1.78,1.9,1.0,57,43,1.66,2.05,1.0,2,4,PREMATIPS
2025-09-15,11:00,Tokyo , Tokyo Verdy,35.0,33.0,32.0,2.2,3.0,3.5,4.0,59.0,41.0,2.4,1.53,0.0,34,66,2.05,1.7,0.0,1,0,PREMATIPS
2025-09-15,11:00,Roasso Kumamoto , Tokushima Vortis,26.0,29.0,45.0,2.82,3.2,2.4,6.0,67.0,33.0,2.4,1.53,0.0,42,58,2.0,1.73,0.0,2,1,PREMATIPS
2025-09-15,12:10,Hulbuk Vose , Barkchi Hisor,20.0,37.0,43.0,2.56,3.04,2.56,6.0,58.0,42.0,2.24,1.57,0.0,47,53,1.9,1.79,0.0,0,2,PREMATIPS
2025-09-15,14:00,Penang , Melaka FC,35.0,31.0,34.0,2.36,3.35,2.58,5.0,42.0,58.0,1.67,2.03,1.0,61,39,1.58,2.22,1.0,3,0,PREMATIPS
2025-09-15,14:45,Al Sharjah ,Gharafa,39.0,32.0,29.0,1.93,3.4,3.9,1.0,52.0,48.0,1.88,1.8,0.0,51,49,1.78,1.9,1.0,4,3,PREMATIPS
2025-09-15,15:00,Ludogorets II , Belasitsa Petrich,72.0,17.0,11.0,1.65,3.24,4.7,1.0,58.0,42.0,2.08,1.58,0.0,42,58,2.05,1.67,0.0,1,1,PREMATIPS
2025-09-15,15:00,Niki Volos , PAOK B,45.0,37.0,18.0,1.47,3.9,5.25,1.0,89.0,11.0,1.98,1.71,0.0,18,82,2.15,1.6,0.0,1,0,PREMATIPS
2025-09-15,15:00,Ufa , Ural,21.0,36.0,43.0,4.49,3.26,1.88,2.0,65.0,35.0,2.4,1.56,0.0,42,58,2.13,1.63,0.0,2,3,PREMATIPS
2025-09-15,15:30,BFC Daugavpils , Grobinas SC,56.0,17.0,27.0,1.77,3.5,3.7,1.0,51.0,49.0,1.71,2.0,0.0,57,43,1.66,2.05,1.0,3,2,PREMATIPS
2025-09-15,15:30,Sandnes , Brann Bergen 2,59.0,20.0,21.0,1.14,7.75,11.5,1.0,25.0,75.0,1.21,4.0,1.0,68,32,1.66,2.05,1.0,5,0,PREMATIPS
2025-09-15,16:00,CSKA 1948 , Slavia Sofia,77.0,9.0,14.0,1.66,3.9,4.5,1.0,42.0,58.0,1.8,2.0,1.0,59,41,1.73,2.0,1.0,3,1,PREMATIPS
2025-09-15,16:00,Opava , Banik Ostrava B,33.0,26.0,41.0,2.05,3.5,3.1,6.0,39.0,61.0,1.85,1.95,1.0,44,56,1.67,2.1,0.0,1,0,PREMATIPS
2025-09-15,16:00,Hermannstadt , Unirea Slobozia,26.0,44.0,30.0,1.75,3.5,4.33,6.0,60.0,40.0,1.98,1.83,0.0,54,46,1.83,1.83,1.0,0,2,PREMATIPS
2025-09-15,16:30,Neftekhimik , Yenisey,22.0,52.0,26.0,2.53,3.03,2.78,6.0,69.0,31.0,2.43,1.53,0.0,42,58,2.01,1.71,0.0,1,0,PREMATIPS
2025-09-15,17:00,Dinamo Brest , Neman Grodno,40.0,18.0,42.0,2.3,3.1,2.7,5.0,54.0,46.0,2.0,1.71,0.0,40,60,1.82,1.87,0.0,2,0,PREMATIPS
2025-09-15,17:00,Aris Limassol , Ol. Nicosia,76.0,4.0,20.0,1.19,5.75,11.0,1.0,53.0,47.0,1.57,2.25,0.0,45,55,2.25,1.55,0.0,2,0,PREMATIPS
2025-09-15,17:00,Krasava Ypsonas , Omonia Aradippou,37.0,33.0,30.0,2.1,3.1,3.0,4.0,53.0,47.0,2.15,1.61,0.0,28,72,1.93,1.75,0.0,2,0,PREMATIPS
2025-09-15,17:00,H. Nof HaGalil , Rishon LeZion,10.0,8.0,82.0,3.7,3.4,1.8,2.0,39.0,61.0,1.98,1.72,1.0,52,48,1.9,1.78,1.0,0,1,PREMATIPS
2025-09-15,17:00,Hapoel Raanana , H. Kfar Shalem,34.0,7.0,59.0,2.6,3.2,2.35,2.0,62.0,38.0,1.87,1.82,0.0,30,70,1.72,1.98,0.0,1,3,PREMATIPS
2025-09-15,17:00,Kiryat Yam , M. Herzliya,33.0,32.0,35.0,2.3,3.1,2.7,5.0,39.0,61.0,1.9,1.77,1.0,52,48,1.75,1.95,1.0,0,0,PREMATIPS
2025-09-15,17:00,IR Tanger , Olympique Safi,34.0,35.0,31.0,2.52,2.64,3.0,4.0,96.0,4.0,2.49,1.45,0.0,75,25,2.01,1.68,1.0,1,1,PREMATIPS
2025-09-15,17:00,Chernomorets N. , Chayka Pesch.,35.0,26.0,39.0,1.52,3.91,6.51,5.0,58.0,42.0,2.12,1.68,0.0,50,50,2.2,1.6,0.0,4,1,PREMATIPS
2025-09-15,17:30,Verona , Cremonese,34.0,34.0,32.0,2.88,3.0,2.7,0.0,41.0,59.0,2.5,1.53,1.0,61,39,2.0,1.75,1.0,0,0,PREMATIPS
2025-09-15,17:30,Rodina Moscow , Fakel Voronezh,27.0,31.0,42.0,2.28,2.95,3.42,6.0,69.0,31.0,2.67,1.43,0.0,46,54,2.2,1.61,0.0,2,0,PREMATIPS
2025-09-15,17:45,IA Akranes , Afturelding,45.0,14.0,41.0,2.2,3.6,2.7,5.0,41.0,59.0,1.47,2.45,1.0,52,48,1.44,2.6,1.0,3,1,PREMATIPS
2025-09-15,18:00,Fredericia , Vejle,86.0,6.0,8.0,2.57,3.4,2.5,1.0,48.0,52.0,1.73,2.08,1.0,53,47,1.62,2.2,1.0,1,1,PREMATIPS
2025-09-15,18:00,Maccabi Haifa , M.S. Ashdod,43.0,31.0,26.0,1.53,4.1,5.0,1.0,25.0,75.0,1.67,2.15,1.0,53,47,1.8,1.91,1.0,5,1,PREMATIPS
2025-09-15,18:00,Rakow Czest. , Gornik Zabrze,28.0,3.0,69.0,1.88,3.37,3.91,2.0,44.0,56.0,1.95,1.77,1.0,48,52,1.8,1.9,0.0,0,1,PREMATIPS
2025-09-15,18:00,Wieczysta Krakow , Stal Mielec,43.0,32.0,25.0,1.55,4.2,5.5,1.0,35.0,65.0,1.57,2.35,1.0,65,35,1.67,2.1,1.0,2,0,PREMATIPS
2025-09-15,18:00,AIK Stockholm , Brommapojkarna,52.0,28.0,20.0,1.66,3.75,4.75,1.0,54.0,46.0,2.05,1.75,0.0,44,56,1.95,1.8,0.0,2,1,PREMATIPS
2025-09-15,18:00,Orgryte , Umea,63.0,29.0,8.0,1.3,5.0,8.0,1.0,48.0,52.0,1.4,2.88,1.0,52,48,1.67,2.1,1.0,3,1,PREMATIPS
2025-09-15,18:00,Caykur Rizespor , Genclerbirligi,42.0,33.0,25.0,1.61,3.6,6.0,1.0,37.0,63.0,1.95,1.85,1.0,52,48,1.83,1.83,1.0,1,0,PREMATIPS
2025-09-15,18:00,Erzurumspor , Sakaryaspor,40.0,46.0,14.0,1.57,3.6,6.25,4.0,40.0,60.0,2.08,1.73,1.0,71,29,2.1,1.67,1.0,1,1,PREMATIPS
2025-09-15,18:10,Hacken , IFK Goteborg,39.0,16.0,45.0,2.15,3.8,2.85,6.0,49.0,51.0,1.57,2.35,1.0,48,52,1.5,2.5,0.0,1,2,PREMATIPS
2025-09-15,18:30,Cherno more , Dobrudzha,63.0,21.0,16.0,1.37,4.2,9.0,1.0,51.0,49.0,1.98,1.83,0.0,55,45,2.2,1.62,1.0,2,0,PREMATIPS
2025-09-15,18:30,KI Klaksvik , Vikingur Gota,52.0,20.0,28.0,1.3,5.0,7.25,1.0,35.0,65.0,1.52,2.35,1.0,51,49,1.87,1.82,1.0,0,0,PREMATIPS
2025-09-15,18:30,Hapoel Tel Aviv , Beitar Jerusalem,50.0,14.0,36.0,3.2,3.4,2.05,1.0,25.0,75.0,1.85,1.95,1.0,70,30,1.73,2.0,1.0,3,2,PREMATIPS
2025-09-15,18:55,Gomel , Vitebsk,32.0,22.0,46.0,2.06,3.12,3.33,6.0,55.0,45.0,2.26,1.57,0.0,40,60,2.02,1.71,0.0,1,0,PREMATIPS
2025-09-15,19:00,Breidablik , Vestmannaeyjar,45.0,25.0,30.0,1.68,3.9,4.1,4.0,47.0,53.0,1.49,2.4,1.0,55,45,1.53,2.3,1.0,1,1,PREMATIPS
2025-09-15,19:00,Almere City , FC Eindhoven,44.0,33.0,23.0,1.39,4.75,6.5,1.0,67.0,33.0,1.65,2.2,0.0,33,67,1.83,1.83,0.0,5,0,PREMATIPS
2025-09-15,19:00,Dordrecht , Jong AZ,41.0,30.0,29.0,1.68,4.33,3.9,1.0,44.0,56.0,1.44,2.7,1.0,43,57,1.5,2.5,0.0,1,1,PREMATIPS
2025-09-15,19:00,Jong Ajax , ADO Den Haag,29.0,30.0,41.0,4.1,4.2,1.68,2.0,47.0,53.0,1.5,2.5,1.0,53,47,1.53,2.38,1.0,1,3,PREMATIPS
2025-09-15,19:00,Jong PSV , Roda Kerkrade,36.0,29.0,35.0,2.3,3.8,2.57,5.0,44.0,56.0,1.44,2.7,1.0,56,44,1.4,2.75,1.0,0,1,PREMATIPS
2025-09-15,19:00,Petrolul , Din. Bucuresti,18.0,33.0,49.0,3.2,3.25,2.1,2.0,60.0,40.0,2.35,1.57,0.0,54,46,2.0,1.73,1.0,0,3,PREMATIPS
2025-09-15,19:15,Al, Nasaf Qarshi,47.0,35.0,18.0,1.16,7.75,15.0,1.0,33.0,67.0,1.38,2.8,1.0,45,55,2.05,1.66,0.0,4,2,PREMATIPS
2025-09-15,19:15,Al,Sadd,30.0,32.0,38.0,3.6,3.5,1.95,6.0,47.0,53.0,1.73,1.95,1.0,55,45,1.66,2.05,1.0,1,1,PREMATIPS
2025-09-15,19:30,Agropecuario , Gimnasia Mendoza,32.0,34.0,34.0,2.82,3.0,2.57,0.0,75.0,25.0,3.1,1.36,0.0,40,60,2.38,1.53,0.0,2,0,PREMATIPS
2025-09-15,19:30,Cittadella , L.R. Vicenza,34.0,33.0,33.0,2.5,3.0,2.55,0.0,50.0,50.0,2.25,1.55,0.0,54,46,1.98,1.71,1.0,0,1,PREMATIPS
2025-09-15,19:30,Cavese 1919 , Giugliano,38.0,33.0,29.0,1.95,3.1,3.4,4.0,46.0,54.0,2.05,1.68,1.0,50,50,1.87,1.82,0.0,2,2,PREMATIPS
2025-09-15,19:30,Real Zaragoza , Albacete,36.0,33.0,31.0,2.25,3.25,3.1,4.0,40.0,60.0,1.93,1.88,1.0,79,21,1.73,2.0,1.0,0,0,PREMATIPS
2025-09-15,19:45,Guingamp , Montpellier,35.0,32.0,33.0,2.45,3.25,2.7,5.0,53.0,47.0,2.08,1.73,0.0,57,43,1.8,1.91,1.0,1,0,PREMATIPS
2025-09-15,19:45,Como , Genoa,42.0,34.0,24.0,1.65,3.7,5.75,1.0,91.0,9.0,2.2,1.67,0.0,11,89,2.1,1.67,0.0,1,1,PREMATIPS
2025-09-15,20:00,Zeljeznicar , Borac B. Luka,25.0,51.0,24.0,3.4,3.0,2.0,4.0,68.0,32.0,2.3,1.55,0.0,45,55,2.05,1.68,0.0,3,2,PREMATIPS
2025-09-15,20:00,Espanyol , Mallorca,37.0,33.0,30.0,2.2,3.2,3.5,4.0,42.0,58.0,2.3,1.62,1.0,61,39,1.95,1.8,1.0,3,2,PREMATIPS
2025-09-15,20:15,Oliveirense , Academico Viseu,31.0,33.0,36.0,3.2,3.2,2.15,6.0,72.0,28.0,2.15,1.67,0.0,40,60,1.83,1.83,0.0,2,2,PREMATIPS
2025-09-15,22:30,Genesis PN , Real Espana,44.0,4.0,52.0,3.7,3.25,1.83,2.0,35.0,65.0,1.98,1.72,1.0,58,42,1.87,1.82,1.0,1,1,PREMATIPS
2025-09-15,23:00,Ferroviaria SP , Novorizontino SP,24.0,44.0,32.0,2.75,2.82,2.75,6.0,61.0,39.0,2.88,1.4,0.0,51,49,2.25,1.57,1.0,1,2,PREMATIPS
2025-09-16,00:00,Bahia BA , Cruzeiro MG,29.0,34.0,37.0,2.55,3.1,2.9,6.0,52.0,48.0,2.3,1.6,0.0,46,54,1.95,1.8,0.0,1,2,PREMATIPS
2025-09-16,01:00,Manta FC , Aucas Quito,27.0,33.0,40.0,3.5,3.4,2.01,2.0,54.0,46.0,1.93,1.88,0.0,59,41,1.73,2.0,1.0,1,1,PREMATIPS
2025-09-16,01:30,CRB AL , Amazonas AM,53.0,21.0,26.0,1.76,3.4,4.75,1.0,65.0,35.0,2.35,1.57,0.0,47,53,2.2,1.62,0.0,2,0,PREMATIPS
2025-09-16,08:45,Melbourne City , S. Hiroshima,29.0,32.0,39.0,3.83,3.48,1.83,6.0,44.0,56.0,1.74,1.98,1.0,58,42,1.66,2.08,1.0,0,2,PREMATIPS
2025-09-16,11:00,Gangwon , Shanghai Shenhua,44.0,32.0,24.0,1.42,4.56,5.75,1.0,39.0,61.0,1.49,2.47,1.0,53,47,1.63,2.12,1.0,2,1,PREMATIPS
2025-09-16,11:00,Machida Zelvia , Seoul,40.0,32.0,28.0,1.72,3.6,4.75,1.0,48.0,52.0,1.77,1.9,1.0,54,46,1.75,1.93,1.0,1,1,PREMATIPS
2025-09-16,11:00,Zhetysu , Kaisar,41.0,30.0,29.0,1.8,3.27,3.84,4.0,51.0,49.0,2.1,1.63,0.0,53,47,1.92,1.73,1.0,1,1,PREMATIPS
2025-09-16,13:15,Buriram Utd , Johor DT,36.0,30.0,34.0,2.6,3.5,2.45,5.0,45.0,55.0,1.7,2.0,1.0,59,41,1.6,2.15,1.0,2,1,PREMATIPS
2025-09-16,14:00,Ilioupoli , Volos,26.0,33.0,41.0,5.84,4.03,1.42,2.0,45.0,55.0,1.61,2.06,1.0,54,46,1.74,1.84,1.0,1,3,PREMATIPS
2025-09-16,14:30,Bashkimi , Sileks Kratovo,31.0,17.0,52.0,4.4,3.4,1.66,2.0,33.0,67.0,1.85,1.83,1.0,41,59,1.83,1.85,0.0,2,1,PREMATIPS
2025-09-16,14:30,Makedonija GP , AP Brera,37.0,29.0,34.0,1.83,3.25,3.7,5.0,40.0,60.0,2.0,1.71,1.0,41,59,1.88,1.8,0.0,2,0,PREMATIPS
2025-09-16,14:30,Orenburg , Rubin Kazan,31.0,32.0,37.0,3.18,3.28,2.24,6.0,48.0,52.0,1.81,2.03,1.0,57,43,1.6,2.22,1.0,0,0,PREMATIPS
2025-09-16,14:45,Mohun Bagan , Ahal,40.0,32.0,28.0,1.74,3.56,3.93,1.0,45.0,55.0,1.67,2.05,1.0,55,45,1.63,2.12,1.0,0,1,PREMATIPS
2025-09-16,15:30,Esperance Tunis , ES Metlaoui,38.0,31.0,31.0,1.13,6.13,15.71,5.0,80.0,20.0,1.67,2.05,0.0,23,77,3.04,1.32,0.0,2,0,PREMATIPS
2025-09-16,15:30,Etoile du Sahel , JS Kairouan,43.0,36.0,21.0,1.37,4.0,7.75,1.0,67.0,33.0,2.3,1.55,0.0,30,70,2.75,1.38,0.0,2,3,PREMATIPS
2025-09-16,15:30,Olympique Beja , Stade Tunisien,3.0,80.0,17.0,4.75,3.0,1.73,6.0,94.0,6.0,2.7,1.41,0.0,16,84,2.5,1.47,0.0,1,2,PREMATIPS
2025-09-16,16:45,Akron Tolyatti , Lok. Moscow,31.0,30.0,39.0,3.43,3.89,1.96,5.0,42.0,58.0,1.6,2.35,1.0,58,42,1.57,2.24,1.0,1,3,PREMATIPS
2025-09-16,17:00,Shabab Al, Tractor,40.0,33.0,27.0,1.82,3.5,4.33,1.0,54.0,46.0,1.95,1.73,0.0,49,51,1.87,1.8,0.0,1,1,PREMATIPS
2025-09-16,17:00,Artis Brno , Chrudim,60.0,25.0,15.0,1.55,3.7,5.25,1.0,34.0,66.0,1.83,1.98,1.0,54,46,1.83,1.83,1.0,0,0,PREMATIPS
2025-09-16,17:00,Tartu Tammeka , Parnu Vaprus,34.0,11.0,55.0,3.3,3.6,1.82,2.0,28.0,72.0,1.44,2.55,1.0,56,44,1.44,2.55,1.0,1,4,PREMATIPS
2025-09-16,17:30,Hvidovre , Sonderjyske,29.0,32.0,39.0,3.9,3.5,1.76,6.0,48.0,52.0,1.83,1.98,1.0,54,46,1.7,2.05,1.0,1,2,PREMATIPS
2025-09-16,17:30,H. Petah Tikva , Maccabi Tel Aviv,21.0,34.0,45.0,9.5,4.5,1.29,2.0,24.0,76.0,1.65,2.2,1.0,55,45,2.1,1.67,1.0,0,4,PREMATIPS
2025-09-16,17:30,Suduva , Panevezys,38.0,33.0,29.0,1.93,3.2,3.4,4.0,58.0,42.0,2.15,1.62,0.0,47,53,1.92,1.72,0.0,0,2,PREMATIPS
2025-09-16,17:45,Athletic Bilbao , Arsenal,27.0,33.0,40.0,4.67,3.5,1.8,2.0,55.0,45.0,2.09,1.71,0.0,48,52,1.94,1.79,0.0,0,2,PREMATIPS
2025-09-16,17:45,PSV Eindhoven , Union SG,40.0,32.0,28.0,1.9,3.6,4.0,1.0,42.0,58.0,1.67,2.2,1.0,59,41,1.57,2.25,1.0,1,3,PREMATIPS
2025-09-16,17:45,Floriana , Valletta,10.0,83.0,7.0,1.83,3.25,3.7,4.0,65.0,35.0,2.0,1.7,0.0,64,36,1.9,1.78,1.0,0,2,PREMATIPS
2025-09-16,17:45,Zabbar , Hamrun Spartans,9.0,75.0,16.0,5.0,3.9,1.5,6.0,65.0,35.0,1.73,1.95,0.0,75,25,1.85,1.83,1.0,0,1,PREMATIPS
2025-09-16,18:00,Boulogne , Bastia,32.0,33.0,35.0,3.41,3.12,2.14,6.0,70.0,30.0,2.33,1.55,0.0,40,60,2.01,1.71,0.0,1,0,PREMATIPS
2025-09-16,18:00,Saarbrucken , Ulm 1846,69.0,6.0,25.0,1.95,3.8,3.2,1.0,28.0,72.0,1.73,2.08,1.0,74,26,1.67,2.1,1.0,3,1,PREMATIPS
2025-09-16,18:00,Schweinfurt 05 , Duisburg,15.0,4.0,81.0,3.0,3.7,2.05,2.0,35.0,65.0,1.62,2.25,1.0,54,46,1.57,2.25,1.0,0,3,PREMATIPS
2025-09-16,18:00,Verl , Alemannia Aachen,38.0,32.0,30.0,2.0,3.5,3.3,4.0,35.0,65.0,1.8,2.0,1.0,74,26,1.67,2.1,1.0,2,1,PREMATIPS
2025-09-16,18:00,Viktoria Koln , Hoffenheim II,36.0,31.0,33.0,2.35,3.6,2.63,5.0,48.0,52.0,1.8,2.0,1.0,47,53,1.62,2.2,0.0,2,1,PREMATIPS
2025-09-16,18:00,Wehen Wiesbaden , Jahn Regensburg,55.0,25.0,20.0,1.95,3.6,3.4,1.0,35.0,65.0,1.73,2.08,1.0,60,40,1.62,2.2,1.0,2,0,PREMATIPS
2025-09-16,18:00,Helsingborg , Landskrona BoIS,39.0,23.0,38.0,2.2,3.5,3.1,5.0,48.0,52.0,1.9,1.9,1.0,51,49,1.75,2.0,1.0,0,0,PREMATIPS
2025-09-16,18:30,Chippa Utd , Orbit College,38.0,35.0,27.0,2.1,2.8,3.8,4.0,67.0,33.0,3.2,1.31,0.0,29,71,2.6,1.42,0.0,2,1,PREMATIPS
2025-09-16,18:30,Durban City , Siwelele,52.0,27.0,21.0,2.4,2.75,3.1,1.0,87.0,13.0,3.0,1.34,0.0,23,77,2.45,1.49,0.0,2,0,PREMATIPS
2025-09-16,18:30,Kaizer Chiefs , Sekhukhune Utd,40.0,19.0,41.0,2.1,2.8,3.7,5.0,87.0,13.0,3.0,1.34,0.0,16,84,2.5,1.46,0.0,1,3,PREMATIPS
2025-09-16,18:45,Nizhny Novgorod , Dyn. Makhachkala,34.0,33.0,33.0,2.61,3.24,2.74,0.0,60.0,40.0,2.3,1.61,0.0,47,53,1.93,1.76,0.0,1,2,PREMATIPS
2025-09-16,19:00,MC Alger , MC Oran,44.0,34.0,22.0,1.44,4.2,5.5,1.0,86.0,14.0,1.95,1.73,0.0,22,78,2.2,1.58,0.0,3,2,PREMATIPS
2025-09-16,19:00,Blackpool , Barrow,40.0,32.0,28.0,1.75,3.5,4.1,1.0,43.0,57.0,1.67,2.15,1.0,58,42,1.62,2.2,1.0,5,0,PREMATIPS
2025-09-16,19:00,Exeter City , Cardiff City,29.0,31.0,40.0,3.65,3.49,1.83,2.0,47.0,53.0,1.71,1.99,1.0,55,45,1.64,2.1,1.0,0,1,PREMATIPS
2025-09-16,19:00,Helmond Sport , Jong Utrecht,41.0,32.0,27.0,1.62,4.0,4.5,1.0,50.0,50.0,1.7,2.1,1.0,56,44,1.73,2.0,1.0,2,1,PREMATIPS
2025-09-16,19:00,MVV Maastricht , Den Bosch,35.0,30.0,35.0,2.57,3.6,2.4,5.0,52.0,48.0,1.57,2.35,0.0,41,59,1.5,2.5,0.0,2,4,PREMATIPS
2025-09-16,19:00,RKC Waalwijk , Vitesse,46.0,33.0,21.0,1.24,6.25,9.5,1.0,44.0,56.0,1.36,3.1,1.0,30,70,1.73,2.0,0.0,1,1,PREMATIPS
2025-09-16,19:00,TOP Oss ,Venlo,34.0,31.0,35.0,2.57,3.5,2.45,5.0,37.0,63.0,1.62,2.25,1.0,56,44,1.5,2.5,1.0,2,1,PREMATIPS
2025-09-16,19:15,Al,Duhail,46.0,32.0,22.0,1.22,6.22,9.01,1.0,27.0,73.0,1.26,3.54,1.0,58,42,1.57,2.24,1.0,2,1,PREMATIPS
2025-09-16,19:45,Sheffield Wed , Grimsby Town,34.0,31.0,35.0,2.68,3.39,2.52,5.0,50.0,50.0,1.85,1.89,1.0,55,45,1.67,2.09,1.0,0,1,PREMATIPS
2025-09-16,19:45,Ballymena Utd , Linfield,26.0,33.0,41.0,4.6,3.5,1.68,2.0,57.0,43.0,1.9,1.8,0.0,26,74,1.87,1.8,0.0,1,0,PREMATIPS
2025-09-16,19:45,Larne , Crusaders,69.0,4.0,27.0,1.55,3.7,5.5,1.0,52.0,48.0,1.87,1.82,0.0,34,66,1.95,1.75,0.0,4,0,PREMATIPS
2025-09-16,20:00,SA Bulo Bulo , Oriente Petrolero,46.0,24.0,30.0,1.68,4.2,3.9,4.0,41.0,59.0,1.5,2.5,1.0,63,37,1.53,2.38,1.0,1,1,PREMATIPS
2025-09-16,20:00,Benfica , Qarabag,47.0,36.0,17.0,1.22,6.5,15.0,1.0,39.0,61.0,1.53,2.5,1.0,43,57,2.1,1.67,0.0,2,3,PREMATIPS
2025-09-16,20:00,Juventus , B. Dortmund,39.0,32.0,29.0,1.93,3.56,3.87,1.0,48.0,52.0,1.81,1.96,1.0,55,45,1.69,2.09,1.0,4,4,PREMATIPS
2025-09-16,20:00,Real Madrid , Marseille,45.0,32.0,23.0,1.36,5.25,7.5,1.0,35.0,65.0,1.44,2.75,1.0,56,44,1.7,2.05,1.0,2,1,PREMATIPS
2025-09-16,20:00,Tottenham , Villarreal,40.0,31.0,29.0,1.85,3.9,3.8,1.0,44.0,56.0,1.67,2.2,1.0,57,43,1.57,2.25,1.0,1,0,PREMATIPS
2025-09-16,20:00,Brentford , Aston Villa,34.0,31.0,35.0,2.7,3.6,2.35,5.0,45.0,55.0,1.73,2.08,1.0,59,41,1.62,2.2,1.0,1,1,PREMATIPS
2025-09-16,20:00,Crystal Palace , Millwall,44.0,33.0,23.0,1.42,4.56,6.92,1.0,45.0,55.0,1.67,2.11,1.0,49,51,1.87,1.86,0.0,1,1,PREMATIPS
2025-09-16,20:00,KACM Marrakech , Berkane,21.0,36.0,43.0,6.5,3.4,1.5,2.0,63.0,37.0,2.4,1.53,0.0,11,89,2.5,1.5,0.0,1,2,PREMATIPS
2025-09-16,20:00,Naxxar Lions , Tarxien Rainbows,33.0,31.0,36.0,2.8,3.3,2.15,5.0,76.0,24.0,1.77,1.9,0.0,53,47,1.66,2.05,1.0,2,3,PREMATIPS
2025-09-16,20:00,Sliema Wanderers , Birkirkara,53.0,29.0,18.0,2.0,3.2,3.2,1.0,65.0,35.0,1.87,1.8,0.0,42,58,1.75,1.95,0.0,2,2,PREMATIPS
2025-09-16,21:00,ADT Tarma , UTC Cajamarca,45.0,41.0,14.0,1.62,3.75,5.25,4.0,56.0,44.0,1.75,2.05,0.0,40,60,1.8,1.91,0.0,3,1,PREMATIPS
2025-09-16,22:00,Coban Imperial , Xelaju MC,27.0,33.0,40.0,1.89,3.23,3.62,6.0,50.0,50.0,1.93,1.76,0.0,49,51,1.78,1.9,0.0,2,1,PREMATIPS
2025-09-16,22:30,Real Tomayapo , Guabira Montero,37.0,31.0,32.0,2.2,3.4,2.82,5.0,50.0,50.0,1.9,1.9,1.0,54,46,1.73,2.0,1.0,-,-,PREMATIPS
2025-09-16,23:00,Velez Sarsfield , Racing Club,34.0,34.0,32.0,2.45,2.88,3.3,0.0,66.0,34.0,3.1,1.36,0.0,42,58,2.38,1.53,0.0,0,1,PREMATIPS
2025-09-16,23:30,Atletico GO , Avai SC,31.0,38.0,31.0,1.96,3.3,3.9,0.0,61.0,39.0,2.35,1.57,0.0,51,49,2.1,1.67,1.0,2,1,PREMATIPS
2025-09-16,23:30,Los Chankas CYC , Alianza Lima,32.0,32.0,36.0,3.1,3.1,2.05,5.0,58.0,42.0,2.15,1.6,0.0,48,52,1.95,1.75,0.0,-,-,PREMATIPS
2025-11-12,11:00,Slonim, Neman Grodno,17.0,35.0,48.0,26.0,13.0,1.05,2.0,26.0,74.0,1.25,3.6,1.0,35,65,2.65,1.41,0.0,0,0,PREMATIPS
2025-11-12,13:00,Livyi Bereh Kyiv , FC Chernihiv,55.0,20.0,25.0,1.32,4.33,8.25,1.0,67.0,33.0,1.88,1.8,0.0,36,64,2.3,1.53,0.0,1,1,PREMATIPS
2025-11-12,16:45,Tunisia , Mauritania,45.0,36.0,19.0,1.38,3.8,8.0,1.0,52.0,48.0,1.98,1.83,0.0,38,62,2.2,1.62,0.0,1,1,PREMATIPS
2025-11-12,17:00,Borac B. Luka , Zrinjski Mostar,48.0,13.0,39.0,2.08,2.94,3.35,1.0,58.0,42.0,2.27,1.52,0.0,44,56,1.96,1.71,0.0,-,-,PREMATIPS
2025-11-12,17:00,Zbrojovka Brno , Hradec Kralove,33.0,31.0,36.0,2.55,3.6,2.3,5.0,48.0,52.0,1.83,1.98,1.0,56,44,1.73,2.0,1.0,0,3,PREMATIPS
2025-11-12,17:00,Russia , Peru,42.0,34.0,24.0,1.57,4.18,6.12,1.0,53.0,47.0,1.94,1.88,0.0,47,53,1.96,1.74,0.0,1,1,PREMATIPS
2025-11-12,19:30,Zamora CF , Ourense,37.0,47.0,16.0,1.7,3.2,4.5,4.0,58.0,42.0,2.25,1.62,0.0,47,53,2.1,1.67,0.0,0,0,PREMATIPS
2025-11-12,21:00,La Equidad , Dep. Pereira,30.0,29.0,41.0,2.13,3.34,3.18,6.0,55.0,45.0,2.01,1.74,0.0,48,52,1.8,1.91,0.0,4,0,PREMATIPS
2025-11-12,21:00,Cuba , Saint Lucia,43.0,32.0,25.0,1.53,4.2,5.75,1.0,42.0,58.0,1.57,2.2,1.0,54,46,1.68,2.05,1.0,3,0,PREMATIPS
2025-11-12,21:00,Dep. Achuapa , Marquense,46.0,20.0,34.0,1.66,3.3,4.6,4.0,52.0,48.0,2.2,1.58,0.0,43,57,2.15,1.61,0.0,0,0,PREMATIPS
2025-11-12,21:30,Bahamas , Anguilla,43.0,31.0,26.0,1.57,3.9,4.5,1.0,38.0,62.0,1.5,2.5,1.0,58,42,1.53,2.38,1.0,1,2,PREMATIPS
2025-11-12,23:00,St Kitts&Nevis , Sint Maarten,45.0,33.0,22.0,1.25,5.5,7.5,1.0,38.0,62.0,1.5,2.5,1.0,49,51,1.91,1.8,0.0,0,0,PREMATIPS
2025-11-12,23:30,Atletico MG , Fortaleza CE,41.0,37.0,22.0,1.62,3.8,5.5,4.0,59.0,41.0,1.93,1.93,0.0,44,56,1.91,1.91,0.0,3,3,PREMATIPS
