Bedrooms,Bathrooms,Area_sqft,Location_Rating,Age_of_House,Garage,Price
4,2,655,7,6,1,423104
5,3,3224,6,39,1,737362
3,2,2915,6,22,1,569136
5,2,2716,2,47,0,562937
5,3,2351,5,10,0,611901
2,1,2647,3,35,0,410910
3,1,1501,7,48,1,407721
3,1,2224,4,47,0,411965
3,1,3440,1,22,1,551230
5,3,856,6,42,1,500988
4,3,1271,6,6,1,484731
3,3,1089,7,26,0,415728
5,2,3393,8,12,1,732431
2,3,2696,3,16,0,475907
4,1,2282,6,31,0,486409
2,2,915,10,25,0,339721
4,1,3060,2,21,1,577694
5,1,1033,9,12,0,452394
1,3,1625,2,11,0,306415
4,3,2575,3,6,1,588030
2,1,3816,10,0,0,599072
5,1,2579,2,32,1,578031
4,2,1989,9,13,0,541807
1,3,1019,1,46,1,247101
1,2,2196,5,42,1,386548
3,2,2184,1,40,1,441515
3,2,1443,5,16,1,424261
2,1,2067,8,3,1,417217
4,2,3563,8,38,0,661523
4,2,1033,8,0,0,458252
3,1,3290,2,40,0,512075
4,3,2178,8,44,0,552331
4,3,2704,5,23,1,603566
1,2,1563,1,33,1,283581
3,1,1576,7,33,0,406336
5,3,3849,6,23,1,810088
3,2,3964,5,14,0,633636
5,2,645,1,16,1,378439
1,1,1793,1,12,1,299924
2,2,3942,6,6,0,624018
4,3,1016,10,8,0,483526
1,1,1447,7,43,1,300752
4,3,2786,10,34,0,661700
2,3,846,10,22,0,344960
2,3,3819,1,46,0,578473
1,2,829,9,38,0,255894
2,2,1391,4,22,1,353041
5,3,1236,5,25,1,528631
2,3,3021,2,0,1,547913
4,1,3751,10,13,1,709693
4,1,1337,8,31,0,441225
4,2,1688,2,47,0,416951
4,2,687,3,9,0,367012
5,1,3759,9,0,1,770744
3,3,1312,2,4,1,406918
1,2,2349,6,2,1,417489
4,3,1827,4,48,1,528468
2,1,2536,7,49,0,429122
4,2,2005,6,26,0,526353
2,2,1200,10,21,0,349734
2,1,2099,9,17,1,428234
4,2,3186,9,15,1,676155
5,1,813,10,1,1,464007
2,2,2721,4,46,1,451500
2,1,2708,1,12,1,414409
4,2,1297,2,44,1,409173
2,3,1842,8,15,0,450635
2,3,2659,10,7,1,576274
4,3,3461,8,42,1,720115
4,2,2679,2,7,1,558584
1,2,1783,4,9,0,333343
5,3,1600,1,32,0,474650
5,3,836,7,30,1,510989
2,1,1804,4,11,0,352228
5,1,3205,8,8,0,675916
2,1,2081,9,36,0,403219
1,3,1703,9,8,1,403944
4,3,1246,3,47,0,409753
4,3,3634,5,17,0,689316
4,1,3467,6,29,0,627097
5,2,1072,6,31,1,463574
1,3,711,10,39,0,282029
5,2,3963,8,22,1,787513
5,2,2445,6,10,0,607140
1,2,2254,6,19,1,421908
1,1,982,4,18,1,225002
1,2,616,7,35,1,240222
1,3,1092,8,25,1,338353
4,1,3573,3,9,1,636901
3,3,2496,7,23,0,529509
3,3,2109,3,12,0,489500
1,1,716,8,45,0,207508
3,3,2178,1,33,1,457036
3,3,1479,1,28,1,388893
1,1,2762,6,35,1,429947
3,3,2418,10,6,0,587621
5,2,2172,9,29,1,605913
2,3,3461,4,16,1,597595
2,2,2248,6,47,1,427508
1,3,1243,5,12,1,317944
4,1,1959,1,23,0,410853
1,1,935,6,30,1,229593
4,3,3569,9,26,1,735163
2,1,746,3,49,1,210405
1,3,721,3,20,1,266252
5,1,680,2,43,0,358521
3,2,3332,4,0,1,601158
4,3,3309,10,14,0,694772
3,2,3022,3,2,0,543162
3,2,2710,2,5,1,515914
1,3,1103,1,13,1,263726
3,2,1267,3,37,0,367873
5,3,3096,10,32,1,770810
3,2,3515,6,37,1,618290
1,3,2044,9,7,0,414567
5,3,1945,5,25,0,569660
2,1,3327,3,14,0,472253
3,3,1789,5,13,0,459326
1,3,2220,5,47,0,373308
2,2,2580,5,19,0,467112
2,3,2272,7,47,1,491715
4,1,3108,5,18,1,615151
5,2,1058,7,32,1,478938
3,2,1812,9,35,1,499941
1,1,1063,5,23,1,225998
4,2,1511,2,9,1,454047
5,2,3026,5,49,1,674863
4,2,1625,8,33,1,498113
5,2,3011,4,35,1,662349
5,1,671,2,46,0,361403
3,1,2050,10,35,0,486139
5,2,3285,3,15,1,680687
4,2,1793,9,14,1,524747
5,1,3876,9,17,0,738508
3,1,2448,8,6,0,521412
3,1,2984,8,46,0,533074
4,2,2622,8,21,1,604113
2,2,2842,8,31,0,496249
2,3,1611,8,42,0,413171
5,1,1252,1,18,0,394893
1,2,1898,6,39,1,357070
5,1,606,9,0,0,412606
4,2,1504,8,34,1,478613
4,1,3626,3,4,0,637236
4,2,2628,1,49,0,497830
4,3,3213,2,11,1,632437
4,3,1215,2,11,0,410964
3,1,2473,7,20,0,501370
2,2,3220,6,18,0,520749
4,2,3246,2,8,1,601446
1,1,1369,8,42,1,289290
1,2,3849,9,48,1,574635
1,1,2889,7,47,0,419305
1,2,3874,4,35,1,534776
3,1,2166,1,41,0,380067
1,2,2085,4,46,0,333762
4,1,3751,4,31,0,646473
5,2,2040,8,34,0,577014
1,3,1365,4,30,0,305554
3,2,983,4,31,0,342755
3,1,3038,2,36,0,488851
1,3,3543,10,31,0,587185
5,2,1287,7,42,1,523287
1,3,1749,4,36,1,364383
3,2,646,6,38,0,323253
2,3,2572,3,37,1,489594
4,1,3266,7,29,1,641942
3,2,1063,6,31,1,380448
1,2,2472,3,44,0,376956
4,1,722,4,1,1,364107
1,3,2781,10,10,0,510158
1,1,2242,5,19,1,354770
2,1,1440,9,36,1,385025
4,3,2185,6,8,1,598279
4,1,3496,4,37,0,597716
2,2,3254,7,48,0,541773
3,2,2403,2,18,0,476241
1,2,622,4,39,0,208852
5,1,1165,5,6,0,424297
1,2,2509,4,4,0,418789
1,2,3413,4,46,0,461894
3,2,1564,9,41,0,423590
1,2,2882,2,23,0,399369
2,2,1595,6,47,1,374973
2,2,3730,8,40,1,614085
4,1,1787,8,6,0,494487
5,2,2394,7,10,1,639484
1,2,1425,10,8,1,372551
1,3,815,4,48,0,229054
3,1,3854,7,29,0,638539
2,1,1256,10,40,1,348954
5,1,3582,6,2,0,682489
4,1,1713,6,21,1,475544
2,2,2587,2,39,0,417145
4,2,910,8,19,1,445743
3,3,1156,8,31,0,439154
3,3,3619,7,47,1,672627
1,1,2904,9,6,1,485148
5,3,3180,8,6,1,751958
4,3,2156,9,19,1,596034
2,1,651,9,24,0,263650
3,1,1961,6,44,1,418124
1,3,1794,2,34,0,334172
1,2,3738,7,43,1,541022
4,3,2248,3,23,0,515420
3,3,2947,7,39,1,615289
5,2,1271,9,12,0,522448
3,2,1377,10,47,1,430077
4,1,1431,10,38,1,473004
4,1,2879,2,3,0,537192
3,3,3622,6,11,1,682737
4,2,2460,6,16,1,575335
3,1,3739,9,0,1,658559
2,3,2129,9,16,1,514584
3,2,2675,5,1,0,507964
3,3,2572,5,5,1,579602
4,1,1674,9,43,0,480912
4,1,2316,8,10,0,552171
1,2,1883,7,42,0,331211
1,3,1190,8,17,0,321716
2,2,3432,6,39,1,545108
1,1,3267,3,24,1,446321
3,1,2586,7,38,0,490577
4,3,3233,8,27,1,692995
1,3,1601,8,45,1,364713
1,3,2831,1,15,0,428361
2,2,1646,7,11,0,394092
2,3,2776,3,40,0,471378
3,3,2938,2,28,1,561785
4,1,2455,2,22,0,468867
2,1,1100,8,20,0,300786
1,3,2833,9,15,1,536708
4,3,1078,3,47,1,415351
4,1,2194,3,40,1,496146
1,3,3139,6,44,1,507511
2,2,1112,10,25,1,363190
1,2,3738,1,36,1,507113
4,2,3114,6,21,1,627277
5,3,2932,3,9,1,668603
5,1,1200,4,6,0,431567
3,3,2040,9,8,1,552885
1,3,1723,3,24,0,338522
1,1,788,1,45,1,172906
3,1,1588,3,14,1,379240
3,1,3537,7,12,0,579960
3,2,2481,7,41,1,537867
4,3,987,5,45,0,423202
1,1,2888,1,25,1,383133
4,3,2405,8,20,0,583998
3,2,2633,10,22,0,552818
1,2,2354,8,43,1,416401
4,1,3064,10,27,0,625154
4,1,2823,10,37,0,607876
3,3,986,10,11,1,449002
1,1,2094,2,23,1,331385
3,3,1452,10,12,0,484745
1,1,3904,3,39,1,484245
5,3,3310,4,47,0,682870
2,3,1051,1,1,0,312831
2,3,2924,4,38,0,493042
2,3,3900,5,11,1,642339
3,2,3842,3,38,1,628881
5,3,2358,10,13,0,656335
1,1,812,2,29,0,179999
4,2,3953,6,40,0,710335
1,2,640,8,49,1,253083
4,3,1745,7,42,0,515605
1,2,3898,1,47,1,502430
5,3,2941,4,18,0,658836
4,1,1199,3,30,0,358715
3,3,3938,6,42,0,677196
1,2,2624,9,49,0,442212
1,1,3188,9,42,1,480044
4,3,2630,7,24,1,622718
3,1,2382,9,3,1,523484
3,1,2451,8,49,1,511283
5,2,3098,5,12,1,695228
3,1,2379,9,35,0,507159
3,2,3732,7,41,1,659190
3,1,3818,5,36,1,610210
2,3,3437,8,2,1,648086
5,1,2981,7,15,1,649962
1,3,2504,9,25,0,487307
4,3,3538,10,39,0,728311
1,1,3813,1,38,0,439342
5,3,2691,9,18,1,715386
4,1,743,7,45,0,343191
5,1,932,1,14,0,383199
3,3,1597,1,31,1,396218
4,3,2019,5,48,1,530852
3,2,654,8,20,1,361640
1,3,1930,9,0,0,424262
1,2,3517,6,5,1,538482
4,3,2046,10,26,0,584059
4,1,2040,8,22,0,517815
5,3,3444,6,46,0,719342
5,1,2972,6,30,0,603922
3,1,2333,4,11,0,464620
4,1,2294,5,20,1,501051
1,2,679,2,1,0,199006
5,3,3702,3,4,0,752746
5,1,1584,3,8,0,445083
1,1,3783,5,19,0,497194
5,2,3205,5,45,0,656966
3,3,1464,6,17,1,464369
4,3,3364,5,21,0,654405
1,2,2187,6,7,0,370692
4,2,1071,8,33,0,427427
5,3,2721,2,8,0,635592
5,2,2176,4,6,1,567866
1,3,2102,6,29,0,381609
3,3,1188,5,17,0,393169
2,1,2010,1,26,0,347782
1,1,2505,9,15,0,414863
2,3,1163,3,20,1,334119
2,3,1066,2,4,1,343736
3,3,1198,9,28,1,450637
2,3,2244,7,46,0,451456
2,3,1591,5,36,1,381815
3,3,2532,6,42,1,549475
2,2,3384,4,21,1,548091
2,3,3641,1,13,1,574484
2,2,2895,4,18,1,489394
1,2,2204,9,34,0,402117
1,3,3791,1,23,1,536178
1,3,666,10,41,1,309421
3,2,3220,3,5,1,584459
5,2,3998,5,2,0,749315
2,3,3350,7,33,0,567577
2,3,1069,9,44,1,386343
3,2,3140,6,49,0,549943
2,2,2324,3,1,0,439108
1,2,3310,7,14,1,505783
5,1,2933,4,36,0,588413
4,2,2231,3,14,1,511485
2,1,2959,7,31,1,517285
1,3,2956,7,20,1,502582
4,3,1374,4,16,0,474751
5,2,3768,7,33,1,753707
4,3,3612,2,31,1,671016
1,3,1736,1,49,0,303938
4,3,2611,2,46,1,575307
3,3,3103,4,22,0,587702
4,1,2086,8,34,0,484030
2,1,731,3,36,1,254928
2,2,1529,10,42,0,374836
3,2,3612,6,40,1,623064
1,2,1528,6,36,0,309915
2,3,2768,9,32,0,530107
5,3,1820,9,24,0,586709
2,1,2105,4,45,0,367854
2,1,1233,9,36,1,346007
1,2,3544,6,39,1,544284
4,1,3419,2,20,0,597087
2,1,1662,10,45,1,375099
3,1,3213,6,47,1,561988
4,1,3159,2,37,1,561645
5,1,1784,8,39,1,542271
1,2,888,4,33,1,254586
5,2,2847,5,18,1,657393
4,1,2411,8,26,1,572403
4,2,1127,8,8,0,449837
4,3,1516,6,4,1,514965
5,1,2308,4,4,0,542250
4,3,3919,1,24,0,664090
5,2,2006,7,25,0,572037
4,2,1841,8,18,1,522552
3,3,1710,9,29,1,490460
4,2,3753,2,35,0,657402
5,1,3733,1,47,0,649985
2,3,1398,4,47,1,356864
4,1,2123,5,15,1,489891
2,3,3713,10,6,1,688819
3,2,611,1,17,0,256310
1,3,1432,5,20,0,342595
3,3,3488,6,30,1,641788
4,1,3290,3,0,1,624754
2,2,3786,7,2,0,615714
2,1,1841,6,30,1,382174
5,2,2272,4,24,1,586398
2,1,2753,3,7,0,422309
5,3,1290,5,0,0,524180
1,1,1127,3,6,0,216260
4,2,2095,10,6,0,585438
5,2,3493,9,7,1,781191
1,3,1492,9,18,0,378931
2,2,986,6,16,1,329762
2,1,1849,6,10,1,395136
1,3,3128,4,46,1,506933
2,2,2377,4,40,0,409079
1,2,1007,2,48,0,191040
5,1,2276,10,10,1,607355
5,1,1497,4,37,1,471105
1,3,1310,8,40,0,329259
5,2,3286,10,49,1,745355
5,1,3692,2,1,1,705426
5,3,2282,9,3,1,691604
3,2,3462,1,49,1,573314
4,2,1517,2,27,1,418706
2,3,2850,2,32,1,487599
3,3,1016,6,10,1,418374
5,1,1015,7,2,1,459215
1,2,2071,3,39,0,329597
5,2,2135,9,4,0,627318
4,2,684,5,20,1,383183
5,3,766,5,21,1,487362
1,1,3031,4,36,0,408576
4,2,3115,9,10,0,638897
5,3,1695,8,43,0,575475
4,2,1409,4,21,1,464477
2,1,3644,4,40,0,534370
2,2,2144,2,12,0,376100
5,1,2416,9,2,1,615318
4,1,3120,3,12,0,573111
1,2,1592,4,27,1,334418
5,2,1881,7,10,0,553333
2,1,874,10,10,0,306571
2,3,2373,8,20,0,488026
5,1,3691,8,20,0,725868
4,2,3137,4,6,0,607839
2,2,2356,7,16,1,457745
4,3,2973,10,47,1,683758
2,1,3176,1,13,0,457303
2,1,1491,6,32,1,344407
3,1,688,6,10,0,318426
2,2,3133,6,12,0,544790
1,1,1307,2,0,0,214298
5,3,2997,8,33,0,696783
5,2,3755,5,8,0,728513
4,2,986,5,12,1,438886
2,1,2734,2,36,1,442520
1,3,2954,4,29,1,469996
4,2,2473,9,40,1,582855
3,2,1777,9,44,0,468419
4,1,1039,6,36,1,383897
4,1,3387,9,46,0,626509
2,3,2911,4,6,0,525465
3,1,1576,1,13,1,366718
4,3,1334,2,47,1,445864
1,2,3068,1,5,0,414168
1,3,3140,8,33,0,519382
5,3,1232,9,15,0,546339
3,3,1592,10,36,1,518163
3,2,3058,6,35,0,574889
5,1,772,2,45,0,364170
4,2,603,6,5,0,362978
3,1,3501,9,7,0,607498
1,3,2263,3,23,1,390366
1,3,3633,9,2,1,612653
2,3,2615,2,3,0,488188
3,3,2095,5,31,1,517375
4,3,3781,2,0,0,673774
5,1,1660,7,33,1,521772
5,1,3230,10,44,1,702716
4,3,1654,9,8,1,565140
2,2,980,7,11,1,345670
5,2,1891,5,9,0,559762
3,3,3682,4,9,0,634751
2,1,2991,4,49,0,432670
3,2,2192,10,43,1,537172
1,2,765,8,47,1,277789
2,2,3347,10,22,0,584682
5,3,2989,10,5,1,767918
2,2,1642,10,23,1,432099
2,2,2251,10,23,0,480913
2,2,3627,10,20,1,628810
2,2,1807,1,41,0,345016
3,1,1144,5,30,1,351753
1,3,3681,2,46,0,513630
4,3,2839,9,40,1,644793
2,1,2967,7,29,1,510924
5,1,3227,10,33,1,713085
2,3,3122,8,17,1,587313
5,2,3284,6,11,1,707216
3,2,3074,9,34,0,576487
5,3,3730,6,6,1,805701
4,2,696,7,40,0,378265
1,1,3143,7,39,0,458948
5,2,3308,9,24,0,728422
5,2,1901,8,5,1,607898
1,2,3936,1,0,0,510467
4,3,2656,4,45,1,586264
2,1,1056,7,15,1,318263
5,2,2418,8,47,1,614401
1,3,872,7,3,0,313422
3,2,3587,3,28,1,623421
1,1,1631,4,37,1,303648
3,2,807,7,46,1,371246
4,1,2537,8,27,0,533675
2,2,2260,7,21,0,430223
1,1,1746,6,7,0,305990
5,2,1656,9,31,0,553370
4,1,2136,9,32,1,524313
1,2,803,7,12,0,262153
5,2,3165,8,26,1,702101
1,3,2432,6,17,0,432143
3,3,3164,1,17,1,575884
1,1,1042,1,12,0,180935
1,2,1288,6,21,0,286917
1,1,3497,2,13,0,449428
4,3,1432,8,10,1,522174
1,1,2986,1,38,1,380223
5,1,2061,2,49,0,476995
3,3,1759,8,21,0,471869
3,2,986,6,35,0,356140
1,1,2641,10,16,0,419266
4,3,3696,2,31,0,665737
4,2,3153,2,13,0,571009
5,3,1948,7,41,1,593047
1,1,2318,5,28,1,380867
3,2,1279,5,5,1,405650
4,2,1289,8,49,1,469331
1,3,3532,7,3,1,595031
4,3,3766,9,10,1,763801
4,3,2168,4,44,0,536105
3,2,3270,10,39,0,615074
2,2,1769,4,9,0,383259
5,1,1492,2,27,0,425796
5,2,1552,3,10,0,480428
3,1,1854,1,34,1,367618
4,3,1383,1,14,1,456131
1,3,2646,7,7,1,489902
4,2,2471,5,19,1,566547
3,3,1094,3,49,1,374235
5,3,3709,7,20,0,780807
4,2,1346,2,0,1,431253
5,1,3084,3,28,1,643787
1,2,2454,1,23,1,375931
5,1,2992,8,29,0,633819
5,2,3831,2,39,0,678155
2,2,3197,7,34,0,513742
2,3,3467,9,32,0,628912
2,2,3188,6,19,0,513488
5,2,2791,2,15,0,594660
3,1,3235,2,8,1,529733
5,3,1256,9,30,1,543688
3,1,2482,10,16,1,521846
3,1,2992,8,30,0,537327
2,3,3940,9,47,0,663115
4,3,3343,4,22,0,633787
1,3,2396,4,5,0,412553
2,2,867,2,29,1,286715
2,3,2816,10,6,0,565511
4,3,2362,1,47,0,510251
1,3,2680,10,39,0,484778
5,1,976,4,41,0,397956
5,1,3885,10,45,0,737931
2,2,2185,10,10,1,495688
1,1,2063,8,33,0,330283
2,2,3040,2,11,0,458951
3,1,1088,8,44,1,350869
2,3,1321,1,46,0,302486
2,1,1545,1,26,0,268707
5,2,3700,4,11,1,751665
5,1,2686,7,12,1,651039
5,3,2235,9,7,1,668157
3,2,3844,5,15,1,658906
5,3,1640,2,28,1,519190
1,3,3727,7,34,1,584149
4,2,2873,2,28,1,582978
1,3,2714,9,30,1,501329
1,3,3868,9,12,1,649900
5,1,2277,3,11,1,540113
4,3,3482,8,1,0,707695
4,3,3694,4,32,1,710127
4,3,1598,3,7,1,478246
3,3,2377,1,40,1,503883
5,2,2884,5,39,1,630294
4,1,1556,4,48,1,404021
3,3,3566,1,40,0,586903
2,3,2189,10,31,0,492867
2,2,1761,8,37,0,402104
3,3,3120,8,27,1,629480
3,2,2468,8,14,1,531644
5,1,1152,3,22,0,428772
5,1,2233,6,23,1,570687
2,3,1294,7,12,1,401677
4,3,3900,9,20,0,777112
2,3,916,5,11,1,349075
4,2,3245,9,12,1,687949
4,3,1367,6,38,1,487159
5,3,3533,10,22,1,783559
1,1,3208,10,49,1,494904
1,3,3872,10,45,1,618559
3,1,2571,4,42,1,481462
5,3,2905,1,27,0,634943
4,1,2103,1,13,0,445119
1,3,3849,10,16,1,652115
4,1,3404,5,23,1,644797
1,2,722,3,33,0,183397
1,1,2989,5,47,0,408475
1,1,3842,5,21,0,515060
5,1,2468,1,9,0,540460
2,3,2271,8,7,0,502335
4,3,1682,5,20,0,509493
5,3,2328,5,36,0,588749
5,2,2907,9,6,1,698359
5,2,2596,8,25,0,625110
5,1,2742,1,12,0,564969
5,2,1748,3,15,0,511123
3,1,2688,7,29,1,520700
4,1,2514,1,30,1,515409
5,1,853,1,4,1,388087
4,2,606,5,31,0,343006
3,3,3375,9,15,0,653303
3,2,2716,6,46,0,499866
4,1,3752,10,8,1,734446
1,1,1141,2,21,1,207577
2,2,3933,9,43,1,627868
1,1,688,6,39,1,220527
1,1,2538,5,44,1,374540
1,2,3879,5,36,1,552697
5,2,812,3,13,0,402491
3,2,3481,6,15,1,611085
1,1,865,4,42,1,216195
3,1,3559,10,19,1,663841
4,3,2940,2,43,1,582837
2,3,1830,3,14,0,401436
4,2,2980,9,43,0,621592
4,3,3748,9,25,1,777071
5,1,3959,6,8,0,713371
2,3,1604,10,0,0,458096
4,1,2694,10,34,0,568889
4,2,1221,9,43,0,438456
2,2,3871,4,19,0,586211
2,1,1026,5,44,0,249965
4,3,809,10,5,0,482773
2,2,1487,6,41,1,353864
4,2,2043,9,9,0,553123
4,3,753,5,47,1,418255
5,3,1014,8,32,0,490779
1,1,1780,1,15,0,242624
4,3,1884,5,35,0,522436
3,3,3748,10,5,1,717291
1,3,1368,1,18,0,264594
1,1,1582,10,30,1,352418
1,1,2111,6,1,0,361713
5,2,3802,7,17,0,767774
4,1,1178,5,41,1,405277
5,2,3387,1,27,0,653559
4,3,2810,6,3,0,627543
5,2,1638,10,0,0,576323
5,2,3903,5,46,1,736370
3,3,2842,6,41,0,550899
5,2,1141,10,49,0,498303
2,1,958,7,15,0,287567
3,1,1449,7,44,1,387033
5,1,1026,2,46,0,388171
1,1,3144,3,1,1,450891
2,2,3475,6,35,0,541579
2,2,1085,3,0,0,311855
2,3,2431,2,38,1,453103
3,2,2072,4,22,1,468071
5,2,2036,5,25,1,557323
5,2,929,10,10,1,512097
1,3,2355,9,41,1,454387
1,1,3536,3,0,0,480721
2,2,3638,3,10,0,555702
1,3,1770,6,23,1,380339
3,3,858,5,9,0,386673
5,3,2939,6,13,0,702706
2,1,742,7,13,1,281596
1,2,2616,3,6,1,414798
3,3,3394,5,22,1,652924
3,1,1226,8,42,0,370251
1,3,1988,4,21,1,400936
5,3,689,10,35,0,505528
1,3,1319,2,26,1,306044
2,3,3835,4,1,1,631757
1,3,1080,2,38,1,282963
3,1,2731,3,45,1,479115
1,2,1700,4,18,0,313027
5,2,1272,4,6,0,467992
4,2,1116,10,11,0,461877
1,2,3132,9,2,1,531994
5,1,2213,10,46,0,590844
5,1,1381,6,4,0,474851
3,1,2751,9,7,0,552623
5,3,2635,4,13,1,656727
5,3,2986,9,35,0,714765
5,3,1286,9,6,1,586726
5,2,2189,6,6,1,605381
2,3,1499,5,49,0,371236
2,2,2101,3,45,0,391701
3,3,3254,5,31,1,623449
1,2,822,3,7,1,222036
5,3,3680,5,11,1,760657
1,3,1676,5,9,0,369255
1,1,1700,2,13,1,300981
3,3,2341,9,8,1,591667
5,3,1102,7,37,1,539569
5,1,1939,6,29,0,501831
4,2,3469,5,4,1,688684
1,1,1223,4,0,1,259325
1,1,2486,8,0,1,429046
2,2,2812,2,19,1,460207
4,3,3950,8,48,1,774208
2,2,1650,1,10,0,327522
2,3,1693,10,25,0,452290
2,3,3889,1,43,1,605411
3,2,2585,3,2,1,532571
3,1,1988,5,5,1,456713
2,2,1929,6,42,1,405940
4,3,1747,4,44,1,521418
1,2,618,7,10,1,243846
4,2,1880,7,7,0,533874
5,3,3967,2,28,1,778889
3,1,1645,2,9,1,378462
1,2,1588,2,33,0,291171
1,3,3097,2,23,0,458734
5,3,3199,9,45,0,742368
5,2,2173,5,47,0,554735
2,1,1671,8,16,1,378109
3,2,3342,5,31,0,560646
3,1,3234,5,10,0,565124
4,1,3368,1,33,0,543625
2,1,1806,6,23,1,367799
2,1,2058,4,4,1,377545
2,2,2754,3,28,1,482194
2,3,1811,6,47,0,412144
3,3,1375,2,47,1,395198
3,3,3757,8,33,0,672689
2,3,2459,1,15,0,440874
4,3,2466,9,24,0,613020
1,3,1760,8,36,0,360677
1,2,2481,1,7,1,399112
4,1,3545,10,28,1,681675
2,3,2983,9,45,1,556977
3,2,3254,2,24,1,544161
1,3,3485,3,41,0,515546
5,3,2380,2,22,0,573458
5,1,1201,8,33,0,463710
4,1,2194,2,2,0,476653
2,1,3050,10,29,0,518817
1,3,1139,2,49,1,277833
2,3,1695,1,33,1,360179
1,3,2405,7,31,0,429849
4,1,623,2,28,0,282744
4,2,1223,10,8,1,481264
5,3,2435,5,1,1,645811
2,3,1679,5,38,0,378967
5,3,1585,3,6,1,565492
2,2,822,3,45,1,260172
5,3,778,3,4,0,440926
3,2,3447,6,7,0,594301
3,3,3081,4,31,1,599590
3,2,2560,3,17,1,524165
3,3,2073,2,37,0,432478
1,1,1392,3,45,1,261311
3,1,1483,4,17,1,390529
4,1,3139,6,48,1,608935
4,1,1812,4,40,0,427158
1,3,2201,8,44,1,442350
3,1,1409,3,15,1,350483
3,2,1560,3,20,0,387756
3,1,1019,3,9,0,288866
5,1,3920,8,41,1,731839
2,1,3296,4,3,0,499203
5,3,1787,1,43,0,504288
2,1,1878,2,7,1,338024
3,2,3123,10,46,0,600943
3,1,2040,2,18,1,421044
5,1,2817,3,46,1,579034
5,1,1940,6,39,0,527820
2,2,2821,8,39,1,538859
4,1,3117,1,8,1,548489
2,2,2992,9,29,1,568641
5,2,3092,1,16,1,621752
5,1,1641,10,39,1,544406
1,2,1693,2,43,0,294779
5,3,1961,3,14,0,547923
1,1,3275,7,3,1,507980
4,1,1191,9,5,1,437460
2,2,1126,3,15,0,275390
2,2,3103,8,25,1,552144
1,1,1892,9,36,1,347070
2,3,2254,10,22,1,537797
5,2,1410,7,12,0,534775
3,2,787,4,46,1,321886
1,3,3668,4,16,0,557511
2,3,2192,4,26,1,468465
1,1,3358,6,21,1,486316
1,3,1128,4,36,0,258880
3,1,1033,5,18,0,317272
5,3,2935,9,38,1,706260
1,2,2541,7,34,1,428374
2,1,3146,8,12,1,556076
4,1,2404,5,13,0,517204
1,1,902,5,47,1,208866
1,3,686,7,30,0,246998
3,2,3477,8,44,1,646325
5,1,1037,9,1,1,483715
4,1,3188,2,45,1,561005
2,1,1645,3,38,1,341829
4,1,1432,2,36,1,385807
2,2,1396,10,13,1,423106
5,3,1159,7,8,1,534918
2,2,1361,2,9,0,301416
3,1,2298,2,6,1,447294
3,2,3114,2,27,1,549137
3,1,1724,4,45,1,376731
3,3,3322,1,24,1,600741
4,3,1284,2,45,0,399347
5,3,1764,3,27,0,518484
2,1,737,7,1,1,300356
2,2,1177,10,16,1,406259
3,3,1309,1,3,0,380865
3,1,827,6,12,0,313917
1,1,2928,3,17,0,384490
5,2,3331,3,2,1,677435
4,3,1427,4,36,0,440960
2,1,1030,4,32,0,262778
1,2,1663,7,40,1,341905
1,3,2309,3,23,1,407959
2,2,2286,8,7,1,485657
4,2,1834,8,34,0,521956
1,1,901,7,1,0,244517
1,1,1709,2,32,0,260837
5,1,2020,5,11,0,538038
4,2,3924,6,21,1,708621
1,1,1132,10,12,0,287775
4,2,1368,4,9,1,439612
2,2,2538,10,16,0,490416
3,1,2004,5,42,0,423163
1,3,1043,9,4,0,345424
5,3,3704,7,8,1,801161
2,3,859,2,12,0,271593
4,2,3905,1,22,1,652090
2,2,2138,2,29,1,410170
1,2,1931,3,42,1,321634
4,1,3386,2,3,1,595021
3,2,3443,3,20,0,555991
2,1,669,10,42,0,258804
1,1,2077,9,8,1,413405
5,3,2062,4,6,1,614156
4,3,2448,9,15,0,616064
2,3,3630,3,22,0,560208
2,1,1080,1,22,1,252783
3,1,1767,5,30,0,380215
3,1,2671,10,4,0,527170
5,2,3612,10,5,0,766014
5,1,3393,2,0,1,653071
1,3,3492,4,47,1,536940
1,3,1798,2,27,1,344128
5,1,2972,2,17,1,613678
5,1,2492,3,23,1,568636
4,3,2294,5,12,0,569482
3,1,2483,4,32,0,450205
1,3,1971,2,9,0,335698
3,2,1397,10,6,1,473720
3,3,617,2,36,0,302652
5,2,643,6,31,1,429785
4,1,754,7,44,1,361683
2,1,1466,10,21,1,403808
4,2,3569,6,15,1,674162
4,1,1342,7,23,1,457221
3,2,2451,1,13,1,463654
4,1,2025,6,10,0,480776
1,3,824,3,18,1,249181
3,1,816,1,22,0,257071
1,3,630,8,33,1,284525
2,3,2492,4,39,0,475430
3,2,1682,10,12,1,477613
2,1,2515,8,38,1,449920
3,2,1497,10,43,0,457878
5,1,3582,4,27,1,691227
4,3,1044,4,39,1,426929
5,3,1858,10,15,0,634825
2,1,1730,4,49,0,336064
4,1,1814,6,27,1,493960
3,2,2615,9,3,0,543832
4,1,3177,5,27,0,566811
1,1,2536,10,11,1,436453
4,1,1337,8,15,0,443789
1,2,2302,8,48,1,421621
4,1,1473,4,35,0,390868
1,3,1165,10,19,1,350346
2,2,3916,9,25,1,665922
5,2,2618,9,25,1,653500
3,3,2485,5,21,0,516527
4,3,2723,6,8,1,628835
5,3,1146,5,4,0,500544
3,1,2914,3,16,1,497564
3,3,916,8,48,1,417622
1,1,3792,9,33,1,545138
2,2,2459,4,1,0,448504
2,2,624,9,6,1,314252
5,3,759,9,35,1,495113
2,1,3243,7,12,0,501483
4,3,1737,8,19,1,565554
2,3,1499,3,29,1,363432
5,1,3149,5,29,0,624675
2,3,1789,3,10,0,392693
4,2,3660,7,30,0,698066
1,3,1302,6,2,1,348118
5,1,3846,3,1,0,679699
1,1,600,9,47,1,239271
1,2,2522,1,2,1,384640
1,1,3388,10,14,0,503089
3,1,3757,3,16,0,562861
3,2,2967,10,47,1,584164
1,3,2024,7,6,0,405342
5,2,981,3,47,0,432969
4,3,2341,3,4,1,566284
4,2,3989,2,33,0,645347
2,3,2426,9,32,0,492838
5,2,1873,4,44,0,508456
3,3,2148,10,15,1,549711
1,2,2178,6,36,0,365474
2,3,1497,2,2,0,347008
4,2,1316,9,46,1,461524
3,1,3927,7,47,1,654805
3,3,2954,10,42,1,614976
1,2,3815,5,49,1,531641
4,3,990,7,20,0,437963
5,3,2299,4,40,1,614191
3,2,3840,10,7,1,723228
1,3,3637,7,21,0,561989
5,2,2945,2,4,1,662151
4,1,832,7,16,1,403099
3,3,2526,4,36,0,510258
5,1,2918,4,13,1,644207
5,3,3731,1,38,1,718284
5,3,1919,3,40,0,553647
3,3,3906,5,27,0,660065
3,2,3324,5,30,0,567893
2,1,1305,2,16,0,278678
4,3,833,4,34,0,410187
1,2,1991,1,39,0,281814
5,3,3492,9,21,0,756700
2,2,1855,1,44,0,321565
1,3,2496,6,47,0,407185
2,1,3138,7,28,0,483332
3,1,3150,3,9,0,518122
5,3,1489,1,17,0,475234
1,2,1191,7,34,1,302297
1,3,1345,3,43,0,275008
1,2,2319,10,15,0,427362
1,3,1027,6,49,0,266212
1,2,3344,6,48,0,480566
2,1,3293,4,6,0,494928
5,3,1331,6,29,1,528449
3,1,1399,10,18,1,424667
3,1,3011,4,22,1,525211
3,3,801,8,7,1,436589
3,3,3529,9,16,0,688791
2,2,2793,2,20,1,470865
4,2,1435,7,25,1,496011
5,1,3286,9,27,0,667689
1,2,734,9,38,1,264149
4,2,3273,5,32,1,643983
3,3,1887,1,39,0,403701
4,2,2711,6,18,0,585523
5,1,3138,8,28,1,678957
1,2,640,1,19,0,173669
1,1,3967,2,19,1,510524
5,3,3674,1,9,0,694606
5,1,1512,5,11,1,503919
3,2,2329,2,32,1,448512
1,3,1574,10,24,1,402238
4,2,1733,10,24,0,538365
2,3,3892,4,3,0,628127
2,3,3015,1,3,1,515546
5,2,2059,7,8,0,570945
3,2,3565,8,14,0,644799
2,3,3675,5,25,1,596391
1,3,2640,2,14,0,429667
5,2,843,8,25,0,457748
4,1,3549,1,27,1,606518
5,2,765,7,6,1,491693
4,3,1649,1,31,0,443557
5,2,2097,6,11,0,571221
5,1,3688,6,34,0,680156
5,2,1327,5,31,1,512773
4,3,1715,2,8,0,458723
4,2,1082,2,13,0,397810
5,3,3190,9,12,0,747626
2,3,3876,5,43,0,617017
3,2,3578,5,32,0,603326
3,3,3047,7,31,0,588056
3,3,1830,6,18,1,512829
4,1,3266,2,29,1,575632
4,1,3817,1,15,1,634945
2,1,3526,5,11,0,527436
3,1,2748,4,9,0,501096
3,3,1479,3,1,1,444567
5,2,1429,2,17,1,465280
4,3,3912,10,12,1,792018
3,3,2624,2,28,1,547292
2,3,1358,4,23,1,378788
2,2,762,2,37,0,255652
3,1,1796,4,11,0,392468
4,3,3149,3,28,0,629928
2,3,3194,9,21,0,582123
5,1,1907,7,35,0,534595
2,3,3028,3,0,1,553061
1,2,3517,8,42,1,530684
1,3,3552,9,39,0,548498
4,3,2595,7,33,1,610603
3,1,2534,6,33,0,468604
4,3,2156,4,47,0,536361
4,3,3834,5,32,1,723107
4,2,3649,8,3,0,701409
4,1,3256,3,37,0,565331
5,1,906,2,29,0,359346
5,2,1962,3,45,1,543525
2,3,2702,7,19,1,536625
1,1,3630,8,25,0,491816
4,1,932,1,14,0,324534
2,3,2774,7,6,1,565472
1,3,3352,9,6,1,564226
3,1,842,3,49,1,271247
5,3,2484,3,28,1,619689
1,1,3247,8,22,0,490246
3,3,2032,4,33,0,485979
1,3,3150,8,19,0,527669
5,2,3251,5,14,1,698207
5,3,902,3,32,1,478491
2,2,834,4,16,0,282679
4,3,3709,4,19,1,709756
1,1,2786,8,12,0,442643
1,1,794,6,43,1,227866
3,3,2150,7,23,0,506295
5,3,2392,9,46,0,643200
1,1,1246,6,36,0,247499
5,3,2648,3,6,0,633375
1,2,1160,3,7,1,274658
2,2,1719,3,22,0,349905
4,2,1312,10,13,0,483177
1,2,1012,2,3,0,229260
5,2,1137,1,20,0,429408
2,3,2478,10,45,1,535254
1,3,3076,1,9,0,463735
3,2,834,4,21,0,321430
4,3,2996,3,29,1,605805
1,3,2379,5,29,0,429980
2,2,2493,9,15,0,498846
3,3,2104,8,10,0,525552
2,3,2462,9,21,0,527555
2,3,3043,5,28,1,532619
3,2,1974,8,24,1,483563
2,3,1015,4,13,1,346605
3,1,2509,5,13,1,474609
1,1,1515,3,1,1,265834
3,2,3722,5,12,1,657712
3,1,680,3,2,0,269446
4,2,2683,5,29,0,547762
3,1,1690,5,17,0,383528
3,1,3288,6,35,0,553203
1,1,3529,9,20,1,524617
4,2,2290,1,18,0,507562
5,2,1356,10,15,0,548645
1,3,3270,6,27,1,548712
1,2,1067,1,3,0,240575
5,1,1765,6,14,0,509820
3,1,3003,2,0,1,519601
2,2,3356,8,47,0,550281
4,2,2094,3,46,0,465568
2,2,2244,10,15,1,479473
5,3,1619,6,19,0,551373
1,1,2214,6,32,0,361451
1,3,1501,4,16,0,322901
4,3,1272,5,4,0,473844
1,1,1038,2,4,0,209323
1,1,3178,10,38,1,512281
4,2,726,10,12,0,425407
4,2,2852,8,43,0,585590
5,3,2676,10,35,0,690051
1,2,1044,7,29,1,275275
1,2,1565,10,3,1,396305
5,1,1063,6,22,1,450879
3,1,3951,7,20,0,624970
3,2,2798,1,20,0,488331
3,1,2887,5,5,0,505309
5,2,2913,7,23,0,666642
1,1,3776,1,46,0,435316
5,1,1512,2,30,1,454390
5,1,1096,9,18,0,487419
3,1,2063,3,37,0,410233
2,2,2371,6,11,1,476804
1,3,3332,7,13,1,573230
3,1,757,9,49,1,347584
2,2,771,5,11,1,291687
2,2,1093,4,14,1,314422
4,1,1569,2,18,0,408798
1,3,1934,3,27,0,345741
2,1,2026,5,39,0,368682
3,2,2292,2,40,0,429242
4,3,2393,4,4,0,573805
1,2,3323,1,4,1,473594
5,1,1258,4,5,0,429473
3,3,3550,7,22,0,652516
2,2,1265,3,2,1,322432
2,2,966,10,36,1,356509
3,2,1149,8,32,0,399141
2,1,1242,6,42,0,289912
4,3,2493,6,20,1,591957
1,1,854,1,19,0,175005
4,1,807,5,0,1,391082
2,1,3097,3,38,0,453056
5,3,694,10,46,1,505989
1,1,2483,1,16,1,369901
1,1,3486,8,28,1,518516
3,1,1077,7,7,0,368566
3,1,3330,7,25,1,574351
5,2,1361,10,27,1,559648
1,1,789,10,33,0,229982
5,2,3358,10,25,0,717907
3,1,2107,4,12,0,410207
3,3,2356,6,43,1,520034
1,2,2159,9,36,1,419852
4,2,1355,3,12,1,424159
2,2,2046,9,37,0,420498
3,2,1435,4,24,0,367742
3,3,2263,5,46,1,521920
4,1,2228,7,22,0,517705
4,2,2435,6,21,0,543796
5,3,732,10,20,1,542579
5,2,654,8,29,1,480380
2,1,1109,8,10,0,333175
2,2,1269,8,3,1,379337
1,3,3057,3,32,0,471231
5,1,3882,10,46,0,744769
3,3,2289,6,11,1,535743
5,1,1916,7,8,1,549133
3,1,3634,9,31,0,629032
4,1,1333,10,10,0,469656
5,2,3786,10,36,1,786038
4,3,2293,4,23,0,554166
2,3,858,5,6,0,316768
2,3,1745,8,7,0,438490
1,1,898,1,32,0,162973
5,2,1160,6,24,0,464376
4,1,2512,4,0,1,546314
3,3,2464,5,2,0,536568
2,2,896,5,39,0,260818
2,2,3009,2,27,1,507244
3,2,3236,8,42,1,629363
4,3,2061,2,32,1,500405
4,2,2774,4,45,0,556714
5,2,796,5,0,0,450311
5,1,2868,1,37,1,572477
1,1,1594,6,26,1,310970
2,2,2738,2,37,1,470664
5,2,3058,5,34,1,667619
4,1,607,6,9,1,377591
3,1,3191,8,11,0,569388
4,1,3115,9,9,1,636896
2,3,919,6,33,0,325959
4,3,2017,5,23,0,533765
1,1,2916,4,27,1,419026
2,2,3862,2,21,1,569076
3,1,2298,2,44,1,429675
1,3,2708,7,15,1,486157
2,2,2061,5,12,1,411383
3,3,1887,7,35,0,476120
1,2,3444,1,35,1,447147
1,3,1718,1,42,1,331646
2,2,1152,5,22,0,300842
5,2,3573,2,13,1,698165
1,2,1260,8,31,1,337631
1,2,1315,3,2,1,288449
3,3,3426,1,26,0,593103
4,3,2841,2,18,1,595951
2,2,3129,10,21,1,576806
2,2,2058,10,0,1,480728
5,3,3867,7,4,1,811532
5,2,1454,6,48,0,478934
2,2,3920,8,32,1,617835
5,2,3145,7,18,0,670215
3,1,2859,10,35,1,581781
2,2,1264,8,5,1,386518
5,1,3317,3,14,1,635576
2,2,2497,6,35,0,441525
4,3,2274,7,32,1,600846
1,1,2868,10,23,1,488739
2,1,872,1,26,0,195830
1,2,1777,1,48,1,306828
5,2,1872,7,10,1,576913
1,1,878,3,48,1,184384
2,3,1415,3,22,1,354401
4,3,875,5,32,0,407950
5,2,1604,6,40,0,518010
2,3,3161,2,45,0,505661
5,3,3759,3,46,1,738214
3,2,1522,6,28,1,410290
1,3,1241,3,30,1,305952
3,2,1104,5,0,1,392854
2,1,3237,9,33,0,518907
4,2,1371,3,17,1,450167
5,1,1864,6,17,0,531723
1,1,3387,5,5,1,498207
5,3,3322,5,39,1,741724
2,3,1859,6,0,0,430041
5,3,1613,6,46,1,551046
1,2,727,1,41,0,155547
2,3,3150,9,29,0,569861
5,1,1823,5,3,1,514901
4,3,3549,1,31,0,655347
2,3,3190,8,9,0,597168
2,2,2125,7,42,1,451110
4,2,2273,7,4,0,553047
3,1,1091,5,8,0,330109
1,2,3692,1,4,1,510851
3,3,1857,9,10,0,491756
5,2,3361,9,34,1,752010
4,1,3438,8,26,0,632307
3,3,2266,5,3,1,536315
2,1,1015,3,9,1,284349
5,2,2795,8,38,1,680875
5,2,1569,1,32,1,470976
3,1,2676,3,37,1,494349
3,3,1984,7,7,0,494982
4,2,907,4,48,1,386209
1,2,2809,7,23,1,456450
3,3,3516,5,38,0,641379
3,2,3499,6,32,1,615314
2,1,660,7,40,0,262918
5,2,2772,10,42,0,662076
1,2,2079,7,18,1,385904
2,3,3742,7,1,0,622898
4,1,3485,7,10,0,651266
4,3,2530,7,34,0,609988
3,2,3113,3,16,1,580729
3,2,2890,3,41,0,526134
4,3,2113,7,2,1,572097
3,3,3892,2,21,1,677442
1,3,1072,2,34,0,243365
3,1,1558,3,20,1,375055
5,2,1132,4,24,0,470973
3,3,1093,6,38,0,374912
2,2,3546,8,1,1,619380
1,1,681,10,0,1,279628
2,1,3503,10,6,1,587583
2,1,1478,7,19,0,323253
5,1,2145,4,42,0,514198
1,2,3570,2,5,0,504319
1,1,611,2,35,1,165616
1,1,1886,4,20,0,291848
1,3,1048,6,45,0,279576
1,1,3863,3,34,0,490308
5,3,1361,6,35,0,530813
3,1,3785,5,7,1,622355
2,1,625,5,49,0,214486
1,3,2406,2,3,1,414239
3,1,3155,8,42,0,556029
3,2,2168,5,15,0,485314
2,2,661,2,2,0,245196
5,1,828,7,6,1,459917
4,2,2438,9,1,1,596717
4,3,1206,9,0,1,507045
3,1,1658,1,0,0,341217
2,1,2328,7,37,0,409794
4,3,2079,9,6,1,598202
3,3,3538,6,23,0,658727
5,3,2125,1,4,0,572598
4,1,1360,2,20,1,404803
3,3,1194,4,27,0,395064
3,3,3696,4,17,0,659541
1,2,2192,2,23,0,352625
5,2,1655,8,31,1,573563
1,1,2454,2,44,0,314789
2,2,3683,3,32,1,555790
1,2,3990,4,9,0,530544
1,3,2648,9,8,1,518309
4,3,2058,10,48,1,599644
3,2,2461,1,32,1,471704
5,2,1759,8,32,1,577460
1,2,1819,5,6,0,319472
5,1,732,7,3,1,422906
1,1,685,8,27,0,208096
2,1,2099,5,22,0,388450
1,2,2430,8,31,1,452728
4,2,3995,10,43,0,738389
3,1,1803,8,15,0,450493
2,1,3163,9,45,0,512797
1,2,774,2,9,0,217383
5,3,3410,3,13,1,726129
2,1,3692,1,38,0,504537
2,2,3644,4,35,0,543960
1,2,2575,5,33,0,395605
2,3,3776,1,23,0,581381
5,2,1177,8,17,0,488533
2,2,2398,2,15,1,442087
5,1,2696,1,40,0,533523
1,1,3175,2,36,1,434299
3,3,744,5,40,0,328729
2,3,1361,9,24,1,409422
3,2,1977,9,7,0,508023
5,1,3746,2,23,0,674176
2,3,2425,2,19,1,482875
4,3,1528,3,47,1,487738
3,3,1393,7,29,1,448633
2,2,2201,3,19,0,398734
3,1,2260,1,17,1,415075
2,3,918,6,3,1,351663
1,1,1710,3,47,1,280271
3,3,2176,1,35,0,458829
4,3,1297,4,5,0,472980
4,1,1446,1,2,0,383412
5,1,2401,1,17,1,544447
2,1,1382,2,46,0,250338
3,2,2689,10,39,0,564332
5,3,1716,8,17,0,584739
3,2,2350,2,22,0,471159
2,1,3176,2,34,1,476799
4,3,3936,10,5,0,799092
1,2,2249,10,25,1,448641
4,3,891,8,20,1,457051
5,2,1568,6,23,1,529137
1,1,2087,4,14,1,334388
5,2,2442,3,26,1,580987
2,3,696,1,31,1,288857
1,3,1718,3,11,0,341404
5,3,3997,9,4,1,830304
2,3,673,5,6,0,315569
4,1,1959,6,21,1,475463
2,2,1691,5,26,0,358252
3,1,1357,1,14,1,337896
2,1,2541,10,38,0,481895
2,1,3748,1,44,0,487759
3,3,807,4,34,1,376569
5,3,1844,3,25,1,573180
5,3,1885,8,22,1,625424
2,2,1009,7,12,1,352367
3,3,2978,7,25,0,591356
3,2,2991,8,2,0,571235
4,3,3636,10,28,1,757164
5,3,1370,7,1,1,584777
1,1,2443,10,27,0,418262
5,1,673,2,22,1,359028
5,1,2260,4,35,0,516131
4,2,853,6,48,1,392184
1,2,3606,3,5,1,523074
4,3,1419,3,10,0,472541
1,2,1585,6,37,0,326036
2,3,931,1,33,1,295678
1,2,2021,1,16,0,304374
4,2,3394,5,2,1,667251
5,2,1435,1,43,0,425959
1,1,2291,10,45,1,409824
1,2,1054,8,33,1,292794
3,1,2529,2,21,1,469365
5,1,1738,6,28,0,517416
2,2,912,10,28,0,347758
4,3,1617,10,4,0,545390
2,3,827,5,9,0,331647
5,3,3481,10,9,1,800731
1,2,1457,4,8,0,299129
1,3,1868,1,20,0,324505
5,1,3465,3,12,0,652746
1,3,1617,4,9,1,341989
1,2,3175,2,37,0,409533
1,3,1549,2,10,0,318676
4,1,1026,2,3,1,369825
4,2,2689,1,45,1,523094
3,3,1064,10,30,1,436406
2,2,2245,2,48,1,407498
5,2,877,6,33,1,478513
5,2,3483,3,41,1,697887
5,3,618,10,34,1,522475
3,2,665,5,38,0,311862
4,3,766,1,38,1,362085
3,1,2208,8,32,1,466035
5,3,3667,4,7,1,775183
2,1,1002,9,31,1,328739
1,3,1008,4,32,1,295216
4,2,2759,2,7,0,533545
4,3,3945,3,45,0,695804
3,2,1196,5,13,0,354575
4,1,3298,10,33,0,633347
5,3,1662,6,7,0,554856
5,2,2752,7,41,0,645121
3,1,923,4,6,0,317255
5,1,2582,7,12,1,624263
2,3,3639,10,20,1,665699
3,1,2037,3,46,1,412022
2,2,1028,7,31,1,351672
1,1,3282,4,10,1,458132
2,1,3377,8,13,1,579015
1,2,3536,9,10,0,552603
1,1,1684,7,1,1,340401
2,1,2235,8,33,1,448092
3,1,3978,8,43,1,651283
5,1,1977,2,46,0,484468
5,2,992,9,16,0,505804
1,1,2851,6,13,0,420888
1,2,2905,4,24,1,434976
3,1,3133,5,47,1,552402
4,1,2140,10,26,1,540962
2,1,1045,5,7,0,289439
1,1,1803,7,16,0,305700
5,2,1623,9,4,1,584740
3,2,941,7,11,0,373210
2,2,732,9,37,1,334275
3,3,3090,4,17,0,580228
2,1,2459,10,25,0,472467
2,1,2900,10,30,0,509303
1,2,864,4,36,1,220028
3,3,692,6,5,0,386232
3,1,2285,8,40,1,478021
5,2,2034,9,14,1,634913
5,1,2785,1,41,1,573380
1,1,1831,1,48,0,258023
1,2,1601,8,25,0,351658
4,2,2260,7,11,0,559380
5,1,2196,9,40,1,588570
2,1,2954,3,46,0,451291
3,2,865,10,13,0,374930
1,1,1245,5,0,1,289818
3,1,2965,3,16,1,528343
3,2,1736,5,32,1,450174
4,1,3548,10,28,0,690551
5,1,2001,1,44,0,457957
1,3,1053,4,30,1,293813
3,2,2838,6,7,0,565198
1,3,2514,2,29,1,420493
2,3,2063,7,12,0,462983
4,3,1810,8,15,1,580008
2,1,1430,1,1,0,281384
1,1,1990,4,44,1,302307
1,3,1712,4,17,1,355604
5,3,2834,5,34,1,695935
3,3,3466,4,44,0,602481
3,1,2569,9,18,0,527078
2,3,3668,7,12,0,614382
4,3,2779,2,3,1,622312
3,2,1471,1,18,1,366125
5,2,1234,9,49,1,518088
2,1,1999,1,24,1,335504
2,2,1290,6,37,1,370407
5,2,3339,2,30,1,676190
4,2,3770,4,35,1,665703
5,1,2465,6,3,1,592871
4,2,1657,5,38,1,471362
5,1,2555,6,6,0,609282
5,3,1181,3,15,1,492045
1,2,2818,5,47,0,409338
2,1,1989,2,4,1,350405
5,2,1383,7,46,0,494369
5,3,3730,3,22,1,746418
3,1,780,1,35,0,246911
2,1,618,8,31,1,289333
3,1,1849,8,23,1,442898
2,3,3766,3,24,1,606059
3,3,3528,7,44,0,643003
5,3,3968,9,27,1,841330
5,1,2216,8,18,0,573660
1,3,2822,3,6,0,448974
3,2,1845,2,43,0,406378
4,3,2238,10,40,0,594730
1,1,653,7,16,0,200793
3,2,3342,7,1,1,651495
3,3,3510,9,15,0,667138
1,2,2026,5,38,0,329324
5,2,3989,4,17,0,720602
3,1,2996,8,38,0,553769
5,2,1042,4,0,1,456227
1,2,3480,4,2,1,511807
5,1,1179,2,20,1,436326
2,1,881,1,29,0,193778
4,1,3007,4,10,0,551517
3,2,3562,7,21,0,640447
4,2,1422,9,46,1,476385
5,2,3539,9,24,0,725884
3,1,3600,10,2,1,661049
5,3,2269,1,29,0,563805
2,2,1240,5,23,0,312736
1,3,1631,7,44,1,372996
3,1,2616,7,35,0,509851
2,2,1162,10,22,1,379835
2,3,3138,6,7,0,548842
3,2,940,10,3,1,439550
5,2,1071,4,49,0,443942
2,2,2310,3,38,0,389988
4,3,2896,9,42,0,660670
2,1,834,10,30,0,310355
5,2,1706,4,28,0,499196
5,1,1716,8,35,1,537759
4,1,2508,1,12,1,495216
2,3,2017,7,40,0,440871
5,3,1423,6,8,1,570877
3,1,1891,1,20,1,391836
1,2,1231,4,2,1,276908
1,3,1128,5,24,1,329456
1,2,3924,8,24,0,556137
2,2,2580,4,11,1,487626
4,2,2769,3,28,1,582552
5,1,3539,2,10,0,634290
3,2,2657,4,10,0,511300
3,1,1939,10,48,0,430306
2,1,3485,4,25,0,518764
1,2,1896,10,13,0,406095
2,2,1929,5,15,0,393968
4,2,1833,7,9,0,499233
4,2,2581,9,30,0,602477
5,1,2353,2,30,1,543484
5,2,3400,5,35,0,671621
4,2,3533,10,9,1,737412
4,1,3111,9,25,0,620807
4,3,3359,3,19,0,637195
2,3,3375,1,43,1,533564
4,1,3364,2,8,0,563501
3,3,2548,6,14,0,562667
1,1,3887,5,8,1,515213
4,2,2727,1,6,1,551024
1,2,3127,1,25,1,435691
2,3,1501,4,23,1,382293
1,2,1490,4,11,1,309423
2,3,2170,6,19,1,492100
3,3,2424,6,13,0,526772
2,2,2665,10,21,0,503137
2,2,1788,6,15,0,382658
5,3,2148,1,28,0,536607
4,2,801,10,31,0,431103
4,1,1340,9,18,1,459859
3,2,1969,7,34,1,482134
3,2,1989,7,42,0,448979
4,1,2600,7,31,1,575475
5,2,2071,2,19,0,511943
4,2,2136,2,39,1,478728
5,3,918,6,19,0,484868
3,2,2864,7,7,0,571006
1,2,1657,3,34,0,277681
3,1,2494,4,41,1,482968
3,3,2913,3,12,1,590015
2,3,1323,7,40,0,354542
2,3,3422,7,5,1,636124
2,2,3751,4,46,0,566318
2,3,2300,7,15,0,465342
5,1,1012,5,4,1,445217
4,3,1875,1,44,0,459336
1,1,3683,10,33,0,525986
3,3,1000,4,5,0,391932
5,3,2439,7,32,1,660657
1,1,1323,2,14,0,236416
5,3,2929,2,14,0,662616
5,3,1735,1,13,0,517456
3,3,3370,2,38,0,561634
4,2,1350,10,4,1,528840
2,1,867,8,25,0,285056
4,3,2945,8,47,0,623459
3,1,1940,8,16,1,482474
3,1,1169,1,42,1,317419
3,1,3156,1,46,1,500190
1,3,2573,10,15,1,498401
4,3,1145,4,34,1,430969
4,1,3422,6,37,1,638491
5,2,964,8,22,0,493015
5,1,1146,2,12,0,388948
5,2,870,3,32,1,447419
3,1,1338,6,28,0,342678
4,1,3184,10,45,1,637757
3,1,1857,4,33,0,406717
1,3,658,2,33,1,229678
5,2,1874,7,26,1,554402
3,2,2470,4,14,0,495658
3,1,685,8,49,1,327267
1,3,1362,8,8,0,346553
2,3,989,7,25,1,347917
4,2,1803,10,2,1,559263
2,3,1318,9,35,0,387475
5,2,3503,4,46,1,707667
3,2,748,7,4,0,350032
1,2,1182,10,19,0,336504
1,3,720,10,19,0,308968
4,2,3412,1,4,0,589720
2,2,3252,4,9,0,522197
4,1,2903,2,15,1,559727
3,2,1365,9,24,1,430758
4,2,3511,5,43,0,654502
1,1,1399,3,24,1,253354
1,1,3980,4,29,0,521106
5,3,2706,6,13,1,685029
5,2,1621,10,21,0,565777
3,3,3740,1,42,1,603785
2,3,2069,7,27,0,441543
4,1,3035,8,29,1,623092
3,3,1709,7,18,0,465535
5,2,3433,7,37,0,695782
4,1,1850,9,41,1,497909
5,2,3240,4,19,0,663041
4,2,2249,7,34,0,521428
2,1,3855,9,21,1,631327
3,2,2415,5,14,1,519018
4,1,1945,2,10,0,444446
1,2,3556,5,33,0,511180
1,1,1941,4,23,0,318305
4,3,3213,8,5,0,693356
4,2,3046,5,16,1,644509
4,1,2332,9,27,0,541475
1,2,1498,9,49,0,329341
1,2,3964,3,30,1,522235
4,2,2940,10,35,1,672247
5,1,1084,6,8,0,459592
5,3,1402,6,9,1,551804
2,3,2315,4,20,1,466427
3,3,2515,10,33,1,579521
5,1,2357,3,30,0,524980
1,3,2409,1,28,0,387653
5,1,3537,7,42,0,666159
2,2,2891,5,42,1,507535
2,2,2043,10,10,0,467377
3,3,2552,7,32,0,530348
5,1,3607,1,45,0,645545
1,2,3825,8,0,1,603536
1,1,3463,3,20,0,446302
4,1,2920,7,22,0,600398
1,2,2270,3,8,0,379490
3,1,2448,3,0,0,440730
3,2,1119,10,20,1,425288
1,2,1751,9,21,0,364291
1,2,1996,2,3,0,311742
4,1,3215,4,0,1,610701
1,2,3285,6,9,1,501421
4,1,2806,3,14,1,573415
4,2,1251,10,35,1,481154
1,2,2823,10,28,1,483888
2,3,2550,7,45,0,496271
2,3,3267,7,4,1,610524
4,3,810,5,28,1,416316
1,1,3094,3,46,1,424634
2,1,1185,2,46,0,245286
1,2,766,4,26,0,230700
1,2,3107,4,24,0,444029
1,2,3563,8,15,1,554498
5,2,3975,8,15,0,785327
1,1,1856,5,35,1,314648
5,2,3998,6,24,1,797557
4,2,1805,8,40,0,498840
2,3,2338,1,0,0,417660
2,2,1652,5,4,0,372359
2,2,1313,4,40,1,339165
2,2,3764,4,19,0,581436
2,1,3488,2,4,0,508555
2,3,3515,10,35,0,617743
2,2,1287,1,28,0,270926
4,2,929,6,47,0,382118
1,3,2346,7,33,1,467489
3,2,1807,5,47,1,442730
5,1,2742,8,17,0,638608
3,2,1384,9,1,1,439550
3,1,3296,2,15,1,555883
1,1,3000,4,28,1,412292
1,2,3577,9,32,0,544437
1,3,1540,5,15,1,362051
2,1,3631,3,34,0,505604
4,3,1888,6,46,1,532171
2,2,2279,3,42,0,397710
4,1,3690,5,41,1,657536
4,2,3293,3,16,1,626847
3,3,1225,6,3,0,428203
3,2,738,10,48,0,349105
4,2,3363,5,3,1,653613
4,1,1361,9,24,0,425000
2,2,2433,3,32,0,401047
2,2,2902,6,13,0,506945
3,2,3756,8,23,0,637203
1,1,2155,7,10,1,360573
4,3,1275,6,24,0,447997
2,3,691,2,27,1,295177
3,2,1692,7,6,1,467212
2,1,636,8,48,0,238087
4,2,2387,1,35,0,501223
4,3,2787,9,9,0,659077
5,1,3514,4,48,0,633917
1,3,3327,8,35,1,540815
5,3,1801,10,30,1,615568
3,1,2436,7,18,0,475479
2,1,2494,10,17,1,502855
3,2,736,7,48,0,322678
4,2,2837,2,5,1,565790
5,3,2263,1,27,1,573710
5,1,2989,4,6,1,647876
5,1,2182,2,37,0,501274
3,2,3676,8,11,0,654816
4,3,1571,10,40,1,560530
2,3,3928,7,49,0,616499
2,2,1261,8,33,0,363036
3,1,2890,6,24,1,544740
5,2,2410,1,16,0,542477
1,2,1014,9,32,0,265560
3,2,3354,6,22,1,600860
3,2,942,10,8,1,416601
4,1,3329,1,5,1,605701
2,2,3300,1,1,1,522394
3,1,745,8,37,0,333214
3,2,922,6,8,0,376522
5,3,2769,8,2,1,698818
5,1,1875,8,15,1,565629
1,3,2478,8,24,0,452499
4,2,2958,10,23,0,631369
1,2,1200,7,46,0,296190
5,2,1074,7,28,1,477927
2,1,3217,10,43,1,549299
5,3,2115,4,39,1,587622
4,1,1174,9,25,1,451181
5,1,946,2,37,0,395533
4,2,3467,9,34,1,719575
4,3,2110,10,22,1,605531
4,2,981,3,3,0,371732
4,1,1903,2,41,1,449196
4,2,671,4,13,0,368407
2,3,3168,5,46,1,573350
1,2,3580,2,38,0,476196
3,3,1717,1,6,0,414693
1,3,1996,10,7,0,442058
4,2,2986,5,41,1,627613
2,1,1959,9,18,1,445302
5,2,1263,5,1,1,524828
2,1,2115,10,46,1,433445
4,1,2491,9,0,1,586669
2,2,639,10,41,1,326779
2,1,1982,6,37,0,388577
4,1,2630,3,12,1,539825
2,2,3221,4,41,1,502515
3,2,1877,4,43,0,420048
3,2,1565,1,23,0,358669
2,1,3228,3,31,1,477175
5,3,2500,3,29,0,600353
4,1,2817,1,5,1,521625
3,3,1300,9,37,0,453940
5,2,1110,1,32,1,448193
2,3,1883,9,43,0,461355
5,2,1183,1,22,0,442652
1,2,1583,2,9,1,321216
3,3,1058,2,45,1,359852
2,2,3176,6,14,0,543882
4,3,2505,7,22,0,615703
2,2,2988,1,35,0,468593
4,1,2704,3,0,0,529400
2,1,2865,2,7,1,463802
5,2,3266,8,2,0,706169
5,2,1415,9,13,0,540266
5,3,3378,2,16,1,693004
1,1,3111,2,33,1,402365
4,3,846,10,46,1,462296
5,2,1329,9,5,1,555328
1,2,3020,4,4,1,464679
4,3,1016,5,45,1,452985
2,2,1654,9,40,0,409573
1,1,967,6,39,0,235382
3,3,3206,10,28,0,665709
1,1,707,9,34,1,227874
1,1,3231,9,17,1,501661
4,1,1438,7,39,0,429695
2,3,1017,10,47,0,348413
3,2,2243,9,29,1,544234
5,1,1420,5,14,1,478276
5,1,2021,5,14,0,514185
1,1,3943,8,15,0,555281
4,2,1282,10,32,0,483476
4,2,3787,4,9,0,678797
5,3,855,9,18,0,508744
3,2,3752,7,36,1,667801
2,3,3427,7,49,0,592229
3,3,3799,3,2,0,650164
2,3,1437,4,35,1,370090
5,3,3562,7,3,0,765758
2,3,2882,5,10,1,539321
4,1,1152,3,40,1,393164
1,2,780,1,32,0,199352
1,1,756,7,27,0,197121
5,3,2077,6,31,1,614814
4,2,1170,10,15,1,472131
3,1,1456,7,8,1,397945
4,1,2384,2,10,0,490244
1,3,2327,4,5,0,396500
1,1,1647,2,48,0,259312
4,1,2096,8,26,0,505160
4,1,2023,7,11,0,482162
1,1,3595,1,21,1,447097
3,1,1191,2,39,0,285199
5,3,2781,2,47,0,620052
5,3,1020,4,36,1,468258
4,1,2860,3,20,0,541530
5,3,3547,1,32,0,675340
1,3,3129,2,16,0,481956
1,2,947,9,28,1,297961
4,1,765,1,39,1,334827
4,3,1536,9,9,0,524241
4,3,947,7,17,0,452952
3,1,3496,2,46,0,530148
5,2,997,2,12,1,459068
4,1,1182,5,26,1,401102
2,2,3373,5,9,0,550483
2,1,2200,4,31,0,373292
1,1,3892,10,40,0,566828
5,1,907,10,44,0,431034
4,1,3638,3,2,1,623567
2,2,3445,4,21,1,565644
5,2,3366,10,26,0,740592
1,3,3113,4,2,1,519870
3,1,698,2,32,1,265537
5,2,1865,5,1,0,539372
5,2,757,5,10,0,437585
3,2,3257,5,45,0,563790
5,1,1153,10,9,0,510653
1,3,1250,1,38,1,256744
1,2,3567,6,32,0,517858
3,1,2874,2,6,0,484958
4,2,3070,7,14,0,642259
2,2,3743,4,25,0,563250
4,3,2890,5,10,1,660929
5,2,3177,5,37,0,648786
2,2,1668,5,26,0,344086
3,1,2095,2,38,1,393747
3,1,3018,5,6,0,540774
2,3,2478,3,0,0,452899
1,1,3299,4,9,0,441787
2,1,3336,2,20,1,495919
5,3,1333,4,14,0,486711
1,2,2550,9,29,0,441229
3,3,691,8,29,0,374711
2,1,3693,3,7,1,541504
4,3,2819,1,23,0,560509
4,2,2227,1,18,0,465056
5,3,1815,6,2,0,591672
4,1,1700,3,14,1,431349
2,1,1904,4,35,1,360884
2,3,1987,1,5,0,403660
4,2,778,8,41,0,415774
2,3,2885,1,49,1,471196
5,2,3806,5,47,0,718557
1,2,3524,6,17,1,527449
5,3,3549,2,37,1,706221
5,2,879,7,18,1,494464
2,1,1642,7,48,0,331273
1,3,2218,1,49,1,354582
2,2,3387,4,29,1,563919
3,1,970,4,12,0,310189
2,3,2400,5,38,0,477848
2,1,3783,1,11,0,502047
2,1,3517,1,33,1,485971
1,1,2303,7,11,1,397034
2,2,3666,9,43,0,598846
1,3,2868,1,23,1,459396
4,3,3567,2,3,0,657436
3,2,903,6,35,0,358721
1,3,1948,6,49,0,374876
4,1,2060,2,47,0,412666
1,3,3085,9,13,0,526652
1,2,1793,4,16,1,340938
3,1,3022,7,48,1,549644
5,2,3028,6,2,0,667033
5,1,3633,3,37,1,656685
1,1,2661,8,22,1,445464
2,3,3390,7,12,0,587708
4,1,1268,9,8,1,476467
2,2,1099,3,20,1,324916
2,3,2014,1,40,0,364812
1,2,2172,2,7,1,355469
1,1,3212,1,16,1,419147
1,2,1129,5,15,1,271849
1,2,2606,10,15,1,499000
5,1,3139,2,27,1,608536
1,3,1819,3,15,0,357527
5,2,1354,8,45,0,489350
5,1,2947,10,45,0,656231
1,3,1414,5,13,0,335952
3,3,3194,4,45,0,568246
4,3,1326,5,43,1,465952
2,2,1330,10,37,1,381567
5,2,1427,6,19,0,514685
4,2,3249,7,44,0,622589
3,3,1931,9,47,0,497401
2,2,2646,1,40,1,438872
2,1,3923,4,33,1,549563
5,2,3679,9,28,1,793596
1,2,3415,5,2,1,530575
3,3,1474,8,9,1,491592
5,2,3879,1,19,1,724949
3,1,3584,4,1,0,558778
1,3,2778,9,26,1,523648
1,1,2603,1,31,0,345541
5,3,2277,1,9,0,572468
1,3,1207,4,39,1,291987
4,2,2673,3,16,1,580971
2,1,2077,7,32,1,403036
5,3,1234,3,5,1,518638
3,2,1809,1,38,1,395387
4,3,1083,10,46,1,509337
5,3,3327,2,17,1,697098
1,3,1674,10,8,1,421078
1,3,2514,4,7,0,426041
1,3,2652,1,24,0,393356
1,3,1188,1,30,1,277960
3,2,3831,8,41,0,645435
4,3,2855,7,3,1,653383
2,1,2904,8,19,0,510246
3,2,1828,4,27,0,423864
3,1,2573,6,39,1,497025
2,3,2658,3,0,1,524284
2,1,1548,8,39,1,365246
1,3,2655,4,43,0,432280
3,3,3583,3,22,0,623595
5,2,2679,4,46,1,627600
2,2,2607,6,12,0,490236
2,3,3187,7,15,1,603809
4,2,2341,7,25,0,541351
5,1,3652,4,30,1,679128
5,2,986,8,49,0,450242
2,2,1851,7,0,1,431357
1,1,3287,2,16,1,443350
4,2,2390,8,15,1,609681
5,3,2098,9,36,0,625012
2,1,806,5,9,1,258290
5,3,3989,4,37,0,741402
4,1,2418,4,43,1,513338
4,3,2380,4,30,1,561094
3,3,3204,6,9,1,638351
2,2,2995,4,48,0,459252
4,3,1392,7,33,0,483221
3,2,2881,7,5,0,573368
3,1,2324,5,27,1,477310
5,3,3715,5,27,0,765206
5,3,1605,10,12,1,598927
3,1,3384,8,40,1,583956
5,1,1541,7,11,1,517372
4,3,1765,7,49,1,540063
1,1,2823,6,39,1,442560
4,2,2277,7,49,0,535909
3,1,1048,7,1,0,349619
3,1,1191,10,7,1,400983
4,3,681,2,41,1,358833
5,2,2782,10,8,0,691346
5,1,3503,2,49,1,650513
3,2,3848,10,7,1,706089
2,2,2006,7,2,1,432530
5,2,3914,10,8,1,809512
4,3,3812,7,12,0,727574
5,1,2080,7,8,1,585012
4,3,3087,5,30,0,632223
3,1,1679,1,24,0,350683
5,1,3344,2,43,0,608463
4,3,1018,9,44,0,449842
3,2,687,8,7,1,378020
2,2,3303,8,46,1,578552
4,1,3679,10,30,1,685108
2,3,814,1,44,0,253196
2,2,2358,6,44,0,452190
1,2,3199,9,30,0,510326
5,1,2120,8,16,1,586670
4,1,2317,3,46,1,493020
2,3,3150,4,18,1,556074
1,1,3346,3,2,0,451531
3,2,2892,6,45,0,535693
4,2,2101,9,29,1,578591
2,2,908,8,9,0,321303
5,2,830,10,48,0,463743
1,3,754,4,28,1,255407
2,3,1798,2,39,0,374600
5,1,3495,8,17,0,697175
2,1,714,8,11,1,281873
4,1,2013,6,48,0,457003
4,3,910,8,22,0,462313
4,2,1592,9,10,0,502670
1,1,2947,1,8,0,389876
4,2,1641,9,23,1,525880
5,1,3431,2,24,1,654967
2,1,611,1,24,0,190945
3,1,2027,8,46,1,455941
5,1,2879,8,8,1,678955
5,1,3602,4,11,1,683578
4,2,2613,8,10,0,586509
1,1,1329,7,48,0,267399
2,2,1901,2,37,1,389203
1,3,1976,5,27,1,409402
2,1,3665,10,7,1,604004
2,2,2636,4,9,1,489687
1,3,3646,3,24,0,535990
5,3,2950,1,46,1,650400
2,3,1140,5,35,0,327475
1,2,3117,10,49,0,489785
2,1,3460,8,42,0,521876
3,1,676,9,8,0,327199
5,2,3667,7,40,0,731939
4,1,623,1,7,0,299178
2,2,1638,1,2,0,339368
3,1,1275,1,17,1,340510
4,3,3172,2,45,0,620162
4,1,2994,1,34,1,543088
2,2,771,4,16,1,290896
1,2,2492,10,35,1,472496
2,3,3998,9,27,1,687117
3,2,3359,4,49,1,571461
4,1,1088,4,14,0,376201
2,1,2085,7,18,0,383310
1,3,3025,9,21,1,555680
2,2,3835,7,5,1,634826
5,3,3019,1,46,1,633802
1,1,3647,1,6,0,451312
3,3,3624,4,43,1,631563
4,2,1356,4,47,0,406067
2,3,3124,1,8,0,493535
1,2,3029,6,19,1,477472
5,2,754,10,36,0,467817
1,1,856,2,10,0,167043
5,1,2379,5,1,0,585010
3,1,1273,8,21,1,398725
4,2,2715,3,47,1,568002
3,3,2991,9,35,1,648395
2,2,3948,7,4,1,653793
1,1,1272,9,6,1,294460
5,1,3038,1,5,1,600427
5,3,2072,5,21,1,623678
1,1,858,3,9,1,216143
1,1,906,4,45,0,200940
2,1,1718,4,39,1,360179
3,3,3597,7,45,0,630121
5,2,3617,10,45,0,733088
2,1,845,8,19,1,285177
3,3,3380,10,27,0,651926
2,1,2258,5,22,0,379295
5,3,786,10,34,1,534637
1,1,2397,7,0,0,379747
1,3,1524,3,28,1,326439
3,1,1384,3,8,0,359701
4,2,2195,3,8,0,506866
3,1,3055,4,21,1,535745
4,3,3796,6,1,0,720453
2,1,1960,5,15,0,373580
2,2,940,8,39,1,333288
5,1,1162,5,5,1,478669
4,3,3849,5,12,0,704559
5,3,1250,10,32,0,562921
1,2,3599,2,18,1,485061
4,3,1793,5,14,0,507803
3,1,3710,7,32,1,632003
1,1,668,2,9,1,187282
1,1,3907,6,0,1,534178
3,3,2183,7,11,0,531420
1,1,3028,5,42,0,426929
4,1,2704,9,28,0,583572
5,1,1900,4,16,1,512160
1,2,3497,10,3,0,573414
4,3,1722,1,28,1,470131
2,3,1515,8,6,0,429670
4,3,2972,8,43,1,676890
5,2,1060,7,12,1,487601
4,3,2826,8,4,0,668419
3,2,1443,2,5,1,375317
5,2,1173,3,33,0,425602
2,3,718,9,6,0,347559
3,1,3196,1,45,0,474950
4,1,1245,8,27,0,407744
5,3,2078,8,45,0,608073
2,3,2673,7,9,1,529048
3,2,2113,5,3,0,456936
2,3,2631,4,2,1,503900
4,2,1631,10,24,0,504517
2,3,1568,10,22,1,461105
1,1,2610,10,26,1,464735
3,1,2139,10,13,0,505119
2,3,3180,6,37,1,553502
4,2,2796,1,31,0,516432
4,1,2111,5,22,0,486249
2,2,1648,4,46,0,326175
4,3,1254,4,39,1,465358
5,3,2554,7,36,1,680853
5,1,3592,9,2,1,748472
5,3,1154,8,34,1,535752
1,1,1024,8,12,0,238433
2,2,892,5,33,0,302543
1,1,1808,6,23,1,330945
4,1,3201,2,0,1,595443
1,2,1030,3,11,0,218145
4,1,3251,5,7,1,633375
4,1,916,2,18,0,316721
3,3,997,3,8,1,373812
5,2,1947,4,27,1,540471
4,1,2188,6,13,1,541504
3,2,1195,5,26,0,371712
5,2,3193,10,17,0,711092
4,1,2723,4,41,1,545281
4,3,3512,2,40,1,679554
1,2,2543,5,5,1,440293
1,1,1515,5,32,1,294975
5,2,3356,7,36,1,698468
4,3,3133,1,41,1,631482
2,3,3759,4,24,1,602113
1,3,3394,5,12,1,546139
5,1,1855,8,22,0,516403
4,1,3678,8,35,0,675644
4,3,3197,1,32,0,620577
2,1,1575,5,20,0,328498
5,3,1675,10,33,1,609319
4,1,3589,1,35,0,594783
1,3,3566,1,16,0,500041
2,2,1844,2,9,1,370542
5,3,2051,2,22,0,545876
2,3,1766,9,43,0,439962
1,1,2628,4,1,0,393403
5,1,962,3,34,0,380710
2,1,3029,1,13,0,451091
3,1,3948,2,46,1,585202
1,1,2918,6,44,1,416255
1,1,3685,9,40,1,521273
1,2,2945,5,1,0,461377
3,3,3651,4,18,0,625876
3,3,833,5,15,0,377859
4,3,3222,9,42,1,710605
2,2,2331,7,43,0,421743
4,3,626,8,24,0,426298
2,2,2094,4,0,0,406483
3,2,692,8,1,0,361402
3,2,3264,6,47,1,605938
4,3,908,5,26,1,418807
5,2,651,7,1,0,452019
4,3,918,6,29,1,437474
2,3,2592,3,9,1,505580
4,1,780,5,18,1,356203
1,1,2192,9,41,0,385192
2,2,3791,7,15,1,630589
2,2,3522,4,12,1,573531
5,3,3714,7,47,0,760883
3,2,1246,5,49,1,389835
2,2,2561,2,7,1,453493
3,3,1883,6,49,1,479539
4,2,2844,7,30,0,609317
1,2,3292,8,44,0,497904
5,3,3618,6,24,1,779952
3,3,2902,8,38,0,609440
2,1,2624,7,20,0,439606
3,3,3379,2,49,0,576656
2,1,935,6,37,1,289307
3,2,2176,9,40,1,502316
2,3,2125,6,28,0,463888
4,3,1589,4,5,1,505320
2,3,3547,7,17,0,624071
2,2,1878,3,48,0,357264
1,1,1113,5,43,1,257885
2,2,2629,1,34,0,409487
1,2,841,10,26,0,262295
5,3,2796,3,4,0,652683
1,1,2333,8,6,0,392738
4,2,3970,9,9,1,762509
1,3,3404,9,9,0,581487
5,2,3267,10,27,1,744343
4,2,3100,2,35,0,566196
3,3,2859,4,9,1,568964
3,3,1267,5,49,0,375837
1,1,1193,3,34,0,226941
1,2,2778,1,34,1,398590
5,3,3259,6,36,1,736059
5,3,855,10,47,0,487514
2,1,2102,2,19,0,365045
5,1,1160,9,12,0,481763
2,3,2710,1,10,0,458568
4,1,1934,9,44,0,499403
1,3,1006,7,18,1,306911
4,2,3449,10,27,1,729715
5,1,3776,2,37,0,656291
4,2,2460,6,44,1,564908
4,2,2662,8,3,1,606115
4,2,2310,2,36,0,491833
5,3,858,5,18,1,482206
4,2,1322,6,36,0,443536
2,2,1882,3,13,1,401121
5,2,1213,2,30,1,472564
4,3,3931,6,27,1,741380
5,2,2294,3,35,1,591771
3,2,3716,2,43,1,592321
2,1,2578,1,37,0,380416
4,3,1412,8,18,1,541990
3,2,2386,1,41,0,432522
3,1,930,5,0,1,344483
5,3,2812,6,22,1,675616
3,3,1816,3,27,1,453351
2,3,2144,7,47,0,457974
2,3,1997,2,3,1,420364
1,3,3736,7,40,1,566068
2,3,986,2,17,0,282127
3,2,2118,5,48,0,451355
2,2,2417,7,46,0,440644
5,2,2417,3,38,1,563015
1,2,2414,4,24,1,393533
3,1,3701,1,17,1,588357
1,2,3937,3,5,1,564498
3,3,2975,9,18,0,622768
5,2,2115,10,11,0,600757
1,2,1840,5,24,1,361967
4,3,919,8,34,0,450695
3,2,998,2,0,0,338598
4,2,2514,3,4,0,553235
1,2,704,7,0,1,281861
4,1,1295,10,7,0,469495
4,2,3664,4,38,1,664027
1,3,929,9,46,1,326261
5,3,1259,7,42,1,515611
4,2,3718,1,17,0,624385
4,2,3246,4,45,0,609826
5,2,1420,10,8,0,535924
4,3,2572,6,4,0,600749
4,3,3288,6,3,1,685762
4,1,2393,10,43,1,550360
2,1,2961,6,28,1,493623
5,1,3818,5,0,0,711744
4,3,1061,3,29,0,393777
5,1,2207,2,44,0,498798
3,2,3133,3,0,1,589146
3,2,2275,9,2,1,553975
4,3,3057,3,21,0,627647
5,1,2674,3,7,1,595316
5,2,3700,1,17,1,695620
5,3,870,2,24,0,417948
2,1,3333,3,47,0,452320
3,2,3148,2,19,1,542569
5,1,3924,8,30,0,744361
5,3,984,6,29,1,497236
2,1,659,7,15,0,252420
2,3,1730,1,1,1,399780
5,1,819,6,16,0,410646
1,2,2064,2,9,0,314156
5,3,3418,6,6,0,746512
5,3,2506,3,41,1,612936
2,3,3211,7,8,1,602811
2,1,2195,3,16,0,355858
5,1,3193,9,8,1,696639
5,2,695,3,8,1,437539
5,3,1588,7,36,0,552045
2,3,1712,4,23,0,386959
5,1,3475,8,38,0,675629
5,1,2545,2,10,1,560711
4,2,2878,8,7,0,634497
1,2,1567,9,24,1,360328
3,1,2922,8,45,1,556000
1,3,845,6,1,1,301512
4,2,2758,10,9,0,632245
3,1,833,1,23,0,275587
5,1,3949,7,47,1,742808
4,3,3064,1,15,1,619211
5,1,3325,7,18,0,689109
2,1,1751,2,30,0,301239
4,2,1860,8,10,0,539245
2,1,1402,2,5,0,285310
4,1,3266,3,5,0,593052
4,2,3799,3,31,0,647968
2,3,3354,1,38,0,521299
3,3,3498,5,47,0,608302
1,2,2017,5,12,0,343229
5,2,3122,10,2,1,739269
4,3,1254,5,40,0,429112
5,3,3042,9,34,0,737026
2,3,710,6,37,1,321828
5,3,689,6,16,0,458611
2,3,1362,3,2,0,341106
5,2,1903,5,33,1,562907
1,1,1956,10,11,0,367913
1,3,3895,7,23,1,597153
1,3,3772,3,5,1,576379
1,1,2779,2,41,0,366988
1,1,1636,5,10,1,312370
1,1,3104,3,47,1,415752
2,1,2064,5,26,1,393012
4,1,697,9,47,1,397107
5,1,1743,10,23,0,552971
1,2,892,1,17,1,216148
2,1,2439,4,26,1,404866
2,1,2334,10,40,0,444801
2,2,1624,5,20,1,383939
4,1,3219,2,33,0,569418
5,3,2897,2,32,1,638388
4,3,1251,1,47,0,402057
3,1,2796,8,17,1,567655
2,2,2691,2,2,0,459479
3,3,2506,3,23,1,519570
1,2,2321,2,0,0,380526
1,3,1667,4,5,0,333393
4,1,3749,1,18,0,620880
5,2,3897,3,21,0,738835
3,2,2809,5,42,0,539631
5,2,2416,10,7,1,670177
4,3,852,1,4,1,419959
1,3,731,4,8,0,238395
5,3,2507,6,46,0,622435
5,1,2510,4,20,1,564032
1,3,3121,7,27,1,545271
3,1,2279,7,45,0,465297
1,2,1732,6,3,1,367536
5,2,3353,9,23,0,740238
3,1,1658,2,7,0,363578
3,3,2525,10,16,0,586402
1,1,2922,8,33,1,471791
5,2,786,8,19,0,446220
4,2,1548,10,15,1,515159
5,1,2890,4,9,1,637367
2,3,863,6,33,1,350411
4,3,2597,6,42,1,625124
3,1,1121,5,9,0,324386
4,1,3610,1,29,0,599961
3,3,2164,3,29,1,493085
3,2,1382,7,24,0,417390
4,1,3758,8,45,1,667009
3,3,1134,2,42,0,351554
3,3,809,3,40,0,331759
2,2,2693,4,6,0,450509
5,2,2163,5,46,0,556679
5,2,625,3,19,0,387846
2,2,3937,5,16,0,593703
4,2,774,8,2,1,441826
1,1,2139,8,46,0,356451
1,3,1934,2,45,0,329800
1,1,921,6,39,0,204980
2,1,2202,4,35,1,382407
2,1,1758,9,25,0,387679
3,1,654,10,9,0,345968
1,1,2166,2,33,0,287006
4,2,2209,8,13,1,570295
4,2,3827,1,7,0,648620
1,3,2472,6,26,1,449412
1,1,3315,10,9,1,521323
1,3,2794,1,49,0,417834
2,2,2108,2,14,0,371148
2,2,3246,3,36,1,497175
2,2,2667,9,21,1,546139
5,1,3940,5,44,0,697748
4,1,932,10,49,0,382043
4,2,2178,10,30,1,588191
3,3,1506,2,1,1,432507
2,3,3591,10,44,1,636254
5,2,1510,5,30,1,517555
5,3,1000,5,13,0,490123
4,2,1549,1,9,1,458577
2,3,1929,3,29,0,415709
3,2,2675,5,35,1,530244
2,3,3114,9,46,1,596327
1,1,3931,10,39,0,534667
2,2,3629,1,14,0,523165
1,2,2510,8,13,0,421409
1,3,700,1,30,0,206416
3,2,1150,9,28,1,415236
4,2,3449,6,26,0,663265
2,2,3000,1,20,0,466125
1,1,3971,8,8,0,544029
2,1,2305,5,19,1,432411
4,3,2943,7,34,1,652619
4,1,952,7,14,0,403784
5,3,3555,7,23,1,760411
4,1,3801,6,48,1,677702
3,3,1618,8,15,0,461504
1,1,1779,9,35,1,349299
5,1,1697,2,10,0,469217
3,3,3761,7,7,0,697107
2,2,3102,2,2,0,473252
1,2,3359,6,18,1,535454
4,1,1579,2,45,0,377413
1,3,1955,10,40,1,452988
2,2,1338,6,2,1,389294
5,3,1576,2,35,1,500778
5,2,1971,1,24,1,535452
5,3,2880,7,35,0,669598
4,1,2401,3,10,0,483559
3,3,3671,4,15,1,678494
3,2,2749,6,16,0,544579
1,1,1552,5,41,1,297366
4,3,1080,4,23,1,439727
5,2,1837,9,16,0,560606
5,1,707,6,47,1,395098
2,3,3836,6,19,0,637984
2,2,1572,2,21,1,333044
5,3,2226,6,5,1,647466
5,3,1303,7,6,1,548136
4,1,2982,8,13,1,619142
3,1,2733,8,10,0,520986
2,2,3381,9,11,1,592956
3,1,1474,10,45,1,432693
4,2,2047,3,4,0,475191
5,3,3011,10,4,1,760306
3,3,2707,7,19,1,585128
5,2,1873,7,14,1,600072
5,3,1159,1,25,1,464960
1,1,716,8,32,1,222611
3,3,1473,4,29,1,434884
3,1,3562,5,23,0,583333
5,2,1567,6,22,1,520562
4,2,3646,3,8,0,668718
1,3,2168,5,2,1,418482
5,3,643,10,35,0,478503
2,1,1108,5,47,0,262396
2,1,2611,1,6,0,392206
1,3,1788,3,21,0,318655
4,3,1915,3,13,1,513432
5,2,1448,1,47,1,457000
3,2,2479,7,28,1,539096
1,2,1516,1,49,0,258750
4,3,3545,7,15,0,704238
3,3,1398,4,47,0,404076
2,3,1475,9,33,0,397704
2,2,2360,7,9,0,461508
3,3,2933,5,6,0,575679
1,1,3875,7,24,0,514073
2,3,3331,9,26,1,622515
5,3,1418,10,14,0,577366
3,3,2768,6,31,1,562432
3,3,1544,1,27,1,425747
2,3,3665,6,8,0,593444
1,1,3859,1,6,0,458740
5,1,1506,4,15,0,482542
1,3,612,8,25,0,282302
4,2,1202,5,34,1,433334
4,3,799,5,16,0,396084
2,3,3233,10,22,1,630263
2,3,2391,8,7,0,492778
2,2,1047,8,1,1,349368
4,2,2411,1,30,1,528754
1,2,1440,5,31,1,293491
1,1,3742,5,28,1,498346
2,2,1189,8,2,1,363190
5,1,1753,1,7,0,466349
1,1,3536,7,1,0,497944
4,2,2690,7,30,0,592882
3,2,1119,9,48,1,387928
3,2,1636,2,36,0,373844
3,1,1324,3,19,1,340834
5,3,3270,4,28,1,722845
2,2,1587,1,16,0,336040
4,2,1402,7,9,1,486098
5,2,3182,10,40,0,718261
4,1,2949,3,21,1,546527
4,1,1126,3,5,0,360183
2,3,2265,3,42,1,444591
3,2,1738,8,33,0,437233
2,1,1059,9,30,0,306777
5,3,3479,10,11,1,816981
5,2,3152,2,11,1,652219
5,1,3979,10,15,1,778216
2,2,1531,10,24,0,389451
4,2,2586,1,21,0,513748
4,1,924,9,26,1,426861
1,1,1178,6,23,0,265317
5,1,3408,9,11,0,700741
4,2,3846,6,17,1,735353
1,2,3498,2,44,0,446977
4,3,2137,1,46,0,505273
5,2,3843,8,15,0,768231
3,1,3607,3,3,1,591124
5,2,3149,1,11,0,644264
2,3,2600,8,48,1,518493
4,3,2981,1,32,0,567437
4,1,2931,8,21,0,588635
2,1,1074,1,17,0,242218
2,3,1677,9,47,0,407982
3,3,2081,9,32,0,515898
4,3,2202,9,26,1,607084
4,1,2043,3,41,0,432874
3,3,1231,4,18,0,401449
1,3,1302,5,47,0,303607
3,1,3056,6,13,0,541089
5,2,1581,9,24,1,585287
4,2,1927,4,33,0,464824
2,3,2558,6,23,0,482189
5,2,1158,1,37,0,424556
4,2,821,2,22,0,341555
3,2,2156,8,4,1,514794
5,2,2805,4,43,1,630622
4,3,947,10,35,0,474188
1,2,1782,7,23,0,334270
1,2,1488,4,35,0,282787
2,1,1521,9,4,0,350717
4,3,1858,9,38,0,533085
1,1,3309,4,5,1,481624
3,1,1004,8,44,1,338900
4,3,1880,6,35,0,529494
3,2,1276,1,44,0,342242
3,1,1188,7,3,0,370314
1,3,2220,1,9,1,372473
4,2,3205,3,0,0,595274
5,3,3552,8,20,0,760719
1,1,3718,9,39,1,542880
1,2,3884,3,38,1,532499
4,2,3126,1,36,0,582084
4,3,3134,1,2,0,605702
3,2,2194,7,46,0,459634
4,1,1165,5,30,0,367994
3,1,3171,1,26,1,508339
1,1,1303,6,16,1,266798
2,3,3677,6,22,0,591967
5,2,3468,4,12,1,703346
1,2,3815,7,46,0,542979
4,2,1457,7,26,1,499137
5,1,1884,9,19,0,538557
2,2,1184,1,45,0,268353
2,1,3333,5,12,1,542029
3,2,831,10,43,1,388859
5,1,2917,3,23,1,618845
3,2,3587,7,40,1,630793
1,3,3521,4,2,1,539834
5,3,1845,4,42,0,527016
1,1,651,1,9,0,145632
3,1,2763,1,0,1,487183
5,2,1137,10,48,0,505294
3,2,1140,2,12,0,344004
5,3,1642,2,13,0,510870
3,2,1414,1,32,0,364115
2,1,2015,8,1,1,427958
3,1,3438,6,1,0,581142
2,1,2252,6,38,0,402275
3,1,3265,10,40,0,592567
5,1,1018,10,30,0,449972
5,3,2956,9,3,1,760295
5,3,1463,5,33,0,507536
4,1,785,4,18,0,350768
1,2,860,6,36,0,222206
5,1,2151,8,8,1,590448
2,3,1896,1,23,1,414181
5,1,2807,7,12,0,629554
4,3,3517,8,43,0,717426
2,3,1361,9,29,1,419632
4,1,823,8,18,0,392572
2,1,1879,7,40,1,403009
3,2,779,3,9,0,328006
1,3,2667,2,41,0,391738
1,2,2247,3,43,1,352733
4,1,1231,4,13,0,397392
1,3,3881,4,39,0,534077
4,2,2136,6,47,0,499463
4,2,2705,7,48,1,588764
4,2,3764,4,19,1,678719
1,1,3892,10,3,0,559891
4,1,3370,6,37,0,594999
1,1,2563,9,43,0,402468
4,3,3903,6,49,0,704562
5,1,1214,3,38,1,443692
4,3,1161,1,4,1,433348
2,2,3021,10,41,1,580413
4,2,1221,10,31,0,457933
3,1,2735,5,5,0,511652
4,2,3691,10,13,1,735670
2,1,1613,10,5,0,394656
2,3,2661,3,13,0,491228
1,2,2780,8,11,1,500307
5,1,2560,10,26,0,626423
4,2,1657,1,25,1,448412
1,2,3539,2,11,0,494141
5,1,3879,3,7,0,679026
4,2,3870,3,9,0,654792
3,2,1191,8,15,0,396459
4,2,1182,5,25,0,426285
2,2,3826,8,7,1,635907
2,3,2213,6,40,1,455119
3,2,1701,2,44,0,382187
1,2,3843,4,28,0,501580
5,1,888,9,19,1,462541
4,3,2168,4,16,1,552947
2,1,3660,5,18,0,536816
1,1,3526,5,16,1,476229
3,1,2043,10,38,1,503567
2,3,606,8,0,1,339234
3,1,1783,6,28,0,387314
4,1,839,10,13,1,418173
5,1,2586,7,16,1,618481
2,2,2046,6,12,1,426880
2,1,3183,5,28,1,509855
4,3,2349,5,33,0,558336
1,3,2717,3,26,1,456032
5,2,2503,7,45,1,634877
2,3,2863,10,32,1,567937
5,3,3775,5,28,0,758455
2,2,1677,7,36,0,380580
5,1,3453,2,38,0,622455
3,2,2977,9,18,1,591760
2,1,1447,8,45,1,335150
5,1,3874,5,23,1,729702
1,3,1911,2,13,0,330663
3,2,2692,6,46,1,530405
3,3,3476,8,36,1,676107
1,3,2845,7,4,0,480161
5,1,1839,8,23,1,568589
4,3,2104,4,33,1,558658
1,2,1932,3,49,0,301757
5,3,3543,7,30,0,749540
1,3,2979,2,29,0,457650
1,1,1295,5,8,0,270813
2,2,626,7,26,0,296588
5,3,3837,1,27,1,732691
4,1,2965,4,41,0,559410
2,3,3945,2,25,1,605332
1,2,3012,6,17,1,483002
1,3,3774,1,35,0,524254
1,3,1559,7,7,0,361193
5,1,2126,3,17,1,520604
5,3,2468,1,19,1,615725
2,1,972,8,31,1,321511
4,2,2549,7,28,0,580646
2,3,844,2,48,1,287625
3,2,2440,7,47,0,520196
1,2,3840,3,17,1,546473
1,3,2276,9,6,1,491955
1,1,3125,8,0,1,499696
2,2,724,5,27,0,268190
2,2,1136,7,32,0,317724
1,3,3353,3,49,1,518624
2,3,2519,1,3,1,489150
5,3,2235,1,19,1,566272
5,3,2025,2,35,0,531141
2,3,2140,8,30,0,473678
1,3,1130,1,37,0,233661
2,1,3433,5,27,0,490871
2,2,853,9,2,0,331420
2,1,2768,9,5,1,520241
3,1,3703,2,44,1,587444
5,3,1260,7,22,1,549133
4,2,2401,1,6,0,490730
4,1,1660,3,35,1,408727
3,3,1965,6,0,0,515933
2,3,1636,9,5,0,435108
3,2,1806,10,23,1,499054
3,1,3936,2,36,1,590275
1,1,2735,7,44,0,383119
5,1,2693,4,35,0,564685
4,3,1742,2,23,1,474904
2,2,3580,3,37,0,521194
4,2,2154,6,44,0,502773
4,1,2355,10,28,0,542948
5,3,2565,9,36,1,699710
4,1,1344,8,44,0,427810
4,2,2229,10,31,0,576428
3,3,1566,9,24,0,457364
5,1,1362,4,9,0,443167
1,1,3409,4,34,0,432099
2,3,1393,9,24,0,414395
4,2,1343,8,26,0,473763
2,3,1669,2,44,1,393907
1,1,2131,8,31,1,371217
2,1,1157,1,11,1,278504
1,1,2594,9,3,0,411229
3,1,1125,9,41,1,393193
4,2,3244,8,25,1,663463
1,2,1439,5,2,0,288484
2,1,602,5,16,1,241005
4,2,1651,3,8,0,456364
3,2,2004,5,28,0,435489
4,2,756,4,0,0,369239
1,1,3502,1,17,1,456385
3,3,2537,9,40,0,554810
2,3,2554,10,19,1,569828
3,3,1110,4,40,0,372128
3,1,1286,3,33,0,316784
5,2,1737,6,27,1,554619
3,2,2012,1,47,0,379227
3,1,2110,5,34,1,439220
4,1,3921,7,15,0,688302
2,3,1170,2,20,0,324757
4,3,1314,10,12,0,508485
4,1,1938,9,34,0,492005
1,3,2886,6,41,0,469094
4,2,3905,2,31,0,665945
5,1,2950,8,49,0,631134
5,1,3254,8,37,0,677469
1,2,1590,1,5,1,306675
2,2,933,1,49,1,245426
2,2,2760,1,37,1,463123
4,3,2244,4,37,0,519864
4,1,961,4,12,1,378158
4,3,2480,8,45,1,621266
2,2,3448,1,38,0,510960
3,3,2744,10,12,1,624662
5,2,2581,3,46,0,594746
3,3,2663,1,11,1,545489
3,3,3203,9,32,1,663265
2,2,2577,10,27,1,515084
3,3,975,9,2,1,430933
1,1,1341,7,17,1,293811
4,3,989,8,25,0,447091
1,3,3267,1,39,1,488263
5,1,1840,5,1,0,526984
4,2,3931,2,3,1,692844
3,1,1423,1,49,0,312460
5,3,2967,3,27,1,689736
4,2,2843,7,27,1,636275
3,3,1017,1,24,1,369784
1,3,1206,2,25,1,292902
4,1,1167,2,44,1,365314
3,1,1143,4,46,0,296333
1,2,2878,3,1,1,431686
5,2,1483,3,41,1,479950
5,2,3168,10,33,0,698457
5,3,1302,5,29,1,536108
5,1,1823,3,20,1,489975
2,1,3493,7,43,1,554028
4,1,3320,5,36,1,612251
4,2,2222,4,43,1,524049
2,1,2668,3,22,0,411626
3,1,3982,4,32,1,611324
3,1,3235,2,1,0,509588
5,2,3545,1,26,1,692443
1,1,2386,3,47,1,353134
3,2,2219,2,21,0,443551
1,1,2057,1,33,1,311600
4,1,3018,1,15,1,547836
1,1,2183,2,19,0,291500
4,2,2514,9,25,1,614974
2,2,677,5,15,1,279009
2,1,1908,9,5,0,403415
5,3,1247,8,44,0,521771
3,2,2787,6,43,1,565300
5,2,1152,1,22,1,447390
4,1,1597,10,41,1,490640
5,3,881,5,36,0,466180
1,1,1881,1,7,0,287547
4,2,2446,7,5,1,580096
2,2,1983,10,36,1,455162
3,1,3087,8,21,1,596432
4,1,2917,8,5,0,602304
4,3,1757,7,31,0,517505
1,3,3393,2,16,0,507160
3,2,703,5,37,1,317327
2,3,1365,4,16,1,372227
4,3,2742,5,36,1,626167
4,2,3376,10,22,0,690449
1,2,2196,9,48,1,398319
5,2,1079,4,48,0,426824
2,2,3427,8,12,1,585915
3,1,3912,8,31,0,640288
4,2,2660,2,21,1,560790
4,2,3818,6,6,1,718809
2,2,2563,5,21,0,467712
5,3,3248,2,20,1,675944
4,2,2742,10,5,0,649002
2,1,2940,4,13,1,472135
1,1,2672,7,15,1,443188
5,2,1895,1,2,1,509506
3,1,2128,9,8,0,470290
4,3,1789,10,46,1,572944
2,2,1538,1,20,0,300899
1,1,1361,5,49,1,265100
3,1,3758,7,29,1,611837
2,2,1253,8,29,0,341816
2,1,2269,2,41,1,391853
3,2,3632,4,41,1,594680
1,1,3285,2,31,0,398906
1,3,3138,4,22,0,496107
5,1,2531,6,2,1,615530
4,1,3812,6,0,0,679829
3,2,1726,2,2,0,409375
3,1,3897,4,36,1,622098
3,2,2525,4,6,0,479551
1,3,1174,1,2,0,271218
4,2,2941,2,35,1,558286
5,2,3543,3,48,0,669505
2,1,1929,5,2,0,374847
2,3,1877,8,3,1,464296
3,2,1803,6,30,1,443916
4,1,639,3,1,0,311945
1,1,3423,6,13,1,512258
4,2,1119,7,36,0,412384
4,1,2239,6,30,0,479616
1,2,3193,10,1,0,532467
3,2,2883,6,30,0,552500
4,2,1062,1,46,1,357775
2,3,1851,3,42,1,405056
1,2,2448,7,21,0,404970
5,1,1082,4,9,1,439337
3,3,3077,4,29,0,569546
1,1,3693,7,32,0,510240
5,3,942,9,18,1,548605
5,3,3711,2,45,1,718091
4,3,1796,9,24,0,540231
4,3,2062,3,45,1,525634
4,1,1802,6,0,0,477382
1,2,2221,4,31,1,365503
1,1,2780,1,24,1,383186
3,2,2998,9,40,0,571525
4,1,3153,6,16,1,609370
5,3,2731,8,13,1,722709
2,3,1592,2,44,0,343268
3,2,3477,7,12,0,607250
1,2,3508,6,37,0,500467
3,1,2990,2,38,0,485443
3,2,3951,2,1,0,619288
3,1,3513,4,31,0,574151
3,2,3934,4,31,1,657448
2,2,1789,3,39,0,341513
4,2,2940,8,5,0,633789
5,3,2203,7,24,0,616460
3,3,3897,2,2,1,682549
3,1,1793,3,17,0,380109
3,2,1197,10,49,0,422052
4,1,1244,9,37,1,432095
1,2,1047,5,42,1,244711
1,3,3337,2,2,0,496986
2,3,3649,3,47,1,594981
1,2,3502,8,4,1,550338
3,2,3149,4,23,0,560119
3,3,1363,2,33,0,392840
3,3,1334,2,46,0,370428
2,1,3872,6,47,1,569892
3,3,2242,8,38,0,523300
1,2,2897,7,47,1,452476
4,1,1200,4,23,0,386051
4,2,2772,2,35,1,546528
5,1,2760,9,27,0,645624
1,2,1580,4,47,1,298154
3,3,3808,9,48,0,667003
4,2,2382,5,33,0,531829
1,1,2797,7,15,0,408814
4,2,3522,5,35,1,677964
3,1,2990,2,6,1,508989
4,2,1179,6,17,0,410979
5,3,1382,7,5,1,550576
5,3,2968,6,49,0,656425
4,2,3469,3,27,1,628728
1,2,1131,10,38,0,295796
1,2,3960,8,33,1,605647
1,1,2112,3,40,1,317319
4,2,3139,5,28,1,633917
1,2,1211,9,3,1,345804
3,1,2899,5,13,1,532962
5,3,2605,7,4,0,672928
3,2,1700,7,24,1,459497
1,2,2270,5,38,1,371372
3,3,2015,2,7,1,481147
1,3,2035,5,14,1,403953
4,1,2820,7,18,0,586960
3,2,1474,7,10,1,439597
4,2,2848,4,19,1,609220
4,1,816,1,35,0,285983
2,3,975,6,17,0,335651
1,1,2209,3,13,1,344455
5,3,610,5,37,0,415312
1,1,3683,4,24,1,506745
5,3,3539,2,15,1,712962
1,1,2213,7,17,0,349813
4,3,3082,5,0,1,653377
3,3,1417,7,39,0,432669
3,3,1896,9,0,0,530829
2,3,3578,4,0,1,616901
5,3,1290,5,20,1,536987
5,2,2199,9,24,0,611005
5,3,2132,10,26,1,663667
4,2,1755,4,9,0,468433
5,3,3502,5,49,0,713917
3,2,2547,5,11,0,520508
4,2,1383,8,27,0,453789
1,1,2966,4,48,1,429835
5,3,3491,4,31,1,732959
5,1,2572,7,32,1,596355
1,1,2476,5,7,1,382061
5,3,3268,6,41,1,730283
1,1,1384,6,25,1,273086
4,3,3839,6,41,0,700906
3,1,996,10,49,1,385325
1,3,3851,5,40,0,542891
2,3,1681,5,1,0,415197
1,3,2103,9,34,0,410070
5,2,2633,8,33,1,646693
4,1,2214,4,5,0,494054
4,2,1059,7,30,1,445218
1,1,2708,8,22,0,439733
3,1,3016,9,11,1,579614
2,1,3792,5,27,1,577058
4,2,3366,3,14,1,642038
5,1,1145,4,18,1,462773
5,2,3688,10,11,1,800756
3,3,3143,6,49,0,593431
4,1,1096,10,47,1,421907
1,1,1104,5,1,1,246156
5,3,3616,9,10,0,781756
3,3,3986,3,43,1,659008
4,1,1692,2,36,1,425635
4,3,2808,6,37,1,616584
4,2,2237,7,24,1,572132
4,2,1317,5,42,1,435138
4,1,3816,1,20,0,626522
5,2,2192,3,41,1,552927
3,2,3640,3,35,0,580765
4,1,2008,4,8,1,485988
2,3,868,10,11,0,369904
2,1,2546,6,9,0,448665
3,2,2077,5,45,0,457788
1,1,3346,1,4,1,454674
1,1,2141,6,32,1,355205
1,2,1464,9,4,0,350190
2,2,2997,1,15,1,485558
1,1,709,8,36,1,243844
5,2,3054,8,36,0,679587
4,2,1249,3,28,1,404925
2,2,2698,9,17,0,519455
3,2,2099,8,28,1,510412
3,2,1710,3,5,0,404407
4,2,3739,10,17,1,739869
2,3,1195,5,31,1,381924
1,1,1578,3,41,0,241710
1,2,3713,5,46,0,525880
5,1,1330,9,30,1,496650
5,3,656,4,10,0,446877
1,2,3385,6,25,0,478456
3,1,2843,3,27,0,477390
3,2,2383,3,26,0,473192
5,2,2301,5,18,0,578840
4,2,3733,8,44,1,703088
1,2,1886,8,26,0,369445
5,2,711,3,19,0,388756
5,2,3412,8,2,0,718351
1,2,1310,8,15,0,320015
1,3,1801,3,38,1,342087
3,3,1547,10,43,0,465760
4,2,625,10,28,1,411173
4,2,3057,2,14,1,585523
1,3,1357,10,29,0,380844
2,3,3178,2,39,0,516665
5,3,2400,9,48,1,684741
5,2,3988,7,0,1,787082
1,1,2155,6,28,1,349556
2,1,3777,7,29,0,578014
3,1,3396,8,39,1,601791
1,1,2441,1,45,0,328058
1,2,2893,8,31,1,492401
5,1,1704,3,9,1,496913
1,3,1261,3,26,0,298613
1,3,1508,6,7,0,350707
1,1,3043,4,35,1,431460
5,3,1121,4,41,0,454239
3,2,2456,4,34,0,479920
3,1,2359,10,35,1,498476
1,1,3573,9,47,0,490273
5,2,2911,8,35,0,654222
3,3,1389,3,24,1,415708
3,2,1897,1,19,1,405496
3,2,2329,1,44,0,433851
5,3,771,1,16,0,421570
5,2,864,4,22,0,405805
1,3,2586,6,24,1,461945
4,3,1649,4,47,1,471797
3,2,2092,3,48,0,419865
4,3,2485,8,30,0,598060
5,2,1075,8,5,0,501376
5,3,3003,6,34,1,703157
5,1,1649,9,3,1,565906
4,3,633,10,39,0,451557
5,3,2911,1,19,0,631910
1,2,1761,8,40,0,344428
5,3,1415,6,0,0,559659
2,1,3522,1,44,1,503190
4,1,1353,4,25,0,380630
2,3,1165,5,33,0,356768
5,3,1061,7,9,1,530648
1,1,3839,8,22,0,534648
3,2,2254,9,48,0,486793
5,1,3302,6,23,0,662585
1,1,680,10,12,0,222603
4,3,3404,9,28,0,692695
2,3,2537,4,45,0,448303
2,1,1469,8,26,1,369151
2,2,2030,3,30,0,372546
4,1,1669,4,42,1,431356
1,1,1198,10,9,1,313528
4,2,2234,4,30,1,523074
2,1,1406,6,38,1,311646
5,1,2534,9,9,0,599719
3,3,1676,6,23,0,472675
4,2,3631,1,32,0,616506
4,3,1303,5,13,0,444880
1,3,3123,9,34,1,528446
1,2,3239,5,44,1,473826
4,2,2663,6,33,1,585730
2,1,1086,3,16,0,255887
3,3,1305,8,20,1,480009
1,2,2125,10,31,0,421985
2,3,1764,4,2,1,408286
5,3,1219,4,14,0,488244
1,2,3666,5,7,1,545118
2,1,1376,10,31,1,359393
2,3,1046,9,37,0,349106
3,2,2937,8,25,1,610926
3,1,808,7,29,1,340656
5,3,2098,5,8,0,612711
2,2,3060,9,31,1,555199
2,3,3324,9,10,1,635834
3,2,2050,10,21,1,522102
1,2,2477,10,33,1,451152
1,3,3311,2,40,0,481589
4,3,2937,4,17,0,628105
3,2,1891,8,18,1,483481
4,1,2798,1,17,0,505193
3,3,2342,5,36,1,534330
5,2,1878,8,17,0,579715
2,2,2000,2,11,1,393643
5,1,2276,2,3,1,558926
3,1,1454,8,46,0,362788
2,1,1981,10,42,1,419216
1,3,3255,9,26,1,562306
1,2,3017,7,4,1,519480
4,2,3898,8,5,1,732152
3,2,1304,5,12,0,373027
3,1,3974,1,22,0,585448
1,2,1425,4,41,0,286750
5,3,1604,2,24,0,515414
2,1,976,3,45,1,246160
5,1,1572,3,3,1,473909
5,1,717,9,31,1,464397
1,1,3676,10,43,1,538258
1,3,1043,4,14,0,275376
1,2,1354,2,25,0,237276
4,3,1239,3,41,0,423051
5,2,2771,3,10,1,636048
3,3,3305,7,8,1,654579
2,1,1900,8,10,1,408978
4,1,3469,6,1,1,649105
3,3,3311,4,44,0,596007
5,3,3007,6,26,0,689531
1,2,1222,1,25,0,217665
5,3,2092,10,7,1,655948
2,3,2608,8,20,0,524433
4,2,2251,1,20,1,514603
4,2,2323,5,7,0,526261
2,2,3728,2,0,0,559798
3,3,3922,6,37,1,686521
3,2,2519,9,12,1,565770
4,1,1518,5,8,1,441210
4,1,1773,4,27,0,435985
1,1,3099,2,5,0,406533
3,3,1785,3,46,0,429669
2,1,719,6,22,0,254259
3,3,1181,8,47,1,442000
1,3,2547,8,35,0,471373
4,1,2746,5,16,1,557779
4,2,1790,5,8,0,501343
1,3,2286,10,11,1,498595
2,1,2599,3,21,1,415887
4,3,3161,7,11,0,665360
5,2,3311,6,5,0,705039
4,2,1000,1,43,1,375429
5,1,3012,4,8,0,603491
1,3,1949,6,36,1,404372
1,3,3228,6,2,0,531203
4,3,2256,3,33,0,511601
3,3,1220,6,7,0,400255
5,1,3475,10,9,0,739158
2,2,846,6,46,0,267416
4,1,3081,9,40,1,625700
2,3,1716,9,41,0,443716
4,3,3939,2,42,1,684790
3,2,3262,4,8,1,583423
3,3,3590,9,13,1,707466
3,1,3610,4,36,0,550688
3,1,1223,8,26,1,408568
1,2,2968,10,40,1,526284
1,1,2439,3,31,1,365953
5,1,3503,3,3,1,662546
2,1,2709,9,1,1,508979
4,1,899,10,32,1,416914
4,3,1002,8,20,0,476597
1,1,3602,1,0,1,457966
4,2,2271,10,43,1,571747
1,2,3974,2,10,0,503463
5,1,852,3,0,1,404030
2,2,2357,2,45,0,382534
5,1,3125,3,10,0,607812
3,2,1992,8,6,1,511327
3,2,2564,6,1,1,561943
3,1,759,7,14,0,299876
5,1,3608,10,7,0,729039
4,3,3837,10,46,0,734769
2,1,804,6,25,0,253504
3,1,3938,1,39,1,578912
3,3,1761,3,41,0,444770
3,1,1991,1,34,0,352445
2,1,1457,10,45,0,370910
3,3,1359,9,40,1,465226
2,1,2190,9,40,0,408363
3,1,3368,5,20,0,540570
5,3,3688,4,37,1,738724
5,3,2715,9,7,1,709990
2,2,732,9,42,0,290248
5,1,2323,3,31,0,535522
2,2,3566,5,7,0,575237
5,2,1029,3,43,1,436973
5,3,2955,10,9,1,747834
2,1,3297,2,22,0,458254
4,1,1797,1,3,0,431318
5,3,3059,10,47,0,729672
3,2,696,2,37,1,317872
4,3,2306,8,29,0,577217
2,1,1777,8,40,0,368762
4,3,2318,3,22,1,557428
1,1,1865,7,4,0,327515
1,2,1927,7,20,1,367434
5,1,1908,2,5,1,503462
5,2,1650,9,48,0,530659
3,2,1983,3,16,1,447095
4,1,3731,2,24,1,644681
1,1,2849,3,23,0,392317
5,2,3409,2,21,1,678514
4,3,3521,8,12,1,722743
5,1,1180,5,16,0,433269
5,2,3017,3,13,0,633558
1,2,1132,5,33,0,270017
1,3,1775,8,25,0,397493
5,1,1725,7,18,0,511821
2,2,1498,6,25,1,357503
5,3,3254,1,2,1,690118
5,2,2069,10,1,1,652756
3,1,3520,1,27,1,563804
3,3,1852,1,1,1,456872
3,2,3796,10,21,0,667398
2,3,1369,8,6,0,404095
2,1,1433,8,3,0,367269
5,3,3646,7,48,0,741011
3,1,2504,6,37,1,479725
2,2,3585,4,38,0,550738
1,1,2883,1,19,0,387542
5,2,2809,9,5,1,682490
4,2,1153,1,8,1,404640
5,1,3435,4,30,0,655651
4,2,1691,3,25,1,455852
3,3,1796,7,35,1,507414
4,2,2260,5,25,0,507236
3,1,1158,5,27,1,333972
1,3,860,4,4,0,244401
4,3,2864,1,9,1,597222
5,2,2440,5,17,1,620677
3,2,1747,4,14,1,428891
5,1,1404,10,32,1,541481
2,3,1785,8,4,0,441165
3,1,2848,2,36,1,505847
4,2,3049,8,39,0,636913
3,3,874,1,21,0,309867
5,1,805,4,21,1,427018
1,1,3711,3,21,1,495395
3,1,3944,5,14,0,600638
4,1,2323,5,16,1,512813
2,1,1466,5,44,1,307338
1,3,692,4,27,0,220636
2,1,1665,8,21,1,400604
3,3,3026,3,20,0,573406
5,1,3778,4,41,1,678868
5,2,1951,1,16,1,537960
4,2,2712,7,4,1,603920
5,1,964,1,17,1,386444
1,2,1420,2,16,1,289604
5,3,2107,7,3,1,658493
4,1,2629,1,6,0,495983
3,3,2524,3,24,0,498335
3,1,3695,6,36,1,621529
5,2,3187,6,39,1,695785
2,3,1685,6,39,0,402898
3,2,3138,2,42,0,526249
5,2,1896,2,8,0,502337
4,1,2876,6,18,1,603908
5,3,1643,10,8,1,620503
3,2,602,5,22,1,338259
4,1,2353,7,30,0,525748
5,1,1510,7,31,0,482718
1,1,906,5,30,1,225308
4,2,3079,8,16,0,636913
1,1,735,10,47,1,232986
2,3,2532,6,38,1,508517
4,3,3162,5,21,0,651082
1,2,2840,4,34,1,423485
3,3,2208,7,29,0,526804
3,1,2038,4,39,0,407828
2,2,1472,5,36,1,350972
4,1,1741,5,25,1,451752
4,2,1265,1,5,0,386531
4,2,808,1,33,1,364378
2,1,1551,3,31,0,318235
4,3,1657,3,24,1,499619
3,3,1248,2,12,0,381700
1,2,1941,2,37,0,322994
3,1,2767,6,37,1,533230
3,1,1226,1,1,1,314514
1,2,1124,6,4,0,270753
3,3,2204,5,10,0,500959
2,1,2468,6,10,0,424112
1,3,1368,5,23,0,322857
3,3,3760,7,13,1,717508
5,2,3159,1,44,1,627953
3,2,2694,3,29,1,532790
2,3,1371,6,39,0,352593
4,1,1339,1,46,1,369776
3,1,1121,7,43,0,328811
4,2,3955,4,34,0,672015
5,3,2000,3,20,1,576335
3,1,2781,10,4,1,558275
1,1,847,9,37,0,218605
4,2,1941,1,1,0,450941
5,3,3083,8,39,1,733084
1,1,3847,1,36,0,464702
1,2,2458,5,48,1,407256
1,1,1285,10,33,1,318260
1,1,1185,8,10,0,269463
3,1,2998,6,35,0,520289
3,2,742,7,10,0,348141
3,3,1566,8,8,0,477619
5,2,3451,6,5,0,708379
5,3,1317,6,33,1,533626
5,1,1242,6,46,1,471383
2,3,3148,5,36,1,537578
5,1,969,8,31,1,477327
3,1,1709,2,11,0,351795
3,2,1386,7,44,1,431114
2,1,3386,4,31,0,479074
2,2,2083,1,16,0,355450
5,3,1549,5,3,0,535532
4,3,1948,3,41,0,492792
2,1,1121,4,32,0,283542
1,2,3136,7,42,1,509364
3,1,2552,5,47,0,464166
1,2,3044,4,42,0,422950
3,2,3543,1,8,1,605694
3,2,954,6,33,1,382158
2,3,1546,10,38,1,435087
2,2,2935,6,29,0,489273
1,3,2082,7,49,0,404631
3,2,2247,1,19,0,434955
1,3,3645,4,38,0,519184
4,3,1135,9,22,1,509248
1,3,1914,10,40,1,422766
5,1,3498,6,43,1,700163
1,2,3485,2,34,1,489829
5,1,2815,4,22,1,628257
5,2,1549,6,47,1,527925
5,2,1220,4,38,0,469148
4,1,1027,10,22,0,440157
1,3,2325,7,36,1,426176
1,2,3137,3,22,1,447982
4,3,3002,6,38,1,657422
3,1,2843,4,27,1,504176
2,3,1144,3,18,0,314831
1,2,3364,3,48,0,465770
2,2,1423,2,47,0,280737
4,2,3579,3,29,1,657905
3,1,1602,10,20,1,454801
3,2,1258,1,23,1,373880
3,1,3586,3,20,0,567855
4,3,3427,9,25,0,691267
5,2,2658,4,49,0,584701
5,2,3927,3,35,1,753220
2,2,3043,8,25,0,525272
5,3,1330,1,32,0,480147
5,2,2432,5,35,1,611560
3,1,1008,1,3,0,289431
3,3,3009,7,8,1,612096
2,3,3930,5,7,1,651016
1,3,3674,2,1,1,549324
2,3,683,1,28,0,248181
2,3,2803,7,22,0,539893
4,1,3847,1,5,1,627459
4,3,1306,3,42,0,434450
2,2,2561,6,35,1,490193
2,3,3119,6,45,0,529861
2,3,3266,7,20,1,604284
5,3,2047,1,21,1,579890
4,3,733,7,8,0,439124
2,3,1387,2,33,1,335587
3,1,3554,6,25,1,604726
3,1,1463,8,0,1,420853
5,3,1266,5,35,1,506059
5,1,876,10,43,1,475479
1,2,3907,3,4,0,531374
1,3,2375,8,40,0,427059
1,2,1481,8,21,1,359852
5,2,2660,4,3,0,620604
5,3,2989,8,47,1,695951
5,2,2682,5,1,1,627833
3,2,3206,5,15,1,579707
5,2,1837,3,15,1,527303
3,3,3052,7,21,1,634558
1,3,3305,9,42,0,558867
1,2,758,9,0,0,269172
1,3,3603,1,14,0,521192
2,3,1733,1,23,0,375628
2,2,3196,10,3,0,572148
4,3,3632,5,17,0,705123
4,1,2451,1,16,1,495670
4,3,878,4,6,0,413849
2,1,3126,1,49,1,464038
2,2,710,2,44,1,239919
4,3,3078,2,9,0,624980
4,2,1141,4,0,0,430974
5,2,1738,8,1,1,599489
4,2,3761,2,48,1,648403
5,2,3883,9,21,1,812846
3,2,959,9,31,1,397948
2,3,3019,2,28,1,514901
4,1,1838,1,34,0,419499
2,3,2356,10,16,0,526320
2,3,3686,10,11,1,686318
2,3,1554,9,23,1,433890
3,3,2906,2,29,1,548878
1,1,3425,8,43,1,515660
4,3,2767,3,29,1,604112
1,2,1575,1,19,1,294798
1,3,1512,1,41,1,284508
1,3,1751,10,6,1,421576
2,1,1322,2,41,0,258306
5,1,3170,7,49,1,671440
2,2,2311,6,37,1,455937
2,3,924,2,6,0,302820
1,3,3991,4,48,1,584690
2,3,2129,2,29,1,437456
1,2,2149,1,11,1,331009
5,1,1673,3,48,1,482597
4,2,2545,4,30,0,547366
1,3,2207,10,17,1,486191
5,1,2716,5,45,1,581007
4,1,990,5,42,1,372978
3,2,3030,7,1,0,588438
1,1,615,10,32,1,236443
1,1,1445,8,10,1,305310
3,3,1468,9,33,0,478005
3,3,1167,7,15,0,421332
1,1,2779,5,34,0,388515
3,1,2619,9,32,0,505839
2,2,3919,8,20,1,651854
4,2,2920,10,19,0,623237
4,1,2246,9,7,0,541920
4,3,3131,10,25,0,682921
2,1,3197,8,32,1,546267
3,1,956,6,25,0,307518
5,3,3989,4,36,1,762886
3,3,2256,9,29,1,574214
1,2,3719,9,30,0,575493
4,2,3681,10,32,1,746083
3,2,2880,10,10,0,595182
5,2,635,9,40,0,455489
1,3,3060,10,4,1,577012
2,1,1627,3,1,1,345642
2,2,2691,3,12,1,464343
5,2,3215,6,17,1,683132
1,3,3926,6,25,0,575656
4,3,3387,6,24,1,694454
3,1,713,5,43,1,313655
1,1,2372,5,13,1,370539
2,3,3044,2,4,1,532786
5,2,1797,7,41,0,533028
5,2,1878,4,1,0,552971
3,2,1065,3,3,1,368206
5,1,3948,8,11,1,750194
5,2,2087,4,10,0,534965
1,2,1446,4,3,0,295907
4,3,1101,8,42,0,470243
3,2,1040,1,8,0,309965
1,3,2716,9,9,1,527512
4,2,925,7,26,1,441729
1,1,2365,2,5,0,346748
1,2,666,6,14,0,227690
5,2,903,8,41,1,487841
4,3,1571,5,30,1,495474
3,3,1083,6,21,0,393175
3,3,1528,10,5,1,492693
4,2,2040,8,32,0,519802
5,2,3830,6,28,1,775462
2,1,748,9,20,1,299711
1,2,3698,9,29,0,555364
5,1,3634,9,20,1,734055
4,3,3231,6,35,0,642010
1,3,2895,9,21,1,545165
3,3,1724,3,45,0,420281
2,1,3349,5,19,0,519078
3,2,695,2,21,0,291970
4,3,881,8,39,1,464921
1,2,2969,4,10,0,440407
4,2,3949,6,46,0,690135
1,3,1128,6,30,1,310663
5,1,2910,5,39,1,603115
2,2,2242,1,12,0,378782
5,3,1179,7,17,0,526738
5,2,2263,10,21,1,635197
4,2,3964,8,16,1,765194
2,2,2941,1,37,1,475255
1,2,2231,10,24,0,440737
1,2,3042,7,31,1,487530
3,1,3160,4,14,0,545080
1,1,3568,6,12,0,478814
4,3,1409,9,25,0,526187
5,1,3851,5,49,1,693816
5,1,3567,8,10,1,733559
5,1,1292,5,12,1,473253
2,2,834,2,32,0,238622
1,2,1551,4,49,0,279508
4,3,2454,2,36,1,566093
2,3,1960,7,37,1,461382
3,3,1631,7,0,0,466703
4,2,2066,3,38,0,485483
4,1,2564,7,26,0,536740
4,1,1138,1,35,0,334645
5,2,1419,1,31,1,469087
4,3,2281,9,40,0,597681
1,3,3762,6,14,0,586593
4,3,871,5,30,1,440297
5,2,1628,6,5,1,538592
4,3,2522,6,24,1,593648
3,3,1842,1,48,1,429828
3,2,1741,5,17,0,420278
5,1,1192,9,21,0,497515
1,2,3623,4,30,0,503777
1,2,2205,3,35,0,324214
2,2,714,1,8,0,241390
5,2,2910,2,45,1,618510
4,1,3977,3,2,1,688264
5,3,2277,4,32,0,609947
2,2,2045,7,26,1,446578
5,1,806,6,42,0,379772
5,3,2950,8,0,0,712270
2,3,711,9,43,0,337708
1,3,2040,6,8,0,396044
4,2,2482,7,4,0,562463
2,2,3956,4,14,1,609352
3,3,784,2,49,1,325521
1,3,2364,9,8,0,449456
3,3,1500,9,44,0,459337
1,3,820,4,27,1,262745
4,3,2067,3,12,0,533376
4,3,3788,10,23,0,737560
5,1,1693,6,44,0,468652
3,3,3545,3,9,1,625243
1,2,3741,1,41,0,472990
4,2,3269,4,21,0,624594
2,2,3074,1,38,1,489247
4,3,3291,2,21,0,627804
2,2,3215,3,36,0,473666
1,1,2612,8,38,1,423510
4,3,3090,10,19,1,706939
4,2,1200,4,9,0,396754
1,1,1760,4,9,1,295786
4,1,1103,10,25,0,415809
2,2,2778,9,24,0,499807
4,1,817,7,27,1,383192
3,2,3335,2,12,0,547223
5,1,2818,3,14,1,612904
2,3,2098,4,5,1,451890
3,3,1211,4,11,1,411238
1,3,3639,10,18,0,600448
2,3,1752,8,31,1,441716
5,3,656,10,10,0,485344
5,2,1804,10,37,1,596581
1,3,845,6,32,1,305555
1,3,743,3,1,0,257570
2,3,3722,9,14,0,655439
4,3,967,10,35,1,500094
1,1,2082,8,4,0,376665
4,3,2865,9,14,0,652422
3,3,1215,5,42,1,390584
5,2,3928,3,9,1,743673
4,1,2481,4,16,0,495256
5,2,3827,5,33,1,766162
4,3,2188,9,23,1,625851
3,2,3089,9,9,1,642863
1,2,3488,3,29,0,463953
3,3,3603,7,2,0,672098
1,1,1298,6,36,0,254868
1,1,1475,4,2,1,301287
5,2,2285,5,39,0,574673
3,3,3423,10,4,1,696455
4,2,3409,2,27,1,607970
3,2,1544,7,43,1,429100
5,2,1522,4,13,1,507469
1,3,3582,2,38,0,518121
5,3,2346,6,10,1,648675
2,1,624,2,7,1,232953
2,3,3453,10,36,0,607601
4,2,2287,2,7,1,510707
5,2,2159,7,11,0,608037
4,1,3411,1,14,0,557755
4,3,1683,7,18,0,515647
2,2,1033,10,47,1,361853
4,1,3526,5,45,0,592592
2,1,1689,1,27,1,307704
1,2,3557,6,6,0,541980
5,2,3212,7,39,0,693103
4,3,2551,1,6,0,569218
2,1,2753,9,29,0,471682
3,2,695,7,17,1,378424
4,1,767,1,23,1,313711
1,3,2689,3,5,0,437099
1,2,2502,5,3,0,409878
3,3,2751,4,2,0,551921
2,1,2468,2,48,1,389215
4,3,3875,1,46,0,645214
2,3,3167,4,5,0,533431
1,1,2598,7,25,1,414092
2,3,2929,4,43,0,488746
1,1,3714,9,37,0,527024
2,2,3594,8,10,0,598448
3,1,1733,8,28,0,420715
5,1,2610,5,19,1,599011
3,2,3881,1,9,1,615631
3,1,1348,9,25,1,403515
5,2,2491,2,47,0,547451
5,2,1430,6,26,0,513550
4,1,648,10,49,1,408368
4,3,714,5,13,0,386078
3,3,1778,10,35,0,482706
3,2,2272,8,11,1,530891
1,3,3150,3,22,1,493148
1,3,3633,6,20,0,564446
4,1,670,6,7,1,356224
4,2,3659,10,38,0,722203
1,2,1959,3,8,1,342040
1,1,666,7,23,1,227784
2,3,2116,4,30,0,430840
2,2,2273,5,24,0,424830
1,3,2377,9,16,1,482662
2,2,1566,6,41,0,337301
5,2,3884,10,28,0,774411
4,2,2828,4,2,0,597457
4,2,2389,8,20,1,579451
1,3,1212,9,7,0,348306
3,3,2486,10,13,0,574764
1,3,2222,5,38,1,397520
2,3,1296,2,15,1,335188
3,1,3250,6,17,1,565164
2,2,2895,8,30,1,515660
5,2,1837,5,10,0,529414
2,2,3006,1,37,0,436412
5,1,848,8,19,1,456145
5,3,1237,9,45,1,550350
2,2,1549,1,44,0,318115
2,3,2504,8,3,0,520928
5,3,1711,10,19,1,632909
3,1,3310,2,30,0,533077
5,1,775,4,19,0,404264
4,3,1322,2,10,1,471684
5,2,3073,2,49,1,640259
3,2,1370,10,0,1,468321
4,1,2547,3,43,1,527640
1,1,1302,8,17,0,263155
1,1,2728,4,38,1,387831
3,1,1526,7,43,0,384029
5,1,737,10,32,0,449837
2,1,3117,3,35,0,473994
3,1,2997,10,17,1,600437
4,2,1749,3,46,0,458646
4,1,2540,2,30,1,491471
1,1,2491,6,34,1,372467
4,2,3980,6,38,1,712417
3,2,2478,1,37,0,432674
4,3,1853,7,14,1,545073
3,1,2083,4,46,1,419505
2,1,1968,3,5,0,370880
1,1,909,8,7,1,269769
4,1,1643,2,39,0,393381
3,3,3649,9,21,0,698068
5,2,2270,8,0,1,633576
1,2,2164,8,12,1,403170
2,1,2183,3,23,1,404748
3,1,2100,4,20,1,459447
2,1,2916,2,44,0,403206
2,3,3674,2,42,1,571078
4,3,1369,4,3,1,498425
4,2,615,6,6,0,372888
3,1,1205,5,11,1,362034
5,1,1981,1,12,1,513020
3,1,1412,10,43,1,434893
5,1,3804,1,15,1,677911
2,3,3983,6,5,1,678147
1,2,2590,3,13,0,403754
3,2,3129,3,47,1,562565
3,3,1494,7,30,0,435506
5,1,2167,1,35,0,490986
2,2,3976,1,36,0,546544
2,2,2916,10,40,0,519981
5,3,1013,3,34,1,465507
2,1,624,8,9,1,296615
4,2,2604,1,16,0,505771
1,1,915,10,41,1,282359
3,2,1170,4,29,1,388309
1,3,1324,9,43,0,327744
3,1,3655,4,6,1,604282
4,3,2449,10,17,0,642624
2,2,1899,8,18,0,411776
5,3,2553,7,14,1,681631
4,3,988,3,38,1,436974
1,3,3369,7,43,1,538544
5,2,1043,7,21,0,461449
2,1,3646,10,38,0,592245
4,3,3728,3,41,1,710719
5,1,3344,2,29,0,612718
4,2,1570,9,19,1,534380
4,1,3368,1,31,1,593073
2,3,3015,7,41,1,578333
3,3,2564,4,24,1,549530
5,3,2989,2,22,0,654616
2,3,2428,2,4,1,488545
4,3,903,8,49,0,447097
2,3,1363,7,40,0,375362
3,2,2573,7,29,0,532292
5,2,1415,5,47,0,479325
3,2,2759,10,38,0,557088
1,1,1477,8,26,0,275541
5,1,3677,2,41,1,657767
3,2,3577,2,36,0,586506
4,1,1302,5,6,1,441772
5,1,3493,1,4,0,626221
5,3,1543,6,14,1,551649
2,3,2926,4,41,1,511755
4,1,3029,6,7,0,584279
1,1,2660,7,8,1,416946
3,2,902,3,10,1,348702
2,1,2179,8,21,0,426893
3,3,759,7,33,0,356057
1,1,2801,1,34,0,346366
1,2,3401,6,12,0,490340
5,3,2828,7,10,0,689150
1,3,1803,4,31,0,341440
3,3,3024,2,41,0,554795
4,3,3423,10,14,0,735151
4,1,1791,9,37,1,492520
5,2,3885,7,0,0,762892
3,1,1773,1,45,1,359717
3,1,2663,8,49,0,512443
1,3,1714,3,23,0,339127
3,2,1743,4,42,0,406551
2,3,2579,5,39,0,482638
1,1,852,1,21,1,192423
2,1,3731,6,2,1,597073
5,3,3937,10,13,0,835956
4,1,2032,6,1,1,501213
5,1,2678,2,31,0,562525
4,3,3692,10,47,1,740079
5,1,1330,6,37,0,445805
3,2,2936,8,32,1,599322
2,3,1097,6,45,1,349348
4,2,2028,4,41,1,495201
1,1,1147,4,5,0,223088
2,1,1560,9,40,1,386099
1,3,731,6,38,0,254808
2,1,1947,8,24,1,420321
2,3,1457,8,33,0,409201
5,3,1755,7,10,0,593071
4,3,2632,3,45,0,554920
4,3,1120,10,36,1,508694
2,3,629,1,40,1,259121
3,2,3274,5,6,0,604249
3,3,3972,10,45,0,697071
1,2,2651,10,47,0,469384
1,1,3996,2,21,1,528170
5,3,1108,10,47,1,566450
2,1,1860,2,38,1,339836
1,3,2158,7,9,1,448461
1,2,615,3,20,1,212680
2,2,1596,8,5,0,392965
5,2,2207,9,48,0,595525
1,1,2439,8,0,0,411175
5,3,2616,6,33,0,626117
4,1,3603,5,13,1,654685
5,2,1853,3,35,1,543615
3,1,3778,3,26,0,565060
3,2,2343,7,8,1,522157
5,2,2910,5,5,0,665518
3,2,1688,6,30,1,453030
4,3,2912,6,16,1,657969
2,3,1961,9,42,0,470314
3,2,3972,1,35,0,612192
3,1,977,8,20,0,351207
5,1,1798,10,26,1,569479
4,3,3610,5,40,1,684687
2,2,3823,6,27,1,596664
5,1,1075,6,15,0,426127
5,2,1889,1,34,0,501373
4,1,928,3,35,0,329134
2,3,2439,6,34,1,485821
4,2,1786,9,44,1,535173
2,2,1037,6,18,0,332576
4,1,1990,6,20,0,463266
5,1,2373,1,32,0,529013
5,1,1822,9,22,1,550185
1,2,2123,4,5,1,381868
3,3,2663,2,31,0,515500
4,3,2444,1,21,0,522266
1,1,1919,3,2,0,316219
3,3,1467,3,34,1,403548
4,1,3158,5,15,1,618772
2,3,2411,1,41,1,424056
3,2,1583,7,24,0,425442
5,1,1862,1,16,0,460231
1,3,3228,4,38,0,483939
3,2,1924,6,12,0,456426
3,3,2653,1,27,0,510577
5,2,3891,7,10,0,745760
4,2,1618,10,9,0,524451
2,3,2389,7,38,0,484513
5,3,1406,3,23,0,508166
2,2,2493,4,37,0,424008
4,2,2009,6,23,0,509360
3,2,3266,7,32,1,621302
2,1,1918,4,16,0,356642
1,2,1741,10,43,0,354327
1,1,1004,9,35,1,285289
5,2,3644,9,34,0,754204
4,1,2386,9,5,1,569121
5,2,1193,10,15,1,540892
5,2,3213,6,44,0,678215
5,2,3399,2,27,0,646901
1,3,611,2,40,1,216839
1,3,3880,4,31,0,539976
5,2,2812,9,25,0,656631
1,1,3525,3,10,0,451199
4,1,1917,6,24,1,472504
5,2,2142,2,30,1,567543
1,3,2725,1,20,0,404275
2,1,1213,5,44,0,290886
5,3,2586,8,2,1,678207
5,1,1468,10,11,1,552929
4,2,1411,10,39,0,498986
3,3,2422,2,45,0,473789
3,1,3748,10,40,0,644508
4,2,3719,9,24,1,746925
4,2,1366,8,16,1,478823
4,2,681,3,37,0,342543
3,3,2344,1,35,1,488415
4,3,2856,4,35,0,607719
1,2,1121,8,18,0,307232
5,3,3700,3,43,0,699251
5,1,1927,10,1,0,557544
2,2,1593,2,16,0,345273
2,2,3112,7,29,1,536212
5,3,2125,4,46,1,606155
1,2,2069,6,9,0,386498
3,1,3275,5,34,1,549122
3,3,2113,2,35,0,471251
1,3,1380,10,32,1,380658
3,2,2051,2,0,1,471233
4,2,1158,9,17,1,474947
5,2,3607,10,3,1,789820
5,3,2738,2,46,0,627867
1,2,2637,8,26,1,444433
3,1,3724,8,24,1,650075
2,2,2353,1,27,1,393465
2,2,1459,1,21,1,306260
3,3,2212,4,41,1,508318
2,2,3875,2,24,1,583416
1,3,1155,1,16,1,269181
1,2,755,9,43,1,270520
3,1,2649,3,11,0,471531
2,1,1980,1,15,0,333378
1,3,1424,2,36,0,275824
1,3,2192,8,15,1,470254
4,2,3449,5,16,0,653696
4,2,3630,7,30,0,667345
1,1,1681,6,14,0,308586
3,2,3925,1,12,1,629084
5,1,1803,6,39,0,507786
5,3,1092,7,26,0,497798
1,2,1268,4,20,0,255125
1,3,3706,8,1,0,588545
1,2,674,8,7,0,271046
3,1,3591,7,41,0,572330
4,3,3960,2,6,0,694684
1,3,970,6,9,1,331390
1,2,1186,6,3,0,301663
2,3,928,7,42,0,321841
3,1,1189,6,40,1,347087
1,3,2390,2,35,1,419108
2,3,1376,8,34,1,423224
5,2,2622,4,42,1,602119
1,3,2951,9,2,1,527826
1,2,1178,8,17,0,311016
2,2,820,3,45,0,262527
3,3,3626,3,42,0,593443
1,1,1787,8,23,1,340954
5,2,2103,2,31,0,533653
1,3,3022,9,33,0,497980
5,2,3891,4,1,1,764131
4,1,2307,6,1,1,549988
4,1,3925,3,9,0,635796
5,2,2345,3,22,1,568067
3,1,787,3,14,0,291911
1,3,1814,10,11,1,425200
1,3,3886,2,42,0,539750
4,2,1709,8,16,0,484155
5,1,3121,9,17,0,685428
1,3,1443,8,13,1,364262
1,3,1130,10,16,1,363042
3,3,1670,3,14,1,457560
2,2,3736,7,11,1,617132
4,2,1562,10,15,0,500850
4,3,3122,2,31,0,590071
2,3,1769,4,22,0,395713
1,1,3593,6,37,0,468420
3,1,2005,5,33,1,416932
3,1,3737,9,33,1,648670
4,2,1116,10,15,1,473878
3,3,3764,4,33,1,662933
2,2,2488,5,39,0,429604
1,3,3073,4,6,1,492419
2,1,2091,8,32,1,417507
5,1,1717,8,3,1,535183
4,1,732,3,42,0,294721
3,1,913,1,6,0,277386
5,3,1190,6,17,0,491283
3,1,3883,2,3,1,603598
1,3,2143,2,48,0,338855
1,3,3656,3,10,0,521367
1,2,2806,8,42,0,430703
3,1,3939,3,19,0,579709
5,1,3308,7,10,0,689739
1,2,2485,10,14,0,440134
5,3,2226,10,45,1,679276
3,1,1347,9,16,1,408835
5,3,2097,8,33,0,625244
3,2,1400,1,49,1,356445
3,3,3057,7,47,0,611604
4,1,2097,7,11,1,506789
3,3,1979,8,41,0,487431
3,3,1279,10,27,1,464095
2,1,3864,5,47,0,538427
1,1,3942,10,34,0,542922
4,3,2761,9,7,1,653441
4,3,1496,9,26,0,515331
4,2,2146,8,21,1,544745
2,1,3726,6,23,0,563216
3,3,2393,6,1,0,548202
1,1,2712,1,30,0,357949
5,2,1283,6,21,0,504269
3,3,1895,4,0,1,483408
2,3,2285,4,13,1,464715
3,3,1985,2,24,1,484898
3,1,2793,4,35,1,517124
2,2,1542,5,35,1,366038
4,1,3880,5,40,0,635387
4,3,1909,5,2,0,533072
1,2,1633,4,4,1,337475
1,3,3386,1,0,0,499395
4,3,2833,10,18,1,701729
5,1,2220,8,32,0,549801
3,3,3805,3,41,1,637413
5,2,3482,2,29,0,661365
3,3,1408,9,11,0,456156
4,3,770,7,9,1,463600
1,1,2860,9,33,0,427687
1,2,2153,2,15,1,363584
5,1,2195,9,39,0,563805
1,3,2223,10,45,1,447375
4,1,626,9,28,0,387346
5,1,1613,9,14,1,552393
3,1,1691,10,47,0,414689
1,1,3437,10,10,0,528154
2,3,1007,4,43,1,331674
1,3,1732,10,33,1,404854
3,2,673,3,35,1,311864
5,1,3225,6,29,1,675886
3,1,1279,3,34,0,330298
2,2,3933,9,8,0,655430
4,1,1991,3,17,0,440246
1,2,3433,2,18,0,469691
5,3,1448,8,38,0,554622
4,2,1469,6,3,1,503272
3,1,836,8,5,1,363099
5,2,3374,7,32,1,710912
4,3,3957,3,31,1,729540
5,1,3025,8,15,1,671069
2,3,3308,10,10,0,600302
2,3,3477,1,21,0,549436
1,2,1505,1,35,1,277007
1,3,3023,10,49,1,538771
2,1,1218,8,22,1,326837
5,3,3300,9,25,0,754861
2,3,3747,10,30,1,664166
1,2,1632,6,28,1,352964
2,3,2843,5,4,1,552883
2,2,3454,2,37,0,496527
5,2,3540,9,24,1,763593
4,1,1913,6,33,0,464884
1,1,3732,8,11,1,550849
5,1,3584,9,21,1,755652
2,1,1446,9,8,0,357337
2,2,3465,8,19,0,559318
4,3,2523,10,28,1,653614
1,1,3211,8,43,1,494887
1,1,1233,3,28,0,229751
3,1,3326,3,44,0,506027
1,3,1617,2,26,1,346071
4,1,607,1,16,0,297330
3,3,1992,4,4,0,490867
3,2,1668,2,44,1,401478
2,2,2991,2,12,1,498199
2,2,2380,5,41,1,459134
1,3,3443,4,14,0,514146
3,1,2242,1,14,1,425085
2,1,3698,9,17,1,593368
4,1,1816,4,49,0,424199
2,1,1448,5,1,1,362398
2,1,1980,7,22,0,394873
3,3,661,2,42,0,308658
3,2,1685,8,12,1,483018
5,1,3069,2,42,1,595080
4,2,2417,10,3,0,596795
3,3,1232,5,46,1,413940
1,3,1391,2,24,0,294822
4,1,3198,2,10,0,548550
4,3,1900,4,49,1,507381
3,2,3253,4,47,1,571406
4,1,2054,8,41,0,491719
3,1,1738,6,11,0,414777
2,2,2311,10,12,1,513855
5,1,3792,8,8,0,741011
2,1,1124,7,44,0,308097
3,2,2620,10,37,0,551844
3,1,1498,4,5,1,387956
2,1,2810,2,42,0,416382
1,2,1386,9,42,0,328631
1,3,3557,2,9,1,517013
1,2,3629,1,22,0,453624
3,1,1960,8,14,0,430494
4,2,3026,10,44,1,658963
3,1,3995,9,22,1,680312
4,1,772,1,39,1,318137
2,2,1599,7,36,1,402424
5,1,2410,2,33,1,531660
4,3,663,6,15,0,412393
1,1,3772,5,44,0,465484
3,2,1945,1,40,1,432351
2,3,1574,2,46,0,344778
1,3,665,2,31,1,219491
2,1,2466,10,37,0,439000
5,2,2222,10,39,0,594159
3,1,1057,6,45,0,316880
3,1,2202,1,4,1,427505
5,2,3100,4,16,1,687301
3,2,3930,10,21,1,725192
4,1,2557,5,38,0,536047
2,3,2340,2,40,1,441189
1,1,2049,2,47,0,268995
5,3,3626,7,17,0,762712
4,1,2559,7,27,1,544321
1,2,2825,6,12,0,464240
1,3,2554,1,49,0,363287
5,2,879,3,41,0,398130
4,2,2991,9,0,1,663930
1,2,1640,10,49,1,384264
1,2,2943,1,18,1,410125
4,2,2849,2,33,0,533682
3,1,1561,8,3,0,408469
1,3,3331,7,42,1,537551
2,1,2542,9,2,0,486072
4,1,1817,10,40,1,509605
1,1,3820,4,9,1,531619
5,2,974,4,27,1,436598
2,1,2511,7,33,1,454596
1,3,634,1,38,0,191292
2,1,1992,10,46,0,424278
2,2,2676,9,18,0,494790
3,3,1374,2,41,1,390066
2,3,820,1,45,0,269189
3,3,2700,7,35,1,598090
4,3,3438,6,42,1,704404
3,1,2723,3,2,1,485221
5,2,1093,1,22,0,427291
1,3,2311,5,16,1,430343
4,3,2764,10,6,0,677715
4,2,879,4,25,0,387435
5,1,3846,5,42,0,708444
3,3,1345,1,17,0,372820
1,1,3596,1,45,0,429569
3,1,3411,5,45,0,565025
2,1,2942,6,5,0,462435
3,1,3665,5,30,0,568714
4,3,2074,2,28,1,527368
1,3,2457,9,8,1,508562
3,1,2141,5,34,0,411828
1,1,3692,5,16,0,507697
1,2,1696,10,11,0,361341
2,2,3489,9,35,0,578860
2,2,1659,3,47,0,322872
4,3,2522,5,23,1,615298
5,2,3904,5,9,0,742957
1,3,2605,2,29,0,400432
5,3,1096,4,28,0,489263
4,3,2853,2,38,1,595253
1,3,3073,5,9,1,510097
1,2,643,10,38,0,241996
5,1,3762,2,27,1,692047
3,1,2451,10,17,1,537849
2,1,3252,9,40,1,544857
3,2,1053,10,49,1,413760
5,1,1194,6,16,1,469306
2,2,1956,8,10,1,433402
3,2,1106,9,0,1,446490
2,2,1393,8,16,1,406524
1,1,620,5,35,0,172533
3,1,3899,5,35,0,617488
2,1,1999,6,45,1,384927
2,3,3801,1,8,1,588064
2,2,3267,8,44,0,544398
3,3,3061,2,27,0,537006
4,2,1694,6,47,1,494902
3,1,2027,9,32,0,465382
5,2,2185,3,2,1,565091
3,2,2414,2,7,0,451019
2,3,2020,10,49,1,489373
1,2,936,5,5,0,267379
3,1,2267,9,5,1,530796
3,2,1509,6,28,0,403849
2,2,875,8,36,0,297151
1,2,1491,8,11,1,360496
1,3,612,7,8,1,298860
5,2,1626,5,40,0,492970
3,2,3625,2,48,0,584039
1,3,3895,10,18,1,627277
1,3,1573,10,16,0,369413
4,3,774,5,47,0,374431
4,3,2008,7,43,0,529014
1,1,2225,7,31,0,340410
5,1,2543,2,34,0,526536
1,2,2888,7,13,1,486908
2,1,1146,6,48,0,268924
3,2,2661,7,15,0,529759
5,1,1818,8,20,1,566294
2,3,2020,4,11,1,458607
5,3,2054,1,23,1,579316
2,1,3977,8,33,1,623035
3,1,3372,8,7,1,603153
3,2,2033,3,43,0,436633
4,2,602,3,20,0,348121
2,2,3338,5,47,0,501233
4,3,2442,3,7,1,591708
2,3,1346,5,27,1,362150
4,3,3416,8,15,1,729492
3,3,1471,1,9,0,404777
5,2,1094,2,14,0,452284
4,3,3064,2,3,0,617751
2,3,2014,4,25,0,410006
2,3,1227,9,14,0,382578
3,3,1675,2,35,0,390792
2,1,3668,9,31,1,582667
1,2,741,7,42,0,251831
5,2,3757,10,37,0,756747
4,3,2087,8,3,0,591353
5,1,645,1,40,0,343068
3,2,3491,5,8,0,609407
4,2,3656,9,34,1,702738
4,3,3909,4,27,0,695093
1,3,2657,2,36,0,399094
3,2,1263,6,46,1,397176
2,2,1172,2,8,1,332295
1,1,2629,3,1,0,355753
1,2,2153,8,2,0,399505
5,2,2221,3,43,0,525228
5,3,3296,2,47,0,676090
5,2,1512,6,4,0,537295
1,3,1239,3,9,1,317023
2,2,3263,1,27,1,504233
4,2,3345,3,14,0,607558
5,2,1508,6,13,0,520824
2,1,2825,3,45,1,432093
3,3,1468,9,22,1,482484
5,1,1629,7,12,0,515598
4,2,1452,5,15,0,446684
3,1,906,2,29,0,271007
3,3,3195,9,39,0,622921
4,2,2974,5,7,0,604302
5,1,2416,7,16,0,566682
1,1,994,9,29,1,261974
4,3,2947,4,16,1,646030
4,1,1348,9,34,1,455423
4,3,2932,1,0,1,593659
3,2,929,6,48,0,321701
2,2,2697,2,23,1,467031
1,1,2631,8,47,1,416447
5,2,1372,5,48,0,454197
5,2,2245,3,24,1,574525
2,1,2332,2,1,0,395079
4,2,977,8,24,0,412084
1,1,2387,7,13,1,395423
5,3,2223,9,38,1,644498
5,3,1599,8,32,1,598346
4,3,2448,4,16,0,580432
2,1,2161,2,30,1,360482
1,1,1373,2,9,0,236920
2,2,3815,2,5,1,594465
2,2,1683,6,38,0,376250
1,2,3515,7,24,1,549468
1,2,2403,6,37,1,394726
5,2,1698,2,36,0,477535
5,1,2650,4,29,1,584723
1,1,2198,3,33,1,350497
3,3,1347,4,17,0,401562
5,3,2071,5,23,1,625586
3,3,2364,7,48,1,545809
1,3,2922,9,26,0,491597
5,1,2153,2,26,1,516751
2,1,2215,8,38,0,398314
1,1,2862,3,20,1,409088
4,2,2108,9,18,1,559322
3,2,928,10,38,0,385969
1,3,2902,4,22,1,479582
1,2,2010,3,38,0,317588
5,1,725,10,47,0,424762
5,3,1366,6,43,1,530677
5,3,2173,10,46,0,635231
4,2,3995,9,14,1,752470
5,3,1827,7,42,0,590978
1,2,1795,4,1,1,349045
5,2,2358,3,34,1,574719
2,3,816,10,19,0,369771
5,2,3916,4,27,1,738449
4,2,1959,3,14,1,484958
2,2,1921,3,15,1,378115
1,2,1431,9,32,0,310430
1,3,781,4,46,1,269542
3,1,933,9,11,1,375545
2,1,1110,10,38,0,310978
3,2,982,5,38,1,356139
2,2,2496,7,42,0,453864
2,2,3870,5,19,0,594115
4,1,931,1,28,1,351265
3,2,1788,2,42,0,402680
4,3,1865,5,48,1,521094
2,3,1499,6,2,1,414423
1,3,1241,7,47,1,312301
2,1,1850,2,4,0,345758
4,2,1233,10,1,0,498280
3,2,3098,9,22,1,625783
3,2,795,6,25,1,372084
4,1,2493,2,25,0,506037
3,1,3875,2,6,1,618878
5,1,1057,3,9,0,411936
1,1,1429,1,4,0,217243
1,3,2904,9,46,1,513197
1,1,3943,10,11,1,590675
3,1,2656,4,31,1,479428
3,1,3408,5,41,0,567778
2,2,3596,7,30,0,556625
2,2,1824,1,21,0,322005
1,2,3730,3,16,0,514370
5,3,1486,3,19,1,529943
2,3,992,2,19,0,299176
2,1,2275,8,42,1,417198
3,2,3790,5,7,0,643943
5,3,3046,1,46,0,650439
1,2,2978,2,33,1,433423
2,3,3938,1,48,0,569675
5,3,3127,6,22,1,704997
5,1,2781,9,37,0,609808
1,1,1515,7,27,1,307700
5,3,1534,5,12,0,539191
5,1,954,3,28,0,378633
5,3,3231,8,7,1,741491
2,3,2121,10,10,1,533374
1,2,3272,4,46,1,456239
5,1,3778,9,44,0,725473
5,1,2937,5,17,0,634613
2,1,3472,6,49,0,521136
1,2,1228,5,24,0,285185
3,2,3666,10,48,0,640786
2,2,3279,7,21,0,527834
1,1,1770,7,44,1,315519
5,1,926,1,34,0,363630
1,1,2038,2,28,0,281155
1,2,2857,7,20,1,470028
1,2,3967,8,6,1,588958
3,3,2021,4,11,1,483790
1,2,1726,6,35,1,347579
3,3,3283,10,23,1,677627
5,1,2380,3,31,0,523247
3,2,2131,7,26,0,491017
5,1,2514,3,31,1,576277
5,1,3515,7,31,1,719148
3,1,1832,8,31,0,431257
2,1,2556,3,25,1,437505
4,2,3075,2,10,0,574979
1,1,992,6,45,0,220627
4,3,1425,4,17,1,497292
1,2,3563,8,38,0,526791
1,1,3780,2,4,0,457093
5,2,2512,4,15,0,604708
1,3,2995,2,10,0,434604
1,1,649,2,34,1,166023
3,3,3563,2,47,1,619736
4,1,3776,1,10,1,630660
3,3,1996,4,41,1,483388
1,1,1650,2,22,1,278411
5,2,3615,9,33,0,762684
3,1,1399,9,47,0,379736
3,2,2392,7,16,0,529124
2,1,3944,6,9,0,571526
1,1,3664,3,17,1,471401
5,3,3296,7,43,1,734950
3,3,1963,1,7,0,458512
3,3,2948,9,25,1,632978
5,1,3936,4,2,0,708505
1,1,2165,6,23,0,326591
2,1,2813,6,2,1,483822
3,2,2963,3,37,1,533953
2,2,600,4,1,1,296340
4,1,1619,10,34,0,458472
1,3,1884,3,16,1,389146
4,3,662,6,8,0,425261
4,3,3130,1,35,1,620997
4,1,3992,8,21,0,700942
1,3,2469,8,30,1,453238
1,1,3872,9,33,0,536851
5,2,2869,6,23,0,652390
2,3,751,1,8,1,286480
2,2,1243,3,45,0,302835
5,3,1225,1,42,1,477617
5,1,816,5,1,1,413598
4,1,795,3,20,1,354983
5,1,3873,2,33,0,656528
3,1,3642,3,26,1,580077
2,3,1614,9,36,0,430103
5,2,3294,8,6,1,719488
3,1,3905,3,21,1,629049
3,3,3812,2,3,0,642879
3,2,3355,5,13,0,591011
3,1,2121,1,33,1,398439
4,2,2178,4,22,0,510425
3,1,1680,8,43,1,424981
4,2,2127,1,41,0,473953
4,2,3813,5,24,0,678858
3,1,1321,4,0,1,368871
2,3,2207,6,47,0,458304
3,2,2359,7,14,1,541966
3,1,2162,9,31,1,474761
3,2,1239,1,13,0,350641
2,2,2753,10,40,1,531461
1,3,764,4,20,0,231457
1,2,814,6,46,0,213689
4,2,1694,10,6,1,528621
4,1,689,7,35,0,353035
2,1,2395,7,20,1,448526
5,3,3521,8,49,1,754675
1,2,1851,10,39,0,377978
4,2,1702,8,11,0,519784
1,2,1207,8,14,1,317381
2,3,948,8,14,1,389384
2,2,3541,8,16,1,617345
5,1,845,6,33,0,392983
5,3,871,9,43,0,507849
2,1,2630,3,34,1,437391
4,1,1002,6,38,0,382097
1,3,3787,5,37,1,570202
3,1,2065,8,13,0,450498
5,2,1795,4,4,1,530706
3,3,3687,4,29,1,647130
4,1,3608,10,3,1,699620
5,2,3545,10,14,1,785514
3,2,1679,5,38,1,446846
4,1,2214,6,34,1,526217
1,2,1726,4,44,0,318726
4,3,883,2,9,1,420552
5,1,1116,2,1,1,415607
2,2,3265,3,43,1,518925
1,2,1901,2,23,1,344876
3,1,1211,1,27,1,321289
5,1,1349,8,21,0,479638
2,1,1892,5,43,1,372507
4,1,2456,10,31,1,599622
2,3,999,1,30,1,293821
5,1,2126,9,18,1,584804
5,3,2624,8,20,0,690684
2,3,2733,4,2,0,520867
4,1,919,8,5,1,435097
2,3,1655,10,31,1,464893
5,1,935,7,1,0,424530
5,1,2698,7,23,1,639541
3,2,3750,1,44,0,577297
3,1,773,6,26,1,313602
1,2,2241,4,8,0,350815
5,3,1100,10,12,0,533533
3,2,2723,10,13,1,583023
2,3,2963,10,10,1,594721
4,1,2456,2,13,1,516796
2,3,3752,10,15,1,671766
4,3,2496,7,9,0,606676
3,1,2263,9,19,0,483385
1,3,2318,5,15,1,416440
2,1,2378,8,33,0,447739
2,2,1296,5,15,1,339470
2,1,3657,7,13,1,588716
4,1,1331,7,27,1,431622
3,3,1694,9,17,0,489228
2,2,3616,3,25,1,542029
2,1,3501,1,37,0,454983
1,2,3313,2,6,1,485732
1,2,1251,6,44,0,264211
3,3,1694,10,33,0,512678
3,1,645,10,46,0,333399
5,3,1670,9,48,0,576161
1,1,2045,3,44,1,301323
5,2,2796,10,6,0,694032
4,1,3557,2,32,0,602789
5,1,3801,1,34,1,674153
2,2,1055,2,49,0,258447
5,2,2262,3,38,1,571505
3,1,3524,7,20,0,575511
4,3,1565,2,48,1,469993
2,1,2620,5,27,0,419485
5,2,1468,2,31,0,444386
4,3,2128,7,43,0,554764
4,2,3576,10,15,0,727011
2,2,3671,8,9,1,608932
5,3,1600,8,22,0,588215
4,2,1373,8,47,1,456976
4,2,2891,10,49,1,627016
1,2,3121,9,14,1,513751
4,2,3029,1,42,1,562386
1,2,1726,1,49,0,266795
5,2,3136,10,5,0,702329
5,2,1660,2,32,0,461530
5,2,2277,6,38,0,594265
3,2,2143,1,11,0,410163
5,1,996,5,35,0,429370
4,1,2943,5,30,1,576136
2,2,706,4,9,1,286388
1,1,3507,5,33,0,466580
3,3,1553,1,40,0,385603
5,1,3177,6,9,0,640517
5,2,2448,7,10,1,623064
2,2,3754,8,13,0,607215
2,1,1533,2,2,0,319310
3,2,887,7,32,0,345393
1,3,1305,6,6,1,344066
5,3,2643,9,3,1,717611
3,2,2084,8,38,0,492805
4,3,814,4,47,1,407756
4,3,1904,9,9,1,593266
3,1,3379,1,14,1,556038
5,3,2577,6,15,0,640838
3,1,2082,8,37,0,450516
5,2,2424,4,3,1,611498
2,1,943,2,3,1,253452
3,2,793,2,35,1,308763
5,2,757,10,26,0,484923
3,2,1064,1,21,1,346924
3,2,2751,5,21,1,528541
5,2,2681,6,16,0,618487
5,1,3773,4,44,1,683824
1,2,3286,4,33,1,497959
3,3,2349,5,31,0,526886
4,3,2972,5,5,1,659979
3,2,3338,9,32,1,643825
3,3,1191,8,7,1,453236
5,1,2788,9,49,1,637577
3,1,3121,3,35,0,519790
3,2,1654,3,4,0,390939
4,2,1483,1,4,0,429153
5,2,662,10,46,1,480011
3,3,1710,6,9,0,473428
2,3,903,4,39,0,287709
1,1,1684,8,6,1,353469
4,3,995,2,11,0,421421
3,1,933,2,29,1,286833
2,3,3433,7,24,1,602048
3,1,1010,5,27,1,322566
3,2,2931,1,42,0,484098
5,3,1065,7,12,0,504264
5,1,679,7,46,1,429115
5,3,3431,10,48,0,754958
2,2,1700,6,21,1,417968
3,1,2577,4,17,0,485311
1,3,1332,8,26,0,337277
4,3,2417,2,7,0,538457
5,2,2163,2,5,0,527465
5,2,1984,2,10,0,538842
3,1,2724,3,28,1,485134
3,3,3156,6,40,0,584440
2,3,1787,1,4,0,368762
2,2,3680,2,6,0,532044
5,2,1798,10,21,0,561363
3,1,3109,2,46,0,490213
1,3,3978,1,3,1,573387
4,3,2211,3,31,1,543805
3,1,2892,10,18,1,572664
3,1,721,7,44,0,307232
2,2,784,1,32,0,249827
4,2,631,7,0,1,428148
5,1,1597,5,45,1,470949
3,1,2586,9,40,1,543906
5,3,3409,2,43,1,704992
3,1,1168,1,49,0,280751
5,1,2957,9,40,1,673958
4,3,1995,8,7,0,581302
2,1,2279,10,31,1,475256
4,2,1429,6,29,0,450021
1,2,2219,5,45,0,345977
2,3,3639,8,27,0,620094
4,1,1679,8,40,1,466163
1,2,1390,5,31,0,280705
3,2,3944,7,24,0,650472
3,2,3111,1,33,1,520291
5,2,3325,4,32,1,688613
2,1,3626,2,12,1,508553
3,1,3317,10,24,1,604663
2,1,3920,3,41,1,570254
3,1,3345,1,39,1,532869
5,2,1593,2,38,0,461745
4,3,677,1,43,0,363959
5,3,3181,8,48,1,734285
1,2,707,4,43,1,207647
3,2,1896,3,47,0,420799
1,3,3411,1,9,0,500240
1,3,2662,2,30,0,399154
2,2,969,3,43,1,283345
3,2,3975,3,10,0,650794
1,1,2852,6,24,0,406120
4,1,2604,10,45,1,597884
1,3,3784,8,44,1,581960
4,2,2303,6,33,1,549189
2,3,3512,2,19,0,555965
1,1,3924,2,6,1,497115
5,1,1040,7,32,0,437068
2,3,3857,1,34,0,558138
4,1,3506,1,28,1,581843
2,2,826,7,11,0,315729
1,3,3175,9,4,1,585094
3,2,3001,5,11,1,558685
3,2,1222,1,28,1,367085
4,1,1624,5,34,1,442790
4,2,2176,1,19,0,482613
3,3,3574,10,36,1,700094
4,2,2243,9,0,0,569184
2,2,1784,4,15,0,353776
5,2,760,9,29,1,487707
5,2,1470,2,8,0,458556
2,2,3799,7,41,1,609891
5,1,2345,2,9,1,568009
1,3,1774,4,12,1,383625
2,1,1043,6,47,0,289237
4,3,2390,2,19,1,544899
2,3,2094,2,28,1,419048
3,3,1062,2,3,0,375587
4,3,3701,3,45,1,689404
3,3,1072,5,48,1,404119
4,2,3204,9,27,1,685047
5,1,679,6,36,1,409195
2,1,1662,9,12,1,387097
1,2,839,10,2,1,304176
4,3,1156,5,36,0,455853
4,1,1189,6,47,1,391238
3,2,1960,10,18,1,514157
5,2,2484,8,27,1,627044
3,1,2575,3,18,1,472906
3,1,1903,2,16,0,388714
5,3,1739,3,17,1,574148
1,3,2916,9,17,0,522583
3,1,2539,6,22,1,494413
3,3,934,10,39,1,440351
4,2,911,4,49,0,369272
5,3,1676,10,8,0,596231
2,3,3739,3,28,1,614565
1,2,3341,2,41,1,475891
1,3,633,4,28,1,251117
5,2,2441,9,1,1,655032
4,3,985,4,16,1,439451
4,1,848,5,44,1,350930
5,3,1734,8,30,0,581536
4,1,3765,2,27,1,615559
1,1,2033,3,42,1,307044
1,1,1802,6,47,1,327855
2,1,3718,7,38,0,553821
5,1,1393,4,29,0,441796
3,2,1451,1,34,0,341287
3,2,3521,7,47,1,644502
2,2,975,9,19,0,336006
2,1,1323,1,15,1,281175
4,3,2210,1,33,1,534658
2,2,2513,1,13,1,417869
2,3,801,10,25,1,364086
3,3,3092,7,19,1,627339
4,1,2542,9,41,1,589128
2,1,2944,3,23,1,471700
2,1,1931,8,42,0,387718
4,2,1092,9,17,0,467920
5,1,937,3,42,0,374569
4,2,2568,3,8,1,546976
3,2,3570,1,18,0,584454
5,2,2465,2,19,1,593480
1,2,3737,7,41,0,544700
4,1,1391,3,29,0,369837
3,2,2116,7,25,1,505553
5,1,2622,5,30,0,557990
4,1,3609,10,34,1,688654
2,2,2964,8,2,0,528467
4,1,1541,5,39,0,411209
1,3,3273,3,28,0,491281
4,1,2722,9,5,1,609263
5,1,3586,7,0,1,717603
5,2,658,5,23,0,421368
4,2,3033,7,37,0,599023
5,1,2662,10,33,1,653604
2,2,1854,9,6,0,449234
4,3,2846,5,10,0,620346
2,3,1977,7,10,1,484104
2,2,634,9,35,0,297307
3,1,761,1,19,0,257293
4,3,3629,4,15,1,718414
5,3,3446,1,4,1,714721
2,1,1494,8,23,1,374303
3,2,1070,3,29,1,344137
4,3,3178,2,29,0,601912
4,1,3439,4,38,1,625310
1,1,3499,3,47,1,441560
1,3,2046,5,46,0,385739
2,2,947,8,36,1,324428
1,3,1293,10,32,1,357538
2,1,1534,8,19,0,360664
5,3,1512,7,21,1,569164
2,2,746,8,40,1,326543
1,1,2311,5,20,0,361938
5,2,1274,10,36,1,525319
1,3,2039,10,26,1,467992
2,3,3334,6,37,0,552697
3,2,2117,8,34,0,487167
4,3,1879,1,37,1,493136
1,2,3607,6,39,1,520221
2,3,1285,6,5,1,379058
5,2,1726,5,31,0,506141
1,2,720,4,15,1,252602
1,1,3066,1,27,1,384253
4,1,2997,10,15,0,639908
2,2,641,8,26,1,303121
3,3,628,6,2,1,389058
5,3,1565,3,48,1,538347
2,3,2515,3,20,0,460859
5,2,3432,6,37,0,700878
1,2,2600,7,37,1,434414
4,2,2661,8,29,1,599136
4,2,1519,5,21,0,465148
3,1,1417,10,18,1,452148
4,2,3472,6,30,0,642686
1,3,2108,1,19,0,333684
3,1,1812,6,46,0,388987
2,3,1471,9,18,0,432234
4,2,894,10,1,0,464606
3,1,3854,4,39,1,603546
1,2,1463,10,38,0,323487
5,1,3195,1,26,1,604995
5,3,3708,9,7,1,807185
1,2,3655,4,44,1,512200
1,2,1637,2,26,0,275718
5,1,3282,1,14,1,641628
3,1,1194,3,11,1,352971
5,2,1782,7,46,1,566522
1,1,2117,10,13,0,372314
4,2,1952,2,6,1,478774
2,1,1213,9,16,0,338296
4,3,2472,2,25,0,551454
4,1,3754,5,36,1,675697
1,3,2203,8,19,1,434609
5,1,2183,10,9,0,591350
3,1,2192,8,18,0,479449
4,2,3693,3,17,1,688899
5,1,1755,2,29,1,482413
3,1,1064,9,29,1,366587
4,3,2079,3,24,1,554025
3,1,3973,8,23,1,666923
5,2,3602,2,9,0,698795
2,3,3577,3,1,0,584635
5,2,1890,1,37,0,492122
1,2,3446,6,31,0,489385
3,2,3042,7,34,0,572127
2,2,3791,4,36,1,566391
3,3,2893,1,6,0,519422
3,1,1167,3,6,1,328576
4,2,637,9,26,0,399812
1,3,844,5,9,0,259024
3,2,620,6,32,1,317823
5,1,1733,4,42,0,489141
5,3,2229,1,6,0,560287
4,3,993,5,5,0,453963
1,1,2033,5,5,0,349619
1,3,1586,5,12,1,376844
5,1,2271,6,47,0,542580
2,3,2655,2,12,0,473724
4,3,2975,1,1,0,584121
4,1,2510,2,18,0,474430
5,1,889,10,18,0,447854
5,3,2386,6,49,0,605981
2,3,3158,5,37,0,534217
2,1,1511,5,1,0,328240
1,1,960,6,25,1,235585
4,3,2222,10,5,1,635959
4,3,3363,7,19,1,709897
5,3,818,9,22,0,483778
1,1,3053,7,14,0,432632
4,3,2615,2,5,1,589037
1,2,2640,6,27,1,456281
1,1,2644,9,34,1,432489
5,3,3400,7,10,1,768484
1,1,3570,2,7,0,447508
2,2,1431,3,49,1,326748
2,1,2393,8,48,0,409130
3,3,2391,9,23,1,560558
5,2,3441,4,20,0,690098
3,2,1843,9,48,0,441840
2,3,1194,2,35,0,322577
3,3,2754,5,6,0,571501
5,3,1180,2,4,1,483053
5,1,3256,1,28,0,587270
1,1,2347,5,15,0,347481
4,1,3957,2,5,1,661322
1,3,2655,7,13,1,471533
5,3,3453,8,1,1,775556
2,1,2836,2,24,1,446674
2,2,680,7,30,0,281802
1,1,2755,4,49,1,408844
5,2,1944,1,49,0,497222
2,3,2202,3,12,1,451248
5,3,3333,1,17,0,664676
2,1,945,5,16,1,303555
5,1,2486,8,44,1,601771
3,3,2975,1,27,1,539166
5,1,1154,9,11,1,490266
5,3,901,3,34,0,443358
1,3,799,5,21,1,272383
3,2,3540,9,38,0,640715
4,1,1662,5,0,0,457285
1,3,906,9,36,1,330378
4,1,3675,10,20,1,698890
2,2,2256,8,0,0,466524
4,2,2471,7,3,0,556307
5,1,3748,1,31,0,654348
4,1,3115,4,0,0,594315
1,3,2826,9,12,0,521282
1,2,3292,10,45,1,534189
4,2,2446,8,46,1,578551
1,2,2364,4,16,0,369852
1,1,875,1,11,1,200635
4,3,1775,10,6,0,577247
3,1,3835,4,2,1,636296
3,1,3961,3,49,0,589533
2,1,2001,6,25,1,412181
1,3,3268,5,30,1,540081
4,1,1237,5,35,0,387387
1,2,2375,2,25,1,377953
5,2,3981,3,2,0,750918
1,2,1529,6,43,0,306102
1,3,2480,2,27,1,400778
3,1,782,4,43,0,274736
4,3,2444,2,16,1,570983
1,1,3977,9,37,1,553908
3,2,671,3,46,0,273576
2,1,3890,10,29,1,609818
3,1,3366,10,1,0,625369
3,1,3844,6,7,0,639527
3,3,2276,1,13,1,495854
1,1,1895,10,36,0,370861
1,1,3373,3,34,1,450279
2,1,2916,8,41,1,486010
5,3,1643,5,38,0,551322
5,3,3225,8,10,1,741953
5,3,3642,2,14,0,718381
2,1,1414,7,1,0,344265
5,2,2126,9,36,0,600926
5,2,2794,7,42,0,622577
3,2,3836,3,31,1,611529
1,1,3537,7,39,0,497152
1,2,909,8,12,0,290801
3,2,3165,1,42,0,500478
3,2,2661,3,16,1,511873
3,1,731,5,14,1,302274
1,2,2477,6,32,0,403496
5,2,3402,3,15,1,684577
3,1,3086,4,12,1,540322
2,3,3390,5,21,0,571055
3,2,1339,3,22,0,356462
4,3,1394,4,35,1,458446
3,2,2910,5,42,1,555258
1,1,3290,2,49,1,416206
3,3,3896,10,49,0,714043
4,3,857,9,9,1,483515
2,3,1857,10,16,1,478052
5,3,3056,8,29,1,745597
3,2,2451,6,12,1,518709
4,2,1574,10,29,0,515686
4,3,1647,3,45,0,469428
2,2,870,2,29,0,241382
1,3,1718,7,6,1,395068
3,3,741,8,9,0,374910
4,1,1501,10,34,1,487563
2,3,3621,1,1,1,572853
5,2,3752,6,29,0,731104
4,3,873,7,18,1,448127
2,1,2923,9,38,1,504238
1,2,1064,3,36,1,261462
1,1,1831,2,2,0,287254
4,1,1919,5,24,0,447140
4,3,3710,10,33,0,764112
3,1,887,1,21,0,249785
2,1,3795,6,37,0,541541
4,2,1475,9,13,0,476427
3,1,2592,10,38,0,526947
3,3,3954,9,1,0,728096
4,3,3525,7,31,0,692620
1,3,2827,7,42,0,460733
2,1,1720,8,2,1,412070
2,2,1814,10,40,0,413599
1,3,3745,2,7,1,543776
4,1,1046,6,25,1,404827
2,3,3432,5,31,0,550631
4,3,3208,5,10,0,650643
4,2,3131,3,49,1,584299
3,3,3496,3,0,0,620824
1,2,1321,6,14,0,302421
4,1,2763,10,3,1,612436
5,3,3182,10,3,0,738560
1,1,3769,7,27,0,508389
2,1,1951,1,9,1,367735
3,1,1006,3,10,1,340539
2,3,3984,1,49,1,609962
2,2,2325,10,22,0,475301
1,3,1293,3,46,1,306698
2,1,3819,5,2,0,545647
4,2,1094,9,38,0,457560
2,1,1547,3,38,0,280938
3,2,622,10,16,1,367034
3,3,1728,10,21,0,508530
5,2,2298,9,26,0,603916
3,3,1157,1,15,1,361128
2,1,2216,6,15,1,432279
3,2,1540,9,39,0,436634
1,1,1845,5,2,1,352762
3,2,3502,10,46,0,651640
4,3,3686,2,32,0,650790
1,2,3538,5,41,0,497128
5,2,2256,1,1,1,549450
4,3,677,9,38,1,462755
2,3,1945,10,45,0,458036
2,3,1406,10,47,0,415800
2,2,3912,9,26,0,614810
4,1,1641,6,14,0,456520
4,2,1367,9,6,1,508877
4,2,1053,3,44,1,401150
1,1,3575,4,41,1,496651
1,3,2924,6,8,1,499570
2,2,2047,4,40,1,411847
3,1,2099,1,5,0,412902
2,3,1650,7,11,1,444906
5,3,3161,5,29,0,672666
1,2,2488,8,19,0,414270
4,3,3111,9,19,1,704950
1,3,3454,5,45,1,542135
4,1,3471,8,26,0,628214
5,1,962,1,19,0,384854
5,3,3398,1,6,0,705706
1,1,1124,7,39,1,271790
4,3,3855,6,39,1,737245
5,2,1817,5,29,1,551426
2,1,2085,5,7,1,421183
2,3,2703,9,1,0,542395
4,3,1853,1,13,1,506518
1,1,3136,8,9,0,488318
5,1,3699,2,49,1,670543
1,2,2455,7,17,1,423164
2,3,1321,6,17,1,406240
5,2,2583,10,15,0,648587
1,2,1807,2,4,0,304624
3,2,2048,3,30,1,450249
4,1,1998,4,36,0,431881
4,2,2688,7,19,0,572305
3,1,2107,8,22,1,468108
2,1,1603,2,31,1,295134
5,2,2907,8,41,0,651303
4,2,3088,9,16,1,675969
3,3,1525,7,12,0,466994
3,2,1455,1,48,0,344952
2,3,683,6,49,1,320054
2,2,2693,8,12,0,487197
1,2,3087,5,16,1,465348
4,2,2142,2,14,0,476874
1,2,1585,5,25,0,303166
3,3,2468,8,43,0,552010
5,3,735,2,27,0,419970
5,2,1806,1,41,0,463894
2,2,2332,4,44,0,420384
5,3,1795,4,29,1,570559
5,1,1508,9,42,0,495144
5,1,3508,3,34,0,662165
3,1,3435,4,21,0,564217
5,3,1189,3,9,1,524218
5,3,2551,2,10,0,595151
5,1,1555,4,37,0,454126
1,1,3337,8,32,0,462244
3,2,3186,1,5,1,548975
2,3,1743,8,36,1,430655
1,3,3952,8,6,1,632192
4,1,1931,3,43,0,442674
3,1,3355,10,11,0,592516
3,3,3948,10,6,0,734422
4,2,2153,6,1,1,536279
4,1,2942,4,0,0,561538
4,3,2406,1,22,1,556607
2,3,2700,1,24,1,479836
5,2,1405,5,17,0,501246
3,2,2055,8,43,0,456547
5,1,651,1,6,1,389791
5,1,3375,2,2,0,644630
4,1,671,7,28,1,353559
2,3,627,8,9,1,330436
1,1,1068,3,42,0,196630
2,3,1363,8,4,0,384880
5,1,3533,1,33,0,621239
2,2,3559,9,7,0,587115
4,2,3194,2,13,0,599007
1,3,2024,2,39,0,348844
4,2,2848,4,5,0,594064
1,3,1419,10,0,1,409467
5,3,2089,3,32,0,581565
1,2,2275,4,39,0,370425
1,3,1159,6,10,0,308142
1,2,978,7,49,0,252124
2,1,2518,5,23,1,432198
2,1,3848,2,9,0,544780
5,2,1675,3,43,1,503759
1,2,678,10,22,1,289868
3,2,2008,3,15,1,436969
5,2,1433,5,36,1,499682
1,1,1631,5,15,1,301036
1,3,3885,4,43,0,545774
2,3,2672,8,30,1,558230
5,1,1049,6,5,1,447038
1,3,3415,6,29,0,509866
1,1,3402,1,36,1,421451
5,3,2592,6,0,0,648148
3,2,2084,3,41,0,430778
5,2,2845,6,24,0,622687
5,2,3765,10,45,0,776270
3,1,2342,6,20,1,485162
5,1,2570,2,34,1,569911
1,3,3084,1,37,1,458998
5,3,2150,3,4,0,570408
3,3,1289,5,48,0,391579
4,1,2590,4,49,0,488033
5,3,2001,7,11,1,608740
2,2,1186,4,4,0,333410
1,3,2751,8,8,1,517718
1,2,2429,7,43,1,422054
2,1,2585,10,8,0,495275
2,2,1226,9,34,0,350276
5,2,2631,1,0,0,569105
2,2,3710,5,46,0,543870
4,1,3105,4,9,0,559904
3,1,963,6,45,1,325773
2,1,2782,1,38,1,401461
2,1,973,6,35,0,267604
4,3,3903,1,36,0,675377
1,1,2686,1,47,0,339780
1,2,2587,8,34,1,448562
5,1,3466,2,16,1,660502
4,3,2694,10,12,1,692745
3,3,2683,6,5,1,605353
3,3,2742,6,36,0,545084
4,2,3632,6,47,1,662738
3,1,1984,8,31,1,475861
1,1,2148,4,10,0,341362
3,1,1769,3,16,0,384965
3,2,2540,6,4,1,554084
4,2,967,4,5,0,386001
4,3,664,2,9,0,372857
3,3,3899,6,32,0,656480
2,1,1353,10,29,1,377344
4,2,2143,5,20,1,546754
5,2,2635,9,41,0,634277
5,1,3463,6,16,0,691288
1,1,2476,3,26,1,345475
3,3,2178,5,2,1,518454
2,3,1355,10,28,0,392696
1,3,2828,8,1,0,505698
3,1,2124,9,28,1,482770
4,1,1196,8,48,0,414117
5,3,3826,3,35,1,763959
2,3,3434,9,33,0,588147
5,2,3274,3,36,1,673964
4,2,2434,8,41,0,550011
3,3,3770,10,0,1,737973
4,3,3263,9,25,0,708454
4,2,1995,7,0,0,509810
5,3,2186,4,3,0,587860
2,2,711,10,38,0,310088
4,2,1052,9,13,1,470743
5,2,3403,3,45,0,662744
2,1,3840,3,17,1,571814
3,1,3231,2,33,1,544719
3,3,2786,10,0,0,623001
1,2,2471,3,21,1,393981
5,1,2878,1,15,0,583564
2,3,1862,4,21,1,427769
4,3,3631,8,49,0,689798
3,3,852,5,15,0,353610
2,3,2604,2,27,1,462384
5,3,2059,3,27,1,562976
1,2,2542,1,21,0,376521
3,3,3208,2,5,1,611296
2,2,1926,1,24,0,355954
2,1,2719,2,41,0,411629
2,3,3934,3,1,1,624922
5,1,2457,1,6,0,513684
5,2,2869,9,16,1,691560
5,2,1700,10,34,0,568044
4,1,661,5,19,0,335451
2,3,2094,8,43,0,471199
3,3,1780,5,1,1,481211
5,1,1405,8,6,0,488727
5,1,2772,7,31,0,599728
2,1,3388,4,48,1,501745
5,3,2475,7,18,0,661357
4,3,2808,6,11,1,663803
4,3,1140,3,8,1,455982
5,1,1225,9,26,1,515413
2,3,2214,10,13,0,486192
2,2,705,9,1,1,343880
2,1,1754,5,20,0,357938
1,3,2308,8,3,1,456859
5,1,3423,7,20,0,698849
2,2,2508,9,47,1,512459
4,2,2649,7,21,1,605939
3,1,2880,4,48,1,497204
3,1,968,4,1,0,298552
2,2,1874,8,16,1,456059
3,1,1545,6,18,0,375366
3,2,3779,9,39,0,676397
1,2,3947,10,23,0,598000
4,3,2827,7,19,0,620753
4,1,892,7,37,0,383531
1,1,1183,4,11,0,214587
1,3,3442,3,24,1,513926
3,2,2822,8,22,1,565115
5,1,2770,7,49,0,582592
3,3,2874,4,33,0,541834
1,3,3091,4,31,1,503595
4,1,3075,1,23,1,568469
3,3,3754,7,41,0,646577
5,2,1364,1,24,1,472642
3,3,3279,10,2,0,668792
2,2,2712,10,24,1,541314
3,2,1904,4,27,1,463532
1,1,2014,3,11,1,332957
4,3,1027,3,25,1,447555
4,2,3265,1,47,1,604532
1,2,3572,4,43,0,475869
2,3,2614,1,7,0,472466
1,2,3459,8,4,1,564640
3,3,706,1,10,0,305630
1,1,1258,6,41,0,236052
1,2,3933,7,34,1,563351
2,2,1782,10,26,0,415789
3,3,2912,2,40,0,522595
5,3,1825,4,43,1,553833
5,3,754,3,37,0,407498
4,3,3684,9,18,1,753767
1,2,3968,7,47,1,571728
4,1,1495,2,31,0,380642
2,1,2121,6,45,1,400555
5,1,2220,9,27,0,568597
1,1,1592,3,35,0,244907
2,3,2892,6,17,1,553260
2,2,1923,3,9,0,381226
1,2,1985,3,31,0,303797
2,2,3033,4,17,0,480513
1,3,3406,9,11,0,565504
1,2,3983,8,7,0,570711
3,3,3061,1,32,0,524054
4,2,1901,1,45,0,421912
2,1,3362,7,37,1,548575
2,3,1358,3,13,0,347740
3,2,1346,7,1,1,429928
3,1,1192,9,8,1,416098
3,1,2148,3,43,0,423170
5,1,3486,3,4,1,672027
5,3,615,2,33,1,434641
5,3,1592,10,18,1,612369
1,2,1668,1,6,0,298015
2,1,1944,9,38,1,397351
4,2,3298,6,41,1,651254
1,2,3997,6,16,1,575527
2,1,2795,8,25,1,485965
2,2,3002,5,45,1,520796
3,3,3907,9,26,1,716685
3,2,1302,5,42,0,381841
1,1,1212,2,27,1,230597
3,3,704,6,19,1,366873
2,3,2097,9,5,0,484994
3,2,995,3,7,0,323714
5,2,3253,10,31,1,720937
3,3,3891,4,18,1,697340
2,2,2610,10,31,0,521542
1,1,1450,8,18,1,299273
4,2,2588,6,23,1,589927
3,2,1041,7,23,0,384793
2,3,2268,7,16,1,493951
4,2,1472,4,17,0,428855
4,2,1266,6,11,1,467841
5,2,1651,9,40,1,568048
4,1,3441,3,22,0,611230
2,2,3122,8,47,0,513336
2,1,1227,7,17,1,352314
3,1,3976,4,15,1,641749
3,1,2028,10,15,1,512276
3,1,3149,3,35,0,524636
4,3,947,7,22,0,426046
4,1,1863,10,21,0,499784
5,2,1617,9,38,0,523742
3,1,1169,10,32,0,373963
1,2,3342,3,23,0,463190
5,1,2673,10,19,1,674299
1,3,3748,9,32,0,576102
4,1,2552,8,30,0,552076
5,1,2864,3,39,0,573194
5,3,1951,8,7,0,593902
2,1,3484,4,9,1,532917
4,2,3421,6,0,0,642461
4,1,3694,10,20,1,727661
5,1,1269,2,24,0,412071
4,1,1317,8,31,1,455527
5,3,2957,9,45,0,688292
